[
  {
    "model": "caluma_form.form",
    "pk": "distribution",
    "fields": {
      "created_at": "2023-10-05T07:30:39.850Z",
      "modified_at": "2023-10-05T07:30:39.850Z",
      "created_by_user": "462afaba-aeb7-494a-8596-3497b81ed701",
      "created_by_group": null,
      "modified_by_user": null,
      "modified_by_group": null,
      "name": "{\"de\": \"Zirkulation\", \"fr\": null, \"it\": null}",
      "description": "{\"de\": \"\", \"fr\": null, \"it\": null}",
      "meta": {},
      "is_published": false,
      "is_archived": false,
      "source": null
    }
  },
  {
    "model": "caluma_form.form",
    "pk": "inquiry",
    "fields": {
      "created_at": "2023-10-05T07:30:52.011Z",
      "modified_at": "2023-10-05T08:03:30.889Z",
      "created_by_user": "462afaba-aeb7-494a-8596-3497b81ed701",
      "created_by_group": null,
      "modified_by_user": "462afaba-aeb7-494a-8596-3497b81ed701",
      "modified_by_group": null,
      "name": "{\"de\": \"Anfrage zur Stellungnahme\", \"fr\": null, \"it\": null}",
      "description": "{\"de\": \"\", \"fr\": null, \"it\": null}",
      "meta": {},
      "is_published": false,
      "is_archived": false,
      "source": null
    }
  },
  {
    "model": "caluma_form.form",
    "pk": "inquiry-answer",
    "fields": {
      "created_at": "2023-10-05T07:31:03.091Z",
      "modified_at": "2023-10-18T14:44:27.671Z",
      "created_by_user": "462afaba-aeb7-494a-8596-3497b81ed701",
      "created_by_group": null,
      "modified_by_user": "462afaba-aeb7-494a-8596-3497b81ed701",
      "modified_by_group": null,
      "name": "{\"de\": \"Stellungnahme\", \"fr\": null, \"it\": null}",
      "description": "{\"de\": \"\", \"fr\": null, \"it\": null}",
      "meta": {},
      "is_published": false,
      "is_archived": false,
      "source": null
    }
  },
  {
    "model": "caluma_form.formquestion",
    "pk": "inquiry-answer.inquiry-answer-direct-info",
    "fields": {
      "created_at": "2024-09-23T13:47:52.403Z",
      "modified_at": "2024-09-23T13:47:52.403Z",
      "created_by_user": "462afaba-aeb7-494a-8596-3497b81ed701",
      "created_by_group": null,
      "modified_by_user": null,
      "modified_by_group": null,
      "form": "inquiry-answer",
      "question": "inquiry-answer-direct-info",
      "sort": 1
    }
  },
  {
    "model": "caluma_form.formquestion",
    "pk": "inquiry-answer.inquiry-answer-forward",
    "fields": {
      "created_at": "2023-10-18T14:39:11.341Z",
      "modified_at": "2023-10-18T14:39:11.341Z",
      "created_by_user": "462afaba-aeb7-494a-8596-3497b81ed701",
      "created_by_group": null,
      "modified_by_user": null,
      "modified_by_group": null,
      "form": "inquiry-answer",
      "question": "inquiry-answer-forward",
      "sort": 2
    }
  },
  {
    "model": "caluma_form.formquestion",
    "pk": "inquiry-answer.inquiry-answer-negative-assessments",
    "fields": {
      "created_at": "2023-10-18T14:34:19.384Z",
      "modified_at": "2023-10-18T14:34:19.384Z",
      "created_by_user": "462afaba-aeb7-494a-8596-3497b81ed701",
      "created_by_group": null,
      "modified_by_user": null,
      "modified_by_group": null,
      "form": "inquiry-answer",
      "question": "inquiry-answer-negative-assessments",
      "sort": 8
    }
  },
  {
    "model": "caluma_form.formquestion",
    "pk": "inquiry-answer.inquiry-answer-notices-for-applicant",
    "fields": {
      "created_at": "2023-10-18T14:37:30.087Z",
      "modified_at": "2023-10-18T14:37:30.087Z",
      "created_by_user": "462afaba-aeb7-494a-8596-3497b81ed701",
      "created_by_group": null,
      "modified_by_user": null,
      "modified_by_group": null,
      "form": "inquiry-answer",
      "question": "inquiry-answer-notices-for-applicant",
      "sort": 5
    }
  },
  {
    "model": "caluma_form.formquestion",
    "pk": "inquiry-answer.inquiry-answer-notices-for-authority",
    "fields": {
      "created_at": "2023-10-18T14:38:07.626Z",
      "modified_at": "2023-10-18T14:38:07.626Z",
      "created_by_user": "462afaba-aeb7-494a-8596-3497b81ed701",
      "created_by_group": null,
      "modified_by_user": null,
      "modified_by_group": null,
      "form": "inquiry-answer",
      "question": "inquiry-answer-notices-for-authority",
      "sort": 4
    }
  },
  {
    "model": "caluma_form.formquestion",
    "pk": "inquiry-answer.inquiry-answer-notices-for-authority-arp",
    "fields": {
      "created_at": "2023-10-18T14:38:30.574Z",
      "modified_at": "2023-10-18T14:38:30.574Z",
      "created_by_user": "462afaba-aeb7-494a-8596-3497b81ed701",
      "created_by_group": null,
      "modified_by_user": null,
      "modified_by_group": null,
      "form": "inquiry-answer",
      "question": "inquiry-answer-notices-for-authority-arp",
      "sort": 3
    }
  },
  {
    "model": "caluma_form.formquestion",
    "pk": "inquiry-answer.inquiry-answer-objections",
    "fields": {
      "created_at": "2023-10-18T14:35:41.758Z",
      "modified_at": "2023-10-18T14:35:41.758Z",
      "created_by_user": "462afaba-aeb7-494a-8596-3497b81ed701",
      "created_by_group": null,
      "modified_by_user": null,
      "modified_by_group": null,
      "form": "inquiry-answer",
      "question": "inquiry-answer-objections",
      "sort": 6
    }
  },
  {
    "model": "caluma_form.formquestion",
    "pk": "inquiry-answer.inquiry-answer-positive-assessments",
    "fields": {
      "created_at": "2023-10-18T14:33:59.401Z",
      "modified_at": "2023-10-18T14:33:59.401Z",
      "created_by_user": "462afaba-aeb7-494a-8596-3497b81ed701",
      "created_by_group": null,
      "modified_by_user": null,
      "modified_by_group": null,
      "form": "inquiry-answer",
      "question": "inquiry-answer-positive-assessments",
      "sort": 9
    }
  },
  {
    "model": "caluma_form.formquestion",
    "pk": "inquiry-answer.inquiry-answer-rejection-additional-demand",
    "fields": {
      "created_at": "2023-10-18T14:36:27.593Z",
      "modified_at": "2023-10-18T14:36:27.593Z",
      "created_by_user": "462afaba-aeb7-494a-8596-3497b81ed701",
      "created_by_group": null,
      "modified_by_user": null,
      "modified_by_group": null,
      "form": "inquiry-answer",
      "question": "inquiry-answer-rejection-additional-demand",
      "sort": 7
    }
  },
  {
    "model": "caluma_form.formquestion",
    "pk": "inquiry-answer.inquiry-answer-status",
    "fields": {
      "created_at": "2023-10-05T07:59:36.335Z",
      "modified_at": "2023-10-05T07:59:36.335Z",
      "created_by_user": "462afaba-aeb7-494a-8596-3497b81ed701",
      "created_by_group": null,
      "modified_by_user": null,
      "modified_by_group": null,
      "form": "inquiry-answer",
      "question": "inquiry-answer-status",
      "sort": 10
    }
  },
  {
    "model": "caluma_form.formquestion",
    "pk": "inquiry.inquiry-deadline",
    "fields": {
      "created_at": "2023-10-05T07:57:48.954Z",
      "modified_at": "2023-10-05T07:57:48.954Z",
      "created_by_user": "462afaba-aeb7-494a-8596-3497b81ed701",
      "created_by_group": null,
      "modified_by_user": null,
      "modified_by_group": null,
      "form": "inquiry",
      "question": "inquiry-deadline",
      "sort": 2
    }
  },
  {
    "model": "caluma_form.formquestion",
    "pk": "inquiry.inquiry-direct",
    "fields": {
      "created_at": "2024-09-09T15:27:46.281Z",
      "modified_at": "2024-09-09T15:27:46.281Z",
      "created_by_user": "462afaba-aeb7-494a-8596-3497b81ed701",
      "created_by_group": null,
      "modified_by_user": null,
      "modified_by_group": null,
      "form": "inquiry",
      "question": "inquiry-direct",
      "sort": 1
    }
  },
  {
    "model": "caluma_form.formquestion",
    "pk": "inquiry.inquiry-remark",
    "fields": {
      "created_at": "2023-10-05T07:57:28.799Z",
      "modified_at": "2023-10-05T07:57:28.799Z",
      "created_by_user": "462afaba-aeb7-494a-8596-3497b81ed701",
      "created_by_group": null,
      "modified_by_user": null,
      "modified_by_group": null,
      "form": "inquiry",
      "question": "inquiry-remark",
      "sort": 3
    }
  },
  {
    "model": "caluma_form.option",
    "pk": "inquiry-answer-status-additional-demand",
    "fields": {
      "created_at": "2023-10-05T07:59:35.937Z",
      "modified_at": "2023-10-05T07:59:35.937Z",
      "created_by_user": "462afaba-aeb7-494a-8596-3497b81ed701",
      "created_by_group": null,
      "modified_by_user": null,
      "modified_by_group": null,
      "label": "{\"de\": \"Nachforderung\", \"fr\": null, \"it\": null}",
      "is_hidden": "false",
      "is_archived": false,
      "meta": {},
      "source": null
    }
  },
  {
    "model": "caluma_form.option",
    "pk": "inquiry-answer-status-direct",
    "fields": {
      "created_at": "2024-09-09T15:31:44.248Z",
      "modified_at": "2024-09-09T15:31:44.248Z",
      "created_by_user": "462afaba-aeb7-494a-8596-3497b81ed701",
      "created_by_group": null,
      "modified_by_user": null,
      "modified_by_group": null,
      "label": "{\"de\": \"Direkte Erledigung durch Unterfachstelle\", \"fr\": null, \"it\": null}",
      "is_hidden": "false",
      "is_archived": true,
      "meta": {},
      "source": null
    }
  },
  {
    "model": "caluma_form.option",
    "pk": "inquiry-answer-status-negative",
    "fields": {
      "created_at": "2023-10-05T07:59:35.946Z",
      "modified_at": "2023-10-18T14:30:40.715Z",
      "created_by_user": "462afaba-aeb7-494a-8596-3497b81ed701",
      "created_by_group": null,
      "modified_by_user": "462afaba-aeb7-494a-8596-3497b81ed701",
      "modified_by_group": null,
      "label": "{\"de\": \"Ablehnung\", \"fr\": null, \"it\": null}",
      "is_hidden": "false",
      "is_archived": false,
      "meta": {},
      "source": null
    }
  },
  {
    "model": "caluma_form.option",
    "pk": "inquiry-answer-status-no-comment",
    "fields": {
      "created_at": "2023-10-18T14:30:40.673Z",
      "modified_at": "2023-10-18T14:30:40.673Z",
      "created_by_user": "462afaba-aeb7-494a-8596-3497b81ed701",
      "created_by_group": null,
      "modified_by_user": null,
      "modified_by_group": null,
      "label": "{\"de\": \"Keine Bemerkung\", \"fr\": null, \"it\": null}",
      "is_hidden": "false",
      "is_archived": false,
      "meta": {},
      "source": null
    }
  },
  {
    "model": "caluma_form.option",
    "pk": "inquiry-answer-status-positive",
    "fields": {
      "created_at": "2023-10-05T07:59:35.899Z",
      "modified_at": "2023-10-18T14:30:40.750Z",
      "created_by_user": "462afaba-aeb7-494a-8596-3497b81ed701",
      "created_by_group": null,
      "modified_by_user": "462afaba-aeb7-494a-8596-3497b81ed701",
      "modified_by_group": null,
      "label": "{\"de\": \"Zustimmung\", \"fr\": null, \"it\": null}",
      "is_hidden": "false",
      "is_archived": false,
      "meta": {},
      "source": null
    }
  },
  {
    "model": "caluma_form.option",
    "pk": "inquiry-answer-status-rejection",
    "fields": {
      "created_at": "2023-10-18T14:30:40.765Z",
      "modified_at": "2023-10-18T14:30:40.765Z",
      "created_by_user": "462afaba-aeb7-494a-8596-3497b81ed701",
      "created_by_group": null,
      "modified_by_user": null,
      "modified_by_group": null,
      "label": "{\"de\": \"R\\u00fcckweisung\", \"fr\": null, \"it\": null}",
      "is_hidden": "false",
      "is_archived": true,
      "meta": {},
      "source": null
    }
  },
  {
    "model": "caluma_form.option",
    "pk": "inquiry-answer-status-unknown",
    "fields": {
      "created_at": "2024-09-10T15:02:02.979Z",
      "modified_at": "2024-09-10T15:04:38.930Z",
      "created_by_user": "462afaba-aeb7-494a-8596-3497b81ed701",
      "created_by_group": null,
      "modified_by_user": "462afaba-aeb7-494a-8596-3497b81ed701",
      "modified_by_group": null,
      "label": "{\"de\": \"Siehe Fachbericht (Antwort via eCH)\", \"fr\": null, \"it\": null}",
      "is_hidden": "false",
      "is_archived": true,
      "meta": {},
      "source": null
    }
  },
  {
    "model": "caluma_form.option",
    "pk": "inquiry-direct-yes",
    "fields": {
      "created_at": "2024-09-09T15:27:46.149Z",
      "modified_at": "2024-09-18T12:58:15.788Z",
      "created_by_user": "462afaba-aeb7-494a-8596-3497b81ed701",
      "created_by_group": null,
      "modified_by_user": "462afaba-aeb7-494a-8596-3497b81ed701",
      "modified_by_group": null,
      "label": "{\"de\": \"Zur direkten Erledigung\", \"fr\": null, \"it\": null}",
      "is_hidden": "false",
      "is_archived": false,
      "meta": {},
      "source": null
    }
  },
  {
    "model": "caluma_form.question",
    "pk": "inquiry-answer-direct-info",
    "fields": {
      "created_at": "2024-09-23T13:47:52.337Z",
      "modified_at": "2024-09-23T13:54:54.767Z",
      "created_by_user": "462afaba-aeb7-494a-8596-3497b81ed701",
      "created_by_group": null,
      "modified_by_user": "462afaba-aeb7-494a-8596-3497b81ed701",
      "modified_by_group": null,
      "label": "{\"de\": \"Information direkte Erledigung\", \"fr\": null, \"it\": null}",
      "type": "static",
      "is_required": "false",
      "is_hidden": "false",
      "is_archived": false,
      "placeholder": "{\"de\": null, \"fr\": null, \"it\": null}",
      "info_text": "{\"de\": \"\", \"fr\": null, \"it\": null}",
      "hint_text": "{\"de\": null, \"fr\": null, \"it\": null}",
      "static_content": "{\"de\": \"<div class=\\\"uk-alert uk-margin-remove\\\"><strong>Achtung:</strong> Diese Stellungnahme ist zur direkten Erledigung.</div>\", \"fr\": \"\", \"it\": \"\"}",
      "configuration": {},
      "meta": {
        "widgetOverride": "direct-inquiry-info"
      },
      "data_source": null,
      "row_form": null,
      "sub_form": null,
      "source": null,
      "format_validators": "[]",
      "default_answer": null,
      "calc_expression": null,
      "calc_dependents": "[]"
    }
  },
  {
    "model": "caluma_form.question",
    "pk": "inquiry-answer-forward",
    "fields": {
      "created_at": "2023-10-18T14:39:11.103Z",
      "modified_at": "2023-10-18T14:44:31.128Z",
      "created_by_user": "462afaba-aeb7-494a-8596-3497b81ed701",
      "created_by_group": null,
      "modified_by_user": "462afaba-aeb7-494a-8596-3497b81ed701",
      "modified_by_group": null,
      "label": "{\"de\": \"Muss der Entscheid an weitere Stellen gesendet werden?\", \"fr\": null, \"it\": null}",
      "type": "textarea",
      "is_required": "false",
      "is_hidden": "false",
      "is_archived": false,
      "placeholder": "{\"de\": \"\", \"fr\": null, \"it\": null}",
      "info_text": "{\"de\": \"Bitte Adressen mit Komma abgetrennt erfassen.  \\nz.B: \\\"Max Muster, Musterstrasse 123, 4567 Irgendwo\\\"\", \"fr\": null, \"it\": null}",
      "hint_text": "{\"de\": \"\", \"fr\": null, \"it\": null}",
      "static_content": "{\"de\": \"\", \"fr\": \"\", \"it\": \"\"}",
      "configuration": {
        "max_length": null,
        "min_length": null
      },
      "meta": {},
      "data_source": null,
      "row_form": null,
      "sub_form": null,
      "source": null,
      "format_validators": "[]",
      "default_answer": null,
      "calc_expression": null,
      "calc_dependents": "[]"
    }
  },
  {
    "model": "caluma_form.question",
    "pk": "inquiry-answer-negative-assessments",
    "fields": {
      "created_at": "2023-10-18T14:34:19.153Z",
      "modified_at": "2023-10-18T14:43:33.754Z",
      "created_by_user": "462afaba-aeb7-494a-8596-3497b81ed701",
      "created_by_group": null,
      "modified_by_user": "462afaba-aeb7-494a-8596-3497b81ed701",
      "modified_by_group": null,
      "label": "{\"de\": \"Ablehnende Beurteilungen\", \"fr\": null, \"it\": null}",
      "type": "textarea",
      "is_required": "false",
      "is_hidden": "false",
      "is_archived": false,
      "placeholder": "{\"de\": \"\", \"fr\": null, \"it\": null}",
      "info_text": "{\"de\": \"Bitte Beurteilung wie folgt gliedern:\\n\\nThema 1  \\n-\\tSachverhalt\\n-\\tErw\\u00e4gungen (1. Rechtliche Ausgangslage, 2. Beurteilung Einzelfall, 3. Fazit)  \\n\\nThema 2  \\n-\\tSachverhalt\\n-\\tErw\\u00e4gungen (1. Rechtliche Ausgangslage, 2. Beurteilung Einzelfall, 3. Fazit)   \\n\\nNebenbewilligung 1  \\n-\\tSachverhalt\\n-\\tErw\\u00e4gungen (1. Rechtliche Ausgangslage, 2. Beurteilung Einzelfall, 3. Fazit)\\n-\\tW\\u00fcnschen Sie f\\u00fcr den Fall, dass die Nebenbewilligung nach der Interessensabw\\u00e4gung erteilt wird, eine weitere Beurteilung zwecks Formulierung von Auflagen und Bedingungen? Bei Fehlen der Information wird Verzicht angenommen.  \\n\\nNebenbewilligung 2  \\n-\\tSachverhalt\\n-\\tErw\\u00e4gungen (1. Rechtliche Ausgangslage, 2. Beurteilung Einzelfall, 3. Fazit)\\n-\\tW\\u00fcnschen Sie f\\u00fcr den Fall, dass die Nebenbewilligung nach der Interessensabw\\u00e4gung erteilt wird, eine weitere Beurteilung zwecks Formulierung von Auflagen und Bedingungen? Bei Fehlen der Information wird Verzicht angenommen.  \\n\\nAusnahmebewilligung 1  \\n-\\tSachverhalt\\n-\\tErw\\u00e4gungen (1. Rechtliche Ausgangslage, 2. Beurteilung Einzelfall, 3. Fazit)\\n-\\tW\\u00fcnschen Sie f\\u00fcr den Fall, dass die Ausnahmebewilligung nach der Interessensabw\\u00e4gung erteilt wird, eine weitere Beurteilung zwecks Formulierung von Auflagen und Bedingungen? Bei Fehlen der Information wird Verzicht angenommen.  \\n\\nAusnahmebewilligung 2  \\n-\\tSachverhalt\\n-\\tErw\\u00e4gungen (1. Rechtliche Ausgangslage, 2. Beurteilung Einzelfall, 3. Fazit)\\n-\\tW\\u00fcnschen Sie f\\u00fcr den Fall, dass die Ausnahmebewilligung nach der Interessensabw\\u00e4gung erteilt wird, eine weitere Beurteilung zwecks Formulierung von Auflagen und Bedingungen? Bei Fehlen der Information wird Verzicht angenommen.  \\n\\nusw.\", \"fr\": null, \"it\": null}",
      "hint_text": "{\"de\": \"\", \"fr\": null, \"it\": null}",
      "static_content": "{\"de\": \"\", \"fr\": \"\", \"it\": \"\"}",
      "configuration": {
        "max_length": null,
        "min_length": null
      },
      "meta": {},
      "data_source": null,
      "row_form": null,
      "sub_form": null,
      "source": null,
      "format_validators": "[]",
      "default_answer": null,
      "calc_expression": null,
      "calc_dependents": "[]"
    }
  },
  {
    "model": "caluma_form.question",
    "pk": "inquiry-answer-notices-for-applicant",
    "fields": {
      "created_at": "2023-10-18T14:37:29.906Z",
      "modified_at": "2023-10-18T14:44:02.973Z",
      "created_by_user": "462afaba-aeb7-494a-8596-3497b81ed701",
      "created_by_group": null,
      "modified_by_user": "462afaba-aeb7-494a-8596-3497b81ed701",
      "modified_by_group": null,
      "label": "{\"de\": \"Hinweise an die Gesuchsteller/in\", \"fr\": null, \"it\": null}",
      "type": "textarea",
      "is_required": "false",
      "is_hidden": "false",
      "is_archived": false,
      "placeholder": "{\"de\": \"\", \"fr\": null, \"it\": null}",
      "info_text": "{\"de\": \"Hinweise sind unverbindlich!\", \"fr\": null, \"it\": null}",
      "hint_text": "{\"de\": \"\", \"fr\": null, \"it\": null}",
      "static_content": "{\"de\": \"\", \"fr\": \"\", \"it\": \"\"}",
      "configuration": {
        "max_length": null,
        "min_length": null
      },
      "meta": {},
      "data_source": null,
      "row_form": null,
      "sub_form": null,
      "source": null,
      "format_validators": "[]",
      "default_answer": null,
      "calc_expression": null,
      "calc_dependents": "[]"
    }
  },
  {
    "model": "caluma_form.question",
    "pk": "inquiry-answer-notices-for-authority",
    "fields": {
      "created_at": "2023-10-18T14:38:07.395Z",
      "modified_at": "2023-10-18T14:44:09.393Z",
      "created_by_user": "462afaba-aeb7-494a-8596-3497b81ed701",
      "created_by_group": null,
      "modified_by_user": "462afaba-aeb7-494a-8596-3497b81ed701",
      "modified_by_group": null,
      "label": "{\"de\": \"Hinweise an Leitbeh\\u00f6rde\", \"fr\": null, \"it\": null}",
      "type": "textarea",
      "is_required": "false",
      "is_hidden": "false",
      "is_archived": false,
      "placeholder": "{\"de\": \"\", \"fr\": null, \"it\": null}",
      "info_text": "{\"de\": \"Hinweise sind unverbindlich!\", \"fr\": null, \"it\": null}",
      "hint_text": "{\"de\": \"\", \"fr\": null, \"it\": null}",
      "static_content": "{\"de\": \"\", \"fr\": \"\", \"it\": \"\"}",
      "configuration": {
        "max_length": null,
        "min_length": null
      },
      "meta": {},
      "data_source": null,
      "row_form": null,
      "sub_form": null,
      "source": null,
      "format_validators": "[]",
      "default_answer": null,
      "calc_expression": null,
      "calc_dependents": "[]"
    }
  },
  {
    "model": "caluma_form.question",
    "pk": "inquiry-answer-notices-for-authority-arp",
    "fields": {
      "created_at": "2023-10-18T14:38:30.350Z",
      "modified_at": "2023-10-18T14:52:12.346Z",
      "created_by_user": "462afaba-aeb7-494a-8596-3497b81ed701",
      "created_by_group": null,
      "modified_by_user": "462afaba-aeb7-494a-8596-3497b81ed701",
      "modified_by_group": null,
      "label": "{\"de\": \"Hinweise an Leitbeh\\u00f6rde ARP\", \"fr\": null, \"it\": null}",
      "type": "textarea",
      "is_required": "false",
      "is_hidden": "false",
      "is_archived": false,
      "placeholder": "{\"de\": \"\", \"fr\": null, \"it\": null}",
      "info_text": "{\"de\": \"Hinweise sind unverbindlich!\", \"fr\": null, \"it\": null}",
      "hint_text": "{\"de\": \"\", \"fr\": null, \"it\": null}",
      "static_content": "{\"de\": \"\", \"fr\": \"\", \"it\": \"\"}",
      "configuration": {
        "max_length": null,
        "min_length": null
      },
      "meta": {},
      "data_source": null,
      "row_form": null,
      "sub_form": null,
      "source": null,
      "format_validators": "[]",
      "default_answer": null,
      "calc_expression": null,
      "calc_dependents": "[]"
    }
  },
  {
    "model": "caluma_form.question",
    "pk": "inquiry-answer-objections",
    "fields": {
      "created_at": "2023-10-18T14:35:41.543Z",
      "modified_at": "2023-10-18T14:43:55.050Z",
      "created_by_user": "462afaba-aeb7-494a-8596-3497b81ed701",
      "created_by_group": null,
      "modified_by_user": "462afaba-aeb7-494a-8596-3497b81ed701",
      "modified_by_group": null,
      "label": "{\"de\": \"Einsprachen\", \"fr\": null, \"it\": null}",
      "type": "textarea",
      "is_required": "false",
      "is_hidden": "false",
      "is_archived": false,
      "placeholder": "{\"de\": \"\", \"fr\": null, \"it\": null}",
      "info_text": "{\"de\": \"Stellungnahme zu allf\\u00e4lligen Einsprachen im Zust\\u00e4ndigkeitsbereich der Dienststelle / Fachstelle\", \"fr\": null, \"it\": null}",
      "hint_text": "{\"de\": \"\", \"fr\": null, \"it\": null}",
      "static_content": "{\"de\": \"\", \"fr\": \"\", \"it\": \"\"}",
      "configuration": {
        "max_length": null,
        "min_length": null
      },
      "meta": {},
      "data_source": null,
      "row_form": null,
      "sub_form": null,
      "source": null,
      "format_validators": "[]",
      "default_answer": null,
      "calc_expression": null,
      "calc_dependents": "[]"
    }
  },
  {
    "model": "caluma_form.question",
    "pk": "inquiry-answer-positive-assessments",
    "fields": {
      "created_at": "2023-10-18T14:33:59.171Z",
      "modified_at": "2023-10-18T14:43:26.162Z",
      "created_by_user": "462afaba-aeb7-494a-8596-3497b81ed701",
      "created_by_group": null,
      "modified_by_user": "462afaba-aeb7-494a-8596-3497b81ed701",
      "modified_by_group": null,
      "label": "{\"de\": \"Zustimmende Beurteilungen\", \"fr\": null, \"it\": null}",
      "type": "textarea",
      "is_required": "false",
      "is_hidden": "false",
      "is_archived": false,
      "placeholder": "{\"de\": \"\", \"fr\": null, \"it\": null}",
      "info_text": "{\"de\": \"Bitte die Beurteilung wie folgt gliedern:\\n\\nThema 1:\\n-\\tSachverhalt  \\n-\\tErw\\u00e4gungen (1. Rechtliche Ausgangslage, 2. Beurteilung Einzelfall, 3. Fazit)  \\n-\\tDispositiv mit Auflagen / Bedingungen  \\n\\nThema 2:\\n-\\tSachverhalt  \\n-\\tErw\\u00e4gungen (1. Rechtliche Ausgangslage, 2. Beurteilung Einzelfall, 3. Fazit)  \\n-\\tDispositiv mit Auflagen / Bedingungen  \\n\\nNebenbewilligung 1\\n-\\tSachverhalt  \\n-\\tErw\\u00e4gungen (1. Rechtliche Ausgangslage, 2. Beurteilung Einzelfall, 3. Fazit)  \\n-\\tDispositiv mit Auflagen / Bedingungen\\n-\\tUnterschriftskompetenz: Amtschef - Departement/Amt, Vorname Name, Funktion  \\n\\nNebenbewilligung 2\\n-\\tSachverhalt\\n-\\tErw\\u00e4gungen (1. Rechtliche Ausgangslage, 2. Beurteilung Einzelfall, 3. Fazit)\\n-\\tDispositiv mit Auflagen / Bedingungen\\n-\\tUnterschriftskompetenz: Amtschef - Departement/Amt, Vorname Name, Funktion  \\n\\nAusnahmebewilligung 1\\n-\\tSachverhalt\\n-\\tErw\\u00e4gungen (1. Rechtliche Ausgangslage, 2. Beurteilung Einzelfall, 3. Fazit)\\n-\\tDispositiv mit Auflagen / Bedingungen\\n-\\tUnterschriftskompetenz: Amtschef - Departement/Amt, Vorname Name, Funktion   \\nusw.\", \"fr\": null, \"it\": null}",
      "hint_text": "{\"de\": \"\", \"fr\": null, \"it\": null}",
      "static_content": "{\"de\": \"\", \"fr\": \"\", \"it\": \"\"}",
      "configuration": {
        "max_length": null,
        "min_length": null
      },
      "meta": {},
      "data_source": null,
      "row_form": null,
      "sub_form": null,
      "source": null,
      "format_validators": "[]",
      "default_answer": null,
      "calc_expression": null,
      "calc_dependents": "[]"
    }
  },
  {
    "model": "caluma_form.question",
    "pk": "inquiry-answer-rejection-additional-demand",
    "fields": {
      "created_at": "2023-10-18T14:36:27.418Z",
      "modified_at": "2023-10-18T14:43:45.039Z",
      "created_by_user": "462afaba-aeb7-494a-8596-3497b81ed701",
      "created_by_group": null,
      "modified_by_user": "462afaba-aeb7-494a-8596-3497b81ed701",
      "modified_by_group": null,
      "label": "{\"de\": \"Nachforderung\", \"fr\": null, \"it\": null}",
      "type": "textarea",
      "is_required": "false",
      "is_hidden": "false",
      "is_archived": false,
      "placeholder": "{\"de\": \"\", \"fr\": null, \"it\": null}",
      "info_text": "{\"de\": \"Begr\\u00fcndung f\\u00fcr die R\\u00fcckweisung, z.B.:  \\n\\n- Bitte Augenschein organisieren (Begr\\u00fcndung / Teilnehmer Fachstelle / Weitere Teilnehmer)\\n- Bitte Besprechung organisieren (Begr\\u00fcndung / Teilnehmer Fachstelle / Weitere Teilnehmer)\\n- Unvollst\\u00e4ndige Baugesuchsunterlagen (Rechtliche Grundlage / Fehlende Unterlagen)\\n- \\u00dcberarbeitung Baugesuchsunterlagen (Rechtliche Grundlage / zu \\u00fcberarbeitende Unterlagen)  \\n\\nFalls Teilbeurteilung trotzdem m\\u00f6glich, bitte zustimmende Beurteilung oder ablehnende Beurteilung ausf\\u00fcllen.\", \"fr\": null, \"it\": null}",
      "hint_text": "{\"de\": \"\", \"fr\": null, \"it\": null}",
      "static_content": "{\"de\": \"\", \"fr\": \"\", \"it\": \"\"}",
      "configuration": {
        "max_length": null,
        "min_length": null
      },
      "meta": {},
      "data_source": null,
      "row_form": null,
      "sub_form": null,
      "source": null,
      "format_validators": "[]",
      "default_answer": null,
      "calc_expression": null,
      "calc_dependents": "[]"
    }
  },
  {
    "model": "caluma_form.question",
    "pk": "inquiry-answer-status",
    "fields": {
      "created_at": "2023-10-05T07:59:36.116Z",
      "modified_at": "2024-09-12T13:53:36.311Z",
      "created_by_user": "462afaba-aeb7-494a-8596-3497b81ed701",
      "created_by_group": null,
      "modified_by_user": "462afaba-aeb7-494a-8596-3497b81ed701",
      "modified_by_group": null,
      "label": "{\"de\": \"R\\u00fcckmeldung / Fazit\", \"fr\": null, \"it\": null}",
      "type": "choice",
      "is_required": "true",
      "is_hidden": "false",
      "is_archived": false,
      "placeholder": "{\"de\": null, \"fr\": null, \"it\": null}",
      "info_text": "{\"de\": \"- **Zustimmung** = alle Unterfachstellen / Fachstellen sagen ja (evtl. mit Auflagen)\\n- **Ablehnung** = eine Unterfachstelle / Fachstelle mit ***Killer*** gen\\u00fcgt f\\u00fcr Ablehnung\\n- **Keine Bemerkungen** = Unterfachstelle / Fachstelle nicht betroffen\", \"fr\": null, \"it\": null}",
      "hint_text": "{\"de\": \"\", \"fr\": null, \"it\": null}",
      "static_content": "{\"de\": \"\", \"fr\": \"\", \"it\": \"\"}",
      "configuration": {},
      "meta": {
        "widgetOverride": "inquiry-answer-status"
      },
      "data_source": null,
      "row_form": null,
      "sub_form": null,
      "source": null,
      "format_validators": "[]",
      "default_answer": null,
      "calc_expression": null,
      "calc_dependents": "[]"
    }
  },
  {
    "model": "caluma_form.question",
    "pk": "inquiry-deadline",
    "fields": {
      "created_at": "2023-10-05T07:57:48.755Z",
      "modified_at": "2023-10-05T07:57:48.755Z",
      "created_by_user": "462afaba-aeb7-494a-8596-3497b81ed701",
      "created_by_group": null,
      "modified_by_user": null,
      "modified_by_group": null,
      "label": "{\"de\": \"Frist\", \"fr\": null, \"it\": null}",
      "type": "date",
      "is_required": "true",
      "is_hidden": "false",
      "is_archived": false,
      "placeholder": "{\"de\": null, \"fr\": null, \"it\": null}",
      "info_text": "{\"de\": null, \"fr\": null, \"it\": null}",
      "hint_text": "{\"de\": null, \"fr\": null, \"it\": null}",
      "static_content": "{\"de\": \"\", \"fr\": \"\", \"it\": \"\"}",
      "configuration": {},
      "meta": {},
      "data_source": null,
      "row_form": null,
      "sub_form": null,
      "source": null,
      "format_validators": "[]",
      "default_answer": null,
      "calc_expression": null,
      "calc_dependents": "[]"
    }
  },
  {
    "model": "caluma_form.question",
    "pk": "inquiry-direct",
    "fields": {
      "created_at": "2024-09-09T15:27:46.223Z",
      "modified_at": "2024-09-18T12:58:15.877Z",
      "created_by_user": "462afaba-aeb7-494a-8596-3497b81ed701",
      "created_by_group": null,
      "modified_by_user": "462afaba-aeb7-494a-8596-3497b81ed701",
      "modified_by_group": null,
      "label": "{\"de\": \"Zur direkten Erledigung\", \"fr\": null, \"it\": null}",
      "type": "multiple_choice",
      "is_required": "false",
      "is_hidden": "false",
      "is_archived": false,
      "placeholder": "{\"de\": null, \"fr\": null, \"it\": null}",
      "info_text": "{\"de\": \"\", \"fr\": null, \"it\": null}",
      "hint_text": "{\"de\": \"\", \"fr\": null, \"it\": null}",
      "static_content": "{\"de\": \"\", \"fr\": \"\", \"it\": \"\"}",
      "configuration": {},
      "meta": {
        "hideLabel": true,
        "widgetOverride": "direct-inquiry-checkbox"
      },
      "data_source": null,
      "row_form": null,
      "sub_form": null,
      "source": null,
      "format_validators": "[]",
      "default_answer": null,
      "calc_expression": null,
      "calc_dependents": "[]"
    }
  },
  {
    "model": "caluma_form.question",
    "pk": "inquiry-remark",
    "fields": {
      "created_at": "2023-10-05T07:57:28.573Z",
      "modified_at": "2023-10-31T14:46:14.487Z",
      "created_by_user": "462afaba-aeb7-494a-8596-3497b81ed701",
      "created_by_group": null,
      "modified_by_user": "462afaba-aeb7-494a-8596-3497b81ed701",
      "modified_by_group": null,
      "label": "{\"de\": \"Bemerkungen (Hinweise, erwartete Stellungnahmen und Bewilligungen)\", \"fr\": null, \"it\": null}",
      "type": "textarea",
      "is_required": "false",
      "is_hidden": "false",
      "is_archived": false,
      "placeholder": "{\"de\": \"\", \"fr\": null, \"it\": null}",
      "info_text": "{\"de\": \"\", \"fr\": null, \"it\": null}",
      "hint_text": "{\"de\": \"\", \"fr\": null, \"it\": null}",
      "static_content": "{\"de\": \"\", \"fr\": \"\", \"it\": \"\"}",
      "configuration": {
        "max_length": null,
        "min_length": null
      },
      "meta": {},
      "data_source": null,
      "row_form": null,
      "sub_form": null,
      "source": null,
      "format_validators": "[]",
      "default_answer": null,
      "calc_expression": null,
      "calc_dependents": "[]"
    }
  },
  {
    "model": "caluma_form.questionoption",
    "pk": "inquiry-answer-status.inquiry-answer-status-additional-demand",
    "fields": {
      "created_at": "2024-09-12T13:53:36.328Z",
      "modified_at": "2024-09-12T13:53:36.328Z",
      "created_by_user": "462afaba-aeb7-494a-8596-3497b81ed701",
      "created_by_group": null,
      "modified_by_user": "462afaba-aeb7-494a-8596-3497b81ed701",
      "modified_by_group": null,
      "question": "inquiry-answer-status",
      "option": "inquiry-answer-status-additional-demand",
      "sort": 5
    }
  },
  {
    "model": "caluma_form.questionoption",
    "pk": "inquiry-answer-status.inquiry-answer-status-direct",
    "fields": {
      "created_at": "2024-09-12T13:53:36.319Z",
      "modified_at": "2024-09-12T13:53:36.319Z",
      "created_by_user": "462afaba-aeb7-494a-8596-3497b81ed701",
      "created_by_group": null,
      "modified_by_user": "462afaba-aeb7-494a-8596-3497b81ed701",
      "modified_by_group": null,
      "question": "inquiry-answer-status",
      "option": "inquiry-answer-status-direct",
      "sort": 2
    }
  },
  {
    "model": "caluma_form.questionoption",
    "pk": "inquiry-answer-status.inquiry-answer-status-negative",
    "fields": {
      "created_at": "2024-09-12T13:53:36.331Z",
      "modified_at": "2024-09-12T13:53:36.331Z",
      "created_by_user": "462afaba-aeb7-494a-8596-3497b81ed701",
      "created_by_group": null,
      "modified_by_user": "462afaba-aeb7-494a-8596-3497b81ed701",
      "modified_by_group": null,
      "question": "inquiry-answer-status",
      "option": "inquiry-answer-status-negative",
      "sort": 6
    }
  },
  {
    "model": "caluma_form.questionoption",
    "pk": "inquiry-answer-status.inquiry-answer-status-no-comment",
    "fields": {
      "created_at": "2024-09-12T13:53:36.322Z",
      "modified_at": "2024-09-12T13:53:36.322Z",
      "created_by_user": "462afaba-aeb7-494a-8596-3497b81ed701",
      "created_by_group": null,
      "modified_by_user": "462afaba-aeb7-494a-8596-3497b81ed701",
      "modified_by_group": null,
      "question": "inquiry-answer-status",
      "option": "inquiry-answer-status-no-comment",
      "sort": 3
    }
  },
  {
    "model": "caluma_form.questionoption",
    "pk": "inquiry-answer-status.inquiry-answer-status-positive",
    "fields": {
      "created_at": "2024-09-12T13:53:36.335Z",
      "modified_at": "2024-09-12T13:53:36.335Z",
      "created_by_user": "462afaba-aeb7-494a-8596-3497b81ed701",
      "created_by_group": null,
      "modified_by_user": "462afaba-aeb7-494a-8596-3497b81ed701",
      "modified_by_group": null,
      "question": "inquiry-answer-status",
      "option": "inquiry-answer-status-positive",
      "sort": 7
    }
  },
  {
    "model": "caluma_form.questionoption",
    "pk": "inquiry-answer-status.inquiry-answer-status-rejection",
    "fields": {
      "created_at": "2024-09-12T13:53:36.326Z",
      "modified_at": "2024-09-12T13:53:36.326Z",
      "created_by_user": "462afaba-aeb7-494a-8596-3497b81ed701",
      "created_by_group": null,
      "modified_by_user": "462afaba-aeb7-494a-8596-3497b81ed701",
      "modified_by_group": null,
      "question": "inquiry-answer-status",
      "option": "inquiry-answer-status-rejection",
      "sort": 4
    }
  },
  {
    "model": "caluma_form.questionoption",
    "pk": "inquiry-answer-status.inquiry-answer-status-unknown",
    "fields": {
      "created_at": "2024-09-12T13:53:36.316Z",
      "modified_at": "2024-09-12T13:53:36.316Z",
      "created_by_user": "462afaba-aeb7-494a-8596-3497b81ed701",
      "created_by_group": null,
      "modified_by_user": "462afaba-aeb7-494a-8596-3497b81ed701",
      "modified_by_group": null,
      "question": "inquiry-answer-status",
      "option": "inquiry-answer-status-unknown",
      "sort": 1
    }
  },
  {
    "model": "caluma_form.questionoption",
    "pk": "inquiry-direct.inquiry-direct-yes",
    "fields": {
      "created_at": "2024-09-18T12:58:15.884Z",
      "modified_at": "2024-09-18T12:58:15.884Z",
      "created_by_user": "462afaba-aeb7-494a-8596-3497b81ed701",
      "created_by_group": null,
      "modified_by_user": "462afaba-aeb7-494a-8596-3497b81ed701",
      "modified_by_group": null,
      "question": "inquiry-direct",
      "option": "inquiry-direct-yes",
      "sort": 1
    }
  },
  {
    "model": "caluma_workflow.flow",
    "pk": "0c8add4a-ce5f-457b-81be-12aad8d70084",
    "fields": {
      "created_at": "2023-10-05T07:31:50.358Z",
      "modified_at": "2023-10-05T07:31:50.358Z",
      "created_by_user": "462afaba-aeb7-494a-8596-3497b81ed701",
      "created_by_group": null,
      "modified_by_user": null,
      "modified_by_group": null,
      "next": "[\"after-inquiries-completed\", \"redo-inquiry\"]|tasks"
    }
  },
  {
    "model": "caluma_workflow.flow",
    "pk": "3d102c3b-e4be-4b4e-b6f4-7d6ed34df7eb",
    "fields": {
      "created_at": "2023-10-05T07:31:52.009Z",
      "modified_at": "2023-10-05T07:31:52.009Z",
      "created_by_user": "462afaba-aeb7-494a-8596-3497b81ed701",
      "created_by_group": null,
      "modified_by_user": null,
      "modified_by_group": null,
      "next": "[]|tasks"
    }
  },
  {
    "model": "caluma_workflow.flow",
    "pk": "a6205d36-2f69-4ee7-844e-424ebec25406",
    "fields": {
      "created_at": "2023-10-05T15:42:17.880Z",
      "modified_at": "2023-10-05T15:42:17.880Z",
      "created_by_user": "462afaba-aeb7-494a-8596-3497b81ed701",
      "created_by_group": null,
      "modified_by_user": null,
      "modified_by_group": null,
      "next": "[\"init-additional-demand\", \"additional-demand\"]|tasks"
    }
  },
  {
    "model": "caluma_workflow.flow",
    "pk": "c7fb6a4f-5858-4bb8-99d9-36a0182aeb5e",
    "fields": {
      "created_at": "2023-10-05T07:31:48.515Z",
      "modified_at": "2023-10-05T07:31:48.515Z",
      "created_by_user": "462afaba-aeb7-494a-8596-3497b81ed701",
      "created_by_group": null,
      "modified_by_user": null,
      "modified_by_group": null,
      "next": "[\"after-create-inquiry\"]|tasks"
    }
  },
  {
    "model": "caluma_workflow.task",
    "pk": "check-distribution",
    "fields": {
      "created_at": "2023-10-05T07:31:43.054Z",
      "modified_at": "2023-10-05T07:31:43.054Z",
      "created_by_user": "462afaba-aeb7-494a-8596-3497b81ed701",
      "created_by_group": null,
      "modified_by_user": null,
      "modified_by_group": null,
      "name": "{\"de\": \"Entscheid starten\", \"fr\": null, \"it\": null}",
      "description": "{\"de\": null, \"fr\": null, \"it\": null}",
      "type": "simple",
      "meta": {
        "directLink": {
          "route": "cases.detail.distribution.distribution-engine",
          "models": ["INSTANCE_ID", "DISTRIBUTION_CASE_UUID"]
        }
      },
      "address_groups": "[\"municipality\"]|groups",
      "control_groups": "[\"municipality\"]|groups",
      "is_archived": false,
      "form": null,
      "lead_time": 864000,
      "is_multiple_instance": false,
      "continue_async": false
    }
  },
  {
    "model": "caluma_workflow.task",
    "pk": "check-inquiries",
    "fields": {
      "created_at": "2023-10-05T07:31:39.417Z",
      "modified_at": "2023-10-05T07:31:39.417Z",
      "created_by_user": "462afaba-aeb7-494a-8596-3497b81ed701",
      "created_by_group": null,
      "modified_by_user": null,
      "modified_by_group": null,
      "name": "{\"de\": \"Stellungnahmen pr\\u00fcfen\", \"fr\": null, \"it\": null}",
      "description": "{\"de\": null, \"fr\": null, \"it\": null}",
      "type": "simple",
      "meta": {
        "directLink": {
          "route": "cases.detail.distribution.distribution-engine",
          "models": ["INSTANCE_ID", "DISTRIBUTION_CASE_UUID"]
        }
      },
      "address_groups": "info.prev_work_item.controlling_groups",
      "control_groups": "info.prev_work_item.controlling_groups",
      "is_archived": false,
      "form": null,
      "lead_time": 864000,
      "is_multiple_instance": false,
      "continue_async": false
    }
  },
  {
    "model": "caluma_workflow.task",
    "pk": "complete-distribution",
    "fields": {
      "created_at": "2023-10-05T07:31:31.638Z",
      "modified_at": "2023-10-05T07:31:31.638Z",
      "created_by_user": "462afaba-aeb7-494a-8596-3497b81ed701",
      "created_by_group": null,
      "modified_by_user": null,
      "modified_by_group": null,
      "name": "{\"de\": \"Zirkulation abschliessen\", \"fr\": null, \"it\": null}",
      "description": "{\"de\": null, \"fr\": null, \"it\": null}",
      "type": "simple",
      "meta": {},
      "address_groups": "[\"municipality\"]|groups",
      "control_groups": null,
      "is_archived": false,
      "form": null,
      "lead_time": null,
      "is_multiple_instance": false,
      "continue_async": false
    }
  },
  {
    "model": "caluma_workflow.task",
    "pk": "create-inquiry",
    "fields": {
      "created_at": "2023-10-05T07:31:33.185Z",
      "modified_at": "2023-10-05T07:31:33.185Z",
      "created_by_user": "462afaba-aeb7-494a-8596-3497b81ed701",
      "created_by_group": null,
      "modified_by_user": null,
      "modified_by_group": null,
      "name": "{\"de\": \"Stellungnahme erstellen\", \"fr\": null, \"it\": null}",
      "description": "{\"de\": null, \"fr\": null, \"it\": null}",
      "type": "simple",
      "meta": {},
      "address_groups": "[\"distribution_create_inquiry\"]|groups",
      "control_groups": null,
      "is_archived": false,
      "form": null,
      "lead_time": null,
      "is_multiple_instance": true,
      "continue_async": true
    }
  },
  {
    "model": "caluma_workflow.task",
    "pk": "distribution",
    "fields": {
      "created_at": "2023-10-05T07:31:28.234Z",
      "modified_at": "2023-10-05T07:31:28.234Z",
      "created_by_user": "462afaba-aeb7-494a-8596-3497b81ed701",
      "created_by_group": null,
      "modified_by_user": null,
      "modified_by_group": null,
      "name": "{\"de\": \"Zirkulation\", \"fr\": null, \"it\": null}",
      "description": "{\"de\": null, \"fr\": null, \"it\": null}",
      "type": "simple",
      "meta": {},
      "address_groups": "[\"municipality\"]|groups",
      "control_groups": null,
      "is_archived": false,
      "form": null,
      "lead_time": null,
      "is_multiple_instance": false,
      "continue_async": false
    }
  },
  {
    "model": "caluma_workflow.task",
    "pk": "fill-inquiry",
    "fields": {
      "created_at": "2023-10-05T07:31:37.546Z",
      "modified_at": "2023-10-05T07:31:37.546Z",
      "created_by_user": "462afaba-aeb7-494a-8596-3497b81ed701",
      "created_by_group": null,
      "modified_by_user": null,
      "modified_by_group": null,
      "name": "{\"de\": \"Stellungnahme ausf\\u00fcllen\", \"fr\": null, \"it\": null}",
      "description": "{\"de\": null, \"fr\": null, \"it\": null}",
      "type": "complete_workflow_form",
      "meta": {},
      "address_groups": "info.context.addressed_groups",
      "control_groups": null,
      "is_archived": false,
      "form": null,
      "lead_time": null,
      "is_multiple_instance": false,
      "continue_async": false
    }
  },
  {
    "model": "caluma_workflow.task",
    "pk": "init-distribution",
    "fields": {
      "created_at": "2023-10-05T07:31:29.842Z",
      "modified_at": "2023-10-05T07:31:29.842Z",
      "created_by_user": "462afaba-aeb7-494a-8596-3497b81ed701",
      "created_by_group": null,
      "modified_by_user": null,
      "modified_by_group": null,
      "name": "{\"de\": \"Zirkulation initialisieren\", \"fr\": null, \"it\": null}",
      "description": "{\"de\": null, \"fr\": null, \"it\": null}",
      "type": "simple",
      "meta": {
        "directLink": {
          "route": "cases.detail.distribution.distribution-engine",
          "models": ["INSTANCE_ID", "DISTRIBUTION_CASE_UUID"]
        }
      },
      "address_groups": "[\"municipality\"]|groups",
      "control_groups": "[\"municipality\"]|groups",
      "is_archived": false,
      "form": null,
      "lead_time": 864000,
      "is_multiple_instance": false,
      "continue_async": false
    }
  },
  {
    "model": "caluma_workflow.task",
    "pk": "inquiry",
    "fields": {
      "created_at": "2023-10-05T07:31:35.674Z",
      "modified_at": "2023-10-05T07:31:35.674Z",
      "created_by_user": "462afaba-aeb7-494a-8596-3497b81ed701",
      "created_by_group": null,
      "modified_by_user": null,
      "modified_by_group": null,
      "name": "{\"de\": \"Stellungnahme ausf\\u00fcllen\", \"fr\": null, \"it\": null}",
      "description": "{\"de\": null, \"fr\": null, \"it\": null}",
      "type": "complete_task_form",
      "meta": {
        "directLink": {
          "route": "cases.detail.distribution.distribution-engine.inquiry.detail.answer",
          "models": [
            "INSTANCE_ID",
            "DISTRIBUTION_CASE_UUID",
            "INQUIRY_CONTROLLING",
            "INQUIRY_ADDRESSED",
            "INQUIRY_UUID"
          ]
        }
      },
      "address_groups": "info.context.addressed_groups",
      "control_groups": "info.prev_work_item.addressed_groups",
      "is_archived": false,
      "form": "inquiry",
      "lead_time": null,
      "is_multiple_instance": true,
      "continue_async": true
    }
  },
  {
    "model": "caluma_workflow.task",
    "pk": "redo-inquiry",
    "fields": {
      "created_at": "2023-10-05T07:31:41.091Z",
      "modified_at": "2023-10-05T07:31:41.091Z",
      "created_by_user": "462afaba-aeb7-494a-8596-3497b81ed701",
      "created_by_group": null,
      "modified_by_user": null,
      "modified_by_group": null,
      "name": "{\"de\": \"Stellungnahme wiederer\\u00f6ffnen\", \"fr\": null, \"it\": null}",
      "description": "{\"de\": null, \"fr\": null, \"it\": null}",
      "type": "simple",
      "meta": {},
      "address_groups": "info.prev_work_item.controlling_groups",
      "control_groups": null,
      "is_archived": false,
      "form": null,
      "lead_time": null,
      "is_multiple_instance": true,
      "continue_async": false
    }
  },
  {
    "model": "caluma_workflow.taskflow",
    "pk": "2efd4cde-c86b-428c-ae19-e37434def739",
    "fields": {
      "created_at": "2023-10-05T15:42:17.886Z",
      "modified_at": "2023-10-05T15:42:17.887Z",
      "created_by_user": null,
      "created_by_group": null,
      "modified_by_user": null,
      "modified_by_group": null,
      "workflow": "distribution",
      "task": "init-additional-demand",
      "flow": "a6205d36-2f69-4ee7-844e-424ebec25406",
      "redoable": null
    }
  },
  {
    "model": "caluma_workflow.taskflow",
    "pk": "4f939de0-a690-4a78-817d-a8be4d6745ec",
    "fields": {
      "created_at": "2023-10-05T07:31:48.521Z",
      "modified_at": "2023-10-05T07:31:48.521Z",
      "created_by_user": null,
      "created_by_group": null,
      "modified_by_user": null,
      "modified_by_group": null,
      "workflow": "distribution",
      "task": "create-inquiry",
      "flow": "c7fb6a4f-5858-4bb8-99d9-36a0182aeb5e",
      "redoable": null
    }
  },
  {
    "model": "caluma_workflow.taskflow",
    "pk": "a234956d-6a9e-42e3-8da3-4c653954b750",
    "fields": {
      "created_at": "2023-10-05T07:31:50.361Z",
      "modified_at": "2023-10-05T07:31:50.361Z",
      "created_by_user": null,
      "created_by_group": null,
      "modified_by_user": null,
      "modified_by_group": null,
      "workflow": "distribution",
      "task": "inquiry",
      "flow": "0c8add4a-ce5f-457b-81be-12aad8d70084",
      "redoable": null
    }
  },
  {
    "model": "caluma_workflow.taskflow",
    "pk": "c64c4518-f621-48e8-a1c1-23076fe279e0",
    "fields": {
      "created_at": "2023-10-05T07:31:52.012Z",
      "modified_at": "2023-10-05T07:31:52.012Z",
      "created_by_user": null,
      "created_by_group": null,
      "modified_by_user": null,
      "modified_by_group": null,
      "workflow": "distribution",
      "task": "redo-inquiry",
      "flow": "3d102c3b-e4be-4b4e-b6f4-7d6ed34df7eb",
      "redoable": "\"inquiry\"|task"
    }
  },
  {
    "model": "caluma_workflow.workflow",
    "pk": "distribution",
    "fields": {
      "created_at": "2023-10-05T07:31:44.719Z",
      "modified_at": "2023-10-05T07:31:44.719Z",
      "created_by_user": "462afaba-aeb7-494a-8596-3497b81ed701",
      "created_by_group": null,
      "modified_by_user": null,
      "modified_by_group": null,
      "name": "{\"de\": \"Zirkulation\", \"fr\": null, \"it\": null}",
      "description": "{\"de\": null, \"fr\": null, \"it\": null}",
      "meta": {},
      "is_published": true,
      "is_archived": false,
      "allow_all_forms": false,
      "start_tasks": [
        "complete-distribution",
        "create-inquiry",
        "init-additional-demand",
        "init-distribution"
      ],
      "allow_forms": ["distribution"]
    }
  },
  {
    "model": "caluma_workflow.workflow",
    "pk": "inquiry",
    "fields": {
      "created_at": "2023-10-05T07:31:46.381Z",
      "modified_at": "2023-10-05T07:31:46.381Z",
      "created_by_user": "462afaba-aeb7-494a-8596-3497b81ed701",
      "created_by_group": null,
      "modified_by_user": null,
      "modified_by_group": null,
      "name": "{\"de\": \"Stellungnahme\", \"fr\": null, \"it\": null}",
      "description": "{\"de\": null, \"fr\": null, \"it\": null}",
      "meta": {},
      "is_published": true,
      "is_archived": false,
      "allow_all_forms": false,
      "start_tasks": ["fill-inquiry"],
      "allow_forms": ["inquiry-answer"]
    }
  }
]
