[
  {
    "model": "core.airaction",
    "pk": 1,
    "fields": {
      "available_instance_resource": "page",
      "action_name": "index",
      "hidden": 0
    }
  },
  {
    "model": "core.airaction",
    "pk": 2,
    "fields": {
      "available_instance_resource": "workitemlistinstance",
      "action_name": "index",
      "hidden": 0
    }
  },
  {
    "model": "core.airaction",
    "pk": 3,
    "fields": {
      "available_instance_resource": "history",
      "action_name": "index",
      "hidden": 0
    }
  },
  {
    "model": "core.airaction",
    "pk": 4,
    "fields": {
      "available_instance_resource": "taskform",
      "action_name": "index",
      "hidden": 0
    }
  },
  {
    "model": "core.araction",
    "pk": 1,
    "fields": {
      "available_resource": "page",
      "action_name": "template",
      "hidden": 0
    }
  },
  {
    "model": "core.araction",
    "pk": 2,
    "fields": {
      "available_resource": "workitemlistall",
      "action_name": "index",
      "hidden": 0
    }
  },
  {
    "model": "core.araction",
    "pk": 3,
    "fields": {
      "available_resource": "emberlist",
      "action_name": "index",
      "hidden": 0
    }
  },
  {
    "model": "core.availableinstanceresource",
    "pk": "history",
    "fields": {
      "module_name": "history",
      "controller_name": "history",
      "description": "(Ember / PHP) History"
    }
  },
  {
    "model": "core.availableinstanceresource",
    "pk": "page",
    "fields": {
      "module_name": "default",
      "controller_name": "page",
      "description": "(PHP) Page from template"
    }
  },
  {
    "model": "core.availableinstanceresource",
    "pk": "taskform",
    "fields": {
      "module_name": "taskform",
      "controller_name": "taskform",
      "description": "(Ember) Caluma form of a given task"
    }
  },
  {
    "model": "core.availableinstanceresource",
    "pk": "workitemlistinstance",
    "fields": {
      "module_name": "workitem",
      "controller_name": "workitemlistinstance",
      "description": "(Ember) Work items of the instance"
    }
  },
  {
    "model": "core.availableresource",
    "pk": "emberlist",
    "fields": {
      "module_name": "emberlist",
      "controller_name": "emberlist",
      "description": "(Ember) List of instances"
    }
  },
  {
    "model": "core.availableresource",
    "pk": "page",
    "fields": {
      "module_name": "default",
      "controller_name": "index",
      "description": "(PHP) Page from template"
    }
  },
  {
    "model": "core.availableresource",
    "pk": "workitemlistall",
    "fields": {
      "module_name": "workitem",
      "controller_name": "workitemlistall",
      "description": "(Ember) Work items"
    }
  },
  {
    "model": "core.formgroup",
    "pk": 1,
    "fields": {
      "name": null,
      "description": null
    }
  },
  {
    "model": "core.formgroupform",
    "pk": 1,
    "fields": {
      "form_group": 1,
      "form": 1
    }
  },
  {
    "model": "core.formgroupt",
    "pk": 1,
    "fields": {
      "form_group": 1,
      "language": "de",
      "name": "Alle Formulare",
      "description": null
    }
  },
  {
    "model": "core.grouppermission",
    "pk": 1,
    "fields": {
      "group": 1,
      "permission_id": "menu_account"
    }
  },
  {
    "model": "core.grouppermission",
    "pk": 2,
    "fields": {
      "group": 1,
      "permission_id": "account_user"
    }
  },
  {
    "model": "core.grouppermission",
    "pk": 3,
    "fields": {
      "group": 1,
      "permission_id": "account_group"
    }
  },
  {
    "model": "core.grouppermission",
    "pk": 4,
    "fields": {
      "group": 1,
      "permission_id": "account_role"
    }
  },
  {
    "model": "core.grouppermission",
    "pk": 5,
    "fields": {
      "group": 1,
      "permission_id": "account_service-group"
    }
  },
  {
    "model": "core.grouppermission",
    "pk": 6,
    "fields": {
      "group": 1,
      "permission_id": "account_service"
    }
  },
  {
    "model": "core.grouppermission",
    "pk": 7,
    "fields": {
      "group": 1,
      "permission_id": "menu_form"
    }
  },
  {
    "model": "core.grouppermission",
    "pk": 8,
    "fields": {
      "group": 1,
      "permission_id": "form_form"
    }
  },
  {
    "model": "core.grouppermission",
    "pk": 9,
    "fields": {
      "group": 1,
      "permission_id": "form_page"
    }
  },
  {
    "model": "core.grouppermission",
    "pk": 10,
    "fields": {
      "group": 1,
      "permission_id": "form_chapter"
    }
  },
  {
    "model": "core.grouppermission",
    "pk": 11,
    "fields": {
      "group": 1,
      "permission_id": "form_question"
    }
  },
  {
    "model": "core.grouppermission",
    "pk": 12,
    "fields": {
      "group": 1,
      "permission_id": "form_form-group"
    }
  },
  {
    "model": "core.grouppermission",
    "pk": 13,
    "fields": {
      "group": 1,
      "permission_id": "form_answer-query"
    }
  },
  {
    "model": "core.grouppermission",
    "pk": 14,
    "fields": {
      "group": 1,
      "permission_id": "form_answer-list"
    }
  },
  {
    "model": "core.grouppermission",
    "pk": 17,
    "fields": {
      "group": 1,
      "permission_id": "form_mapping"
    }
  },
  {
    "model": "core.grouppermission",
    "pk": 18,
    "fields": {
      "group": 1,
      "permission_id": "form_page-form-group"
    }
  },
  {
    "model": "core.grouppermission",
    "pk": 19,
    "fields": {
      "group": 1,
      "permission_id": "menu_resource"
    }
  },
  {
    "model": "core.grouppermission",
    "pk": 20,
    "fields": {
      "group": 1,
      "permission_id": "resource_tree"
    }
  },
  {
    "model": "core.grouppermission",
    "pk": 21,
    "fields": {
      "group": 1,
      "permission_id": "resource_resource"
    }
  },
  {
    "model": "core.grouppermission",
    "pk": 22,
    "fields": {
      "group": 1,
      "permission_id": "resource_instance-resource"
    }
  },
  {
    "model": "core.grouppermission",
    "pk": 23,
    "fields": {
      "group": 1,
      "permission_id": "resource_button"
    }
  },
  {
    "model": "core.grouppermission",
    "pk": 24,
    "fields": {
      "group": 1,
      "permission_id": "resource_action"
    }
  },
  {
    "model": "core.grouppermission",
    "pk": 25,
    "fields": {
      "group": 1,
      "permission_id": "resource_instance-state"
    }
  },
  {
    "model": "core.grouppermission",
    "pk": 26,
    "fields": {
      "group": 1,
      "permission_id": "resource_search-filter"
    }
  },
  {
    "model": "core.grouppermission",
    "pk": 27,
    "fields": {
      "group": 1,
      "permission_id": "resource_resource-loader"
    }
  },
  {
    "model": "core.grouppermission",
    "pk": 28,
    "fields": {
      "group": 1,
      "permission_id": "resource_instance-resource-loader"
    }
  },
  {
    "model": "core.grouppermission",
    "pk": 29,
    "fields": {
      "group": 1,
      "permission_id": "resource_action-loader"
    }
  },
  {
    "model": "core.grouppermission",
    "pk": 37,
    "fields": {
      "group": 1,
      "permission_id": "menu_module"
    }
  },
  {
    "model": "core.grouppermission",
    "pk": 38,
    "fields": {
      "group": 1,
      "permission_id": "module_module"
    }
  },
  {
    "model": "core.grouppermission",
    "pk": 39,
    "fields": {
      "group": 1,
      "permission_id": "module_data-loader"
    }
  },
  {
    "model": "core.instanceresource",
    "pk": 1,
    "fields": {
      "available_instance_resource": "workitemlistinstance",
      "resource": 3,
      "name": null,
      "description": null,
      "template": null,
      "class_field": "menu-category-meta",
      "hidden": 0,
      "sort": 1,
      "form_group": 1
    }
  },
  {
    "model": "core.instanceresource",
    "pk": 2,
    "fields": {
      "available_instance_resource": "page",
      "resource": 3,
      "name": null,
      "description": null,
      "template": "/ember-camac-ng/alexandria.phtml",
      "class_field": "menu-category-primary",
      "hidden": 0,
      "sort": 3,
      "form_group": 1
    }
  },
  {
    "model": "core.instanceresource",
    "pk": 3,
    "fields": {
      "available_instance_resource": "page",
      "resource": 3,
      "name": null,
      "description": null,
      "template": "/ember/instance.phtml",
      "class_field": "menu-category-primary",
      "hidden": 0,
      "sort": 2,
      "form_group": 1
    }
  },
  {
    "model": "core.instanceresource",
    "pk": 4,
    "fields": {
      "available_instance_resource": "taskform",
      "resource": 3,
      "name": null,
      "description": null,
      "template": null,
      "class_field": "menu-category-process",
      "hidden": 0,
      "sort": 5,
      "form_group": 1
    }
  },
  {
    "model": "core.instanceresource",
    "pk": 5,
    "fields": {
      "available_instance_resource": "taskform",
      "resource": 3,
      "name": null,
      "description": null,
      "template": null,
      "class_field": "menu-category-process",
      "hidden": 0,
      "sort": 6,
      "form_group": 1
    }
  },
  {
    "model": "core.instanceresource",
    "pk": 6,
    "fields": {
      "available_instance_resource": "page",
      "resource": 3,
      "name": null,
      "description": null,
      "template": "/ember-camac-ng/publication.phtml",
      "class_field": "menu-category-process",
      "hidden": 0,
      "sort": 8,
      "form_group": 1
    }
  },
  {
    "model": "core.instanceresource",
    "pk": 7,
    "fields": {
      "available_instance_resource": "history",
      "resource": 3,
      "name": null,
      "description": null,
      "template": null,
      "class_field": "menu-category-analysis",
      "hidden": 0,
      "sort": 12,
      "form_group": 1
    }
  },
  {
    "model": "core.instanceresource",
    "pk": 8,
    "fields": {
      "available_instance_resource": "page",
      "resource": 3,
      "name": null,
      "description": null,
      "template": "/ember-camac-ng/journal.phtml",
      "class_field": "menu-category-analysis",
      "hidden": 0,
      "sort": 13,
      "form_group": 1
    }
  },
  {
    "model": "core.instanceresource",
    "pk": 9,
    "fields": {
      "available_instance_resource": "page",
      "resource": 3,
      "name": null,
      "description": null,
      "template": "/ember-camac-ng/responsible.phtml",
      "class_field": "menu-category-primary",
      "hidden": 0,
      "sort": 4,
      "form_group": 1
    }
  },
  {
    "model": "core.instanceresource",
    "pk": 10,
    "fields": {
      "available_instance_resource": "page",
      "resource": 3,
      "name": null,
      "description": null,
      "template": "/ember-camac-ng/distribution.phtml",
      "class_field": "menu-category-process",
      "hidden": 0,
      "sort": 7,
      "form_group": 1
    }
  },
  {
    "model": "core.instanceresource",
    "pk": 11,
    "fields": {
      "available_instance_resource": "page",
      "resource": 3,
      "name": null,
      "description": null,
      "template": "/ember-camac-ng/additional-demand.phtml",
      "class_field": "menu-category-extraordinary",
      "hidden": 0,
      "sort": 10,
      "form_group": 1
    }
  },
  {
    "model": "core.instanceresource",
    "pk": 12,
    "fields": {
      "available_instance_resource": "page",
      "resource": 3,
      "name": null,
      "description": null,
      "template": "/ember-camac-ng/corrections.phtml",
      "class_field": "menu-category-analysis",
      "hidden": 0,
      "sort": 14,
      "form_group": 1
    }
  },
  {
    "model": "core.instanceresource",
    "pk": 13,
    "fields": {
      "available_instance_resource": "taskform",
      "resource": 3,
      "name": null,
      "description": null,
      "template": null,
      "class_field": "menu-category-process",
      "hidden": 0,
      "sort": 9,
      "form_group": 1
    }
  },
  {
    "model": "core.instanceresource",
    "pk": 15,
    "fields": {
      "available_instance_resource": "page",
      "resource": 3,
      "name": null,
      "description": null,
      "template": "/ember-camac-ng/billing.phtml",
      "class_field": "menu-category-analysis",
      "hidden": 0,
      "sort": 11,
      "form_group": 1
    }
  },
  {
    "model": "core.instanceresourcet",
    "pk": 1,
    "fields": {
      "instance_resource": 1,
      "language": "de",
      "name": "Aufgaben",
      "description": null
    }
  },
  {
    "model": "core.instanceresourcet",
    "pk": 2,
    "fields": {
      "instance_resource": 2,
      "language": "de",
      "name": "Dokumente",
      "description": null
    }
  },
  {
    "model": "core.instanceresourcet",
    "pk": 3,
    "fields": {
      "instance_resource": 3,
      "language": "de",
      "name": "Formular",
      "description": null
    }
  },
  {
    "model": "core.instanceresourcet",
    "pk": 4,
    "fields": {
      "instance_resource": 4,
      "language": "de",
      "name": "Formelle Pr체fung",
      "description": null
    }
  },
  {
    "model": "core.instanceresourcet",
    "pk": 5,
    "fields": {
      "instance_resource": 5,
      "language": "de",
      "name": "Materielle Pr체fung",
      "description": null
    }
  },
  {
    "model": "core.instanceresourcet",
    "pk": 6,
    "fields": {
      "instance_resource": 6,
      "language": "de",
      "name": "Publikation",
      "description": null
    }
  },
  {
    "model": "core.instanceresourcet",
    "pk": 7,
    "fields": {
      "instance_resource": 7,
      "language": "de",
      "name": "History",
      "description": null
    }
  },
  {
    "model": "core.instanceresourcet",
    "pk": 8,
    "fields": {
      "instance_resource": 8,
      "language": "de",
      "name": "Journal",
      "description": null
    }
  },
  {
    "model": "core.instanceresourcet",
    "pk": 9,
    "fields": {
      "instance_resource": 9,
      "language": "de",
      "name": "Zust채ndigkeit",
      "description": null
    }
  },
  {
    "model": "core.instanceresourcet",
    "pk": 10,
    "fields": {
      "instance_resource": 10,
      "language": "de",
      "name": "Zirkulation",
      "description": null
    }
  },
  {
    "model": "core.instanceresourcet",
    "pk": 11,
    "fields": {
      "instance_resource": 11,
      "language": "de",
      "name": "Nachforderungen",
      "description": null
    }
  },
  {
    "model": "core.instanceresourcet",
    "pk": 12,
    "fields": {
      "instance_resource": 12,
      "language": "de",
      "name": "Korrekturhilfen",
      "description": null
    }
  },
  {
    "model": "core.instanceresourcet",
    "pk": 13,
    "fields": {
      "instance_resource": 13,
      "language": "de",
      "name": "Entscheid",
      "description": null
    }
  },
  {
    "model": "core.instanceresourcet",
    "pk": 15,
    "fields": {
      "instance_resource": 15,
      "language": "de",
      "name": "Geb체hren",
      "description": null
    }
  },
  {
    "model": "core.irroleacl",
    "pk": 1,
    "fields": {
      "instance_resource": 1,
      "role": 5,
      "instance_state": 2
    }
  },
  {
    "model": "core.irroleacl",
    "pk": 2,
    "fields": {
      "instance_resource": 2,
      "role": 5,
      "instance_state": 2
    }
  },
  {
    "model": "core.irroleacl",
    "pk": 3,
    "fields": {
      "instance_resource": 3,
      "role": 5,
      "instance_state": 2
    }
  },
  {
    "model": "core.irroleacl",
    "pk": 4,
    "fields": {
      "instance_resource": 4,
      "role": 5,
      "instance_state": 2
    }
  },
  {
    "model": "core.irroleacl",
    "pk": 5,
    "fields": {
      "instance_resource": 4,
      "role": 6,
      "instance_state": 2
    }
  },
  {
    "model": "core.irroleacl",
    "pk": 6,
    "fields": {
      "instance_resource": 4,
      "role": 5,
      "instance_state": 3
    }
  },
  {
    "model": "core.irroleacl",
    "pk": 7,
    "fields": {
      "instance_resource": 4,
      "role": 6,
      "instance_state": 3
    }
  },
  {
    "model": "core.irroleacl",
    "pk": 8,
    "fields": {
      "instance_resource": 4,
      "role": 5,
      "instance_state": 4
    }
  },
  {
    "model": "core.irroleacl",
    "pk": 9,
    "fields": {
      "instance_resource": 4,
      "role": 6,
      "instance_state": 4
    }
  },
  {
    "model": "core.irroleacl",
    "pk": 10,
    "fields": {
      "instance_resource": 4,
      "role": 5,
      "instance_state": 5
    }
  },
  {
    "model": "core.irroleacl",
    "pk": 11,
    "fields": {
      "instance_resource": 4,
      "role": 6,
      "instance_state": 5
    }
  },
  {
    "model": "core.irroleacl",
    "pk": 12,
    "fields": {
      "instance_resource": 5,
      "role": 5,
      "instance_state": 3
    }
  },
  {
    "model": "core.irroleacl",
    "pk": 13,
    "fields": {
      "instance_resource": 5,
      "role": 6,
      "instance_state": 3
    }
  },
  {
    "model": "core.irroleacl",
    "pk": 14,
    "fields": {
      "instance_resource": 5,
      "role": 5,
      "instance_state": 4
    }
  },
  {
    "model": "core.irroleacl",
    "pk": 15,
    "fields": {
      "instance_resource": 5,
      "role": 6,
      "instance_state": 4
    }
  },
  {
    "model": "core.irroleacl",
    "pk": 16,
    "fields": {
      "instance_resource": 5,
      "role": 5,
      "instance_state": 5
    }
  },
  {
    "model": "core.irroleacl",
    "pk": 17,
    "fields": {
      "instance_resource": 5,
      "role": 6,
      "instance_state": 5
    }
  },
  {
    "model": "core.irroleacl",
    "pk": 18,
    "fields": {
      "instance_resource": 6,
      "role": 5,
      "instance_state": 4
    }
  },
  {
    "model": "core.irroleacl",
    "pk": 19,
    "fields": {
      "instance_resource": 6,
      "role": 6,
      "instance_state": 4
    }
  },
  {
    "model": "core.irroleacl",
    "pk": 20,
    "fields": {
      "instance_resource": 6,
      "role": 5,
      "instance_state": 5
    }
  },
  {
    "model": "core.irroleacl",
    "pk": 21,
    "fields": {
      "instance_resource": 6,
      "role": 6,
      "instance_state": 5
    }
  },
  {
    "model": "core.irroleacl",
    "pk": 22,
    "fields": {
      "instance_resource": 7,
      "role": 5,
      "instance_state": 2
    }
  },
  {
    "model": "core.irroleacl",
    "pk": 23,
    "fields": {
      "instance_resource": 7,
      "role": 6,
      "instance_state": 2
    }
  },
  {
    "model": "core.irroleacl",
    "pk": 24,
    "fields": {
      "instance_resource": 7,
      "role": 5,
      "instance_state": 3
    }
  },
  {
    "model": "core.irroleacl",
    "pk": 25,
    "fields": {
      "instance_resource": 7,
      "role": 6,
      "instance_state": 3
    }
  },
  {
    "model": "core.irroleacl",
    "pk": 26,
    "fields": {
      "instance_resource": 7,
      "role": 5,
      "instance_state": 4
    }
  },
  {
    "model": "core.irroleacl",
    "pk": 27,
    "fields": {
      "instance_resource": 7,
      "role": 6,
      "instance_state": 4
    }
  },
  {
    "model": "core.irroleacl",
    "pk": 28,
    "fields": {
      "instance_resource": 7,
      "role": 5,
      "instance_state": 5
    }
  },
  {
    "model": "core.irroleacl",
    "pk": 29,
    "fields": {
      "instance_resource": 7,
      "role": 6,
      "instance_state": 5
    }
  },
  {
    "model": "core.irroleacl",
    "pk": 30,
    "fields": {
      "instance_resource": 8,
      "role": 5,
      "instance_state": 2
    }
  },
  {
    "model": "core.irroleacl",
    "pk": 31,
    "fields": {
      "instance_resource": 8,
      "role": 6,
      "instance_state": 2
    }
  },
  {
    "model": "core.irroleacl",
    "pk": 32,
    "fields": {
      "instance_resource": 8,
      "role": 5,
      "instance_state": 3
    }
  },
  {
    "model": "core.irroleacl",
    "pk": 33,
    "fields": {
      "instance_resource": 8,
      "role": 6,
      "instance_state": 3
    }
  },
  {
    "model": "core.irroleacl",
    "pk": 34,
    "fields": {
      "instance_resource": 8,
      "role": 5,
      "instance_state": 4
    }
  },
  {
    "model": "core.irroleacl",
    "pk": 35,
    "fields": {
      "instance_resource": 8,
      "role": 6,
      "instance_state": 4
    }
  },
  {
    "model": "core.irroleacl",
    "pk": 36,
    "fields": {
      "instance_resource": 8,
      "role": 5,
      "instance_state": 5
    }
  },
  {
    "model": "core.irroleacl",
    "pk": 37,
    "fields": {
      "instance_resource": 8,
      "role": 6,
      "instance_state": 5
    }
  },
  {
    "model": "core.irroleacl",
    "pk": 38,
    "fields": {
      "instance_resource": 1,
      "role": 6,
      "instance_state": 2
    }
  },
  {
    "model": "core.irroleacl",
    "pk": 39,
    "fields": {
      "instance_resource": 1,
      "role": 5,
      "instance_state": 3
    }
  },
  {
    "model": "core.irroleacl",
    "pk": 40,
    "fields": {
      "instance_resource": 1,
      "role": 6,
      "instance_state": 3
    }
  },
  {
    "model": "core.irroleacl",
    "pk": 41,
    "fields": {
      "instance_resource": 1,
      "role": 5,
      "instance_state": 4
    }
  },
  {
    "model": "core.irroleacl",
    "pk": 42,
    "fields": {
      "instance_resource": 1,
      "role": 6,
      "instance_state": 4
    }
  },
  {
    "model": "core.irroleacl",
    "pk": 43,
    "fields": {
      "instance_resource": 1,
      "role": 5,
      "instance_state": 5
    }
  },
  {
    "model": "core.irroleacl",
    "pk": 44,
    "fields": {
      "instance_resource": 1,
      "role": 6,
      "instance_state": 5
    }
  },
  {
    "model": "core.irroleacl",
    "pk": 45,
    "fields": {
      "instance_resource": 2,
      "role": 6,
      "instance_state": 2
    }
  },
  {
    "model": "core.irroleacl",
    "pk": 46,
    "fields": {
      "instance_resource": 2,
      "role": 5,
      "instance_state": 3
    }
  },
  {
    "model": "core.irroleacl",
    "pk": 47,
    "fields": {
      "instance_resource": 2,
      "role": 6,
      "instance_state": 3
    }
  },
  {
    "model": "core.irroleacl",
    "pk": 48,
    "fields": {
      "instance_resource": 2,
      "role": 5,
      "instance_state": 4
    }
  },
  {
    "model": "core.irroleacl",
    "pk": 49,
    "fields": {
      "instance_resource": 2,
      "role": 6,
      "instance_state": 4
    }
  },
  {
    "model": "core.irroleacl",
    "pk": 50,
    "fields": {
      "instance_resource": 2,
      "role": 5,
      "instance_state": 5
    }
  },
  {
    "model": "core.irroleacl",
    "pk": 51,
    "fields": {
      "instance_resource": 2,
      "role": 6,
      "instance_state": 5
    }
  },
  {
    "model": "core.irroleacl",
    "pk": 52,
    "fields": {
      "instance_resource": 3,
      "role": 6,
      "instance_state": 2
    }
  },
  {
    "model": "core.irroleacl",
    "pk": 53,
    "fields": {
      "instance_resource": 3,
      "role": 5,
      "instance_state": 3
    }
  },
  {
    "model": "core.irroleacl",
    "pk": 54,
    "fields": {
      "instance_resource": 3,
      "role": 6,
      "instance_state": 3
    }
  },
  {
    "model": "core.irroleacl",
    "pk": 55,
    "fields": {
      "instance_resource": 3,
      "role": 5,
      "instance_state": 4
    }
  },
  {
    "model": "core.irroleacl",
    "pk": 56,
    "fields": {
      "instance_resource": 3,
      "role": 6,
      "instance_state": 4
    }
  },
  {
    "model": "core.irroleacl",
    "pk": 57,
    "fields": {
      "instance_resource": 3,
      "role": 5,
      "instance_state": 5
    }
  },
  {
    "model": "core.irroleacl",
    "pk": 58,
    "fields": {
      "instance_resource": 3,
      "role": 6,
      "instance_state": 5
    }
  },
  {
    "model": "core.irroleacl",
    "pk": 59,
    "fields": {
      "instance_resource": 9,
      "role": 5,
      "instance_state": 2
    }
  },
  {
    "model": "core.irroleacl",
    "pk": 60,
    "fields": {
      "instance_resource": 9,
      "role": 6,
      "instance_state": 2
    }
  },
  {
    "model": "core.irroleacl",
    "pk": 61,
    "fields": {
      "instance_resource": 9,
      "role": 5,
      "instance_state": 3
    }
  },
  {
    "model": "core.irroleacl",
    "pk": 62,
    "fields": {
      "instance_resource": 9,
      "role": 6,
      "instance_state": 3
    }
  },
  {
    "model": "core.irroleacl",
    "pk": 63,
    "fields": {
      "instance_resource": 9,
      "role": 5,
      "instance_state": 4
    }
  },
  {
    "model": "core.irroleacl",
    "pk": 64,
    "fields": {
      "instance_resource": 9,
      "role": 6,
      "instance_state": 4
    }
  },
  {
    "model": "core.irroleacl",
    "pk": 65,
    "fields": {
      "instance_resource": 9,
      "role": 5,
      "instance_state": 5
    }
  },
  {
    "model": "core.irroleacl",
    "pk": 66,
    "fields": {
      "instance_resource": 9,
      "role": 6,
      "instance_state": 5
    }
  },
  {
    "model": "core.irroleacl",
    "pk": 67,
    "fields": {
      "instance_resource": 10,
      "role": 5,
      "instance_state": 4
    }
  },
  {
    "model": "core.irroleacl",
    "pk": 68,
    "fields": {
      "instance_resource": 10,
      "role": 6,
      "instance_state": 4
    }
  },
  {
    "model": "core.irroleacl",
    "pk": 69,
    "fields": {
      "instance_resource": 10,
      "role": 5,
      "instance_state": 5
    }
  },
  {
    "model": "core.irroleacl",
    "pk": 70,
    "fields": {
      "instance_resource": 10,
      "role": 6,
      "instance_state": 5
    }
  },
  {
    "model": "core.irroleacl",
    "pk": 71,
    "fields": {
      "instance_resource": 11,
      "role": 5,
      "instance_state": 4
    }
  },
  {
    "model": "core.irroleacl",
    "pk": 72,
    "fields": {
      "instance_resource": 11,
      "role": 6,
      "instance_state": 4
    }
  },
  {
    "model": "core.irroleacl",
    "pk": 73,
    "fields": {
      "instance_resource": 11,
      "role": 5,
      "instance_state": 5
    }
  },
  {
    "model": "core.irroleacl",
    "pk": 74,
    "fields": {
      "instance_resource": 11,
      "role": 6,
      "instance_state": 5
    }
  },
  {
    "model": "core.irroleacl",
    "pk": 75,
    "fields": {
      "instance_resource": 12,
      "role": 5,
      "instance_state": 2
    }
  },
  {
    "model": "core.irroleacl",
    "pk": 76,
    "fields": {
      "instance_resource": 12,
      "role": 6,
      "instance_state": 2
    }
  },
  {
    "model": "core.irroleacl",
    "pk": 77,
    "fields": {
      "instance_resource": 12,
      "role": 5,
      "instance_state": 3
    }
  },
  {
    "model": "core.irroleacl",
    "pk": 78,
    "fields": {
      "instance_resource": 12,
      "role": 6,
      "instance_state": 3
    }
  },
  {
    "model": "core.irroleacl",
    "pk": 79,
    "fields": {
      "instance_resource": 12,
      "role": 5,
      "instance_state": 4
    }
  },
  {
    "model": "core.irroleacl",
    "pk": 80,
    "fields": {
      "instance_resource": 12,
      "role": 6,
      "instance_state": 4
    }
  },
  {
    "model": "core.irroleacl",
    "pk": 81,
    "fields": {
      "instance_resource": 12,
      "role": 5,
      "instance_state": 5
    }
  },
  {
    "model": "core.irroleacl",
    "pk": 82,
    "fields": {
      "instance_resource": 12,
      "role": 6,
      "instance_state": 5
    }
  },
  {
    "model": "core.irroleacl",
    "pk": 83,
    "fields": {
      "instance_resource": 3,
      "role": 5,
      "instance_state": 6
    }
  },
  {
    "model": "core.irroleacl",
    "pk": 84,
    "fields": {
      "instance_resource": 3,
      "role": 6,
      "instance_state": 6
    }
  },
  {
    "model": "core.irroleacl",
    "pk": 85,
    "fields": {
      "instance_resource": 12,
      "role": 5,
      "instance_state": 6
    }
  },
  {
    "model": "core.irroleacl",
    "pk": 86,
    "fields": {
      "instance_resource": 12,
      "role": 6,
      "instance_state": 6
    }
  },
  {
    "model": "core.irroleacl",
    "pk": 87,
    "fields": {
      "instance_resource": 1,
      "role": 10,
      "instance_state": 5
    }
  },
  {
    "model": "core.irroleacl",
    "pk": 88,
    "fields": {
      "instance_resource": 1,
      "role": 11,
      "instance_state": 5
    }
  },
  {
    "model": "core.irroleacl",
    "pk": 89,
    "fields": {
      "instance_resource": 1,
      "role": 12,
      "instance_state": 5
    }
  },
  {
    "model": "core.irroleacl",
    "pk": 90,
    "fields": {
      "instance_resource": 3,
      "role": 10,
      "instance_state": 5
    }
  },
  {
    "model": "core.irroleacl",
    "pk": 91,
    "fields": {
      "instance_resource": 3,
      "role": 11,
      "instance_state": 5
    }
  },
  {
    "model": "core.irroleacl",
    "pk": 92,
    "fields": {
      "instance_resource": 3,
      "role": 12,
      "instance_state": 5
    }
  },
  {
    "model": "core.irroleacl",
    "pk": 93,
    "fields": {
      "instance_resource": 2,
      "role": 10,
      "instance_state": 5
    }
  },
  {
    "model": "core.irroleacl",
    "pk": 94,
    "fields": {
      "instance_resource": 2,
      "role": 11,
      "instance_state": 5
    }
  },
  {
    "model": "core.irroleacl",
    "pk": 95,
    "fields": {
      "instance_resource": 2,
      "role": 12,
      "instance_state": 5
    }
  },
  {
    "model": "core.irroleacl",
    "pk": 96,
    "fields": {
      "instance_resource": 9,
      "role": 10,
      "instance_state": 5
    }
  },
  {
    "model": "core.irroleacl",
    "pk": 97,
    "fields": {
      "instance_resource": 9,
      "role": 11,
      "instance_state": 5
    }
  },
  {
    "model": "core.irroleacl",
    "pk": 98,
    "fields": {
      "instance_resource": 9,
      "role": 12,
      "instance_state": 5
    }
  },
  {
    "model": "core.irroleacl",
    "pk": 99,
    "fields": {
      "instance_resource": 10,
      "role": 10,
      "instance_state": 5
    }
  },
  {
    "model": "core.irroleacl",
    "pk": 100,
    "fields": {
      "instance_resource": 10,
      "role": 11,
      "instance_state": 5
    }
  },
  {
    "model": "core.irroleacl",
    "pk": 101,
    "fields": {
      "instance_resource": 10,
      "role": 12,
      "instance_state": 5
    }
  },
  {
    "model": "core.irroleacl",
    "pk": 102,
    "fields": {
      "instance_resource": 11,
      "role": 10,
      "instance_state": 5
    }
  },
  {
    "model": "core.irroleacl",
    "pk": 103,
    "fields": {
      "instance_resource": 11,
      "role": 11,
      "instance_state": 5
    }
  },
  {
    "model": "core.irroleacl",
    "pk": 105,
    "fields": {
      "instance_resource": 7,
      "role": 10,
      "instance_state": 5
    }
  },
  {
    "model": "core.irroleacl",
    "pk": 106,
    "fields": {
      "instance_resource": 7,
      "role": 11,
      "instance_state": 5
    }
  },
  {
    "model": "core.irroleacl",
    "pk": 107,
    "fields": {
      "instance_resource": 7,
      "role": 12,
      "instance_state": 5
    }
  },
  {
    "model": "core.irroleacl",
    "pk": 108,
    "fields": {
      "instance_resource": 8,
      "role": 10,
      "instance_state": 5
    }
  },
  {
    "model": "core.irroleacl",
    "pk": 109,
    "fields": {
      "instance_resource": 8,
      "role": 11,
      "instance_state": 5
    }
  },
  {
    "model": "core.irroleacl",
    "pk": 110,
    "fields": {
      "instance_resource": 8,
      "role": 12,
      "instance_state": 5
    }
  },
  {
    "model": "core.irroleacl",
    "pk": 111,
    "fields": {
      "instance_resource": 13,
      "role": 5,
      "instance_state": 7
    }
  },
  {
    "model": "core.irroleacl",
    "pk": 112,
    "fields": {
      "instance_resource": 13,
      "role": 6,
      "instance_state": 7
    }
  },
  {
    "model": "core.irroleacl",
    "pk": 113,
    "fields": {
      "instance_resource": 1,
      "role": 5,
      "instance_state": 7
    }
  },
  {
    "model": "core.irroleacl",
    "pk": 114,
    "fields": {
      "instance_resource": 1,
      "role": 6,
      "instance_state": 7
    }
  },
  {
    "model": "core.irroleacl",
    "pk": 115,
    "fields": {
      "instance_resource": 1,
      "role": 10,
      "instance_state": 7
    }
  },
  {
    "model": "core.irroleacl",
    "pk": 116,
    "fields": {
      "instance_resource": 1,
      "role": 11,
      "instance_state": 7
    }
  },
  {
    "model": "core.irroleacl",
    "pk": 117,
    "fields": {
      "instance_resource": 1,
      "role": 12,
      "instance_state": 7
    }
  },
  {
    "model": "core.irroleacl",
    "pk": 118,
    "fields": {
      "instance_resource": 3,
      "role": 5,
      "instance_state": 7
    }
  },
  {
    "model": "core.irroleacl",
    "pk": 119,
    "fields": {
      "instance_resource": 3,
      "role": 6,
      "instance_state": 7
    }
  },
  {
    "model": "core.irroleacl",
    "pk": 120,
    "fields": {
      "instance_resource": 3,
      "role": 10,
      "instance_state": 7
    }
  },
  {
    "model": "core.irroleacl",
    "pk": 121,
    "fields": {
      "instance_resource": 3,
      "role": 11,
      "instance_state": 7
    }
  },
  {
    "model": "core.irroleacl",
    "pk": 122,
    "fields": {
      "instance_resource": 3,
      "role": 12,
      "instance_state": 7
    }
  },
  {
    "model": "core.irroleacl",
    "pk": 123,
    "fields": {
      "instance_resource": 2,
      "role": 5,
      "instance_state": 7
    }
  },
  {
    "model": "core.irroleacl",
    "pk": 124,
    "fields": {
      "instance_resource": 2,
      "role": 6,
      "instance_state": 7
    }
  },
  {
    "model": "core.irroleacl",
    "pk": 125,
    "fields": {
      "instance_resource": 2,
      "role": 10,
      "instance_state": 7
    }
  },
  {
    "model": "core.irroleacl",
    "pk": 126,
    "fields": {
      "instance_resource": 2,
      "role": 11,
      "instance_state": 7
    }
  },
  {
    "model": "core.irroleacl",
    "pk": 127,
    "fields": {
      "instance_resource": 2,
      "role": 12,
      "instance_state": 7
    }
  },
  {
    "model": "core.irroleacl",
    "pk": 128,
    "fields": {
      "instance_resource": 9,
      "role": 5,
      "instance_state": 7
    }
  },
  {
    "model": "core.irroleacl",
    "pk": 129,
    "fields": {
      "instance_resource": 9,
      "role": 6,
      "instance_state": 7
    }
  },
  {
    "model": "core.irroleacl",
    "pk": 130,
    "fields": {
      "instance_resource": 9,
      "role": 10,
      "instance_state": 7
    }
  },
  {
    "model": "core.irroleacl",
    "pk": 131,
    "fields": {
      "instance_resource": 9,
      "role": 11,
      "instance_state": 7
    }
  },
  {
    "model": "core.irroleacl",
    "pk": 132,
    "fields": {
      "instance_resource": 9,
      "role": 12,
      "instance_state": 7
    }
  },
  {
    "model": "core.irroleacl",
    "pk": 133,
    "fields": {
      "instance_resource": 4,
      "role": 5,
      "instance_state": 7
    }
  },
  {
    "model": "core.irroleacl",
    "pk": 134,
    "fields": {
      "instance_resource": 4,
      "role": 6,
      "instance_state": 7
    }
  },
  {
    "model": "core.irroleacl",
    "pk": 138,
    "fields": {
      "instance_resource": 5,
      "role": 5,
      "instance_state": 7
    }
  },
  {
    "model": "core.irroleacl",
    "pk": 139,
    "fields": {
      "instance_resource": 5,
      "role": 6,
      "instance_state": 7
    }
  },
  {
    "model": "core.irroleacl",
    "pk": 143,
    "fields": {
      "instance_resource": 10,
      "role": 5,
      "instance_state": 7
    }
  },
  {
    "model": "core.irroleacl",
    "pk": 144,
    "fields": {
      "instance_resource": 10,
      "role": 6,
      "instance_state": 7
    }
  },
  {
    "model": "core.irroleacl",
    "pk": 145,
    "fields": {
      "instance_resource": 10,
      "role": 10,
      "instance_state": 7
    }
  },
  {
    "model": "core.irroleacl",
    "pk": 146,
    "fields": {
      "instance_resource": 10,
      "role": 11,
      "instance_state": 7
    }
  },
  {
    "model": "core.irroleacl",
    "pk": 147,
    "fields": {
      "instance_resource": 10,
      "role": 12,
      "instance_state": 7
    }
  },
  {
    "model": "core.irroleacl",
    "pk": 148,
    "fields": {
      "instance_resource": 6,
      "role": 5,
      "instance_state": 7
    }
  },
  {
    "model": "core.irroleacl",
    "pk": 149,
    "fields": {
      "instance_resource": 6,
      "role": 6,
      "instance_state": 7
    }
  },
  {
    "model": "core.irroleacl",
    "pk": 151,
    "fields": {
      "instance_resource": 11,
      "role": 5,
      "instance_state": 7
    }
  },
  {
    "model": "core.irroleacl",
    "pk": 152,
    "fields": {
      "instance_resource": 11,
      "role": 6,
      "instance_state": 7
    }
  },
  {
    "model": "core.irroleacl",
    "pk": 153,
    "fields": {
      "instance_resource": 11,
      "role": 10,
      "instance_state": 7
    }
  },
  {
    "model": "core.irroleacl",
    "pk": 154,
    "fields": {
      "instance_resource": 11,
      "role": 11,
      "instance_state": 7
    }
  },
  {
    "model": "core.irroleacl",
    "pk": 155,
    "fields": {
      "instance_resource": 7,
      "role": 5,
      "instance_state": 7
    }
  },
  {
    "model": "core.irroleacl",
    "pk": 156,
    "fields": {
      "instance_resource": 7,
      "role": 6,
      "instance_state": 7
    }
  },
  {
    "model": "core.irroleacl",
    "pk": 157,
    "fields": {
      "instance_resource": 7,
      "role": 10,
      "instance_state": 7
    }
  },
  {
    "model": "core.irroleacl",
    "pk": 158,
    "fields": {
      "instance_resource": 7,
      "role": 11,
      "instance_state": 7
    }
  },
  {
    "model": "core.irroleacl",
    "pk": 159,
    "fields": {
      "instance_resource": 7,
      "role": 12,
      "instance_state": 7
    }
  },
  {
    "model": "core.irroleacl",
    "pk": 160,
    "fields": {
      "instance_resource": 8,
      "role": 5,
      "instance_state": 7
    }
  },
  {
    "model": "core.irroleacl",
    "pk": 161,
    "fields": {
      "instance_resource": 8,
      "role": 6,
      "instance_state": 7
    }
  },
  {
    "model": "core.irroleacl",
    "pk": 162,
    "fields": {
      "instance_resource": 8,
      "role": 10,
      "instance_state": 7
    }
  },
  {
    "model": "core.irroleacl",
    "pk": 163,
    "fields": {
      "instance_resource": 8,
      "role": 11,
      "instance_state": 7
    }
  },
  {
    "model": "core.irroleacl",
    "pk": 164,
    "fields": {
      "instance_resource": 8,
      "role": 12,
      "instance_state": 7
    }
  },
  {
    "model": "core.irroleacl",
    "pk": 165,
    "fields": {
      "instance_resource": 12,
      "role": 5,
      "instance_state": 7
    }
  },
  {
    "model": "core.irroleacl",
    "pk": 166,
    "fields": {
      "instance_resource": 12,
      "role": 6,
      "instance_state": 7
    }
  },
  {
    "model": "core.irroleacl",
    "pk": 167,
    "fields": {
      "instance_resource": 11,
      "role": 5,
      "instance_state": 2
    }
  },
  {
    "model": "core.irroleacl",
    "pk": 168,
    "fields": {
      "instance_resource": 11,
      "role": 6,
      "instance_state": 2
    }
  },
  {
    "model": "core.irroleacl",
    "pk": 169,
    "fields": {
      "instance_resource": 11,
      "role": 5,
      "instance_state": 3
    }
  },
  {
    "model": "core.irroleacl",
    "pk": 170,
    "fields": {
      "instance_resource": 11,
      "role": 6,
      "instance_state": 3
    }
  },
  {
    "model": "core.irroleacl",
    "pk": 171,
    "fields": {
      "instance_resource": 1,
      "role": 5,
      "instance_state": 8
    }
  },
  {
    "model": "core.irroleacl",
    "pk": 172,
    "fields": {
      "instance_resource": 1,
      "role": 6,
      "instance_state": 8
    }
  },
  {
    "model": "core.irroleacl",
    "pk": 173,
    "fields": {
      "instance_resource": 1,
      "role": 10,
      "instance_state": 8
    }
  },
  {
    "model": "core.irroleacl",
    "pk": 174,
    "fields": {
      "instance_resource": 1,
      "role": 11,
      "instance_state": 8
    }
  },
  {
    "model": "core.irroleacl",
    "pk": 175,
    "fields": {
      "instance_resource": 1,
      "role": 12,
      "instance_state": 8
    }
  },
  {
    "model": "core.irroleacl",
    "pk": 176,
    "fields": {
      "instance_resource": 1,
      "role": 5,
      "instance_state": 9
    }
  },
  {
    "model": "core.irroleacl",
    "pk": 177,
    "fields": {
      "instance_resource": 1,
      "role": 6,
      "instance_state": 9
    }
  },
  {
    "model": "core.irroleacl",
    "pk": 178,
    "fields": {
      "instance_resource": 1,
      "role": 10,
      "instance_state": 9
    }
  },
  {
    "model": "core.irroleacl",
    "pk": 179,
    "fields": {
      "instance_resource": 1,
      "role": 11,
      "instance_state": 9
    }
  },
  {
    "model": "core.irroleacl",
    "pk": 180,
    "fields": {
      "instance_resource": 1,
      "role": 12,
      "instance_state": 9
    }
  },
  {
    "model": "core.irroleacl",
    "pk": 181,
    "fields": {
      "instance_resource": 3,
      "role": 5,
      "instance_state": 8
    }
  },
  {
    "model": "core.irroleacl",
    "pk": 182,
    "fields": {
      "instance_resource": 3,
      "role": 6,
      "instance_state": 8
    }
  },
  {
    "model": "core.irroleacl",
    "pk": 183,
    "fields": {
      "instance_resource": 3,
      "role": 10,
      "instance_state": 8
    }
  },
  {
    "model": "core.irroleacl",
    "pk": 184,
    "fields": {
      "instance_resource": 3,
      "role": 11,
      "instance_state": 8
    }
  },
  {
    "model": "core.irroleacl",
    "pk": 185,
    "fields": {
      "instance_resource": 3,
      "role": 12,
      "instance_state": 8
    }
  },
  {
    "model": "core.irroleacl",
    "pk": 186,
    "fields": {
      "instance_resource": 3,
      "role": 5,
      "instance_state": 9
    }
  },
  {
    "model": "core.irroleacl",
    "pk": 187,
    "fields": {
      "instance_resource": 3,
      "role": 6,
      "instance_state": 9
    }
  },
  {
    "model": "core.irroleacl",
    "pk": 188,
    "fields": {
      "instance_resource": 3,
      "role": 10,
      "instance_state": 9
    }
  },
  {
    "model": "core.irroleacl",
    "pk": 189,
    "fields": {
      "instance_resource": 3,
      "role": 11,
      "instance_state": 9
    }
  },
  {
    "model": "core.irroleacl",
    "pk": 190,
    "fields": {
      "instance_resource": 3,
      "role": 12,
      "instance_state": 9
    }
  },
  {
    "model": "core.irroleacl",
    "pk": 191,
    "fields": {
      "instance_resource": 2,
      "role": 6,
      "instance_state": 8
    }
  },
  {
    "model": "core.irroleacl",
    "pk": 192,
    "fields": {
      "instance_resource": 2,
      "role": 6,
      "instance_state": 9
    }
  },
  {
    "model": "core.irroleacl",
    "pk": 193,
    "fields": {
      "instance_resource": 2,
      "role": 5,
      "instance_state": 8
    }
  },
  {
    "model": "core.irroleacl",
    "pk": 194,
    "fields": {
      "instance_resource": 2,
      "role": 5,
      "instance_state": 9
    }
  },
  {
    "model": "core.irroleacl",
    "pk": 195,
    "fields": {
      "instance_resource": 2,
      "role": 11,
      "instance_state": 8
    }
  },
  {
    "model": "core.irroleacl",
    "pk": 196,
    "fields": {
      "instance_resource": 2,
      "role": 11,
      "instance_state": 9
    }
  },
  {
    "model": "core.irroleacl",
    "pk": 197,
    "fields": {
      "instance_resource": 2,
      "role": 10,
      "instance_state": 8
    }
  },
  {
    "model": "core.irroleacl",
    "pk": 198,
    "fields": {
      "instance_resource": 2,
      "role": 10,
      "instance_state": 9
    }
  },
  {
    "model": "core.irroleacl",
    "pk": 199,
    "fields": {
      "instance_resource": 2,
      "role": 12,
      "instance_state": 8
    }
  },
  {
    "model": "core.irroleacl",
    "pk": 200,
    "fields": {
      "instance_resource": 2,
      "role": 12,
      "instance_state": 9
    }
  },
  {
    "model": "core.irroleacl",
    "pk": 201,
    "fields": {
      "instance_resource": 4,
      "role": 6,
      "instance_state": 8
    }
  },
  {
    "model": "core.irroleacl",
    "pk": 202,
    "fields": {
      "instance_resource": 4,
      "role": 6,
      "instance_state": 9
    }
  },
  {
    "model": "core.irroleacl",
    "pk": 203,
    "fields": {
      "instance_resource": 4,
      "role": 5,
      "instance_state": 8
    }
  },
  {
    "model": "core.irroleacl",
    "pk": 204,
    "fields": {
      "instance_resource": 4,
      "role": 5,
      "instance_state": 9
    }
  },
  {
    "model": "core.irroleacl",
    "pk": 205,
    "fields": {
      "instance_resource": 5,
      "role": 6,
      "instance_state": 8
    }
  },
  {
    "model": "core.irroleacl",
    "pk": 206,
    "fields": {
      "instance_resource": 5,
      "role": 6,
      "instance_state": 9
    }
  },
  {
    "model": "core.irroleacl",
    "pk": 207,
    "fields": {
      "instance_resource": 5,
      "role": 5,
      "instance_state": 8
    }
  },
  {
    "model": "core.irroleacl",
    "pk": 208,
    "fields": {
      "instance_resource": 5,
      "role": 5,
      "instance_state": 9
    }
  },
  {
    "model": "core.irroleacl",
    "pk": 209,
    "fields": {
      "instance_resource": 6,
      "role": 6,
      "instance_state": 8
    }
  },
  {
    "model": "core.irroleacl",
    "pk": 210,
    "fields": {
      "instance_resource": 6,
      "role": 6,
      "instance_state": 9
    }
  },
  {
    "model": "core.irroleacl",
    "pk": 211,
    "fields": {
      "instance_resource": 6,
      "role": 5,
      "instance_state": 8
    }
  },
  {
    "model": "core.irroleacl",
    "pk": 212,
    "fields": {
      "instance_resource": 6,
      "role": 5,
      "instance_state": 9
    }
  },
  {
    "model": "core.irroleacl",
    "pk": 213,
    "fields": {
      "instance_resource": 7,
      "role": 6,
      "instance_state": 8
    }
  },
  {
    "model": "core.irroleacl",
    "pk": 214,
    "fields": {
      "instance_resource": 7,
      "role": 6,
      "instance_state": 9
    }
  },
  {
    "model": "core.irroleacl",
    "pk": 215,
    "fields": {
      "instance_resource": 7,
      "role": 5,
      "instance_state": 8
    }
  },
  {
    "model": "core.irroleacl",
    "pk": 216,
    "fields": {
      "instance_resource": 7,
      "role": 5,
      "instance_state": 9
    }
  },
  {
    "model": "core.irroleacl",
    "pk": 217,
    "fields": {
      "instance_resource": 7,
      "role": 11,
      "instance_state": 8
    }
  },
  {
    "model": "core.irroleacl",
    "pk": 218,
    "fields": {
      "instance_resource": 7,
      "role": 11,
      "instance_state": 9
    }
  },
  {
    "model": "core.irroleacl",
    "pk": 219,
    "fields": {
      "instance_resource": 7,
      "role": 10,
      "instance_state": 8
    }
  },
  {
    "model": "core.irroleacl",
    "pk": 220,
    "fields": {
      "instance_resource": 7,
      "role": 10,
      "instance_state": 9
    }
  },
  {
    "model": "core.irroleacl",
    "pk": 221,
    "fields": {
      "instance_resource": 7,
      "role": 12,
      "instance_state": 8
    }
  },
  {
    "model": "core.irroleacl",
    "pk": 222,
    "fields": {
      "instance_resource": 7,
      "role": 12,
      "instance_state": 9
    }
  },
  {
    "model": "core.irroleacl",
    "pk": 223,
    "fields": {
      "instance_resource": 8,
      "role": 6,
      "instance_state": 8
    }
  },
  {
    "model": "core.irroleacl",
    "pk": 224,
    "fields": {
      "instance_resource": 8,
      "role": 6,
      "instance_state": 9
    }
  },
  {
    "model": "core.irroleacl",
    "pk": 225,
    "fields": {
      "instance_resource": 8,
      "role": 5,
      "instance_state": 8
    }
  },
  {
    "model": "core.irroleacl",
    "pk": 226,
    "fields": {
      "instance_resource": 8,
      "role": 5,
      "instance_state": 9
    }
  },
  {
    "model": "core.irroleacl",
    "pk": 227,
    "fields": {
      "instance_resource": 8,
      "role": 11,
      "instance_state": 8
    }
  },
  {
    "model": "core.irroleacl",
    "pk": 228,
    "fields": {
      "instance_resource": 8,
      "role": 11,
      "instance_state": 9
    }
  },
  {
    "model": "core.irroleacl",
    "pk": 229,
    "fields": {
      "instance_resource": 8,
      "role": 10,
      "instance_state": 8
    }
  },
  {
    "model": "core.irroleacl",
    "pk": 230,
    "fields": {
      "instance_resource": 8,
      "role": 10,
      "instance_state": 9
    }
  },
  {
    "model": "core.irroleacl",
    "pk": 231,
    "fields": {
      "instance_resource": 8,
      "role": 12,
      "instance_state": 8
    }
  },
  {
    "model": "core.irroleacl",
    "pk": 232,
    "fields": {
      "instance_resource": 8,
      "role": 12,
      "instance_state": 9
    }
  },
  {
    "model": "core.irroleacl",
    "pk": 233,
    "fields": {
      "instance_resource": 9,
      "role": 6,
      "instance_state": 8
    }
  },
  {
    "model": "core.irroleacl",
    "pk": 234,
    "fields": {
      "instance_resource": 9,
      "role": 6,
      "instance_state": 9
    }
  },
  {
    "model": "core.irroleacl",
    "pk": 235,
    "fields": {
      "instance_resource": 9,
      "role": 5,
      "instance_state": 8
    }
  },
  {
    "model": "core.irroleacl",
    "pk": 236,
    "fields": {
      "instance_resource": 9,
      "role": 5,
      "instance_state": 9
    }
  },
  {
    "model": "core.irroleacl",
    "pk": 237,
    "fields": {
      "instance_resource": 9,
      "role": 11,
      "instance_state": 8
    }
  },
  {
    "model": "core.irroleacl",
    "pk": 238,
    "fields": {
      "instance_resource": 9,
      "role": 11,
      "instance_state": 9
    }
  },
  {
    "model": "core.irroleacl",
    "pk": 239,
    "fields": {
      "instance_resource": 9,
      "role": 10,
      "instance_state": 8
    }
  },
  {
    "model": "core.irroleacl",
    "pk": 240,
    "fields": {
      "instance_resource": 9,
      "role": 10,
      "instance_state": 9
    }
  },
  {
    "model": "core.irroleacl",
    "pk": 241,
    "fields": {
      "instance_resource": 9,
      "role": 12,
      "instance_state": 8
    }
  },
  {
    "model": "core.irroleacl",
    "pk": 242,
    "fields": {
      "instance_resource": 9,
      "role": 12,
      "instance_state": 9
    }
  },
  {
    "model": "core.irroleacl",
    "pk": 243,
    "fields": {
      "instance_resource": 10,
      "role": 6,
      "instance_state": 8
    }
  },
  {
    "model": "core.irroleacl",
    "pk": 244,
    "fields": {
      "instance_resource": 10,
      "role": 6,
      "instance_state": 9
    }
  },
  {
    "model": "core.irroleacl",
    "pk": 245,
    "fields": {
      "instance_resource": 10,
      "role": 5,
      "instance_state": 8
    }
  },
  {
    "model": "core.irroleacl",
    "pk": 246,
    "fields": {
      "instance_resource": 10,
      "role": 5,
      "instance_state": 9
    }
  },
  {
    "model": "core.irroleacl",
    "pk": 247,
    "fields": {
      "instance_resource": 10,
      "role": 11,
      "instance_state": 8
    }
  },
  {
    "model": "core.irroleacl",
    "pk": 248,
    "fields": {
      "instance_resource": 10,
      "role": 11,
      "instance_state": 9
    }
  },
  {
    "model": "core.irroleacl",
    "pk": 249,
    "fields": {
      "instance_resource": 10,
      "role": 10,
      "instance_state": 8
    }
  },
  {
    "model": "core.irroleacl",
    "pk": 250,
    "fields": {
      "instance_resource": 10,
      "role": 10,
      "instance_state": 9
    }
  },
  {
    "model": "core.irroleacl",
    "pk": 251,
    "fields": {
      "instance_resource": 10,
      "role": 12,
      "instance_state": 8
    }
  },
  {
    "model": "core.irroleacl",
    "pk": 252,
    "fields": {
      "instance_resource": 10,
      "role": 12,
      "instance_state": 9
    }
  },
  {
    "model": "core.irroleacl",
    "pk": 253,
    "fields": {
      "instance_resource": 11,
      "role": 6,
      "instance_state": 8
    }
  },
  {
    "model": "core.irroleacl",
    "pk": 254,
    "fields": {
      "instance_resource": 11,
      "role": 6,
      "instance_state": 9
    }
  },
  {
    "model": "core.irroleacl",
    "pk": 255,
    "fields": {
      "instance_resource": 11,
      "role": 5,
      "instance_state": 8
    }
  },
  {
    "model": "core.irroleacl",
    "pk": 256,
    "fields": {
      "instance_resource": 11,
      "role": 5,
      "instance_state": 9
    }
  },
  {
    "model": "core.irroleacl",
    "pk": 257,
    "fields": {
      "instance_resource": 11,
      "role": 11,
      "instance_state": 8
    }
  },
  {
    "model": "core.irroleacl",
    "pk": 258,
    "fields": {
      "instance_resource": 11,
      "role": 11,
      "instance_state": 9
    }
  },
  {
    "model": "core.irroleacl",
    "pk": 259,
    "fields": {
      "instance_resource": 11,
      "role": 10,
      "instance_state": 8
    }
  },
  {
    "model": "core.irroleacl",
    "pk": 260,
    "fields": {
      "instance_resource": 11,
      "role": 10,
      "instance_state": 9
    }
  },
  {
    "model": "core.irroleacl",
    "pk": 261,
    "fields": {
      "instance_resource": 12,
      "role": 6,
      "instance_state": 8
    }
  },
  {
    "model": "core.irroleacl",
    "pk": 262,
    "fields": {
      "instance_resource": 12,
      "role": 6,
      "instance_state": 9
    }
  },
  {
    "model": "core.irroleacl",
    "pk": 263,
    "fields": {
      "instance_resource": 12,
      "role": 5,
      "instance_state": 8
    }
  },
  {
    "model": "core.irroleacl",
    "pk": 264,
    "fields": {
      "instance_resource": 12,
      "role": 5,
      "instance_state": 9
    }
  },
  {
    "model": "core.irroleacl",
    "pk": 265,
    "fields": {
      "instance_resource": 13,
      "role": 6,
      "instance_state": 8
    }
  },
  {
    "model": "core.irroleacl",
    "pk": 266,
    "fields": {
      "instance_resource": 13,
      "role": 6,
      "instance_state": 9
    }
  },
  {
    "model": "core.irroleacl",
    "pk": 267,
    "fields": {
      "instance_resource": 13,
      "role": 5,
      "instance_state": 8
    }
  },
  {
    "model": "core.irroleacl",
    "pk": 268,
    "fields": {
      "instance_resource": 13,
      "role": 5,
      "instance_state": 9
    }
  },
  {
    "model": "core.irroleacl",
    "pk": 269,
    "fields": {
      "instance_resource": 15,
      "role": 5,
      "instance_state": 8
    }
  },
  {
    "model": "core.irroleacl",
    "pk": 270,
    "fields": {
      "instance_resource": 15,
      "role": 5,
      "instance_state": 6
    }
  },
  {
    "model": "core.irroleacl",
    "pk": 271,
    "fields": {
      "instance_resource": 15,
      "role": 5,
      "instance_state": 7
    }
  },
  {
    "model": "core.irroleacl",
    "pk": 272,
    "fields": {
      "instance_resource": 15,
      "role": 5,
      "instance_state": 5
    }
  },
  {
    "model": "core.irroleacl",
    "pk": 273,
    "fields": {
      "instance_resource": 15,
      "role": 5,
      "instance_state": 9
    }
  },
  {
    "model": "core.irroleacl",
    "pk": 274,
    "fields": {
      "instance_resource": 15,
      "role": 5,
      "instance_state": 4
    }
  },
  {
    "model": "core.irroleacl",
    "pk": 275,
    "fields": {
      "instance_resource": 15,
      "role": 5,
      "instance_state": 3
    }
  },
  {
    "model": "core.irroleacl",
    "pk": 276,
    "fields": {
      "instance_resource": 15,
      "role": 5,
      "instance_state": 2
    }
  },
  {
    "model": "core.irroleacl",
    "pk": 277,
    "fields": {
      "instance_resource": 15,
      "role": 6,
      "instance_state": 8
    }
  },
  {
    "model": "core.irroleacl",
    "pk": 278,
    "fields": {
      "instance_resource": 15,
      "role": 6,
      "instance_state": 6
    }
  },
  {
    "model": "core.irroleacl",
    "pk": 279,
    "fields": {
      "instance_resource": 15,
      "role": 6,
      "instance_state": 7
    }
  },
  {
    "model": "core.irroleacl",
    "pk": 280,
    "fields": {
      "instance_resource": 15,
      "role": 6,
      "instance_state": 5
    }
  },
  {
    "model": "core.irroleacl",
    "pk": 281,
    "fields": {
      "instance_resource": 15,
      "role": 6,
      "instance_state": 9
    }
  },
  {
    "model": "core.irroleacl",
    "pk": 282,
    "fields": {
      "instance_resource": 15,
      "role": 6,
      "instance_state": 4
    }
  },
  {
    "model": "core.irroleacl",
    "pk": 283,
    "fields": {
      "instance_resource": 15,
      "role": 6,
      "instance_state": 3
    }
  },
  {
    "model": "core.irroleacl",
    "pk": 284,
    "fields": {
      "instance_resource": 15,
      "role": 6,
      "instance_state": 2
    }
  },
  {
    "model": "core.irroleacl",
    "pk": 285,
    "fields": {
      "instance_resource": 15,
      "role": 11,
      "instance_state": 8
    }
  },
  {
    "model": "core.irroleacl",
    "pk": 286,
    "fields": {
      "instance_resource": 15,
      "role": 11,
      "instance_state": 7
    }
  },
  {
    "model": "core.irroleacl",
    "pk": 287,
    "fields": {
      "instance_resource": 15,
      "role": 11,
      "instance_state": 5
    }
  },
  {
    "model": "core.irroleacl",
    "pk": 288,
    "fields": {
      "instance_resource": 15,
      "role": 11,
      "instance_state": 9
    }
  },
  {
    "model": "core.irroleacl",
    "pk": 289,
    "fields": {
      "instance_resource": 15,
      "role": 10,
      "instance_state": 8
    }
  },
  {
    "model": "core.irroleacl",
    "pk": 290,
    "fields": {
      "instance_resource": 15,
      "role": 10,
      "instance_state": 7
    }
  },
  {
    "model": "core.irroleacl",
    "pk": 291,
    "fields": {
      "instance_resource": 15,
      "role": 10,
      "instance_state": 5
    }
  },
  {
    "model": "core.irroleacl",
    "pk": 292,
    "fields": {
      "instance_resource": 15,
      "role": 10,
      "instance_state": 9
    }
  },
  {
    "model": "core.irroleacl",
    "pk": 293,
    "fields": {
      "instance_resource": 15,
      "role": 12,
      "instance_state": 8
    }
  },
  {
    "model": "core.irroleacl",
    "pk": 294,
    "fields": {
      "instance_resource": 15,
      "role": 12,
      "instance_state": 7
    }
  },
  {
    "model": "core.irroleacl",
    "pk": 295,
    "fields": {
      "instance_resource": 15,
      "role": 12,
      "instance_state": 5
    }
  },
  {
    "model": "core.irroleacl",
    "pk": 296,
    "fields": {
      "instance_resource": 15,
      "role": 12,
      "instance_state": 9
    }
  },
  {
    "model": "core.irtaskform",
    "pk": 4,
    "fields": {
      "task": "formal-exam"
    }
  },
  {
    "model": "core.irtaskform",
    "pk": 5,
    "fields": {
      "task": "material-exam"
    }
  },
  {
    "model": "core.irtaskform",
    "pk": 13,
    "fields": {
      "task": "decision"
    }
  },
  {
    "model": "core.remberlist",
    "pk": 2,
    "fields": {
      "instance_states": "1,2,3,4,5,6,7,8,9"
    }
  },
  {
    "model": "core.remberlist",
    "pk": 3,
    "fields": {
      "instance_states": "2,3,4,5,6,7,8,9"
    }
  },
  {
    "model": "core.rroleacl",
    "pk": 1,
    "fields": {
      "resource": 1,
      "role": 5
    }
  },
  {
    "model": "core.rroleacl",
    "pk": 2,
    "fields": {
      "resource": 1,
      "role": 6
    }
  },
  {
    "model": "core.rroleacl",
    "pk": 3,
    "fields": {
      "resource": 1,
      "role": 7
    }
  },
  {
    "model": "core.rroleacl",
    "pk": 4,
    "fields": {
      "resource": 1,
      "role": 10
    }
  },
  {
    "model": "core.rroleacl",
    "pk": 5,
    "fields": {
      "resource": 1,
      "role": 11
    }
  },
  {
    "model": "core.rroleacl",
    "pk": 6,
    "fields": {
      "resource": 2,
      "role": 3
    }
  },
  {
    "model": "core.rroleacl",
    "pk": 7,
    "fields": {
      "resource": 3,
      "role": 5
    }
  },
  {
    "model": "core.rroleacl",
    "pk": 8,
    "fields": {
      "resource": 3,
      "role": 6
    }
  },
  {
    "model": "core.rroleacl",
    "pk": 9,
    "fields": {
      "resource": 3,
      "role": 8
    }
  },
  {
    "model": "core.rroleacl",
    "pk": 10,
    "fields": {
      "resource": 4,
      "role": 4
    }
  },
  {
    "model": "core.rroleacl",
    "pk": 11,
    "fields": {
      "resource": 4,
      "role": 9
    }
  },
  {
    "model": "core.rroleacl",
    "pk": 12,
    "fields": {
      "resource": 3,
      "role": 10
    }
  },
  {
    "model": "core.rroleacl",
    "pk": 13,
    "fields": {
      "resource": 3,
      "role": 11
    }
  },
  {
    "model": "core.rroleacl",
    "pk": 14,
    "fields": {
      "resource": 3,
      "role": 12
    }
  },
  {
    "model": "core.rroleacl",
    "pk": 15,
    "fields": {
      "resource": 1,
      "role": 12
    }
  },
  {
    "model": "core.resource",
    "pk": 1,
    "fields": {
      "available_resource": "workitemlistall",
      "name": null,
      "description": null,
      "template": null,
      "class_field": null,
      "hidden": 0,
      "sort": 0
    }
  },
  {
    "model": "core.resource",
    "pk": 2,
    "fields": {
      "available_resource": "emberlist",
      "name": null,
      "description": null,
      "template": null,
      "class_field": "displaySearch",
      "hidden": 0,
      "sort": 1
    }
  },
  {
    "model": "core.resource",
    "pk": 3,
    "fields": {
      "available_resource": "emberlist",
      "name": null,
      "description": null,
      "template": null,
      "class_field": "displaySearch",
      "hidden": 0,
      "sort": 2
    }
  },
  {
    "model": "core.resource",
    "pk": 4,
    "fields": {
      "available_resource": "page",
      "name": null,
      "description": null,
      "template": "/ember-camac-ng/service-permissions.phtml",
      "class_field": null,
      "hidden": 0,
      "sort": 3
    }
  },
  {
    "model": "core.resourcet",
    "pk": 1,
    "fields": {
      "resource": 1,
      "language": "de",
      "name": "Aufgaben",
      "description": "Aufgabenliste f체r alle Rollen"
    }
  },
  {
    "model": "core.resourcet",
    "pk": 2,
    "fields": {
      "resource": 2,
      "language": "de",
      "name": "Alle Dossiers",
      "description": "Dossierliste f체r Support"
    }
  },
  {
    "model": "core.resourcet",
    "pk": 3,
    "fields": {
      "resource": 3,
      "language": "de",
      "name": "Meine Dossiers",
      "description": "Dossierliste f체r Gemeinden"
    }
  },
  {
    "model": "core.resourcet",
    "pk": 4,
    "fields": {
      "resource": 4,
      "language": "de",
      "name": "Meine Organisation",
      "description": "Verwaltung von Berechtigungen, Stammdaten und Unterfachstellen"
    }
  }
]
