[
  {
    "model": "core.airaction",
    "pk": 1,
    "fields": {
      "available_instance_resource": "page",
      "action_name": "index",
      "hidden": 0
    }
  },
  {
    "model": "core.airaction",
    "pk": 2,
    "fields": {
      "available_instance_resource": "workitemlistinstance",
      "action_name": "index",
      "hidden": 0
    }
  },
  {
    "model": "core.airaction",
    "pk": 3,
    "fields": {
      "available_instance_resource": "history",
      "action_name": "index",
      "hidden": 0
    }
  },
  {
    "model": "core.airaction",
    "pk": 4,
    "fields": {
      "available_instance_resource": "taskform",
      "action_name": "index",
      "hidden": 0
    }
  },
  {
    "model": "core.araction",
    "pk": 1,
    "fields": {
      "available_resource": "page",
      "action_name": "template",
      "hidden": 0
    }
  },
  {
    "model": "core.araction",
    "pk": 2,
    "fields": {
      "available_resource": "workitemlistall",
      "action_name": "index",
      "hidden": 0
    }
  },
  {
    "model": "core.araction",
    "pk": 3,
    "fields": {
      "available_resource": "emberlist",
      "action_name": "index",
      "hidden": 0
    }
  },
  {
    "model": "core.availableinstanceresource",
    "pk": "history",
    "fields": {
      "module_name": "history",
      "controller_name": "history",
      "description": "(Ember / PHP) History"
    }
  },
  {
    "model": "core.availableinstanceresource",
    "pk": "page",
    "fields": {
      "module_name": "default",
      "controller_name": "page",
      "description": "(PHP) Page from template"
    }
  },
  {
    "model": "core.availableinstanceresource",
    "pk": "taskform",
    "fields": {
      "module_name": "taskform",
      "controller_name": "taskform",
      "description": "(Ember) Caluma form of a given task"
    }
  },
  {
    "model": "core.availableinstanceresource",
    "pk": "workitemlistinstance",
    "fields": {
      "module_name": "workitem",
      "controller_name": "workitemlistinstance",
      "description": "(Ember) Work items of the instance"
    }
  },
  {
    "model": "core.availableresource",
    "pk": "emberlist",
    "fields": {
      "module_name": "emberlist",
      "controller_name": "emberlist",
      "description": "(Ember) List of instances"
    }
  },
  {
    "model": "core.availableresource",
    "pk": "page",
    "fields": {
      "module_name": "default",
      "controller_name": "index",
      "description": "(PHP) Page from template"
    }
  },
  {
    "model": "core.availableresource",
    "pk": "workitemlistall",
    "fields": {
      "module_name": "workitem",
      "controller_name": "workitemlistall",
      "description": "(Ember) Work items"
    }
  },
  {
    "model": "core.formgroup",
    "pk": 1,
    "fields": {
      "name": null,
      "description": null
    }
  },
  {
    "model": "core.formgroupform",
    "pk": 1,
    "fields": {
      "form_group": 1,
      "form": 1
    }
  },
  {
    "model": "core.formgroupt",
    "pk": 1,
    "fields": {
      "form_group": 1,
      "language": "de",
      "name": "Alle Formulare",
      "description": null
    }
  },
  {
    "model": "core.grouppermission",
    "pk": 1,
    "fields": {
      "group": 1,
      "permission_id": "menu_account"
    }
  },
  {
    "model": "core.grouppermission",
    "pk": 2,
    "fields": {
      "group": 1,
      "permission_id": "account_user"
    }
  },
  {
    "model": "core.grouppermission",
    "pk": 3,
    "fields": {
      "group": 1,
      "permission_id": "account_group"
    }
  },
  {
    "model": "core.grouppermission",
    "pk": 4,
    "fields": {
      "group": 1,
      "permission_id": "account_role"
    }
  },
  {
    "model": "core.grouppermission",
    "pk": 5,
    "fields": {
      "group": 1,
      "permission_id": "account_service-group"
    }
  },
  {
    "model": "core.grouppermission",
    "pk": 6,
    "fields": {
      "group": 1,
      "permission_id": "account_service"
    }
  },
  {
    "model": "core.grouppermission",
    "pk": 7,
    "fields": {
      "group": 1,
      "permission_id": "menu_form"
    }
  },
  {
    "model": "core.grouppermission",
    "pk": 8,
    "fields": {
      "group": 1,
      "permission_id": "form_form"
    }
  },
  {
    "model": "core.grouppermission",
    "pk": 9,
    "fields": {
      "group": 1,
      "permission_id": "form_page"
    }
  },
  {
    "model": "core.grouppermission",
    "pk": 10,
    "fields": {
      "group": 1,
      "permission_id": "form_chapter"
    }
  },
  {
    "model": "core.grouppermission",
    "pk": 11,
    "fields": {
      "group": 1,
      "permission_id": "form_question"
    }
  },
  {
    "model": "core.grouppermission",
    "pk": 12,
    "fields": {
      "group": 1,
      "permission_id": "form_form-group"
    }
  },
  {
    "model": "core.grouppermission",
    "pk": 13,
    "fields": {
      "group": 1,
      "permission_id": "form_answer-query"
    }
  },
  {
    "model": "core.grouppermission",
    "pk": 14,
    "fields": {
      "group": 1,
      "permission_id": "form_answer-list"
    }
  },
  {
    "model": "core.grouppermission",
    "pk": 17,
    "fields": {
      "group": 1,
      "permission_id": "form_mapping"
    }
  },
  {
    "model": "core.grouppermission",
    "pk": 18,
    "fields": {
      "group": 1,
      "permission_id": "form_page-form-group"
    }
  },
  {
    "model": "core.grouppermission",
    "pk": 19,
    "fields": {
      "group": 1,
      "permission_id": "menu_resource"
    }
  },
  {
    "model": "core.grouppermission",
    "pk": 20,
    "fields": {
      "group": 1,
      "permission_id": "resource_tree"
    }
  },
  {
    "model": "core.grouppermission",
    "pk": 21,
    "fields": {
      "group": 1,
      "permission_id": "resource_resource"
    }
  },
  {
    "model": "core.grouppermission",
    "pk": 22,
    "fields": {
      "group": 1,
      "permission_id": "resource_instance-resource"
    }
  },
  {
    "model": "core.grouppermission",
    "pk": 23,
    "fields": {
      "group": 1,
      "permission_id": "resource_button"
    }
  },
  {
    "model": "core.grouppermission",
    "pk": 24,
    "fields": {
      "group": 1,
      "permission_id": "resource_action"
    }
  },
  {
    "model": "core.grouppermission",
    "pk": 25,
    "fields": {
      "group": 1,
      "permission_id": "resource_instance-state"
    }
  },
  {
    "model": "core.grouppermission",
    "pk": 26,
    "fields": {
      "group": 1,
      "permission_id": "resource_search-filter"
    }
  },
  {
    "model": "core.grouppermission",
    "pk": 27,
    "fields": {
      "group": 1,
      "permission_id": "resource_resource-loader"
    }
  },
  {
    "model": "core.grouppermission",
    "pk": 28,
    "fields": {
      "group": 1,
      "permission_id": "resource_instance-resource-loader"
    }
  },
  {
    "model": "core.grouppermission",
    "pk": 29,
    "fields": {
      "group": 1,
      "permission_id": "resource_action-loader"
    }
  },
  {
    "model": "core.grouppermission",
    "pk": 37,
    "fields": {
      "group": 1,
      "permission_id": "menu_module"
    }
  },
  {
    "model": "core.grouppermission",
    "pk": 38,
    "fields": {
      "group": 1,
      "permission_id": "module_module"
    }
  },
  {
    "model": "core.grouppermission",
    "pk": 39,
    "fields": {
      "group": 1,
      "permission_id": "module_data-loader"
    }
  },
  {
    "model": "core.instanceresource",
    "pk": 1,
    "fields": {
      "available_instance_resource": "workitemlistinstance",
      "resource": 3,
      "name": null,
      "description": null,
      "template": null,
      "class_field": "menu-category-meta",
      "hidden": 0,
      "sort": 0,
      "form_group": 1,
      "require_permission": null
    }
  },
  {
    "model": "core.instanceresource",
    "pk": 2,
    "fields": {
      "available_instance_resource": "page",
      "resource": 3,
      "name": null,
      "description": null,
      "template": "/ember-camac-ng/alexandria.phtml",
      "class_field": "menu-category-primary",
      "hidden": 0,
      "sort": 3,
      "form_group": 1,
      "require_permission": null
    }
  },
  {
    "model": "core.instanceresource",
    "pk": 3,
    "fields": {
      "available_instance_resource": "page",
      "resource": 3,
      "name": null,
      "description": null,
      "template": "/ember/instance.phtml",
      "class_field": "menu-category-primary",
      "hidden": 0,
      "sort": 2,
      "form_group": 1,
      "require_permission": null
    }
  },
  {
    "model": "core.instanceresource",
    "pk": 4,
    "fields": {
      "available_instance_resource": "taskform",
      "resource": 3,
      "name": null,
      "description": null,
      "template": null,
      "class_field": "menu-category-process appeal-exclude",
      "hidden": 0,
      "sort": 6,
      "form_group": 1,
      "require_permission": null
    }
  },
  {
    "model": "core.instanceresource",
    "pk": 5,
    "fields": {
      "available_instance_resource": "taskform",
      "resource": 3,
      "name": null,
      "description": null,
      "template": null,
      "class_field": "menu-category-process appeal-exclude",
      "hidden": 0,
      "sort": 7,
      "form_group": 1,
      "require_permission": null
    }
  },
  {
    "model": "core.instanceresource",
    "pk": 6,
    "fields": {
      "available_instance_resource": "page",
      "resource": 3,
      "name": null,
      "description": null,
      "template": "/ember-camac-ng/publication.phtml",
      "class_field": "menu-category-process appeal-exclude",
      "hidden": 0,
      "sort": 9,
      "form_group": 1,
      "require_permission": null
    }
  },
  {
    "model": "core.instanceresource",
    "pk": 7,
    "fields": {
      "available_instance_resource": "history",
      "resource": 3,
      "name": null,
      "description": null,
      "template": null,
      "class_field": "menu-category-analysis",
      "hidden": 0,
      "sort": 17,
      "form_group": 1,
      "require_permission": null
    }
  },
  {
    "model": "core.instanceresource",
    "pk": 8,
    "fields": {
      "available_instance_resource": "page",
      "resource": 3,
      "name": null,
      "description": null,
      "template": "/ember-camac-ng/journal.phtml",
      "class_field": "menu-category-analysis",
      "hidden": 0,
      "sort": 18,
      "form_group": 1,
      "require_permission": null
    }
  },
  {
    "model": "core.instanceresource",
    "pk": 9,
    "fields": {
      "available_instance_resource": "page",
      "resource": 3,
      "name": null,
      "description": null,
      "template": "/ember-camac-ng/responsible.phtml",
      "class_field": "menu-category-primary",
      "hidden": 0,
      "sort": 5,
      "form_group": 1,
      "require_permission": null
    }
  },
  {
    "model": "core.instanceresource",
    "pk": 10,
    "fields": {
      "available_instance_resource": "page",
      "resource": 3,
      "name": null,
      "description": null,
      "template": "/ember-camac-ng/distribution.phtml",
      "class_field": "menu-category-process appeal-exclude",
      "hidden": 0,
      "sort": 8,
      "form_group": 1,
      "require_permission": null
    }
  },
  {
    "model": "core.instanceresource",
    "pk": 11,
    "fields": {
      "available_instance_resource": "page",
      "resource": 3,
      "name": null,
      "description": null,
      "template": "/ember-camac-ng/additional-demand.phtml",
      "class_field": "menu-category-extraordinary appeal-exclude",
      "hidden": 0,
      "sort": 14,
      "form_group": 1,
      "require_permission": null
    }
  },
  {
    "model": "core.instanceresource",
    "pk": 12,
    "fields": {
      "available_instance_resource": "page",
      "resource": 3,
      "name": null,
      "description": null,
      "template": "/ember-camac-ng/corrections.phtml",
      "class_field": "menu-category-analysis",
      "hidden": 0,
      "sort": 19,
      "form_group": 1,
      "require_permission": null
    }
  },
  {
    "model": "core.instanceresource",
    "pk": 13,
    "fields": {
      "available_instance_resource": "taskform",
      "resource": 3,
      "name": null,
      "description": null,
      "template": null,
      "class_field": "menu-category-process",
      "hidden": 0,
      "sort": 11,
      "form_group": 1,
      "require_permission": null
    }
  },
  {
    "model": "core.instanceresource",
    "pk": 14,
    "fields": {
      "available_instance_resource": "page",
      "resource": 3,
      "name": null,
      "description": null,
      "template": "/ember-camac-ng/dms-generate.phtml",
      "class_field": "menu-category-primary",
      "hidden": 0,
      "sort": 4,
      "form_group": 1,
      "require_permission": null
    }
  },
  {
    "model": "core.instanceresource",
    "pk": 15,
    "fields": {
      "available_instance_resource": "page",
      "resource": 3,
      "name": null,
      "description": null,
      "template": "/ember-camac-ng/billing.phtml",
      "class_field": "menu-category-analysis",
      "hidden": 0,
      "sort": 16,
      "form_group": 1,
      "require_permission": null
    }
  },
  {
    "model": "core.instanceresource",
    "pk": 16,
    "fields": {
      "available_instance_resource": "page",
      "resource": 3,
      "name": null,
      "description": null,
      "template": "/ember-camac-ng/rejection.phtml",
      "class_field": "menu-category-extraordinary",
      "hidden": 0,
      "sort": 12,
      "form_group": 1,
      "require_permission": null
    }
  },
  {
    "model": "core.instanceresource",
    "pk": 17,
    "fields": {
      "available_instance_resource": "page",
      "resource": 3,
      "name": null,
      "description": null,
      "template": "/ember-camac-ng/legal-submission.phtml",
      "class_field": "menu-category-extraordinary appeal-exclude",
      "hidden": 0,
      "sort": 15,
      "form_group": 1,
      "require_permission": null
    }
  },
  {
    "model": "core.instanceresource",
    "pk": 18,
    "fields": {
      "available_instance_resource": "page",
      "resource": 3,
      "name": null,
      "description": null,
      "template": "/ember-camac-ng/communications.phtml",
      "class_field": "menu-category-meta",
      "hidden": 0,
      "sort": 1,
      "form_group": 1,
      "require_permission": null
    }
  },
  {
    "model": "core.instanceresource",
    "pk": 19,
    "fields": {
      "available_instance_resource": "page",
      "resource": 3,
      "name": null,
      "description": null,
      "template": "/ember-camac-ng/gwr.phtml",
      "class_field": "menu-category-process appeal-exclude",
      "hidden": 0,
      "sort": 13,
      "form_group": 1,
      "require_permission": null
    }
  },
  {
    "model": "core.instanceresource",
    "pk": 20,
    "fields": {
      "available_instance_resource": "taskform",
      "resource": 3,
      "name": null,
      "description": null,
      "template": null,
      "class_field": "menu-category-process appeal-include",
      "hidden": 0,
      "sort": 10,
      "form_group": 1,
      "require_permission": null
    }
  },
  {
    "model": "core.instanceresourcet",
    "pk": 1,
    "fields": {
      "instance_resource": 1,
      "language": "de",
      "name": "Aufgaben",
      "description": null
    }
  },
  {
    "model": "core.instanceresourcet",
    "pk": 2,
    "fields": {
      "instance_resource": 2,
      "language": "de",
      "name": "Dokumente",
      "description": null
    }
  },
  {
    "model": "core.instanceresourcet",
    "pk": 3,
    "fields": {
      "instance_resource": 3,
      "language": "de",
      "name": "Formular",
      "description": null
    }
  },
  {
    "model": "core.instanceresourcet",
    "pk": 4,
    "fields": {
      "instance_resource": 4,
      "language": "de",
      "name": "Formelle Prüfung",
      "description": null
    }
  },
  {
    "model": "core.instanceresourcet",
    "pk": 5,
    "fields": {
      "instance_resource": 5,
      "language": "de",
      "name": "Materielle Prüfung",
      "description": null
    }
  },
  {
    "model": "core.instanceresourcet",
    "pk": 6,
    "fields": {
      "instance_resource": 6,
      "language": "de",
      "name": "Publikation",
      "description": null
    }
  },
  {
    "model": "core.instanceresourcet",
    "pk": 7,
    "fields": {
      "instance_resource": 7,
      "language": "de",
      "name": "History",
      "description": null
    }
  },
  {
    "model": "core.instanceresourcet",
    "pk": 8,
    "fields": {
      "instance_resource": 8,
      "language": "de",
      "name": "Journal",
      "description": null
    }
  },
  {
    "model": "core.instanceresourcet",
    "pk": 9,
    "fields": {
      "instance_resource": 9,
      "language": "de",
      "name": "Zuständigkeit",
      "description": null
    }
  },
  {
    "model": "core.instanceresourcet",
    "pk": 10,
    "fields": {
      "instance_resource": 10,
      "language": "de",
      "name": "Zirkulation",
      "description": null
    }
  },
  {
    "model": "core.instanceresourcet",
    "pk": 11,
    "fields": {
      "instance_resource": 11,
      "language": "de",
      "name": "Nachforderungen",
      "description": null
    }
  },
  {
    "model": "core.instanceresourcet",
    "pk": 12,
    "fields": {
      "instance_resource": 12,
      "language": "de",
      "name": "Korrekturhilfen",
      "description": null
    }
  },
  {
    "model": "core.instanceresourcet",
    "pk": 13,
    "fields": {
      "instance_resource": 13,
      "language": "de",
      "name": "Entscheid",
      "description": null
    }
  },
  {
    "model": "core.instanceresourcet",
    "pk": 14,
    "fields": {
      "instance_resource": 14,
      "language": "de",
      "name": "Vorlagen",
      "description": null
    }
  },
  {
    "model": "core.instanceresourcet",
    "pk": 15,
    "fields": {
      "instance_resource": 15,
      "language": "de",
      "name": "Gebühren",
      "description": null
    }
  },
  {
    "model": "core.instanceresourcet",
    "pk": 16,
    "fields": {
      "instance_resource": 16,
      "language": "de",
      "name": "Dossier zurückweisen",
      "description": null
    }
  },
  {
    "model": "core.instanceresourcet",
    "pk": 17,
    "fields": {
      "instance_resource": 17,
      "language": "de",
      "name": "Einsprachen",
      "description": null
    }
  },
  {
    "model": "core.instanceresourcet",
    "pk": 18,
    "fields": {
      "instance_resource": 18,
      "language": "de",
      "name": "Kommunikation",
      "description": null
    }
  },
  {
    "model": "core.instanceresourcet",
    "pk": 19,
    "fields": {
      "instance_resource": 19,
      "language": "de",
      "name": "Verknüpfte GWR-Bauprojekte",
      "description": "Eidg. Gebäude- und Wohnungsregister"
    }
  },
  {
    "model": "core.instanceresourcet",
    "pk": 20,
    "fields": {
      "instance_resource": 20,
      "language": "de",
      "name": "Beschwerdeverfahren",
      "description": null
    }
  },
  {
    "model": "core.irroleacl",
    "pk": 1,
    "fields": {
      "instance_resource": 1,
      "role": 5,
      "instance_state": 2
    }
  },
  {
    "model": "core.irroleacl",
    "pk": 2,
    "fields": {
      "instance_resource": 2,
      "role": 5,
      "instance_state": 2
    }
  },
  {
    "model": "core.irroleacl",
    "pk": 3,
    "fields": {
      "instance_resource": 3,
      "role": 5,
      "instance_state": 2
    }
  },
  {
    "model": "core.irroleacl",
    "pk": 4,
    "fields": {
      "instance_resource": 4,
      "role": 5,
      "instance_state": 2
    }
  },
  {
    "model": "core.irroleacl",
    "pk": 5,
    "fields": {
      "instance_resource": 4,
      "role": 6,
      "instance_state": 2
    }
  },
  {
    "model": "core.irroleacl",
    "pk": 6,
    "fields": {
      "instance_resource": 4,
      "role": 5,
      "instance_state": 3
    }
  },
  {
    "model": "core.irroleacl",
    "pk": 7,
    "fields": {
      "instance_resource": 4,
      "role": 6,
      "instance_state": 3
    }
  },
  {
    "model": "core.irroleacl",
    "pk": 8,
    "fields": {
      "instance_resource": 4,
      "role": 5,
      "instance_state": 4
    }
  },
  {
    "model": "core.irroleacl",
    "pk": 9,
    "fields": {
      "instance_resource": 4,
      "role": 6,
      "instance_state": 4
    }
  },
  {
    "model": "core.irroleacl",
    "pk": 10,
    "fields": {
      "instance_resource": 4,
      "role": 5,
      "instance_state": 5
    }
  },
  {
    "model": "core.irroleacl",
    "pk": 11,
    "fields": {
      "instance_resource": 4,
      "role": 6,
      "instance_state": 5
    }
  },
  {
    "model": "core.irroleacl",
    "pk": 12,
    "fields": {
      "instance_resource": 5,
      "role": 5,
      "instance_state": 3
    }
  },
  {
    "model": "core.irroleacl",
    "pk": 13,
    "fields": {
      "instance_resource": 5,
      "role": 6,
      "instance_state": 3
    }
  },
  {
    "model": "core.irroleacl",
    "pk": 14,
    "fields": {
      "instance_resource": 5,
      "role": 5,
      "instance_state": 4
    }
  },
  {
    "model": "core.irroleacl",
    "pk": 15,
    "fields": {
      "instance_resource": 5,
      "role": 6,
      "instance_state": 4
    }
  },
  {
    "model": "core.irroleacl",
    "pk": 16,
    "fields": {
      "instance_resource": 5,
      "role": 5,
      "instance_state": 5
    }
  },
  {
    "model": "core.irroleacl",
    "pk": 17,
    "fields": {
      "instance_resource": 5,
      "role": 6,
      "instance_state": 5
    }
  },
  {
    "model": "core.irroleacl",
    "pk": 18,
    "fields": {
      "instance_resource": 6,
      "role": 5,
      "instance_state": 4
    }
  },
  {
    "model": "core.irroleacl",
    "pk": 19,
    "fields": {
      "instance_resource": 6,
      "role": 6,
      "instance_state": 4
    }
  },
  {
    "model": "core.irroleacl",
    "pk": 20,
    "fields": {
      "instance_resource": 6,
      "role": 5,
      "instance_state": 5
    }
  },
  {
    "model": "core.irroleacl",
    "pk": 21,
    "fields": {
      "instance_resource": 6,
      "role": 6,
      "instance_state": 5
    }
  },
  {
    "model": "core.irroleacl",
    "pk": 22,
    "fields": {
      "instance_resource": 7,
      "role": 5,
      "instance_state": 2
    }
  },
  {
    "model": "core.irroleacl",
    "pk": 23,
    "fields": {
      "instance_resource": 7,
      "role": 6,
      "instance_state": 2
    }
  },
  {
    "model": "core.irroleacl",
    "pk": 24,
    "fields": {
      "instance_resource": 7,
      "role": 5,
      "instance_state": 3
    }
  },
  {
    "model": "core.irroleacl",
    "pk": 25,
    "fields": {
      "instance_resource": 7,
      "role": 6,
      "instance_state": 3
    }
  },
  {
    "model": "core.irroleacl",
    "pk": 26,
    "fields": {
      "instance_resource": 7,
      "role": 5,
      "instance_state": 4
    }
  },
  {
    "model": "core.irroleacl",
    "pk": 27,
    "fields": {
      "instance_resource": 7,
      "role": 6,
      "instance_state": 4
    }
  },
  {
    "model": "core.irroleacl",
    "pk": 28,
    "fields": {
      "instance_resource": 7,
      "role": 5,
      "instance_state": 5
    }
  },
  {
    "model": "core.irroleacl",
    "pk": 29,
    "fields": {
      "instance_resource": 7,
      "role": 6,
      "instance_state": 5
    }
  },
  {
    "model": "core.irroleacl",
    "pk": 30,
    "fields": {
      "instance_resource": 8,
      "role": 5,
      "instance_state": 2
    }
  },
  {
    "model": "core.irroleacl",
    "pk": 31,
    "fields": {
      "instance_resource": 8,
      "role": 6,
      "instance_state": 2
    }
  },
  {
    "model": "core.irroleacl",
    "pk": 32,
    "fields": {
      "instance_resource": 8,
      "role": 5,
      "instance_state": 3
    }
  },
  {
    "model": "core.irroleacl",
    "pk": 33,
    "fields": {
      "instance_resource": 8,
      "role": 6,
      "instance_state": 3
    }
  },
  {
    "model": "core.irroleacl",
    "pk": 34,
    "fields": {
      "instance_resource": 8,
      "role": 5,
      "instance_state": 4
    }
  },
  {
    "model": "core.irroleacl",
    "pk": 35,
    "fields": {
      "instance_resource": 8,
      "role": 6,
      "instance_state": 4
    }
  },
  {
    "model": "core.irroleacl",
    "pk": 36,
    "fields": {
      "instance_resource": 8,
      "role": 5,
      "instance_state": 5
    }
  },
  {
    "model": "core.irroleacl",
    "pk": 37,
    "fields": {
      "instance_resource": 8,
      "role": 6,
      "instance_state": 5
    }
  },
  {
    "model": "core.irroleacl",
    "pk": 38,
    "fields": {
      "instance_resource": 1,
      "role": 6,
      "instance_state": 2
    }
  },
  {
    "model": "core.irroleacl",
    "pk": 39,
    "fields": {
      "instance_resource": 1,
      "role": 5,
      "instance_state": 3
    }
  },
  {
    "model": "core.irroleacl",
    "pk": 40,
    "fields": {
      "instance_resource": 1,
      "role": 6,
      "instance_state": 3
    }
  },
  {
    "model": "core.irroleacl",
    "pk": 41,
    "fields": {
      "instance_resource": 1,
      "role": 5,
      "instance_state": 4
    }
  },
  {
    "model": "core.irroleacl",
    "pk": 42,
    "fields": {
      "instance_resource": 1,
      "role": 6,
      "instance_state": 4
    }
  },
  {
    "model": "core.irroleacl",
    "pk": 43,
    "fields": {
      "instance_resource": 1,
      "role": 5,
      "instance_state": 5
    }
  },
  {
    "model": "core.irroleacl",
    "pk": 44,
    "fields": {
      "instance_resource": 1,
      "role": 6,
      "instance_state": 5
    }
  },
  {
    "model": "core.irroleacl",
    "pk": 45,
    "fields": {
      "instance_resource": 2,
      "role": 6,
      "instance_state": 2
    }
  },
  {
    "model": "core.irroleacl",
    "pk": 46,
    "fields": {
      "instance_resource": 2,
      "role": 5,
      "instance_state": 3
    }
  },
  {
    "model": "core.irroleacl",
    "pk": 47,
    "fields": {
      "instance_resource": 2,
      "role": 6,
      "instance_state": 3
    }
  },
  {
    "model": "core.irroleacl",
    "pk": 48,
    "fields": {
      "instance_resource": 2,
      "role": 5,
      "instance_state": 4
    }
  },
  {
    "model": "core.irroleacl",
    "pk": 49,
    "fields": {
      "instance_resource": 2,
      "role": 6,
      "instance_state": 4
    }
  },
  {
    "model": "core.irroleacl",
    "pk": 50,
    "fields": {
      "instance_resource": 2,
      "role": 5,
      "instance_state": 5
    }
  },
  {
    "model": "core.irroleacl",
    "pk": 51,
    "fields": {
      "instance_resource": 2,
      "role": 6,
      "instance_state": 5
    }
  },
  {
    "model": "core.irroleacl",
    "pk": 52,
    "fields": {
      "instance_resource": 3,
      "role": 6,
      "instance_state": 2
    }
  },
  {
    "model": "core.irroleacl",
    "pk": 53,
    "fields": {
      "instance_resource": 3,
      "role": 5,
      "instance_state": 3
    }
  },
  {
    "model": "core.irroleacl",
    "pk": 54,
    "fields": {
      "instance_resource": 3,
      "role": 6,
      "instance_state": 3
    }
  },
  {
    "model": "core.irroleacl",
    "pk": 55,
    "fields": {
      "instance_resource": 3,
      "role": 5,
      "instance_state": 4
    }
  },
  {
    "model": "core.irroleacl",
    "pk": 56,
    "fields": {
      "instance_resource": 3,
      "role": 6,
      "instance_state": 4
    }
  },
  {
    "model": "core.irroleacl",
    "pk": 57,
    "fields": {
      "instance_resource": 3,
      "role": 5,
      "instance_state": 5
    }
  },
  {
    "model": "core.irroleacl",
    "pk": 58,
    "fields": {
      "instance_resource": 3,
      "role": 6,
      "instance_state": 5
    }
  },
  {
    "model": "core.irroleacl",
    "pk": 59,
    "fields": {
      "instance_resource": 9,
      "role": 5,
      "instance_state": 2
    }
  },
  {
    "model": "core.irroleacl",
    "pk": 60,
    "fields": {
      "instance_resource": 9,
      "role": 6,
      "instance_state": 2
    }
  },
  {
    "model": "core.irroleacl",
    "pk": 61,
    "fields": {
      "instance_resource": 9,
      "role": 5,
      "instance_state": 3
    }
  },
  {
    "model": "core.irroleacl",
    "pk": 62,
    "fields": {
      "instance_resource": 9,
      "role": 6,
      "instance_state": 3
    }
  },
  {
    "model": "core.irroleacl",
    "pk": 63,
    "fields": {
      "instance_resource": 9,
      "role": 5,
      "instance_state": 4
    }
  },
  {
    "model": "core.irroleacl",
    "pk": 64,
    "fields": {
      "instance_resource": 9,
      "role": 6,
      "instance_state": 4
    }
  },
  {
    "model": "core.irroleacl",
    "pk": 65,
    "fields": {
      "instance_resource": 9,
      "role": 5,
      "instance_state": 5
    }
  },
  {
    "model": "core.irroleacl",
    "pk": 66,
    "fields": {
      "instance_resource": 9,
      "role": 6,
      "instance_state": 5
    }
  },
  {
    "model": "core.irroleacl",
    "pk": 67,
    "fields": {
      "instance_resource": 10,
      "role": 5,
      "instance_state": 4
    }
  },
  {
    "model": "core.irroleacl",
    "pk": 68,
    "fields": {
      "instance_resource": 10,
      "role": 6,
      "instance_state": 4
    }
  },
  {
    "model": "core.irroleacl",
    "pk": 69,
    "fields": {
      "instance_resource": 10,
      "role": 5,
      "instance_state": 5
    }
  },
  {
    "model": "core.irroleacl",
    "pk": 70,
    "fields": {
      "instance_resource": 10,
      "role": 6,
      "instance_state": 5
    }
  },
  {
    "model": "core.irroleacl",
    "pk": 71,
    "fields": {
      "instance_resource": 11,
      "role": 5,
      "instance_state": 4
    }
  },
  {
    "model": "core.irroleacl",
    "pk": 72,
    "fields": {
      "instance_resource": 11,
      "role": 6,
      "instance_state": 4
    }
  },
  {
    "model": "core.irroleacl",
    "pk": 73,
    "fields": {
      "instance_resource": 11,
      "role": 5,
      "instance_state": 5
    }
  },
  {
    "model": "core.irroleacl",
    "pk": 74,
    "fields": {
      "instance_resource": 11,
      "role": 6,
      "instance_state": 5
    }
  },
  {
    "model": "core.irroleacl",
    "pk": 75,
    "fields": {
      "instance_resource": 12,
      "role": 5,
      "instance_state": 2
    }
  },
  {
    "model": "core.irroleacl",
    "pk": 76,
    "fields": {
      "instance_resource": 12,
      "role": 6,
      "instance_state": 2
    }
  },
  {
    "model": "core.irroleacl",
    "pk": 77,
    "fields": {
      "instance_resource": 12,
      "role": 5,
      "instance_state": 3
    }
  },
  {
    "model": "core.irroleacl",
    "pk": 78,
    "fields": {
      "instance_resource": 12,
      "role": 6,
      "instance_state": 3
    }
  },
  {
    "model": "core.irroleacl",
    "pk": 79,
    "fields": {
      "instance_resource": 12,
      "role": 5,
      "instance_state": 4
    }
  },
  {
    "model": "core.irroleacl",
    "pk": 80,
    "fields": {
      "instance_resource": 12,
      "role": 6,
      "instance_state": 4
    }
  },
  {
    "model": "core.irroleacl",
    "pk": 81,
    "fields": {
      "instance_resource": 12,
      "role": 5,
      "instance_state": 5
    }
  },
  {
    "model": "core.irroleacl",
    "pk": 82,
    "fields": {
      "instance_resource": 12,
      "role": 6,
      "instance_state": 5
    }
  },
  {
    "model": "core.irroleacl",
    "pk": 83,
    "fields": {
      "instance_resource": 3,
      "role": 5,
      "instance_state": 6
    }
  },
  {
    "model": "core.irroleacl",
    "pk": 84,
    "fields": {
      "instance_resource": 3,
      "role": 6,
      "instance_state": 6
    }
  },
  {
    "model": "core.irroleacl",
    "pk": 85,
    "fields": {
      "instance_resource": 12,
      "role": 5,
      "instance_state": 6
    }
  },
  {
    "model": "core.irroleacl",
    "pk": 86,
    "fields": {
      "instance_resource": 12,
      "role": 6,
      "instance_state": 6
    }
  },
  {
    "model": "core.irroleacl",
    "pk": 87,
    "fields": {
      "instance_resource": 1,
      "role": 10,
      "instance_state": 5
    }
  },
  {
    "model": "core.irroleacl",
    "pk": 88,
    "fields": {
      "instance_resource": 1,
      "role": 11,
      "instance_state": 5
    }
  },
  {
    "model": "core.irroleacl",
    "pk": 89,
    "fields": {
      "instance_resource": 1,
      "role": 12,
      "instance_state": 5
    }
  },
  {
    "model": "core.irroleacl",
    "pk": 90,
    "fields": {
      "instance_resource": 3,
      "role": 10,
      "instance_state": 5
    }
  },
  {
    "model": "core.irroleacl",
    "pk": 91,
    "fields": {
      "instance_resource": 3,
      "role": 11,
      "instance_state": 5
    }
  },
  {
    "model": "core.irroleacl",
    "pk": 92,
    "fields": {
      "instance_resource": 3,
      "role": 12,
      "instance_state": 5
    }
  },
  {
    "model": "core.irroleacl",
    "pk": 93,
    "fields": {
      "instance_resource": 2,
      "role": 10,
      "instance_state": 5
    }
  },
  {
    "model": "core.irroleacl",
    "pk": 94,
    "fields": {
      "instance_resource": 2,
      "role": 11,
      "instance_state": 5
    }
  },
  {
    "model": "core.irroleacl",
    "pk": 95,
    "fields": {
      "instance_resource": 2,
      "role": 12,
      "instance_state": 5
    }
  },
  {
    "model": "core.irroleacl",
    "pk": 96,
    "fields": {
      "instance_resource": 9,
      "role": 10,
      "instance_state": 5
    }
  },
  {
    "model": "core.irroleacl",
    "pk": 97,
    "fields": {
      "instance_resource": 9,
      "role": 11,
      "instance_state": 5
    }
  },
  {
    "model": "core.irroleacl",
    "pk": 98,
    "fields": {
      "instance_resource": 9,
      "role": 12,
      "instance_state": 5
    }
  },
  {
    "model": "core.irroleacl",
    "pk": 99,
    "fields": {
      "instance_resource": 10,
      "role": 10,
      "instance_state": 5
    }
  },
  {
    "model": "core.irroleacl",
    "pk": 100,
    "fields": {
      "instance_resource": 10,
      "role": 11,
      "instance_state": 5
    }
  },
  {
    "model": "core.irroleacl",
    "pk": 101,
    "fields": {
      "instance_resource": 10,
      "role": 12,
      "instance_state": 5
    }
  },
  {
    "model": "core.irroleacl",
    "pk": 102,
    "fields": {
      "instance_resource": 11,
      "role": 10,
      "instance_state": 5
    }
  },
  {
    "model": "core.irroleacl",
    "pk": 103,
    "fields": {
      "instance_resource": 11,
      "role": 11,
      "instance_state": 5
    }
  },
  {
    "model": "core.irroleacl",
    "pk": 105,
    "fields": {
      "instance_resource": 7,
      "role": 10,
      "instance_state": 5
    }
  },
  {
    "model": "core.irroleacl",
    "pk": 106,
    "fields": {
      "instance_resource": 7,
      "role": 11,
      "instance_state": 5
    }
  },
  {
    "model": "core.irroleacl",
    "pk": 107,
    "fields": {
      "instance_resource": 7,
      "role": 12,
      "instance_state": 5
    }
  },
  {
    "model": "core.irroleacl",
    "pk": 108,
    "fields": {
      "instance_resource": 8,
      "role": 10,
      "instance_state": 5
    }
  },
  {
    "model": "core.irroleacl",
    "pk": 109,
    "fields": {
      "instance_resource": 8,
      "role": 11,
      "instance_state": 5
    }
  },
  {
    "model": "core.irroleacl",
    "pk": 110,
    "fields": {
      "instance_resource": 8,
      "role": 12,
      "instance_state": 5
    }
  },
  {
    "model": "core.irroleacl",
    "pk": 111,
    "fields": {
      "instance_resource": 13,
      "role": 5,
      "instance_state": 7
    }
  },
  {
    "model": "core.irroleacl",
    "pk": 112,
    "fields": {
      "instance_resource": 13,
      "role": 6,
      "instance_state": 7
    }
  },
  {
    "model": "core.irroleacl",
    "pk": 113,
    "fields": {
      "instance_resource": 1,
      "role": 5,
      "instance_state": 7
    }
  },
  {
    "model": "core.irroleacl",
    "pk": 114,
    "fields": {
      "instance_resource": 1,
      "role": 6,
      "instance_state": 7
    }
  },
  {
    "model": "core.irroleacl",
    "pk": 115,
    "fields": {
      "instance_resource": 1,
      "role": 10,
      "instance_state": 7
    }
  },
  {
    "model": "core.irroleacl",
    "pk": 116,
    "fields": {
      "instance_resource": 1,
      "role": 11,
      "instance_state": 7
    }
  },
  {
    "model": "core.irroleacl",
    "pk": 117,
    "fields": {
      "instance_resource": 1,
      "role": 12,
      "instance_state": 7
    }
  },
  {
    "model": "core.irroleacl",
    "pk": 118,
    "fields": {
      "instance_resource": 3,
      "role": 5,
      "instance_state": 7
    }
  },
  {
    "model": "core.irroleacl",
    "pk": 119,
    "fields": {
      "instance_resource": 3,
      "role": 6,
      "instance_state": 7
    }
  },
  {
    "model": "core.irroleacl",
    "pk": 120,
    "fields": {
      "instance_resource": 3,
      "role": 10,
      "instance_state": 7
    }
  },
  {
    "model": "core.irroleacl",
    "pk": 121,
    "fields": {
      "instance_resource": 3,
      "role": 11,
      "instance_state": 7
    }
  },
  {
    "model": "core.irroleacl",
    "pk": 122,
    "fields": {
      "instance_resource": 3,
      "role": 12,
      "instance_state": 7
    }
  },
  {
    "model": "core.irroleacl",
    "pk": 123,
    "fields": {
      "instance_resource": 2,
      "role": 5,
      "instance_state": 7
    }
  },
  {
    "model": "core.irroleacl",
    "pk": 124,
    "fields": {
      "instance_resource": 2,
      "role": 6,
      "instance_state": 7
    }
  },
  {
    "model": "core.irroleacl",
    "pk": 125,
    "fields": {
      "instance_resource": 2,
      "role": 10,
      "instance_state": 7
    }
  },
  {
    "model": "core.irroleacl",
    "pk": 126,
    "fields": {
      "instance_resource": 2,
      "role": 11,
      "instance_state": 7
    }
  },
  {
    "model": "core.irroleacl",
    "pk": 127,
    "fields": {
      "instance_resource": 2,
      "role": 12,
      "instance_state": 7
    }
  },
  {
    "model": "core.irroleacl",
    "pk": 128,
    "fields": {
      "instance_resource": 9,
      "role": 5,
      "instance_state": 7
    }
  },
  {
    "model": "core.irroleacl",
    "pk": 129,
    "fields": {
      "instance_resource": 9,
      "role": 6,
      "instance_state": 7
    }
  },
  {
    "model": "core.irroleacl",
    "pk": 130,
    "fields": {
      "instance_resource": 9,
      "role": 10,
      "instance_state": 7
    }
  },
  {
    "model": "core.irroleacl",
    "pk": 131,
    "fields": {
      "instance_resource": 9,
      "role": 11,
      "instance_state": 7
    }
  },
  {
    "model": "core.irroleacl",
    "pk": 132,
    "fields": {
      "instance_resource": 9,
      "role": 12,
      "instance_state": 7
    }
  },
  {
    "model": "core.irroleacl",
    "pk": 133,
    "fields": {
      "instance_resource": 4,
      "role": 5,
      "instance_state": 7
    }
  },
  {
    "model": "core.irroleacl",
    "pk": 134,
    "fields": {
      "instance_resource": 4,
      "role": 6,
      "instance_state": 7
    }
  },
  {
    "model": "core.irroleacl",
    "pk": 138,
    "fields": {
      "instance_resource": 5,
      "role": 5,
      "instance_state": 7
    }
  },
  {
    "model": "core.irroleacl",
    "pk": 139,
    "fields": {
      "instance_resource": 5,
      "role": 6,
      "instance_state": 7
    }
  },
  {
    "model": "core.irroleacl",
    "pk": 143,
    "fields": {
      "instance_resource": 10,
      "role": 5,
      "instance_state": 7
    }
  },
  {
    "model": "core.irroleacl",
    "pk": 144,
    "fields": {
      "instance_resource": 10,
      "role": 6,
      "instance_state": 7
    }
  },
  {
    "model": "core.irroleacl",
    "pk": 145,
    "fields": {
      "instance_resource": 10,
      "role": 10,
      "instance_state": 7
    }
  },
  {
    "model": "core.irroleacl",
    "pk": 146,
    "fields": {
      "instance_resource": 10,
      "role": 11,
      "instance_state": 7
    }
  },
  {
    "model": "core.irroleacl",
    "pk": 147,
    "fields": {
      "instance_resource": 10,
      "role": 12,
      "instance_state": 7
    }
  },
  {
    "model": "core.irroleacl",
    "pk": 148,
    "fields": {
      "instance_resource": 6,
      "role": 5,
      "instance_state": 7
    }
  },
  {
    "model": "core.irroleacl",
    "pk": 149,
    "fields": {
      "instance_resource": 6,
      "role": 6,
      "instance_state": 7
    }
  },
  {
    "model": "core.irroleacl",
    "pk": 151,
    "fields": {
      "instance_resource": 11,
      "role": 5,
      "instance_state": 7
    }
  },
  {
    "model": "core.irroleacl",
    "pk": 152,
    "fields": {
      "instance_resource": 11,
      "role": 6,
      "instance_state": 7
    }
  },
  {
    "model": "core.irroleacl",
    "pk": 153,
    "fields": {
      "instance_resource": 11,
      "role": 10,
      "instance_state": 7
    }
  },
  {
    "model": "core.irroleacl",
    "pk": 154,
    "fields": {
      "instance_resource": 11,
      "role": 11,
      "instance_state": 7
    }
  },
  {
    "model": "core.irroleacl",
    "pk": 155,
    "fields": {
      "instance_resource": 7,
      "role": 5,
      "instance_state": 7
    }
  },
  {
    "model": "core.irroleacl",
    "pk": 156,
    "fields": {
      "instance_resource": 7,
      "role": 6,
      "instance_state": 7
    }
  },
  {
    "model": "core.irroleacl",
    "pk": 157,
    "fields": {
      "instance_resource": 7,
      "role": 10,
      "instance_state": 7
    }
  },
  {
    "model": "core.irroleacl",
    "pk": 158,
    "fields": {
      "instance_resource": 7,
      "role": 11,
      "instance_state": 7
    }
  },
  {
    "model": "core.irroleacl",
    "pk": 159,
    "fields": {
      "instance_resource": 7,
      "role": 12,
      "instance_state": 7
    }
  },
  {
    "model": "core.irroleacl",
    "pk": 160,
    "fields": {
      "instance_resource": 8,
      "role": 5,
      "instance_state": 7
    }
  },
  {
    "model": "core.irroleacl",
    "pk": 161,
    "fields": {
      "instance_resource": 8,
      "role": 6,
      "instance_state": 7
    }
  },
  {
    "model": "core.irroleacl",
    "pk": 162,
    "fields": {
      "instance_resource": 8,
      "role": 10,
      "instance_state": 7
    }
  },
  {
    "model": "core.irroleacl",
    "pk": 163,
    "fields": {
      "instance_resource": 8,
      "role": 11,
      "instance_state": 7
    }
  },
  {
    "model": "core.irroleacl",
    "pk": 164,
    "fields": {
      "instance_resource": 8,
      "role": 12,
      "instance_state": 7
    }
  },
  {
    "model": "core.irroleacl",
    "pk": 165,
    "fields": {
      "instance_resource": 12,
      "role": 5,
      "instance_state": 7
    }
  },
  {
    "model": "core.irroleacl",
    "pk": 166,
    "fields": {
      "instance_resource": 12,
      "role": 6,
      "instance_state": 7
    }
  },
  {
    "model": "core.irroleacl",
    "pk": 167,
    "fields": {
      "instance_resource": 11,
      "role": 5,
      "instance_state": 2
    }
  },
  {
    "model": "core.irroleacl",
    "pk": 168,
    "fields": {
      "instance_resource": 11,
      "role": 6,
      "instance_state": 2
    }
  },
  {
    "model": "core.irroleacl",
    "pk": 169,
    "fields": {
      "instance_resource": 11,
      "role": 5,
      "instance_state": 3
    }
  },
  {
    "model": "core.irroleacl",
    "pk": 170,
    "fields": {
      "instance_resource": 11,
      "role": 6,
      "instance_state": 3
    }
  },
  {
    "model": "core.irroleacl",
    "pk": 171,
    "fields": {
      "instance_resource": 1,
      "role": 5,
      "instance_state": 8
    }
  },
  {
    "model": "core.irroleacl",
    "pk": 172,
    "fields": {
      "instance_resource": 1,
      "role": 6,
      "instance_state": 8
    }
  },
  {
    "model": "core.irroleacl",
    "pk": 173,
    "fields": {
      "instance_resource": 1,
      "role": 10,
      "instance_state": 8
    }
  },
  {
    "model": "core.irroleacl",
    "pk": 174,
    "fields": {
      "instance_resource": 1,
      "role": 11,
      "instance_state": 8
    }
  },
  {
    "model": "core.irroleacl",
    "pk": 175,
    "fields": {
      "instance_resource": 1,
      "role": 12,
      "instance_state": 8
    }
  },
  {
    "model": "core.irroleacl",
    "pk": 176,
    "fields": {
      "instance_resource": 1,
      "role": 5,
      "instance_state": 9
    }
  },
  {
    "model": "core.irroleacl",
    "pk": 177,
    "fields": {
      "instance_resource": 1,
      "role": 6,
      "instance_state": 9
    }
  },
  {
    "model": "core.irroleacl",
    "pk": 178,
    "fields": {
      "instance_resource": 1,
      "role": 10,
      "instance_state": 9
    }
  },
  {
    "model": "core.irroleacl",
    "pk": 179,
    "fields": {
      "instance_resource": 1,
      "role": 11,
      "instance_state": 9
    }
  },
  {
    "model": "core.irroleacl",
    "pk": 180,
    "fields": {
      "instance_resource": 1,
      "role": 12,
      "instance_state": 9
    }
  },
  {
    "model": "core.irroleacl",
    "pk": 181,
    "fields": {
      "instance_resource": 3,
      "role": 5,
      "instance_state": 8
    }
  },
  {
    "model": "core.irroleacl",
    "pk": 182,
    "fields": {
      "instance_resource": 3,
      "role": 6,
      "instance_state": 8
    }
  },
  {
    "model": "core.irroleacl",
    "pk": 183,
    "fields": {
      "instance_resource": 3,
      "role": 10,
      "instance_state": 8
    }
  },
  {
    "model": "core.irroleacl",
    "pk": 184,
    "fields": {
      "instance_resource": 3,
      "role": 11,
      "instance_state": 8
    }
  },
  {
    "model": "core.irroleacl",
    "pk": 185,
    "fields": {
      "instance_resource": 3,
      "role": 12,
      "instance_state": 8
    }
  },
  {
    "model": "core.irroleacl",
    "pk": 186,
    "fields": {
      "instance_resource": 3,
      "role": 5,
      "instance_state": 9
    }
  },
  {
    "model": "core.irroleacl",
    "pk": 187,
    "fields": {
      "instance_resource": 3,
      "role": 6,
      "instance_state": 9
    }
  },
  {
    "model": "core.irroleacl",
    "pk": 188,
    "fields": {
      "instance_resource": 3,
      "role": 10,
      "instance_state": 9
    }
  },
  {
    "model": "core.irroleacl",
    "pk": 189,
    "fields": {
      "instance_resource": 3,
      "role": 11,
      "instance_state": 9
    }
  },
  {
    "model": "core.irroleacl",
    "pk": 190,
    "fields": {
      "instance_resource": 3,
      "role": 12,
      "instance_state": 9
    }
  },
  {
    "model": "core.irroleacl",
    "pk": 191,
    "fields": {
      "instance_resource": 2,
      "role": 6,
      "instance_state": 8
    }
  },
  {
    "model": "core.irroleacl",
    "pk": 192,
    "fields": {
      "instance_resource": 2,
      "role": 6,
      "instance_state": 9
    }
  },
  {
    "model": "core.irroleacl",
    "pk": 193,
    "fields": {
      "instance_resource": 2,
      "role": 5,
      "instance_state": 8
    }
  },
  {
    "model": "core.irroleacl",
    "pk": 194,
    "fields": {
      "instance_resource": 2,
      "role": 5,
      "instance_state": 9
    }
  },
  {
    "model": "core.irroleacl",
    "pk": 195,
    "fields": {
      "instance_resource": 2,
      "role": 11,
      "instance_state": 8
    }
  },
  {
    "model": "core.irroleacl",
    "pk": 196,
    "fields": {
      "instance_resource": 2,
      "role": 11,
      "instance_state": 9
    }
  },
  {
    "model": "core.irroleacl",
    "pk": 197,
    "fields": {
      "instance_resource": 2,
      "role": 10,
      "instance_state": 8
    }
  },
  {
    "model": "core.irroleacl",
    "pk": 198,
    "fields": {
      "instance_resource": 2,
      "role": 10,
      "instance_state": 9
    }
  },
  {
    "model": "core.irroleacl",
    "pk": 199,
    "fields": {
      "instance_resource": 2,
      "role": 12,
      "instance_state": 8
    }
  },
  {
    "model": "core.irroleacl",
    "pk": 200,
    "fields": {
      "instance_resource": 2,
      "role": 12,
      "instance_state": 9
    }
  },
  {
    "model": "core.irroleacl",
    "pk": 201,
    "fields": {
      "instance_resource": 4,
      "role": 6,
      "instance_state": 8
    }
  },
  {
    "model": "core.irroleacl",
    "pk": 202,
    "fields": {
      "instance_resource": 4,
      "role": 6,
      "instance_state": 9
    }
  },
  {
    "model": "core.irroleacl",
    "pk": 203,
    "fields": {
      "instance_resource": 4,
      "role": 5,
      "instance_state": 8
    }
  },
  {
    "model": "core.irroleacl",
    "pk": 204,
    "fields": {
      "instance_resource": 4,
      "role": 5,
      "instance_state": 9
    }
  },
  {
    "model": "core.irroleacl",
    "pk": 205,
    "fields": {
      "instance_resource": 5,
      "role": 6,
      "instance_state": 8
    }
  },
  {
    "model": "core.irroleacl",
    "pk": 206,
    "fields": {
      "instance_resource": 5,
      "role": 6,
      "instance_state": 9
    }
  },
  {
    "model": "core.irroleacl",
    "pk": 207,
    "fields": {
      "instance_resource": 5,
      "role": 5,
      "instance_state": 8
    }
  },
  {
    "model": "core.irroleacl",
    "pk": 208,
    "fields": {
      "instance_resource": 5,
      "role": 5,
      "instance_state": 9
    }
  },
  {
    "model": "core.irroleacl",
    "pk": 209,
    "fields": {
      "instance_resource": 6,
      "role": 6,
      "instance_state": 8
    }
  },
  {
    "model": "core.irroleacl",
    "pk": 210,
    "fields": {
      "instance_resource": 6,
      "role": 6,
      "instance_state": 9
    }
  },
  {
    "model": "core.irroleacl",
    "pk": 211,
    "fields": {
      "instance_resource": 6,
      "role": 5,
      "instance_state": 8
    }
  },
  {
    "model": "core.irroleacl",
    "pk": 212,
    "fields": {
      "instance_resource": 6,
      "role": 5,
      "instance_state": 9
    }
  },
  {
    "model": "core.irroleacl",
    "pk": 213,
    "fields": {
      "instance_resource": 7,
      "role": 6,
      "instance_state": 8
    }
  },
  {
    "model": "core.irroleacl",
    "pk": 214,
    "fields": {
      "instance_resource": 7,
      "role": 6,
      "instance_state": 9
    }
  },
  {
    "model": "core.irroleacl",
    "pk": 215,
    "fields": {
      "instance_resource": 7,
      "role": 5,
      "instance_state": 8
    }
  },
  {
    "model": "core.irroleacl",
    "pk": 216,
    "fields": {
      "instance_resource": 7,
      "role": 5,
      "instance_state": 9
    }
  },
  {
    "model": "core.irroleacl",
    "pk": 217,
    "fields": {
      "instance_resource": 7,
      "role": 11,
      "instance_state": 8
    }
  },
  {
    "model": "core.irroleacl",
    "pk": 218,
    "fields": {
      "instance_resource": 7,
      "role": 11,
      "instance_state": 9
    }
  },
  {
    "model": "core.irroleacl",
    "pk": 219,
    "fields": {
      "instance_resource": 7,
      "role": 10,
      "instance_state": 8
    }
  },
  {
    "model": "core.irroleacl",
    "pk": 220,
    "fields": {
      "instance_resource": 7,
      "role": 10,
      "instance_state": 9
    }
  },
  {
    "model": "core.irroleacl",
    "pk": 221,
    "fields": {
      "instance_resource": 7,
      "role": 12,
      "instance_state": 8
    }
  },
  {
    "model": "core.irroleacl",
    "pk": 222,
    "fields": {
      "instance_resource": 7,
      "role": 12,
      "instance_state": 9
    }
  },
  {
    "model": "core.irroleacl",
    "pk": 223,
    "fields": {
      "instance_resource": 8,
      "role": 6,
      "instance_state": 8
    }
  },
  {
    "model": "core.irroleacl",
    "pk": 224,
    "fields": {
      "instance_resource": 8,
      "role": 6,
      "instance_state": 9
    }
  },
  {
    "model": "core.irroleacl",
    "pk": 225,
    "fields": {
      "instance_resource": 8,
      "role": 5,
      "instance_state": 8
    }
  },
  {
    "model": "core.irroleacl",
    "pk": 226,
    "fields": {
      "instance_resource": 8,
      "role": 5,
      "instance_state": 9
    }
  },
  {
    "model": "core.irroleacl",
    "pk": 227,
    "fields": {
      "instance_resource": 8,
      "role": 11,
      "instance_state": 8
    }
  },
  {
    "model": "core.irroleacl",
    "pk": 228,
    "fields": {
      "instance_resource": 8,
      "role": 11,
      "instance_state": 9
    }
  },
  {
    "model": "core.irroleacl",
    "pk": 229,
    "fields": {
      "instance_resource": 8,
      "role": 10,
      "instance_state": 8
    }
  },
  {
    "model": "core.irroleacl",
    "pk": 230,
    "fields": {
      "instance_resource": 8,
      "role": 10,
      "instance_state": 9
    }
  },
  {
    "model": "core.irroleacl",
    "pk": 231,
    "fields": {
      "instance_resource": 8,
      "role": 12,
      "instance_state": 8
    }
  },
  {
    "model": "core.irroleacl",
    "pk": 232,
    "fields": {
      "instance_resource": 8,
      "role": 12,
      "instance_state": 9
    }
  },
  {
    "model": "core.irroleacl",
    "pk": 233,
    "fields": {
      "instance_resource": 9,
      "role": 6,
      "instance_state": 8
    }
  },
  {
    "model": "core.irroleacl",
    "pk": 234,
    "fields": {
      "instance_resource": 9,
      "role": 6,
      "instance_state": 9
    }
  },
  {
    "model": "core.irroleacl",
    "pk": 235,
    "fields": {
      "instance_resource": 9,
      "role": 5,
      "instance_state": 8
    }
  },
  {
    "model": "core.irroleacl",
    "pk": 236,
    "fields": {
      "instance_resource": 9,
      "role": 5,
      "instance_state": 9
    }
  },
  {
    "model": "core.irroleacl",
    "pk": 237,
    "fields": {
      "instance_resource": 9,
      "role": 11,
      "instance_state": 8
    }
  },
  {
    "model": "core.irroleacl",
    "pk": 238,
    "fields": {
      "instance_resource": 9,
      "role": 11,
      "instance_state": 9
    }
  },
  {
    "model": "core.irroleacl",
    "pk": 239,
    "fields": {
      "instance_resource": 9,
      "role": 10,
      "instance_state": 8
    }
  },
  {
    "model": "core.irroleacl",
    "pk": 240,
    "fields": {
      "instance_resource": 9,
      "role": 10,
      "instance_state": 9
    }
  },
  {
    "model": "core.irroleacl",
    "pk": 241,
    "fields": {
      "instance_resource": 9,
      "role": 12,
      "instance_state": 8
    }
  },
  {
    "model": "core.irroleacl",
    "pk": 242,
    "fields": {
      "instance_resource": 9,
      "role": 12,
      "instance_state": 9
    }
  },
  {
    "model": "core.irroleacl",
    "pk": 243,
    "fields": {
      "instance_resource": 10,
      "role": 6,
      "instance_state": 8
    }
  },
  {
    "model": "core.irroleacl",
    "pk": 244,
    "fields": {
      "instance_resource": 10,
      "role": 6,
      "instance_state": 9
    }
  },
  {
    "model": "core.irroleacl",
    "pk": 245,
    "fields": {
      "instance_resource": 10,
      "role": 5,
      "instance_state": 8
    }
  },
  {
    "model": "core.irroleacl",
    "pk": 246,
    "fields": {
      "instance_resource": 10,
      "role": 5,
      "instance_state": 9
    }
  },
  {
    "model": "core.irroleacl",
    "pk": 247,
    "fields": {
      "instance_resource": 10,
      "role": 11,
      "instance_state": 8
    }
  },
  {
    "model": "core.irroleacl",
    "pk": 248,
    "fields": {
      "instance_resource": 10,
      "role": 11,
      "instance_state": 9
    }
  },
  {
    "model": "core.irroleacl",
    "pk": 249,
    "fields": {
      "instance_resource": 10,
      "role": 10,
      "instance_state": 8
    }
  },
  {
    "model": "core.irroleacl",
    "pk": 250,
    "fields": {
      "instance_resource": 10,
      "role": 10,
      "instance_state": 9
    }
  },
  {
    "model": "core.irroleacl",
    "pk": 251,
    "fields": {
      "instance_resource": 10,
      "role": 12,
      "instance_state": 8
    }
  },
  {
    "model": "core.irroleacl",
    "pk": 252,
    "fields": {
      "instance_resource": 10,
      "role": 12,
      "instance_state": 9
    }
  },
  {
    "model": "core.irroleacl",
    "pk": 253,
    "fields": {
      "instance_resource": 11,
      "role": 6,
      "instance_state": 8
    }
  },
  {
    "model": "core.irroleacl",
    "pk": 254,
    "fields": {
      "instance_resource": 11,
      "role": 6,
      "instance_state": 9
    }
  },
  {
    "model": "core.irroleacl",
    "pk": 255,
    "fields": {
      "instance_resource": 11,
      "role": 5,
      "instance_state": 8
    }
  },
  {
    "model": "core.irroleacl",
    "pk": 256,
    "fields": {
      "instance_resource": 11,
      "role": 5,
      "instance_state": 9
    }
  },
  {
    "model": "core.irroleacl",
    "pk": 257,
    "fields": {
      "instance_resource": 11,
      "role": 11,
      "instance_state": 8
    }
  },
  {
    "model": "core.irroleacl",
    "pk": 258,
    "fields": {
      "instance_resource": 11,
      "role": 11,
      "instance_state": 9
    }
  },
  {
    "model": "core.irroleacl",
    "pk": 259,
    "fields": {
      "instance_resource": 11,
      "role": 10,
      "instance_state": 8
    }
  },
  {
    "model": "core.irroleacl",
    "pk": 260,
    "fields": {
      "instance_resource": 11,
      "role": 10,
      "instance_state": 9
    }
  },
  {
    "model": "core.irroleacl",
    "pk": 261,
    "fields": {
      "instance_resource": 12,
      "role": 6,
      "instance_state": 8
    }
  },
  {
    "model": "core.irroleacl",
    "pk": 262,
    "fields": {
      "instance_resource": 12,
      "role": 6,
      "instance_state": 9
    }
  },
  {
    "model": "core.irroleacl",
    "pk": 263,
    "fields": {
      "instance_resource": 12,
      "role": 5,
      "instance_state": 8
    }
  },
  {
    "model": "core.irroleacl",
    "pk": 264,
    "fields": {
      "instance_resource": 12,
      "role": 5,
      "instance_state": 9
    }
  },
  {
    "model": "core.irroleacl",
    "pk": 265,
    "fields": {
      "instance_resource": 13,
      "role": 6,
      "instance_state": 8
    }
  },
  {
    "model": "core.irroleacl",
    "pk": 266,
    "fields": {
      "instance_resource": 13,
      "role": 6,
      "instance_state": 9
    }
  },
  {
    "model": "core.irroleacl",
    "pk": 267,
    "fields": {
      "instance_resource": 13,
      "role": 5,
      "instance_state": 8
    }
  },
  {
    "model": "core.irroleacl",
    "pk": 268,
    "fields": {
      "instance_resource": 13,
      "role": 5,
      "instance_state": 9
    }
  },
  {
    "model": "core.irroleacl",
    "pk": 269,
    "fields": {
      "instance_resource": 15,
      "role": 5,
      "instance_state": 8
    }
  },
  {
    "model": "core.irroleacl",
    "pk": 271,
    "fields": {
      "instance_resource": 15,
      "role": 5,
      "instance_state": 7
    }
  },
  {
    "model": "core.irroleacl",
    "pk": 272,
    "fields": {
      "instance_resource": 15,
      "role": 5,
      "instance_state": 5
    }
  },
  {
    "model": "core.irroleacl",
    "pk": 273,
    "fields": {
      "instance_resource": 15,
      "role": 5,
      "instance_state": 9
    }
  },
  {
    "model": "core.irroleacl",
    "pk": 274,
    "fields": {
      "instance_resource": 15,
      "role": 5,
      "instance_state": 4
    }
  },
  {
    "model": "core.irroleacl",
    "pk": 275,
    "fields": {
      "instance_resource": 15,
      "role": 5,
      "instance_state": 3
    }
  },
  {
    "model": "core.irroleacl",
    "pk": 276,
    "fields": {
      "instance_resource": 15,
      "role": 5,
      "instance_state": 2
    }
  },
  {
    "model": "core.irroleacl",
    "pk": 277,
    "fields": {
      "instance_resource": 15,
      "role": 6,
      "instance_state": 8
    }
  },
  {
    "model": "core.irroleacl",
    "pk": 279,
    "fields": {
      "instance_resource": 15,
      "role": 6,
      "instance_state": 7
    }
  },
  {
    "model": "core.irroleacl",
    "pk": 280,
    "fields": {
      "instance_resource": 15,
      "role": 6,
      "instance_state": 5
    }
  },
  {
    "model": "core.irroleacl",
    "pk": 281,
    "fields": {
      "instance_resource": 15,
      "role": 6,
      "instance_state": 9
    }
  },
  {
    "model": "core.irroleacl",
    "pk": 282,
    "fields": {
      "instance_resource": 15,
      "role": 6,
      "instance_state": 4
    }
  },
  {
    "model": "core.irroleacl",
    "pk": 283,
    "fields": {
      "instance_resource": 15,
      "role": 6,
      "instance_state": 3
    }
  },
  {
    "model": "core.irroleacl",
    "pk": 284,
    "fields": {
      "instance_resource": 15,
      "role": 6,
      "instance_state": 2
    }
  },
  {
    "model": "core.irroleacl",
    "pk": 285,
    "fields": {
      "instance_resource": 15,
      "role": 11,
      "instance_state": 8
    }
  },
  {
    "model": "core.irroleacl",
    "pk": 286,
    "fields": {
      "instance_resource": 15,
      "role": 11,
      "instance_state": 7
    }
  },
  {
    "model": "core.irroleacl",
    "pk": 287,
    "fields": {
      "instance_resource": 15,
      "role": 11,
      "instance_state": 5
    }
  },
  {
    "model": "core.irroleacl",
    "pk": 288,
    "fields": {
      "instance_resource": 15,
      "role": 11,
      "instance_state": 9
    }
  },
  {
    "model": "core.irroleacl",
    "pk": 289,
    "fields": {
      "instance_resource": 15,
      "role": 10,
      "instance_state": 8
    }
  },
  {
    "model": "core.irroleacl",
    "pk": 290,
    "fields": {
      "instance_resource": 15,
      "role": 10,
      "instance_state": 7
    }
  },
  {
    "model": "core.irroleacl",
    "pk": 291,
    "fields": {
      "instance_resource": 15,
      "role": 10,
      "instance_state": 5
    }
  },
  {
    "model": "core.irroleacl",
    "pk": 292,
    "fields": {
      "instance_resource": 15,
      "role": 10,
      "instance_state": 9
    }
  },
  {
    "model": "core.irroleacl",
    "pk": 293,
    "fields": {
      "instance_resource": 15,
      "role": 12,
      "instance_state": 8
    }
  },
  {
    "model": "core.irroleacl",
    "pk": 294,
    "fields": {
      "instance_resource": 15,
      "role": 12,
      "instance_state": 7
    }
  },
  {
    "model": "core.irroleacl",
    "pk": 295,
    "fields": {
      "instance_resource": 15,
      "role": 12,
      "instance_state": 5
    }
  },
  {
    "model": "core.irroleacl",
    "pk": 296,
    "fields": {
      "instance_resource": 15,
      "role": 12,
      "instance_state": 9
    }
  },
  {
    "model": "core.irroleacl",
    "pk": 297,
    "fields": {
      "instance_resource": 14,
      "role": 6,
      "instance_state": 8
    }
  },
  {
    "model": "core.irroleacl",
    "pk": 298,
    "fields": {
      "instance_resource": 14,
      "role": 6,
      "instance_state": 7
    }
  },
  {
    "model": "core.irroleacl",
    "pk": 299,
    "fields": {
      "instance_resource": 14,
      "role": 6,
      "instance_state": 5
    }
  },
  {
    "model": "core.irroleacl",
    "pk": 300,
    "fields": {
      "instance_resource": 14,
      "role": 6,
      "instance_state": 9
    }
  },
  {
    "model": "core.irroleacl",
    "pk": 301,
    "fields": {
      "instance_resource": 14,
      "role": 6,
      "instance_state": 4
    }
  },
  {
    "model": "core.irroleacl",
    "pk": 302,
    "fields": {
      "instance_resource": 14,
      "role": 6,
      "instance_state": 3
    }
  },
  {
    "model": "core.irroleacl",
    "pk": 303,
    "fields": {
      "instance_resource": 14,
      "role": 6,
      "instance_state": 2
    }
  },
  {
    "model": "core.irroleacl",
    "pk": 304,
    "fields": {
      "instance_resource": 14,
      "role": 5,
      "instance_state": 8
    }
  },
  {
    "model": "core.irroleacl",
    "pk": 305,
    "fields": {
      "instance_resource": 14,
      "role": 5,
      "instance_state": 7
    }
  },
  {
    "model": "core.irroleacl",
    "pk": 306,
    "fields": {
      "instance_resource": 14,
      "role": 5,
      "instance_state": 5
    }
  },
  {
    "model": "core.irroleacl",
    "pk": 307,
    "fields": {
      "instance_resource": 14,
      "role": 5,
      "instance_state": 9
    }
  },
  {
    "model": "core.irroleacl",
    "pk": 308,
    "fields": {
      "instance_resource": 14,
      "role": 5,
      "instance_state": 4
    }
  },
  {
    "model": "core.irroleacl",
    "pk": 309,
    "fields": {
      "instance_resource": 14,
      "role": 5,
      "instance_state": 3
    }
  },
  {
    "model": "core.irroleacl",
    "pk": 310,
    "fields": {
      "instance_resource": 14,
      "role": 5,
      "instance_state": 2
    }
  },
  {
    "model": "core.irroleacl",
    "pk": 311,
    "fields": {
      "instance_resource": 14,
      "role": 11,
      "instance_state": 8
    }
  },
  {
    "model": "core.irroleacl",
    "pk": 312,
    "fields": {
      "instance_resource": 14,
      "role": 11,
      "instance_state": 7
    }
  },
  {
    "model": "core.irroleacl",
    "pk": 313,
    "fields": {
      "instance_resource": 14,
      "role": 11,
      "instance_state": 5
    }
  },
  {
    "model": "core.irroleacl",
    "pk": 314,
    "fields": {
      "instance_resource": 14,
      "role": 11,
      "instance_state": 9
    }
  },
  {
    "model": "core.irroleacl",
    "pk": 317,
    "fields": {
      "instance_resource": 14,
      "role": 10,
      "instance_state": 8
    }
  },
  {
    "model": "core.irroleacl",
    "pk": 318,
    "fields": {
      "instance_resource": 14,
      "role": 10,
      "instance_state": 7
    }
  },
  {
    "model": "core.irroleacl",
    "pk": 319,
    "fields": {
      "instance_resource": 14,
      "role": 10,
      "instance_state": 5
    }
  },
  {
    "model": "core.irroleacl",
    "pk": 320,
    "fields": {
      "instance_resource": 14,
      "role": 10,
      "instance_state": 9
    }
  },
  {
    "model": "core.irroleacl",
    "pk": 323,
    "fields": {
      "instance_resource": 17,
      "role": 6,
      "instance_state": 8
    }
  },
  {
    "model": "core.irroleacl",
    "pk": 324,
    "fields": {
      "instance_resource": 17,
      "role": 6,
      "instance_state": 7
    }
  },
  {
    "model": "core.irroleacl",
    "pk": 325,
    "fields": {
      "instance_resource": 17,
      "role": 6,
      "instance_state": 5
    }
  },
  {
    "model": "core.irroleacl",
    "pk": 326,
    "fields": {
      "instance_resource": 17,
      "role": 6,
      "instance_state": 9
    }
  },
  {
    "model": "core.irroleacl",
    "pk": 327,
    "fields": {
      "instance_resource": 17,
      "role": 6,
      "instance_state": 4
    }
  },
  {
    "model": "core.irroleacl",
    "pk": 328,
    "fields": {
      "instance_resource": 17,
      "role": 5,
      "instance_state": 8
    }
  },
  {
    "model": "core.irroleacl",
    "pk": 329,
    "fields": {
      "instance_resource": 17,
      "role": 5,
      "instance_state": 7
    }
  },
  {
    "model": "core.irroleacl",
    "pk": 330,
    "fields": {
      "instance_resource": 17,
      "role": 5,
      "instance_state": 5
    }
  },
  {
    "model": "core.irroleacl",
    "pk": 331,
    "fields": {
      "instance_resource": 17,
      "role": 5,
      "instance_state": 9
    }
  },
  {
    "model": "core.irroleacl",
    "pk": 332,
    "fields": {
      "instance_resource": 17,
      "role": 5,
      "instance_state": 4
    }
  },
  {
    "model": "core.irroleacl",
    "pk": 333,
    "fields": {
      "instance_resource": 17,
      "role": 11,
      "instance_state": 8
    }
  },
  {
    "model": "core.irroleacl",
    "pk": 334,
    "fields": {
      "instance_resource": 17,
      "role": 11,
      "instance_state": 7
    }
  },
  {
    "model": "core.irroleacl",
    "pk": 335,
    "fields": {
      "instance_resource": 17,
      "role": 11,
      "instance_state": 5
    }
  },
  {
    "model": "core.irroleacl",
    "pk": 336,
    "fields": {
      "instance_resource": 17,
      "role": 11,
      "instance_state": 9
    }
  },
  {
    "model": "core.irroleacl",
    "pk": 337,
    "fields": {
      "instance_resource": 17,
      "role": 10,
      "instance_state": 8
    }
  },
  {
    "model": "core.irroleacl",
    "pk": 338,
    "fields": {
      "instance_resource": 17,
      "role": 10,
      "instance_state": 7
    }
  },
  {
    "model": "core.irroleacl",
    "pk": 339,
    "fields": {
      "instance_resource": 17,
      "role": 10,
      "instance_state": 5
    }
  },
  {
    "model": "core.irroleacl",
    "pk": 340,
    "fields": {
      "instance_resource": 17,
      "role": 10,
      "instance_state": 9
    }
  },
  {
    "model": "core.irroleacl",
    "pk": 341,
    "fields": {
      "instance_resource": 17,
      "role": 12,
      "instance_state": 8
    }
  },
  {
    "model": "core.irroleacl",
    "pk": 342,
    "fields": {
      "instance_resource": 17,
      "role": 12,
      "instance_state": 7
    }
  },
  {
    "model": "core.irroleacl",
    "pk": 343,
    "fields": {
      "instance_resource": 17,
      "role": 12,
      "instance_state": 5
    }
  },
  {
    "model": "core.irroleacl",
    "pk": 344,
    "fields": {
      "instance_resource": 17,
      "role": 12,
      "instance_state": 9
    }
  },
  {
    "model": "core.irroleacl",
    "pk": 345,
    "fields": {
      "instance_resource": 1,
      "role": 6,
      "instance_state": 10
    }
  },
  {
    "model": "core.irroleacl",
    "pk": 346,
    "fields": {
      "instance_resource": 1,
      "role": 6,
      "instance_state": 11
    }
  },
  {
    "model": "core.irroleacl",
    "pk": 347,
    "fields": {
      "instance_resource": 1,
      "role": 5,
      "instance_state": 10
    }
  },
  {
    "model": "core.irroleacl",
    "pk": 348,
    "fields": {
      "instance_resource": 1,
      "role": 5,
      "instance_state": 11
    }
  },
  {
    "model": "core.irroleacl",
    "pk": 349,
    "fields": {
      "instance_resource": 2,
      "role": 6,
      "instance_state": 10
    }
  },
  {
    "model": "core.irroleacl",
    "pk": 350,
    "fields": {
      "instance_resource": 2,
      "role": 6,
      "instance_state": 11
    }
  },
  {
    "model": "core.irroleacl",
    "pk": 351,
    "fields": {
      "instance_resource": 2,
      "role": 5,
      "instance_state": 10
    }
  },
  {
    "model": "core.irroleacl",
    "pk": 352,
    "fields": {
      "instance_resource": 2,
      "role": 5,
      "instance_state": 11
    }
  },
  {
    "model": "core.irroleacl",
    "pk": 353,
    "fields": {
      "instance_resource": 3,
      "role": 6,
      "instance_state": 10
    }
  },
  {
    "model": "core.irroleacl",
    "pk": 354,
    "fields": {
      "instance_resource": 3,
      "role": 6,
      "instance_state": 11
    }
  },
  {
    "model": "core.irroleacl",
    "pk": 355,
    "fields": {
      "instance_resource": 3,
      "role": 5,
      "instance_state": 10
    }
  },
  {
    "model": "core.irroleacl",
    "pk": 356,
    "fields": {
      "instance_resource": 3,
      "role": 5,
      "instance_state": 11
    }
  },
  {
    "model": "core.irroleacl",
    "pk": 357,
    "fields": {
      "instance_resource": 4,
      "role": 6,
      "instance_state": 10
    }
  },
  {
    "model": "core.irroleacl",
    "pk": 358,
    "fields": {
      "instance_resource": 4,
      "role": 6,
      "instance_state": 11
    }
  },
  {
    "model": "core.irroleacl",
    "pk": 359,
    "fields": {
      "instance_resource": 4,
      "role": 5,
      "instance_state": 10
    }
  },
  {
    "model": "core.irroleacl",
    "pk": 360,
    "fields": {
      "instance_resource": 4,
      "role": 5,
      "instance_state": 11
    }
  },
  {
    "model": "core.irroleacl",
    "pk": 361,
    "fields": {
      "instance_resource": 5,
      "role": 6,
      "instance_state": 10
    }
  },
  {
    "model": "core.irroleacl",
    "pk": 362,
    "fields": {
      "instance_resource": 5,
      "role": 6,
      "instance_state": 11
    }
  },
  {
    "model": "core.irroleacl",
    "pk": 363,
    "fields": {
      "instance_resource": 5,
      "role": 5,
      "instance_state": 10
    }
  },
  {
    "model": "core.irroleacl",
    "pk": 364,
    "fields": {
      "instance_resource": 5,
      "role": 5,
      "instance_state": 11
    }
  },
  {
    "model": "core.irroleacl",
    "pk": 365,
    "fields": {
      "instance_resource": 7,
      "role": 6,
      "instance_state": 10
    }
  },
  {
    "model": "core.irroleacl",
    "pk": 366,
    "fields": {
      "instance_resource": 7,
      "role": 6,
      "instance_state": 11
    }
  },
  {
    "model": "core.irroleacl",
    "pk": 367,
    "fields": {
      "instance_resource": 7,
      "role": 5,
      "instance_state": 10
    }
  },
  {
    "model": "core.irroleacl",
    "pk": 368,
    "fields": {
      "instance_resource": 7,
      "role": 5,
      "instance_state": 11
    }
  },
  {
    "model": "core.irroleacl",
    "pk": 369,
    "fields": {
      "instance_resource": 8,
      "role": 6,
      "instance_state": 10
    }
  },
  {
    "model": "core.irroleacl",
    "pk": 370,
    "fields": {
      "instance_resource": 8,
      "role": 6,
      "instance_state": 11
    }
  },
  {
    "model": "core.irroleacl",
    "pk": 371,
    "fields": {
      "instance_resource": 8,
      "role": 5,
      "instance_state": 10
    }
  },
  {
    "model": "core.irroleacl",
    "pk": 372,
    "fields": {
      "instance_resource": 8,
      "role": 5,
      "instance_state": 11
    }
  },
  {
    "model": "core.irroleacl",
    "pk": 373,
    "fields": {
      "instance_resource": 9,
      "role": 6,
      "instance_state": 10
    }
  },
  {
    "model": "core.irroleacl",
    "pk": 374,
    "fields": {
      "instance_resource": 9,
      "role": 6,
      "instance_state": 11
    }
  },
  {
    "model": "core.irroleacl",
    "pk": 375,
    "fields": {
      "instance_resource": 9,
      "role": 5,
      "instance_state": 10
    }
  },
  {
    "model": "core.irroleacl",
    "pk": 376,
    "fields": {
      "instance_resource": 9,
      "role": 5,
      "instance_state": 11
    }
  },
  {
    "model": "core.irroleacl",
    "pk": 377,
    "fields": {
      "instance_resource": 11,
      "role": 6,
      "instance_state": 10
    }
  },
  {
    "model": "core.irroleacl",
    "pk": 378,
    "fields": {
      "instance_resource": 11,
      "role": 6,
      "instance_state": 11
    }
  },
  {
    "model": "core.irroleacl",
    "pk": 379,
    "fields": {
      "instance_resource": 11,
      "role": 5,
      "instance_state": 10
    }
  },
  {
    "model": "core.irroleacl",
    "pk": 380,
    "fields": {
      "instance_resource": 11,
      "role": 5,
      "instance_state": 11
    }
  },
  {
    "model": "core.irroleacl",
    "pk": 381,
    "fields": {
      "instance_resource": 12,
      "role": 6,
      "instance_state": 10
    }
  },
  {
    "model": "core.irroleacl",
    "pk": 382,
    "fields": {
      "instance_resource": 12,
      "role": 6,
      "instance_state": 11
    }
  },
  {
    "model": "core.irroleacl",
    "pk": 383,
    "fields": {
      "instance_resource": 12,
      "role": 5,
      "instance_state": 10
    }
  },
  {
    "model": "core.irroleacl",
    "pk": 384,
    "fields": {
      "instance_resource": 12,
      "role": 5,
      "instance_state": 11
    }
  },
  {
    "model": "core.irroleacl",
    "pk": 385,
    "fields": {
      "instance_resource": 15,
      "role": 6,
      "instance_state": 10
    }
  },
  {
    "model": "core.irroleacl",
    "pk": 386,
    "fields": {
      "instance_resource": 15,
      "role": 6,
      "instance_state": 11
    }
  },
  {
    "model": "core.irroleacl",
    "pk": 387,
    "fields": {
      "instance_resource": 15,
      "role": 5,
      "instance_state": 10
    }
  },
  {
    "model": "core.irroleacl",
    "pk": 388,
    "fields": {
      "instance_resource": 15,
      "role": 5,
      "instance_state": 11
    }
  },
  {
    "model": "core.irroleacl",
    "pk": 389,
    "fields": {
      "instance_resource": 16,
      "role": 6,
      "instance_state": 10
    }
  },
  {
    "model": "core.irroleacl",
    "pk": 390,
    "fields": {
      "instance_resource": 16,
      "role": 6,
      "instance_state": 11
    }
  },
  {
    "model": "core.irroleacl",
    "pk": 391,
    "fields": {
      "instance_resource": 16,
      "role": 5,
      "instance_state": 10
    }
  },
  {
    "model": "core.irroleacl",
    "pk": 392,
    "fields": {
      "instance_resource": 16,
      "role": 5,
      "instance_state": 11
    }
  },
  {
    "model": "core.irroleacl",
    "pk": 393,
    "fields": {
      "instance_resource": 14,
      "role": 12,
      "instance_state": 8
    }
  },
  {
    "model": "core.irroleacl",
    "pk": 394,
    "fields": {
      "instance_resource": 14,
      "role": 12,
      "instance_state": 7
    }
  },
  {
    "model": "core.irroleacl",
    "pk": 395,
    "fields": {
      "instance_resource": 14,
      "role": 12,
      "instance_state": 5
    }
  },
  {
    "model": "core.irroleacl",
    "pk": 396,
    "fields": {
      "instance_resource": 14,
      "role": 12,
      "instance_state": 9
    }
  },
  {
    "model": "core.irroleacl",
    "pk": 397,
    "fields": {
      "instance_resource": 1,
      "role": 6,
      "instance_state": 12
    }
  },
  {
    "model": "core.irroleacl",
    "pk": 398,
    "fields": {
      "instance_resource": 1,
      "role": 5,
      "instance_state": 12
    }
  },
  {
    "model": "core.irroleacl",
    "pk": 399,
    "fields": {
      "instance_resource": 1,
      "role": 11,
      "instance_state": 12
    }
  },
  {
    "model": "core.irroleacl",
    "pk": 400,
    "fields": {
      "instance_resource": 1,
      "role": 10,
      "instance_state": 12
    }
  },
  {
    "model": "core.irroleacl",
    "pk": 401,
    "fields": {
      "instance_resource": 1,
      "role": 12,
      "instance_state": 12
    }
  },
  {
    "model": "core.irroleacl",
    "pk": 402,
    "fields": {
      "instance_resource": 2,
      "role": 6,
      "instance_state": 12
    }
  },
  {
    "model": "core.irroleacl",
    "pk": 403,
    "fields": {
      "instance_resource": 2,
      "role": 5,
      "instance_state": 12
    }
  },
  {
    "model": "core.irroleacl",
    "pk": 404,
    "fields": {
      "instance_resource": 2,
      "role": 11,
      "instance_state": 12
    }
  },
  {
    "model": "core.irroleacl",
    "pk": 405,
    "fields": {
      "instance_resource": 2,
      "role": 10,
      "instance_state": 12
    }
  },
  {
    "model": "core.irroleacl",
    "pk": 406,
    "fields": {
      "instance_resource": 2,
      "role": 12,
      "instance_state": 12
    }
  },
  {
    "model": "core.irroleacl",
    "pk": 407,
    "fields": {
      "instance_resource": 3,
      "role": 6,
      "instance_state": 12
    }
  },
  {
    "model": "core.irroleacl",
    "pk": 408,
    "fields": {
      "instance_resource": 3,
      "role": 5,
      "instance_state": 12
    }
  },
  {
    "model": "core.irroleacl",
    "pk": 409,
    "fields": {
      "instance_resource": 3,
      "role": 11,
      "instance_state": 12
    }
  },
  {
    "model": "core.irroleacl",
    "pk": 410,
    "fields": {
      "instance_resource": 3,
      "role": 10,
      "instance_state": 12
    }
  },
  {
    "model": "core.irroleacl",
    "pk": 411,
    "fields": {
      "instance_resource": 3,
      "role": 12,
      "instance_state": 12
    }
  },
  {
    "model": "core.irroleacl",
    "pk": 412,
    "fields": {
      "instance_resource": 4,
      "role": 6,
      "instance_state": 12
    }
  },
  {
    "model": "core.irroleacl",
    "pk": 413,
    "fields": {
      "instance_resource": 4,
      "role": 5,
      "instance_state": 12
    }
  },
  {
    "model": "core.irroleacl",
    "pk": 414,
    "fields": {
      "instance_resource": 5,
      "role": 6,
      "instance_state": 12
    }
  },
  {
    "model": "core.irroleacl",
    "pk": 415,
    "fields": {
      "instance_resource": 5,
      "role": 5,
      "instance_state": 12
    }
  },
  {
    "model": "core.irroleacl",
    "pk": 416,
    "fields": {
      "instance_resource": 6,
      "role": 6,
      "instance_state": 12
    }
  },
  {
    "model": "core.irroleacl",
    "pk": 417,
    "fields": {
      "instance_resource": 6,
      "role": 5,
      "instance_state": 12
    }
  },
  {
    "model": "core.irroleacl",
    "pk": 418,
    "fields": {
      "instance_resource": 7,
      "role": 6,
      "instance_state": 12
    }
  },
  {
    "model": "core.irroleacl",
    "pk": 419,
    "fields": {
      "instance_resource": 7,
      "role": 5,
      "instance_state": 12
    }
  },
  {
    "model": "core.irroleacl",
    "pk": 420,
    "fields": {
      "instance_resource": 7,
      "role": 11,
      "instance_state": 12
    }
  },
  {
    "model": "core.irroleacl",
    "pk": 421,
    "fields": {
      "instance_resource": 7,
      "role": 10,
      "instance_state": 12
    }
  },
  {
    "model": "core.irroleacl",
    "pk": 422,
    "fields": {
      "instance_resource": 7,
      "role": 12,
      "instance_state": 12
    }
  },
  {
    "model": "core.irroleacl",
    "pk": 423,
    "fields": {
      "instance_resource": 8,
      "role": 6,
      "instance_state": 12
    }
  },
  {
    "model": "core.irroleacl",
    "pk": 424,
    "fields": {
      "instance_resource": 8,
      "role": 5,
      "instance_state": 12
    }
  },
  {
    "model": "core.irroleacl",
    "pk": 425,
    "fields": {
      "instance_resource": 8,
      "role": 11,
      "instance_state": 12
    }
  },
  {
    "model": "core.irroleacl",
    "pk": 426,
    "fields": {
      "instance_resource": 8,
      "role": 10,
      "instance_state": 12
    }
  },
  {
    "model": "core.irroleacl",
    "pk": 427,
    "fields": {
      "instance_resource": 8,
      "role": 12,
      "instance_state": 12
    }
  },
  {
    "model": "core.irroleacl",
    "pk": 428,
    "fields": {
      "instance_resource": 9,
      "role": 6,
      "instance_state": 12
    }
  },
  {
    "model": "core.irroleacl",
    "pk": 429,
    "fields": {
      "instance_resource": 9,
      "role": 5,
      "instance_state": 12
    }
  },
  {
    "model": "core.irroleacl",
    "pk": 430,
    "fields": {
      "instance_resource": 9,
      "role": 11,
      "instance_state": 12
    }
  },
  {
    "model": "core.irroleacl",
    "pk": 431,
    "fields": {
      "instance_resource": 9,
      "role": 10,
      "instance_state": 12
    }
  },
  {
    "model": "core.irroleacl",
    "pk": 432,
    "fields": {
      "instance_resource": 9,
      "role": 12,
      "instance_state": 12
    }
  },
  {
    "model": "core.irroleacl",
    "pk": 433,
    "fields": {
      "instance_resource": 10,
      "role": 6,
      "instance_state": 12
    }
  },
  {
    "model": "core.irroleacl",
    "pk": 434,
    "fields": {
      "instance_resource": 10,
      "role": 5,
      "instance_state": 12
    }
  },
  {
    "model": "core.irroleacl",
    "pk": 435,
    "fields": {
      "instance_resource": 10,
      "role": 11,
      "instance_state": 12
    }
  },
  {
    "model": "core.irroleacl",
    "pk": 436,
    "fields": {
      "instance_resource": 10,
      "role": 10,
      "instance_state": 12
    }
  },
  {
    "model": "core.irroleacl",
    "pk": 437,
    "fields": {
      "instance_resource": 10,
      "role": 12,
      "instance_state": 12
    }
  },
  {
    "model": "core.irroleacl",
    "pk": 438,
    "fields": {
      "instance_resource": 11,
      "role": 6,
      "instance_state": 12
    }
  },
  {
    "model": "core.irroleacl",
    "pk": 439,
    "fields": {
      "instance_resource": 11,
      "role": 5,
      "instance_state": 12
    }
  },
  {
    "model": "core.irroleacl",
    "pk": 440,
    "fields": {
      "instance_resource": 11,
      "role": 11,
      "instance_state": 12
    }
  },
  {
    "model": "core.irroleacl",
    "pk": 441,
    "fields": {
      "instance_resource": 11,
      "role": 10,
      "instance_state": 12
    }
  },
  {
    "model": "core.irroleacl",
    "pk": 442,
    "fields": {
      "instance_resource": 12,
      "role": 6,
      "instance_state": 12
    }
  },
  {
    "model": "core.irroleacl",
    "pk": 443,
    "fields": {
      "instance_resource": 12,
      "role": 5,
      "instance_state": 12
    }
  },
  {
    "model": "core.irroleacl",
    "pk": 444,
    "fields": {
      "instance_resource": 13,
      "role": 6,
      "instance_state": 12
    }
  },
  {
    "model": "core.irroleacl",
    "pk": 445,
    "fields": {
      "instance_resource": 13,
      "role": 5,
      "instance_state": 12
    }
  },
  {
    "model": "core.irroleacl",
    "pk": 446,
    "fields": {
      "instance_resource": 14,
      "role": 6,
      "instance_state": 12
    }
  },
  {
    "model": "core.irroleacl",
    "pk": 447,
    "fields": {
      "instance_resource": 14,
      "role": 5,
      "instance_state": 12
    }
  },
  {
    "model": "core.irroleacl",
    "pk": 448,
    "fields": {
      "instance_resource": 14,
      "role": 11,
      "instance_state": 12
    }
  },
  {
    "model": "core.irroleacl",
    "pk": 449,
    "fields": {
      "instance_resource": 14,
      "role": 10,
      "instance_state": 12
    }
  },
  {
    "model": "core.irroleacl",
    "pk": 450,
    "fields": {
      "instance_resource": 14,
      "role": 12,
      "instance_state": 12
    }
  },
  {
    "model": "core.irroleacl",
    "pk": 451,
    "fields": {
      "instance_resource": 15,
      "role": 6,
      "instance_state": 12
    }
  },
  {
    "model": "core.irroleacl",
    "pk": 452,
    "fields": {
      "instance_resource": 15,
      "role": 5,
      "instance_state": 12
    }
  },
  {
    "model": "core.irroleacl",
    "pk": 453,
    "fields": {
      "instance_resource": 15,
      "role": 11,
      "instance_state": 12
    }
  },
  {
    "model": "core.irroleacl",
    "pk": 454,
    "fields": {
      "instance_resource": 15,
      "role": 10,
      "instance_state": 12
    }
  },
  {
    "model": "core.irroleacl",
    "pk": 455,
    "fields": {
      "instance_resource": 15,
      "role": 12,
      "instance_state": 12
    }
  },
  {
    "model": "core.irroleacl",
    "pk": 456,
    "fields": {
      "instance_resource": 17,
      "role": 6,
      "instance_state": 12
    }
  },
  {
    "model": "core.irroleacl",
    "pk": 457,
    "fields": {
      "instance_resource": 17,
      "role": 5,
      "instance_state": 12
    }
  },
  {
    "model": "core.irroleacl",
    "pk": 458,
    "fields": {
      "instance_resource": 17,
      "role": 11,
      "instance_state": 12
    }
  },
  {
    "model": "core.irroleacl",
    "pk": 459,
    "fields": {
      "instance_resource": 17,
      "role": 10,
      "instance_state": 12
    }
  },
  {
    "model": "core.irroleacl",
    "pk": 460,
    "fields": {
      "instance_resource": 17,
      "role": 12,
      "instance_state": 12
    }
  },
  {
    "model": "core.irroleacl",
    "pk": 461,
    "fields": {
      "instance_resource": 2,
      "role": 8,
      "instance_state": 8
    }
  },
  {
    "model": "core.irroleacl",
    "pk": 462,
    "fields": {
      "instance_resource": 2,
      "role": 8,
      "instance_state": 7
    }
  },
  {
    "model": "core.irroleacl",
    "pk": 463,
    "fields": {
      "instance_resource": 2,
      "role": 8,
      "instance_state": 5
    }
  },
  {
    "model": "core.irroleacl",
    "pk": 464,
    "fields": {
      "instance_resource": 2,
      "role": 8,
      "instance_state": 9
    }
  },
  {
    "model": "core.irroleacl",
    "pk": 465,
    "fields": {
      "instance_resource": 2,
      "role": 8,
      "instance_state": 4
    }
  },
  {
    "model": "core.irroleacl",
    "pk": 466,
    "fields": {
      "instance_resource": 2,
      "role": 8,
      "instance_state": 3
    }
  },
  {
    "model": "core.irroleacl",
    "pk": 467,
    "fields": {
      "instance_resource": 2,
      "role": 8,
      "instance_state": 10
    }
  },
  {
    "model": "core.irroleacl",
    "pk": 468,
    "fields": {
      "instance_resource": 2,
      "role": 8,
      "instance_state": 11
    }
  },
  {
    "model": "core.irroleacl",
    "pk": 469,
    "fields": {
      "instance_resource": 2,
      "role": 8,
      "instance_state": 2
    }
  },
  {
    "model": "core.irroleacl",
    "pk": 470,
    "fields": {
      "instance_resource": 2,
      "role": 8,
      "instance_state": 12
    }
  },
  {
    "model": "core.irroleacl",
    "pk": 471,
    "fields": {
      "instance_resource": 3,
      "role": 8,
      "instance_state": 8
    }
  },
  {
    "model": "core.irroleacl",
    "pk": 472,
    "fields": {
      "instance_resource": 3,
      "role": 8,
      "instance_state": 6
    }
  },
  {
    "model": "core.irroleacl",
    "pk": 473,
    "fields": {
      "instance_resource": 3,
      "role": 8,
      "instance_state": 7
    }
  },
  {
    "model": "core.irroleacl",
    "pk": 474,
    "fields": {
      "instance_resource": 3,
      "role": 8,
      "instance_state": 5
    }
  },
  {
    "model": "core.irroleacl",
    "pk": 475,
    "fields": {
      "instance_resource": 3,
      "role": 8,
      "instance_state": 9
    }
  },
  {
    "model": "core.irroleacl",
    "pk": 476,
    "fields": {
      "instance_resource": 3,
      "role": 8,
      "instance_state": 4
    }
  },
  {
    "model": "core.irroleacl",
    "pk": 477,
    "fields": {
      "instance_resource": 3,
      "role": 8,
      "instance_state": 3
    }
  },
  {
    "model": "core.irroleacl",
    "pk": 478,
    "fields": {
      "instance_resource": 3,
      "role": 8,
      "instance_state": 10
    }
  },
  {
    "model": "core.irroleacl",
    "pk": 479,
    "fields": {
      "instance_resource": 3,
      "role": 8,
      "instance_state": 11
    }
  },
  {
    "model": "core.irroleacl",
    "pk": 480,
    "fields": {
      "instance_resource": 3,
      "role": 8,
      "instance_state": 2
    }
  },
  {
    "model": "core.irroleacl",
    "pk": 481,
    "fields": {
      "instance_resource": 3,
      "role": 8,
      "instance_state": 12
    }
  },
  {
    "model": "core.irroleacl",
    "pk": 482,
    "fields": {
      "instance_resource": 4,
      "role": 8,
      "instance_state": 8
    }
  },
  {
    "model": "core.irroleacl",
    "pk": 483,
    "fields": {
      "instance_resource": 4,
      "role": 8,
      "instance_state": 7
    }
  },
  {
    "model": "core.irroleacl",
    "pk": 484,
    "fields": {
      "instance_resource": 4,
      "role": 8,
      "instance_state": 5
    }
  },
  {
    "model": "core.irroleacl",
    "pk": 485,
    "fields": {
      "instance_resource": 4,
      "role": 8,
      "instance_state": 9
    }
  },
  {
    "model": "core.irroleacl",
    "pk": 486,
    "fields": {
      "instance_resource": 4,
      "role": 8,
      "instance_state": 4
    }
  },
  {
    "model": "core.irroleacl",
    "pk": 487,
    "fields": {
      "instance_resource": 4,
      "role": 8,
      "instance_state": 3
    }
  },
  {
    "model": "core.irroleacl",
    "pk": 488,
    "fields": {
      "instance_resource": 4,
      "role": 8,
      "instance_state": 10
    }
  },
  {
    "model": "core.irroleacl",
    "pk": 489,
    "fields": {
      "instance_resource": 4,
      "role": 8,
      "instance_state": 11
    }
  },
  {
    "model": "core.irroleacl",
    "pk": 490,
    "fields": {
      "instance_resource": 4,
      "role": 8,
      "instance_state": 2
    }
  },
  {
    "model": "core.irroleacl",
    "pk": 491,
    "fields": {
      "instance_resource": 4,
      "role": 8,
      "instance_state": 12
    }
  },
  {
    "model": "core.irroleacl",
    "pk": 492,
    "fields": {
      "instance_resource": 5,
      "role": 8,
      "instance_state": 8
    }
  },
  {
    "model": "core.irroleacl",
    "pk": 493,
    "fields": {
      "instance_resource": 5,
      "role": 8,
      "instance_state": 7
    }
  },
  {
    "model": "core.irroleacl",
    "pk": 494,
    "fields": {
      "instance_resource": 5,
      "role": 8,
      "instance_state": 5
    }
  },
  {
    "model": "core.irroleacl",
    "pk": 495,
    "fields": {
      "instance_resource": 5,
      "role": 8,
      "instance_state": 9
    }
  },
  {
    "model": "core.irroleacl",
    "pk": 496,
    "fields": {
      "instance_resource": 5,
      "role": 8,
      "instance_state": 4
    }
  },
  {
    "model": "core.irroleacl",
    "pk": 497,
    "fields": {
      "instance_resource": 5,
      "role": 8,
      "instance_state": 3
    }
  },
  {
    "model": "core.irroleacl",
    "pk": 498,
    "fields": {
      "instance_resource": 5,
      "role": 8,
      "instance_state": 10
    }
  },
  {
    "model": "core.irroleacl",
    "pk": 499,
    "fields": {
      "instance_resource": 5,
      "role": 8,
      "instance_state": 11
    }
  },
  {
    "model": "core.irroleacl",
    "pk": 500,
    "fields": {
      "instance_resource": 5,
      "role": 8,
      "instance_state": 12
    }
  },
  {
    "model": "core.irroleacl",
    "pk": 501,
    "fields": {
      "instance_resource": 6,
      "role": 8,
      "instance_state": 8
    }
  },
  {
    "model": "core.irroleacl",
    "pk": 502,
    "fields": {
      "instance_resource": 6,
      "role": 8,
      "instance_state": 7
    }
  },
  {
    "model": "core.irroleacl",
    "pk": 503,
    "fields": {
      "instance_resource": 6,
      "role": 8,
      "instance_state": 5
    }
  },
  {
    "model": "core.irroleacl",
    "pk": 504,
    "fields": {
      "instance_resource": 6,
      "role": 8,
      "instance_state": 9
    }
  },
  {
    "model": "core.irroleacl",
    "pk": 505,
    "fields": {
      "instance_resource": 6,
      "role": 8,
      "instance_state": 4
    }
  },
  {
    "model": "core.irroleacl",
    "pk": 506,
    "fields": {
      "instance_resource": 6,
      "role": 8,
      "instance_state": 12
    }
  },
  {
    "model": "core.irroleacl",
    "pk": 507,
    "fields": {
      "instance_resource": 7,
      "role": 8,
      "instance_state": 8
    }
  },
  {
    "model": "core.irroleacl",
    "pk": 508,
    "fields": {
      "instance_resource": 7,
      "role": 8,
      "instance_state": 7
    }
  },
  {
    "model": "core.irroleacl",
    "pk": 509,
    "fields": {
      "instance_resource": 7,
      "role": 8,
      "instance_state": 5
    }
  },
  {
    "model": "core.irroleacl",
    "pk": 510,
    "fields": {
      "instance_resource": 7,
      "role": 8,
      "instance_state": 9
    }
  },
  {
    "model": "core.irroleacl",
    "pk": 511,
    "fields": {
      "instance_resource": 7,
      "role": 8,
      "instance_state": 4
    }
  },
  {
    "model": "core.irroleacl",
    "pk": 512,
    "fields": {
      "instance_resource": 7,
      "role": 8,
      "instance_state": 3
    }
  },
  {
    "model": "core.irroleacl",
    "pk": 513,
    "fields": {
      "instance_resource": 7,
      "role": 8,
      "instance_state": 10
    }
  },
  {
    "model": "core.irroleacl",
    "pk": 514,
    "fields": {
      "instance_resource": 7,
      "role": 8,
      "instance_state": 11
    }
  },
  {
    "model": "core.irroleacl",
    "pk": 515,
    "fields": {
      "instance_resource": 7,
      "role": 8,
      "instance_state": 2
    }
  },
  {
    "model": "core.irroleacl",
    "pk": 516,
    "fields": {
      "instance_resource": 7,
      "role": 8,
      "instance_state": 12
    }
  },
  {
    "model": "core.irroleacl",
    "pk": 517,
    "fields": {
      "instance_resource": 8,
      "role": 8,
      "instance_state": 8
    }
  },
  {
    "model": "core.irroleacl",
    "pk": 518,
    "fields": {
      "instance_resource": 8,
      "role": 8,
      "instance_state": 7
    }
  },
  {
    "model": "core.irroleacl",
    "pk": 519,
    "fields": {
      "instance_resource": 8,
      "role": 8,
      "instance_state": 5
    }
  },
  {
    "model": "core.irroleacl",
    "pk": 520,
    "fields": {
      "instance_resource": 8,
      "role": 8,
      "instance_state": 9
    }
  },
  {
    "model": "core.irroleacl",
    "pk": 521,
    "fields": {
      "instance_resource": 8,
      "role": 8,
      "instance_state": 4
    }
  },
  {
    "model": "core.irroleacl",
    "pk": 522,
    "fields": {
      "instance_resource": 8,
      "role": 8,
      "instance_state": 3
    }
  },
  {
    "model": "core.irroleacl",
    "pk": 523,
    "fields": {
      "instance_resource": 8,
      "role": 8,
      "instance_state": 10
    }
  },
  {
    "model": "core.irroleacl",
    "pk": 524,
    "fields": {
      "instance_resource": 8,
      "role": 8,
      "instance_state": 11
    }
  },
  {
    "model": "core.irroleacl",
    "pk": 525,
    "fields": {
      "instance_resource": 8,
      "role": 8,
      "instance_state": 2
    }
  },
  {
    "model": "core.irroleacl",
    "pk": 526,
    "fields": {
      "instance_resource": 8,
      "role": 8,
      "instance_state": 12
    }
  },
  {
    "model": "core.irroleacl",
    "pk": 527,
    "fields": {
      "instance_resource": 10,
      "role": 8,
      "instance_state": 8
    }
  },
  {
    "model": "core.irroleacl",
    "pk": 528,
    "fields": {
      "instance_resource": 10,
      "role": 8,
      "instance_state": 7
    }
  },
  {
    "model": "core.irroleacl",
    "pk": 529,
    "fields": {
      "instance_resource": 10,
      "role": 8,
      "instance_state": 5
    }
  },
  {
    "model": "core.irroleacl",
    "pk": 530,
    "fields": {
      "instance_resource": 10,
      "role": 8,
      "instance_state": 9
    }
  },
  {
    "model": "core.irroleacl",
    "pk": 531,
    "fields": {
      "instance_resource": 10,
      "role": 8,
      "instance_state": 4
    }
  },
  {
    "model": "core.irroleacl",
    "pk": 532,
    "fields": {
      "instance_resource": 10,
      "role": 8,
      "instance_state": 12
    }
  },
  {
    "model": "core.irroleacl",
    "pk": 533,
    "fields": {
      "instance_resource": 11,
      "role": 8,
      "instance_state": 8
    }
  },
  {
    "model": "core.irroleacl",
    "pk": 534,
    "fields": {
      "instance_resource": 11,
      "role": 8,
      "instance_state": 7
    }
  },
  {
    "model": "core.irroleacl",
    "pk": 535,
    "fields": {
      "instance_resource": 11,
      "role": 8,
      "instance_state": 5
    }
  },
  {
    "model": "core.irroleacl",
    "pk": 536,
    "fields": {
      "instance_resource": 11,
      "role": 8,
      "instance_state": 9
    }
  },
  {
    "model": "core.irroleacl",
    "pk": 537,
    "fields": {
      "instance_resource": 11,
      "role": 8,
      "instance_state": 4
    }
  },
  {
    "model": "core.irroleacl",
    "pk": 538,
    "fields": {
      "instance_resource": 11,
      "role": 8,
      "instance_state": 3
    }
  },
  {
    "model": "core.irroleacl",
    "pk": 539,
    "fields": {
      "instance_resource": 11,
      "role": 8,
      "instance_state": 10
    }
  },
  {
    "model": "core.irroleacl",
    "pk": 540,
    "fields": {
      "instance_resource": 11,
      "role": 8,
      "instance_state": 11
    }
  },
  {
    "model": "core.irroleacl",
    "pk": 541,
    "fields": {
      "instance_resource": 11,
      "role": 8,
      "instance_state": 2
    }
  },
  {
    "model": "core.irroleacl",
    "pk": 542,
    "fields": {
      "instance_resource": 11,
      "role": 8,
      "instance_state": 12
    }
  },
  {
    "model": "core.irroleacl",
    "pk": 543,
    "fields": {
      "instance_resource": 13,
      "role": 8,
      "instance_state": 8
    }
  },
  {
    "model": "core.irroleacl",
    "pk": 544,
    "fields": {
      "instance_resource": 13,
      "role": 8,
      "instance_state": 7
    }
  },
  {
    "model": "core.irroleacl",
    "pk": 545,
    "fields": {
      "instance_resource": 13,
      "role": 8,
      "instance_state": 9
    }
  },
  {
    "model": "core.irroleacl",
    "pk": 546,
    "fields": {
      "instance_resource": 13,
      "role": 8,
      "instance_state": 12
    }
  },
  {
    "model": "core.irroleacl",
    "pk": 547,
    "fields": {
      "instance_resource": 17,
      "role": 8,
      "instance_state": 8
    }
  },
  {
    "model": "core.irroleacl",
    "pk": 548,
    "fields": {
      "instance_resource": 17,
      "role": 8,
      "instance_state": 7
    }
  },
  {
    "model": "core.irroleacl",
    "pk": 549,
    "fields": {
      "instance_resource": 17,
      "role": 8,
      "instance_state": 5
    }
  },
  {
    "model": "core.irroleacl",
    "pk": 550,
    "fields": {
      "instance_resource": 17,
      "role": 8,
      "instance_state": 9
    }
  },
  {
    "model": "core.irroleacl",
    "pk": 551,
    "fields": {
      "instance_resource": 17,
      "role": 8,
      "instance_state": 4
    }
  },
  {
    "model": "core.irroleacl",
    "pk": 552,
    "fields": {
      "instance_resource": 17,
      "role": 8,
      "instance_state": 12
    }
  },
  {
    "model": "core.irroleacl",
    "pk": 553,
    "fields": {
      "instance_resource": 11,
      "role": 12,
      "instance_state": 8
    }
  },
  {
    "model": "core.irroleacl",
    "pk": 554,
    "fields": {
      "instance_resource": 11,
      "role": 12,
      "instance_state": 7
    }
  },
  {
    "model": "core.irroleacl",
    "pk": 555,
    "fields": {
      "instance_resource": 11,
      "role": 12,
      "instance_state": 5
    }
  },
  {
    "model": "core.irroleacl",
    "pk": 556,
    "fields": {
      "instance_resource": 11,
      "role": 12,
      "instance_state": 9
    }
  },
  {
    "model": "core.irroleacl",
    "pk": 557,
    "fields": {
      "instance_resource": 11,
      "role": 12,
      "instance_state": 12
    }
  },
  {
    "model": "core.irroleacl",
    "pk": 558,
    "fields": {
      "instance_resource": 1,
      "role": 6,
      "instance_state": 13
    }
  },
  {
    "model": "core.irroleacl",
    "pk": 559,
    "fields": {
      "instance_resource": 1,
      "role": 5,
      "instance_state": 13
    }
  },
  {
    "model": "core.irroleacl",
    "pk": 560,
    "fields": {
      "instance_resource": 1,
      "role": 11,
      "instance_state": 13
    }
  },
  {
    "model": "core.irroleacl",
    "pk": 561,
    "fields": {
      "instance_resource": 1,
      "role": 10,
      "instance_state": 13
    }
  },
  {
    "model": "core.irroleacl",
    "pk": 562,
    "fields": {
      "instance_resource": 1,
      "role": 12,
      "instance_state": 13
    }
  },
  {
    "model": "core.irroleacl",
    "pk": 563,
    "fields": {
      "instance_resource": 2,
      "role": 6,
      "instance_state": 13
    }
  },
  {
    "model": "core.irroleacl",
    "pk": 564,
    "fields": {
      "instance_resource": 2,
      "role": 5,
      "instance_state": 13
    }
  },
  {
    "model": "core.irroleacl",
    "pk": 565,
    "fields": {
      "instance_resource": 2,
      "role": 8,
      "instance_state": 13
    }
  },
  {
    "model": "core.irroleacl",
    "pk": 566,
    "fields": {
      "instance_resource": 2,
      "role": 11,
      "instance_state": 13
    }
  },
  {
    "model": "core.irroleacl",
    "pk": 567,
    "fields": {
      "instance_resource": 2,
      "role": 10,
      "instance_state": 13
    }
  },
  {
    "model": "core.irroleacl",
    "pk": 568,
    "fields": {
      "instance_resource": 2,
      "role": 12,
      "instance_state": 13
    }
  },
  {
    "model": "core.irroleacl",
    "pk": 569,
    "fields": {
      "instance_resource": 3,
      "role": 6,
      "instance_state": 13
    }
  },
  {
    "model": "core.irroleacl",
    "pk": 570,
    "fields": {
      "instance_resource": 3,
      "role": 5,
      "instance_state": 13
    }
  },
  {
    "model": "core.irroleacl",
    "pk": 571,
    "fields": {
      "instance_resource": 3,
      "role": 8,
      "instance_state": 13
    }
  },
  {
    "model": "core.irroleacl",
    "pk": 572,
    "fields": {
      "instance_resource": 3,
      "role": 11,
      "instance_state": 13
    }
  },
  {
    "model": "core.irroleacl",
    "pk": 573,
    "fields": {
      "instance_resource": 3,
      "role": 10,
      "instance_state": 13
    }
  },
  {
    "model": "core.irroleacl",
    "pk": 574,
    "fields": {
      "instance_resource": 3,
      "role": 12,
      "instance_state": 13
    }
  },
  {
    "model": "core.irroleacl",
    "pk": 575,
    "fields": {
      "instance_resource": 4,
      "role": 6,
      "instance_state": 13
    }
  },
  {
    "model": "core.irroleacl",
    "pk": 576,
    "fields": {
      "instance_resource": 4,
      "role": 5,
      "instance_state": 13
    }
  },
  {
    "model": "core.irroleacl",
    "pk": 577,
    "fields": {
      "instance_resource": 4,
      "role": 8,
      "instance_state": 13
    }
  },
  {
    "model": "core.irroleacl",
    "pk": 578,
    "fields": {
      "instance_resource": 5,
      "role": 6,
      "instance_state": 13
    }
  },
  {
    "model": "core.irroleacl",
    "pk": 579,
    "fields": {
      "instance_resource": 5,
      "role": 5,
      "instance_state": 13
    }
  },
  {
    "model": "core.irroleacl",
    "pk": 580,
    "fields": {
      "instance_resource": 5,
      "role": 8,
      "instance_state": 13
    }
  },
  {
    "model": "core.irroleacl",
    "pk": 581,
    "fields": {
      "instance_resource": 6,
      "role": 6,
      "instance_state": 13
    }
  },
  {
    "model": "core.irroleacl",
    "pk": 582,
    "fields": {
      "instance_resource": 6,
      "role": 5,
      "instance_state": 13
    }
  },
  {
    "model": "core.irroleacl",
    "pk": 583,
    "fields": {
      "instance_resource": 6,
      "role": 8,
      "instance_state": 13
    }
  },
  {
    "model": "core.irroleacl",
    "pk": 584,
    "fields": {
      "instance_resource": 7,
      "role": 6,
      "instance_state": 13
    }
  },
  {
    "model": "core.irroleacl",
    "pk": 585,
    "fields": {
      "instance_resource": 7,
      "role": 5,
      "instance_state": 13
    }
  },
  {
    "model": "core.irroleacl",
    "pk": 586,
    "fields": {
      "instance_resource": 7,
      "role": 8,
      "instance_state": 13
    }
  },
  {
    "model": "core.irroleacl",
    "pk": 587,
    "fields": {
      "instance_resource": 7,
      "role": 11,
      "instance_state": 13
    }
  },
  {
    "model": "core.irroleacl",
    "pk": 588,
    "fields": {
      "instance_resource": 7,
      "role": 10,
      "instance_state": 13
    }
  },
  {
    "model": "core.irroleacl",
    "pk": 589,
    "fields": {
      "instance_resource": 7,
      "role": 12,
      "instance_state": 13
    }
  },
  {
    "model": "core.irroleacl",
    "pk": 590,
    "fields": {
      "instance_resource": 8,
      "role": 6,
      "instance_state": 13
    }
  },
  {
    "model": "core.irroleacl",
    "pk": 591,
    "fields": {
      "instance_resource": 8,
      "role": 5,
      "instance_state": 13
    }
  },
  {
    "model": "core.irroleacl",
    "pk": 592,
    "fields": {
      "instance_resource": 8,
      "role": 8,
      "instance_state": 13
    }
  },
  {
    "model": "core.irroleacl",
    "pk": 593,
    "fields": {
      "instance_resource": 8,
      "role": 11,
      "instance_state": 13
    }
  },
  {
    "model": "core.irroleacl",
    "pk": 594,
    "fields": {
      "instance_resource": 8,
      "role": 10,
      "instance_state": 13
    }
  },
  {
    "model": "core.irroleacl",
    "pk": 595,
    "fields": {
      "instance_resource": 8,
      "role": 12,
      "instance_state": 13
    }
  },
  {
    "model": "core.irroleacl",
    "pk": 596,
    "fields": {
      "instance_resource": 9,
      "role": 6,
      "instance_state": 13
    }
  },
  {
    "model": "core.irroleacl",
    "pk": 597,
    "fields": {
      "instance_resource": 9,
      "role": 5,
      "instance_state": 13
    }
  },
  {
    "model": "core.irroleacl",
    "pk": 598,
    "fields": {
      "instance_resource": 9,
      "role": 11,
      "instance_state": 13
    }
  },
  {
    "model": "core.irroleacl",
    "pk": 599,
    "fields": {
      "instance_resource": 9,
      "role": 10,
      "instance_state": 13
    }
  },
  {
    "model": "core.irroleacl",
    "pk": 600,
    "fields": {
      "instance_resource": 9,
      "role": 12,
      "instance_state": 13
    }
  },
  {
    "model": "core.irroleacl",
    "pk": 601,
    "fields": {
      "instance_resource": 10,
      "role": 6,
      "instance_state": 13
    }
  },
  {
    "model": "core.irroleacl",
    "pk": 602,
    "fields": {
      "instance_resource": 10,
      "role": 5,
      "instance_state": 13
    }
  },
  {
    "model": "core.irroleacl",
    "pk": 603,
    "fields": {
      "instance_resource": 10,
      "role": 8,
      "instance_state": 13
    }
  },
  {
    "model": "core.irroleacl",
    "pk": 604,
    "fields": {
      "instance_resource": 10,
      "role": 11,
      "instance_state": 13
    }
  },
  {
    "model": "core.irroleacl",
    "pk": 605,
    "fields": {
      "instance_resource": 10,
      "role": 10,
      "instance_state": 13
    }
  },
  {
    "model": "core.irroleacl",
    "pk": 606,
    "fields": {
      "instance_resource": 10,
      "role": 12,
      "instance_state": 13
    }
  },
  {
    "model": "core.irroleacl",
    "pk": 607,
    "fields": {
      "instance_resource": 11,
      "role": 6,
      "instance_state": 13
    }
  },
  {
    "model": "core.irroleacl",
    "pk": 608,
    "fields": {
      "instance_resource": 11,
      "role": 5,
      "instance_state": 13
    }
  },
  {
    "model": "core.irroleacl",
    "pk": 609,
    "fields": {
      "instance_resource": 11,
      "role": 8,
      "instance_state": 13
    }
  },
  {
    "model": "core.irroleacl",
    "pk": 610,
    "fields": {
      "instance_resource": 11,
      "role": 11,
      "instance_state": 13
    }
  },
  {
    "model": "core.irroleacl",
    "pk": 611,
    "fields": {
      "instance_resource": 11,
      "role": 10,
      "instance_state": 13
    }
  },
  {
    "model": "core.irroleacl",
    "pk": 612,
    "fields": {
      "instance_resource": 11,
      "role": 12,
      "instance_state": 13
    }
  },
  {
    "model": "core.irroleacl",
    "pk": 613,
    "fields": {
      "instance_resource": 12,
      "role": 6,
      "instance_state": 13
    }
  },
  {
    "model": "core.irroleacl",
    "pk": 614,
    "fields": {
      "instance_resource": 12,
      "role": 5,
      "instance_state": 13
    }
  },
  {
    "model": "core.irroleacl",
    "pk": 615,
    "fields": {
      "instance_resource": 13,
      "role": 6,
      "instance_state": 13
    }
  },
  {
    "model": "core.irroleacl",
    "pk": 616,
    "fields": {
      "instance_resource": 13,
      "role": 5,
      "instance_state": 13
    }
  },
  {
    "model": "core.irroleacl",
    "pk": 617,
    "fields": {
      "instance_resource": 13,
      "role": 8,
      "instance_state": 13
    }
  },
  {
    "model": "core.irroleacl",
    "pk": 618,
    "fields": {
      "instance_resource": 14,
      "role": 6,
      "instance_state": 13
    }
  },
  {
    "model": "core.irroleacl",
    "pk": 619,
    "fields": {
      "instance_resource": 14,
      "role": 5,
      "instance_state": 13
    }
  },
  {
    "model": "core.irroleacl",
    "pk": 620,
    "fields": {
      "instance_resource": 14,
      "role": 11,
      "instance_state": 13
    }
  },
  {
    "model": "core.irroleacl",
    "pk": 621,
    "fields": {
      "instance_resource": 14,
      "role": 10,
      "instance_state": 13
    }
  },
  {
    "model": "core.irroleacl",
    "pk": 622,
    "fields": {
      "instance_resource": 14,
      "role": 12,
      "instance_state": 13
    }
  },
  {
    "model": "core.irroleacl",
    "pk": 623,
    "fields": {
      "instance_resource": 15,
      "role": 6,
      "instance_state": 13
    }
  },
  {
    "model": "core.irroleacl",
    "pk": 624,
    "fields": {
      "instance_resource": 15,
      "role": 5,
      "instance_state": 13
    }
  },
  {
    "model": "core.irroleacl",
    "pk": 625,
    "fields": {
      "instance_resource": 15,
      "role": 11,
      "instance_state": 13
    }
  },
  {
    "model": "core.irroleacl",
    "pk": 626,
    "fields": {
      "instance_resource": 15,
      "role": 10,
      "instance_state": 13
    }
  },
  {
    "model": "core.irroleacl",
    "pk": 627,
    "fields": {
      "instance_resource": 15,
      "role": 12,
      "instance_state": 13
    }
  },
  {
    "model": "core.irroleacl",
    "pk": 628,
    "fields": {
      "instance_resource": 17,
      "role": 6,
      "instance_state": 13
    }
  },
  {
    "model": "core.irroleacl",
    "pk": 629,
    "fields": {
      "instance_resource": 17,
      "role": 5,
      "instance_state": 13
    }
  },
  {
    "model": "core.irroleacl",
    "pk": 630,
    "fields": {
      "instance_resource": 17,
      "role": 8,
      "instance_state": 13
    }
  },
  {
    "model": "core.irroleacl",
    "pk": 631,
    "fields": {
      "instance_resource": 17,
      "role": 11,
      "instance_state": 13
    }
  },
  {
    "model": "core.irroleacl",
    "pk": 632,
    "fields": {
      "instance_resource": 17,
      "role": 10,
      "instance_state": 13
    }
  },
  {
    "model": "core.irroleacl",
    "pk": 633,
    "fields": {
      "instance_resource": 17,
      "role": 12,
      "instance_state": 13
    }
  },
  {
    "model": "core.irroleacl",
    "pk": 634,
    "fields": {
      "instance_resource": 18,
      "role": 6,
      "instance_state": 8
    }
  },
  {
    "model": "core.irroleacl",
    "pk": 636,
    "fields": {
      "instance_resource": 18,
      "role": 6,
      "instance_state": 7
    }
  },
  {
    "model": "core.irroleacl",
    "pk": 637,
    "fields": {
      "instance_resource": 18,
      "role": 6,
      "instance_state": 5
    }
  },
  {
    "model": "core.irroleacl",
    "pk": 638,
    "fields": {
      "instance_resource": 18,
      "role": 6,
      "instance_state": 9
    }
  },
  {
    "model": "core.irroleacl",
    "pk": 639,
    "fields": {
      "instance_resource": 18,
      "role": 6,
      "instance_state": 4
    }
  },
  {
    "model": "core.irroleacl",
    "pk": 640,
    "fields": {
      "instance_resource": 18,
      "role": 6,
      "instance_state": 3
    }
  },
  {
    "model": "core.irroleacl",
    "pk": 641,
    "fields": {
      "instance_resource": 18,
      "role": 6,
      "instance_state": 10
    }
  },
  {
    "model": "core.irroleacl",
    "pk": 642,
    "fields": {
      "instance_resource": 18,
      "role": 6,
      "instance_state": 11
    }
  },
  {
    "model": "core.irroleacl",
    "pk": 643,
    "fields": {
      "instance_resource": 18,
      "role": 6,
      "instance_state": 2
    }
  },
  {
    "model": "core.irroleacl",
    "pk": 644,
    "fields": {
      "instance_resource": 18,
      "role": 6,
      "instance_state": 13
    }
  },
  {
    "model": "core.irroleacl",
    "pk": 645,
    "fields": {
      "instance_resource": 18,
      "role": 6,
      "instance_state": 12
    }
  },
  {
    "model": "core.irroleacl",
    "pk": 646,
    "fields": {
      "instance_resource": 18,
      "role": 5,
      "instance_state": 8
    }
  },
  {
    "model": "core.irroleacl",
    "pk": 648,
    "fields": {
      "instance_resource": 18,
      "role": 5,
      "instance_state": 7
    }
  },
  {
    "model": "core.irroleacl",
    "pk": 649,
    "fields": {
      "instance_resource": 18,
      "role": 5,
      "instance_state": 5
    }
  },
  {
    "model": "core.irroleacl",
    "pk": 650,
    "fields": {
      "instance_resource": 18,
      "role": 5,
      "instance_state": 9
    }
  },
  {
    "model": "core.irroleacl",
    "pk": 651,
    "fields": {
      "instance_resource": 18,
      "role": 5,
      "instance_state": 4
    }
  },
  {
    "model": "core.irroleacl",
    "pk": 652,
    "fields": {
      "instance_resource": 18,
      "role": 5,
      "instance_state": 3
    }
  },
  {
    "model": "core.irroleacl",
    "pk": 653,
    "fields": {
      "instance_resource": 18,
      "role": 5,
      "instance_state": 10
    }
  },
  {
    "model": "core.irroleacl",
    "pk": 654,
    "fields": {
      "instance_resource": 18,
      "role": 5,
      "instance_state": 11
    }
  },
  {
    "model": "core.irroleacl",
    "pk": 655,
    "fields": {
      "instance_resource": 18,
      "role": 5,
      "instance_state": 2
    }
  },
  {
    "model": "core.irroleacl",
    "pk": 656,
    "fields": {
      "instance_resource": 18,
      "role": 5,
      "instance_state": 13
    }
  },
  {
    "model": "core.irroleacl",
    "pk": 657,
    "fields": {
      "instance_resource": 18,
      "role": 5,
      "instance_state": 12
    }
  },
  {
    "model": "core.irroleacl",
    "pk": 658,
    "fields": {
      "instance_resource": 18,
      "role": 11,
      "instance_state": 8
    }
  },
  {
    "model": "core.irroleacl",
    "pk": 659,
    "fields": {
      "instance_resource": 18,
      "role": 11,
      "instance_state": 7
    }
  },
  {
    "model": "core.irroleacl",
    "pk": 660,
    "fields": {
      "instance_resource": 18,
      "role": 11,
      "instance_state": 5
    }
  },
  {
    "model": "core.irroleacl",
    "pk": 661,
    "fields": {
      "instance_resource": 18,
      "role": 11,
      "instance_state": 9
    }
  },
  {
    "model": "core.irroleacl",
    "pk": 662,
    "fields": {
      "instance_resource": 18,
      "role": 11,
      "instance_state": 13
    }
  },
  {
    "model": "core.irroleacl",
    "pk": 663,
    "fields": {
      "instance_resource": 18,
      "role": 11,
      "instance_state": 12
    }
  },
  {
    "model": "core.irroleacl",
    "pk": 664,
    "fields": {
      "instance_resource": 18,
      "role": 10,
      "instance_state": 8
    }
  },
  {
    "model": "core.irroleacl",
    "pk": 665,
    "fields": {
      "instance_resource": 18,
      "role": 10,
      "instance_state": 7
    }
  },
  {
    "model": "core.irroleacl",
    "pk": 666,
    "fields": {
      "instance_resource": 18,
      "role": 10,
      "instance_state": 5
    }
  },
  {
    "model": "core.irroleacl",
    "pk": 667,
    "fields": {
      "instance_resource": 18,
      "role": 10,
      "instance_state": 9
    }
  },
  {
    "model": "core.irroleacl",
    "pk": 668,
    "fields": {
      "instance_resource": 18,
      "role": 10,
      "instance_state": 13
    }
  },
  {
    "model": "core.irroleacl",
    "pk": 669,
    "fields": {
      "instance_resource": 18,
      "role": 10,
      "instance_state": 12
    }
  },
  {
    "model": "core.irroleacl",
    "pk": 670,
    "fields": {
      "instance_resource": 18,
      "role": 12,
      "instance_state": 8
    }
  },
  {
    "model": "core.irroleacl",
    "pk": 671,
    "fields": {
      "instance_resource": 18,
      "role": 12,
      "instance_state": 7
    }
  },
  {
    "model": "core.irroleacl",
    "pk": 672,
    "fields": {
      "instance_resource": 18,
      "role": 12,
      "instance_state": 5
    }
  },
  {
    "model": "core.irroleacl",
    "pk": 673,
    "fields": {
      "instance_resource": 18,
      "role": 12,
      "instance_state": 9
    }
  },
  {
    "model": "core.irroleacl",
    "pk": 674,
    "fields": {
      "instance_resource": 18,
      "role": 12,
      "instance_state": 13
    }
  },
  {
    "model": "core.irroleacl",
    "pk": 675,
    "fields": {
      "instance_resource": 18,
      "role": 12,
      "instance_state": 12
    }
  },
  {
    "model": "core.irroleacl",
    "pk": 676,
    "fields": {
      "instance_resource": 20,
      "role": 6,
      "instance_state": 8
    }
  },
  {
    "model": "core.irroleacl",
    "pk": 677,
    "fields": {
      "instance_resource": 20,
      "role": 6,
      "instance_state": 7
    }
  },
  {
    "model": "core.irroleacl",
    "pk": 678,
    "fields": {
      "instance_resource": 20,
      "role": 6,
      "instance_state": 5
    }
  },
  {
    "model": "core.irroleacl",
    "pk": 679,
    "fields": {
      "instance_resource": 20,
      "role": 6,
      "instance_state": 9
    }
  },
  {
    "model": "core.irroleacl",
    "pk": 680,
    "fields": {
      "instance_resource": 20,
      "role": 6,
      "instance_state": 4
    }
  },
  {
    "model": "core.irroleacl",
    "pk": 681,
    "fields": {
      "instance_resource": 20,
      "role": 6,
      "instance_state": 13
    }
  },
  {
    "model": "core.irroleacl",
    "pk": 682,
    "fields": {
      "instance_resource": 20,
      "role": 6,
      "instance_state": 12
    }
  },
  {
    "model": "core.irroleacl",
    "pk": 683,
    "fields": {
      "instance_resource": 20,
      "role": 5,
      "instance_state": 8
    }
  },
  {
    "model": "core.irroleacl",
    "pk": 684,
    "fields": {
      "instance_resource": 20,
      "role": 5,
      "instance_state": 7
    }
  },
  {
    "model": "core.irroleacl",
    "pk": 685,
    "fields": {
      "instance_resource": 20,
      "role": 5,
      "instance_state": 5
    }
  },
  {
    "model": "core.irroleacl",
    "pk": 686,
    "fields": {
      "instance_resource": 20,
      "role": 5,
      "instance_state": 9
    }
  },
  {
    "model": "core.irroleacl",
    "pk": 687,
    "fields": {
      "instance_resource": 20,
      "role": 5,
      "instance_state": 4
    }
  },
  {
    "model": "core.irroleacl",
    "pk": 688,
    "fields": {
      "instance_resource": 20,
      "role": 5,
      "instance_state": 2
    }
  },
  {
    "model": "core.irroleacl",
    "pk": 689,
    "fields": {
      "instance_resource": 20,
      "role": 5,
      "instance_state": 13
    }
  },
  {
    "model": "core.irroleacl",
    "pk": 690,
    "fields": {
      "instance_resource": 20,
      "role": 5,
      "instance_state": 12
    }
  },
  {
    "model": "core.irroleacl",
    "pk": 691,
    "fields": {
      "instance_resource": 20,
      "role": 8,
      "instance_state": 8
    }
  },
  {
    "model": "core.irroleacl",
    "pk": 692,
    "fields": {
      "instance_resource": 20,
      "role": 8,
      "instance_state": 7
    }
  },
  {
    "model": "core.irroleacl",
    "pk": 693,
    "fields": {
      "instance_resource": 20,
      "role": 8,
      "instance_state": 5
    }
  },
  {
    "model": "core.irroleacl",
    "pk": 694,
    "fields": {
      "instance_resource": 20,
      "role": 8,
      "instance_state": 9
    }
  },
  {
    "model": "core.irroleacl",
    "pk": 695,
    "fields": {
      "instance_resource": 20,
      "role": 8,
      "instance_state": 4
    }
  },
  {
    "model": "core.irroleacl",
    "pk": 696,
    "fields": {
      "instance_resource": 20,
      "role": 8,
      "instance_state": 13
    }
  },
  {
    "model": "core.irroleacl",
    "pk": 697,
    "fields": {
      "instance_resource": 20,
      "role": 8,
      "instance_state": 12
    }
  },
  {
    "model": "core.irroleacl",
    "pk": 698,
    "fields": {
      "instance_resource": 19,
      "role": 6,
      "instance_state": 8
    }
  },
  {
    "model": "core.irroleacl",
    "pk": 699,
    "fields": {
      "instance_resource": 19,
      "role": 6,
      "instance_state": 7
    }
  },
  {
    "model": "core.irroleacl",
    "pk": 700,
    "fields": {
      "instance_resource": 19,
      "role": 6,
      "instance_state": 5
    }
  },
  {
    "model": "core.irroleacl",
    "pk": 701,
    "fields": {
      "instance_resource": 19,
      "role": 6,
      "instance_state": 9
    }
  },
  {
    "model": "core.irroleacl",
    "pk": 702,
    "fields": {
      "instance_resource": 19,
      "role": 6,
      "instance_state": 4
    }
  },
  {
    "model": "core.irroleacl",
    "pk": 703,
    "fields": {
      "instance_resource": 19,
      "role": 6,
      "instance_state": 13
    }
  },
  {
    "model": "core.irroleacl",
    "pk": 704,
    "fields": {
      "instance_resource": 19,
      "role": 6,
      "instance_state": 12
    }
  },
  {
    "model": "core.irroleacl",
    "pk": 705,
    "fields": {
      "instance_resource": 19,
      "role": 5,
      "instance_state": 8
    }
  },
  {
    "model": "core.irroleacl",
    "pk": 706,
    "fields": {
      "instance_resource": 19,
      "role": 5,
      "instance_state": 7
    }
  },
  {
    "model": "core.irroleacl",
    "pk": 707,
    "fields": {
      "instance_resource": 19,
      "role": 5,
      "instance_state": 5
    }
  },
  {
    "model": "core.irroleacl",
    "pk": 708,
    "fields": {
      "instance_resource": 19,
      "role": 5,
      "instance_state": 9
    }
  },
  {
    "model": "core.irroleacl",
    "pk": 709,
    "fields": {
      "instance_resource": 19,
      "role": 5,
      "instance_state": 4
    }
  },
  {
    "model": "core.irroleacl",
    "pk": 710,
    "fields": {
      "instance_resource": 19,
      "role": 5,
      "instance_state": 13
    }
  },
  {
    "model": "core.irroleacl",
    "pk": 711,
    "fields": {
      "instance_resource": 19,
      "role": 5,
      "instance_state": 12
    }
  },
  {
    "model": "core.irtaskform",
    "pk": 4,
    "fields": {
      "task": "formal-exam"
    }
  },
  {
    "model": "core.irtaskform",
    "pk": 5,
    "fields": {
      "task": "material-exam"
    }
  },
  {
    "model": "core.irtaskform",
    "pk": 13,
    "fields": {
      "task": "decision"
    }
  },
  {
    "model": "core.irtaskform",
    "pk": 20,
    "fields": {
      "task": "appeal"
    }
  },
  {
    "model": "core.remberlist",
    "pk": 2,
    "fields": {
      "instance_states": "1,2,3,4,5,6,7,8,9,10,11,12,13"
    }
  },
  {
    "model": "core.remberlist",
    "pk": 3,
    "fields": {
      "instance_states": "1,2,3,4,5,6,7,8,9,10,11,12,13"
    }
  },
  {
    "model": "core.rroleacl",
    "pk": 1,
    "fields": {
      "resource": 1,
      "role": 5
    }
  },
  {
    "model": "core.rroleacl",
    "pk": 2,
    "fields": {
      "resource": 1,
      "role": 6
    }
  },
  {
    "model": "core.rroleacl",
    "pk": 3,
    "fields": {
      "resource": 1,
      "role": 7
    }
  },
  {
    "model": "core.rroleacl",
    "pk": 4,
    "fields": {
      "resource": 1,
      "role": 10
    }
  },
  {
    "model": "core.rroleacl",
    "pk": 5,
    "fields": {
      "resource": 1,
      "role": 11
    }
  },
  {
    "model": "core.rroleacl",
    "pk": 6,
    "fields": {
      "resource": 2,
      "role": 3
    }
  },
  {
    "model": "core.rroleacl",
    "pk": 7,
    "fields": {
      "resource": 3,
      "role": 5
    }
  },
  {
    "model": "core.rroleacl",
    "pk": 8,
    "fields": {
      "resource": 3,
      "role": 6
    }
  },
  {
    "model": "core.rroleacl",
    "pk": 9,
    "fields": {
      "resource": 3,
      "role": 8
    }
  },
  {
    "model": "core.rroleacl",
    "pk": 10,
    "fields": {
      "resource": 4,
      "role": 4
    }
  },
  {
    "model": "core.rroleacl",
    "pk": 11,
    "fields": {
      "resource": 4,
      "role": 9
    }
  },
  {
    "model": "core.rroleacl",
    "pk": 12,
    "fields": {
      "resource": 3,
      "role": 10
    }
  },
  {
    "model": "core.rroleacl",
    "pk": 13,
    "fields": {
      "resource": 3,
      "role": 11
    }
  },
  {
    "model": "core.rroleacl",
    "pk": 14,
    "fields": {
      "resource": 3,
      "role": 12
    }
  },
  {
    "model": "core.rroleacl",
    "pk": 15,
    "fields": {
      "resource": 1,
      "role": 12
    }
  },
  {
    "model": "core.rroleacl",
    "pk": 16,
    "fields": {
      "resource": 5,
      "role": 4
    }
  },
  {
    "model": "core.rroleacl",
    "pk": 17,
    "fields": {
      "resource": 5,
      "role": 9
    }
  },
  {
    "model": "core.rroleacl",
    "pk": 18,
    "fields": {
      "resource": 6,
      "role": 5
    }
  },
  {
    "model": "core.rroleacl",
    "pk": 19,
    "fields": {
      "resource": 6,
      "role": 6
    }
  },
  {
    "model": "core.rroleacl",
    "pk": 20,
    "fields": {
      "resource": 6,
      "role": 7
    }
  },
  {
    "model": "core.rroleacl",
    "pk": 21,
    "fields": {
      "resource": 6,
      "role": 10
    }
  },
  {
    "model": "core.rroleacl",
    "pk": 22,
    "fields": {
      "resource": 6,
      "role": 11
    }
  },
  {
    "model": "core.rroleacl",
    "pk": 23,
    "fields": {
      "resource": 6,
      "role": 12
    }
  },
  {
    "model": "core.rroleacl",
    "pk": 24,
    "fields": {
      "resource": 7,
      "role": 5
    }
  },
  {
    "model": "core.rroleacl",
    "pk": 25,
    "fields": {
      "resource": 7,
      "role": 6
    }
  },
  {
    "model": "core.resource",
    "pk": 1,
    "fields": {
      "available_resource": "workitemlistall",
      "name": null,
      "description": null,
      "template": null,
      "class_field": null,
      "hidden": 0,
      "sort": 0
    }
  },
  {
    "model": "core.resource",
    "pk": 2,
    "fields": {
      "available_resource": "emberlist",
      "name": null,
      "description": null,
      "template": null,
      "class_field": "displaySearch",
      "hidden": 0,
      "sort": 1
    }
  },
  {
    "model": "core.resource",
    "pk": 3,
    "fields": {
      "available_resource": "emberlist",
      "name": null,
      "description": null,
      "template": null,
      "class_field": "displaySearch",
      "hidden": 0,
      "sort": 2
    }
  },
  {
    "model": "core.resource",
    "pk": 4,
    "fields": {
      "available_resource": "page",
      "name": null,
      "description": null,
      "template": "/ember-camac-ng/service-permissions.phtml",
      "class_field": null,
      "hidden": 0,
      "sort": 3
    }
  },
  {
    "model": "core.resource",
    "pk": 5,
    "fields": {
      "available_resource": "page",
      "name": null,
      "description": null,
      "template": "/ember-camac-ng/dms-admin.phtml",
      "class_field": null,
      "hidden": 0,
      "sort": 4
    }
  },
  {
    "model": "core.resource",
    "pk": 6,
    "fields": {
      "available_resource": "page",
      "name": null,
      "description": null,
      "template": "/ember-camac-ng/communications-global.phtml",
      "class_field": null,
      "hidden": 0,
      "sort": 5
    }
  },
  {
    "model": "core.resource",
    "pk": 7,
    "fields": {
      "available_resource": "page",
      "name": null,
      "description": null,
      "template": "/ember-camac-ng/gwr-global.phtml",
      "class_field": null,
      "hidden": 0,
      "sort": 6
    }
  },
  {
    "model": "core.resourcet",
    "pk": 1,
    "fields": {
      "resource": 1,
      "language": "de",
      "name": "Aufgaben",
      "description": "Aufgabenliste für alle Rollen"
    }
  },
  {
    "model": "core.resourcet",
    "pk": 2,
    "fields": {
      "resource": 2,
      "language": "de",
      "name": "Alle Dossiers",
      "description": "Dossierliste für Support"
    }
  },
  {
    "model": "core.resourcet",
    "pk": 3,
    "fields": {
      "resource": 3,
      "language": "de",
      "name": "Meine Dossiers",
      "description": "Dossierliste für Gemeinden"
    }
  },
  {
    "model": "core.resourcet",
    "pk": 4,
    "fields": {
      "resource": 4,
      "language": "de",
      "name": "Meine Organisation",
      "description": "Verwaltung von Berechtigungen, Stammdaten und Unterfachstellen"
    }
  },
  {
    "model": "core.resourcet",
    "pk": 5,
    "fields": {
      "resource": 5,
      "language": "de",
      "name": "Vorlagenverwaltung",
      "description": "Verwaltung von Dokumentenvorlagen"
    }
  },
  {
    "model": "core.resourcet",
    "pk": 6,
    "fields": {
      "resource": 6,
      "language": "de",
      "name": "Kommunikation",
      "description": null
    }
  },
  {
    "model": "core.resourcet",
    "pk": 7,
    "fields": {
      "resource": 7,
      "language": "de",
      "name": "GWR",
      "description": "Eidg. Gebäude- und Wohnungsregister"
    }
  }
]
