[
  {
    "model": "user.group",
    "pk": 1,
    "fields": {
      "role": 1,
      "service": null,
      "disabled": 0,
      "name": "Admin",
      "phone": null,
      "zip": null,
      "city": null,
      "address": null,
      "email": null,
      "website": null
    }
  },
  {
    "model": "user.group",
    "pk": 2,
    "fields": {
      "role": 2,
      "service": null,
      "disabled": 0,
      "name": "portal",
      "phone": null,
      "zip": null,
      "city": null,
      "address": null,
      "email": null,
      "website": null
    }
  },
  {
    "model": "user.group",
    "pk": 3,
    "fields": {
      "role": 3,
      "service": null,
      "disabled": 0,
      "name": null,
      "phone": null,
      "zip": null,
      "city": null,
      "address": null,
      "email": null,
      "website": null
    }
  },
  {
    "model": "user.group",
    "pk": 4,
    "fields": {
      "role": 4,
      "service": 1,
      "disabled": 0,
      "name": null,
      "phone": null,
      "zip": null,
      "city": null,
      "address": null,
      "email": null,
      "website": null
    }
  },
  {
    "model": "user.group",
    "pk": 5,
    "fields": {
      "role": 5,
      "service": 1,
      "disabled": 0,
      "name": null,
      "phone": null,
      "zip": null,
      "city": null,
      "address": null,
      "email": null,
      "website": null
    }
  },
  {
    "model": "user.group",
    "pk": 6,
    "fields": {
      "role": 6,
      "service": 1,
      "disabled": 0,
      "name": null,
      "phone": null,
      "zip": null,
      "city": null,
      "address": null,
      "email": null,
      "website": null
    }
  },
  {
    "model": "user.group",
    "pk": 7,
    "fields": {
      "role": 7,
      "service": 1,
      "disabled": 0,
      "name": null,
      "phone": null,
      "zip": null,
      "city": null,
      "address": null,
      "email": null,
      "website": null
    }
  },
  {
    "model": "user.group",
    "pk": 8,
    "fields": {
      "role": 8,
      "service": 1,
      "disabled": 0,
      "name": null,
      "phone": null,
      "zip": null,
      "city": null,
      "address": null,
      "email": null,
      "website": null
    }
  },
  {
    "model": "user.groupt",
    "pk": 1,
    "fields": {
      "group": 1,
      "language": "de",
      "name": "Admin",
      "city": null
    }
  },
  {
    "model": "user.groupt",
    "pk": 2,
    "fields": {
      "group": 2,
      "language": "de",
      "name": "Portal",
      "city": null
    }
  },
  {
    "model": "user.groupt",
    "pk": 3,
    "fields": {
      "group": 3,
      "language": "de",
      "name": "Support",
      "city": null
    }
  },
  {
    "model": "user.groupt",
    "pk": 4,
    "fields": {
      "group": 4,
      "language": "de",
      "name": "Administration Leitbehörde Solothurn",
      "city": null
    }
  },
  {
    "model": "user.groupt",
    "pk": 5,
    "fields": {
      "group": 5,
      "language": "de",
      "name": "Leitung Leitbehörde Solothurn",
      "city": null
    }
  },
  {
    "model": "user.groupt",
    "pk": 6,
    "fields": {
      "group": 6,
      "language": "de",
      "name": "Sachbearbeitung Leitbehörde Solothurn",
      "city": null
    }
  },
  {
    "model": "user.groupt",
    "pk": 7,
    "fields": {
      "group": 7,
      "language": "de",
      "name": "Baubegleitung Leitbehörde Solothurn",
      "city": null
    }
  },
  {
    "model": "user.groupt",
    "pk": 8,
    "fields": {
      "group": 8,
      "language": "de",
      "name": "Einsichtsberechtigt Leitbehörde Solothurn",
      "city": null
    }
  },
  {
    "model": "user.role",
    "pk": 1,
    "fields": {
      "role_parent": null,
      "name": "admin",
      "group_prefix": null
    }
  },
  {
    "model": "user.role",
    "pk": 2,
    "fields": {
      "role_parent": null,
      "name": "applicant",
      "group_prefix": null
    }
  },
  {
    "model": "user.role",
    "pk": 3,
    "fields": {
      "role_parent": null,
      "name": "support",
      "group_prefix": null
    }
  },
  {
    "model": "user.role",
    "pk": 4,
    "fields": {
      "role_parent": null,
      "name": "municipality-admin",
      "group_prefix": null
    }
  },
  {
    "model": "user.role",
    "pk": 5,
    "fields": {
      "role_parent": null,
      "name": "municipality-lead",
      "group_prefix": null
    }
  },
  {
    "model": "user.role",
    "pk": 6,
    "fields": {
      "role_parent": null,
      "name": "municipality-clerk",
      "group_prefix": null
    }
  },
  {
    "model": "user.role",
    "pk": 7,
    "fields": {
      "role_parent": null,
      "name": "municipality-construction-supervision",
      "group_prefix": null
    }
  },
  {
    "model": "user.role",
    "pk": 8,
    "fields": {
      "role_parent": null,
      "name": "municipality-read",
      "group_prefix": null
    }
  },
  {
    "model": "user.role",
    "pk": 9,
    "fields": {
      "role_parent": null,
      "name": "service-admin",
      "group_prefix": null
    }
  },
  {
    "model": "user.role",
    "pk": 10,
    "fields": {
      "role_parent": null,
      "name": "service-lead",
      "group_prefix": null
    }
  },
  {
    "model": "user.role",
    "pk": 11,
    "fields": {
      "role_parent": null,
      "name": "service-clerk",
      "group_prefix": null
    }
  },
  {
    "model": "user.rolet",
    "pk": 1,
    "fields": {
      "role": 1,
      "language": "de",
      "name": "Admin",
      "group_prefix": null
    }
  },
  {
    "model": "user.rolet",
    "pk": 2,
    "fields": {
      "role": 2,
      "language": "de",
      "name": "Gesuchsteller/in",
      "group_prefix": null
    }
  },
  {
    "model": "user.rolet",
    "pk": 3,
    "fields": {
      "role": 3,
      "language": "de",
      "name": "Support",
      "group_prefix": null
    }
  },
  {
    "model": "user.rolet",
    "pk": 4,
    "fields": {
      "role": 4,
      "language": "de",
      "name": "Administration Leitbehörde (Gemeinde)",
      "group_prefix": null
    }
  },
  {
    "model": "user.rolet",
    "pk": 5,
    "fields": {
      "role": 5,
      "language": "de",
      "name": "Leitung Leitbehörde (Gemeinde)",
      "group_prefix": null
    }
  },
  {
    "model": "user.rolet",
    "pk": 6,
    "fields": {
      "role": 6,
      "language": "de",
      "name": "Sachbearbeitung Leitbehörde (Gemeinde)",
      "group_prefix": null
    }
  },
  {
    "model": "user.rolet",
    "pk": 7,
    "fields": {
      "role": 7,
      "language": "de",
      "name": "Baubegleitung Leitbehörde (Gemeinde)",
      "group_prefix": null
    }
  },
  {
    "model": "user.rolet",
    "pk": 8,
    "fields": {
      "role": 8,
      "language": "de",
      "name": "Einsichtsberechtigt Leitbehörde (Gemeinde)",
      "group_prefix": null
    }
  },
  {
    "model": "user.rolet",
    "pk": 9,
    "fields": {
      "role": 9,
      "language": "de",
      "name": "Administration Fachstelle",
      "group_prefix": null
    }
  },
  {
    "model": "user.rolet",
    "pk": 10,
    "fields": {
      "role": 10,
      "language": "de",
      "name": "Leitung Fachstelle",
      "group_prefix": null
    }
  },
  {
    "model": "user.rolet",
    "pk": 11,
    "fields": {
      "role": 11,
      "language": "de",
      "name": "Sachbearbeitung Fachstelle",
      "group_prefix": null
    }
  },
  {
    "model": "user.service",
    "pk": 1,
    "fields": {
      "service_group": 1,
      "service_parent": null,
      "name": null,
      "description": null,
      "sort": 0,
      "phone": null,
      "zip": null,
      "city": null,
      "address": null,
      "email": null,
      "website": null,
      "disabled": 0,
      "notification": 1,
      "responsibility_construction_control": false
    }
  },
  {
    "model": "user.servicegroup",
    "pk": 1,
    "fields": {
      "name": "municipality",
      "sort": null
    }
  },
  {
    "model": "user.servicegroup",
    "pk": 2,
    "fields": {
      "name": "service-cantonal",
      "sort": null
    }
  },
  {
    "model": "user.servicegroup",
    "pk": 3,
    "fields": {
      "name": "service-extra-cantonal",
      "sort": null
    }
  },
  {
    "model": "user.servicegroupt",
    "pk": 1,
    "fields": {
      "service_group": 1,
      "language": "de",
      "name": "Leitbehörde (Gemeinde)"
    }
  },
  {
    "model": "user.servicegroupt",
    "pk": 2,
    "fields": {
      "service_group": 2,
      "language": "de",
      "name": "Kantonale Fachstelle"
    }
  },
  {
    "model": "user.servicegroupt",
    "pk": 3,
    "fields": {
      "service_group": 3,
      "language": "de",
      "name": "Ausserkantonale Fachstelle"
    }
  },
  {
    "model": "user.servicet",
    "pk": 1,
    "fields": {
      "service": 1,
      "language": "de",
      "name": "Leitbehörde Solothurn",
      "description": null,
      "city": null
    }
  }
]
