[
  {
    "model": "caluma_workflow.historicalcase",
    "pk": "487d7211-4e09-4dfd-b7ed-9ae48d99b7d7",
    "fields": {
      "history_user_id": "855a5ba0-cdcc-48d5-ab7c-4fc55cbe0754",
      "created_at": "2022-09-17T08:04:41.997Z",
      "modified_at": "2022-09-17T08:04:41.997Z",
      "created_by_user": null,
      "created_by_group": null,
      "modified_by_user": null,
      "modified_by_group": null,
      "id": "f81cd456-d193-48f8-ae3c-d841ba011fbc",
      "closed_at": null,
      "closed_by_user": null,
      "closed_by_group": null,
      "status": "running",
      "meta": {
        "camac-instance-id": 7
      },
      "family": "f81cd456-d193-48f8-ae3c-d841ba011fbc",
      "workflow": "building-permit",
      "document": "62640dc1-9620-4690-8262-7167681a475b",
      "history_date": "2022-09-17T08:04:41.998Z",
      "history_change_reason": null,
      "history_type": "+"
    }
  },
  {
    "model": "caluma_workflow.historicalcase",
    "pk": "879f8cbf-bc2d-49b3-8a52-b6b0707e4690",
    "fields": {
      "history_user_id": "855a5ba0-cdcc-48d5-ab7c-4fc55cbe0754",
      "created_at": "2022-09-16T22:11:16.509Z",
      "modified_at": "2022-09-16T22:11:16.509Z",
      "created_by_user": null,
      "created_by_group": null,
      "modified_by_user": null,
      "modified_by_group": null,
      "id": "c8763253-a906-4430-a6f9-3a2c6c5a71cf",
      "closed_at": null,
      "closed_by_user": null,
      "closed_by_group": null,
      "status": "running",
      "meta": {
        "camac-instance-id": 4
      },
      "family": "c8763253-a906-4430-a6f9-3a2c6c5a71cf",
      "workflow": "building-permit",
      "document": "c2f26fb8-0a7a-4462-b85d-7022b13f45ec",
      "history_date": "2022-09-16T22:11:16.510Z",
      "history_change_reason": null,
      "history_type": "+"
    }
  },
  {
    "model": "caluma_workflow.historicalcase",
    "pk": "8b75836c-42cb-42e2-a9cf-2ad238204795",
    "fields": {
      "history_user_id": "855a5ba0-cdcc-48d5-ab7c-4fc55cbe0754",
      "created_at": "2022-09-17T08:04:41.997Z",
      "modified_at": "2022-09-17T09:07:59.721Z",
      "created_by_user": null,
      "created_by_group": null,
      "modified_by_user": null,
      "modified_by_group": null,
      "id": "f81cd456-d193-48f8-ae3c-d841ba011fbc",
      "closed_at": null,
      "closed_by_user": null,
      "closed_by_group": null,
      "status": "running",
      "meta": {
        "submit-date": "2022-09-17T09:07:59+0000",
        "camac-instance-id": 7
      },
      "family": "f81cd456-d193-48f8-ae3c-d841ba011fbc",
      "workflow": "building-permit",
      "document": "62640dc1-9620-4690-8262-7167681a475b",
      "history_date": "2022-09-17T09:07:59.721Z",
      "history_change_reason": null,
      "history_type": "~"
    }
  },
  {
    "model": "caluma_workflow.historicalcase",
    "pk": "928dc596-09c3-49c2-8805-6a650a9e5726",
    "fields": {
      "history_user_id": null,
      "created_at": "2022-07-06T09:56:30.796Z",
      "modified_at": "2022-07-06T09:56:30.796Z",
      "created_by_user": null,
      "created_by_group": null,
      "modified_by_user": null,
      "modified_by_group": null,
      "id": "4a5cd9c4-dd39-4115-ad03-b2134e65ac1d",
      "closed_at": "2021-04-06T12:19:18.225Z",
      "closed_by_user": null,
      "closed_by_group": null,
      "status": "completed",
      "meta": {},
      "family": "e9197275-36df-460c-b261-ff27f781c5d9",
      "workflow": "distribution",
      "document": null,
      "history_date": "2022-07-06T09:56:30.797Z",
      "history_change_reason": null,
      "history_type": "+"
    }
  },
  {
    "model": "caluma_workflow.historicalcase",
    "pk": "c5fad7d7-8404-4b01-aebc-6363ff860130",
    "fields": {
      "history_user_id": "855a5ba0-cdcc-48d5-ab7c-4fc55cbe0754",
      "created_at": "2022-09-17T07:39:32.096Z",
      "modified_at": "2022-09-17T07:39:32.096Z",
      "created_by_user": null,
      "created_by_group": null,
      "modified_by_user": null,
      "modified_by_group": null,
      "id": "c08bdf77-d8f1-4756-9875-2a539f598608",
      "closed_at": null,
      "closed_by_user": null,
      "closed_by_group": null,
      "status": "running",
      "meta": {
        "camac-instance-id": 6
      },
      "family": "c08bdf77-d8f1-4756-9875-2a539f598608",
      "workflow": "building-permit",
      "document": "fc011154-bdae-4000-87e3-bc8e5515b1a5",
      "history_date": "2022-09-17T07:39:32.097Z",
      "history_change_reason": null,
      "history_type": "+"
    }
  },
  {
    "model": "caluma_workflow.historicalcase",
    "pk": "f8ca6ce9-b044-4fa3-b482-b8e759fe10fa",
    "fields": {
      "history_user_id": "855a5ba0-cdcc-48d5-ab7c-4fc55cbe0754",
      "created_at": "2022-09-17T07:30:20.780Z",
      "modified_at": "2022-09-17T07:30:20.780Z",
      "created_by_user": null,
      "created_by_group": null,
      "modified_by_user": null,
      "modified_by_group": null,
      "id": "71adbfee-ef68-4b08-acc4-e29bf7d8eb4a",
      "closed_at": null,
      "closed_by_user": null,
      "closed_by_group": null,
      "status": "running",
      "meta": {
        "camac-instance-id": 5
      },
      "family": "71adbfee-ef68-4b08-acc4-e29bf7d8eb4a",
      "workflow": "building-permit",
      "document": "ef894cd9-8b7a-4861-af20-c6d72cdffd6c",
      "history_date": "2022-09-17T07:30:20.781Z",
      "history_change_reason": null,
      "history_type": "+"
    }
  },
  {
    "model": "caluma_workflow.case",
    "pk": "4a5cd9c4-dd39-4115-ad03-b2134e65ac1d",
    "fields": {
      "created_at": "2022-07-06T09:56:30.796Z",
      "modified_at": "2022-07-06T09:56:30.796Z",
      "created_by_user": null,
      "created_by_group": null,
      "modified_by_user": null,
      "modified_by_group": null,
      "family": "e9197275-36df-460c-b261-ff27f781c5d9",
      "closed_at": "2021-04-06T12:19:18.225Z",
      "closed_by_user": null,
      "closed_by_group": null,
      "workflow": "distribution",
      "status": "completed",
      "meta": {},
      "document": null
    }
  },
  {
    "model": "caluma_workflow.case",
    "pk": "71adbfee-ef68-4b08-acc4-e29bf7d8eb4a",
    "fields": {
      "created_at": "2022-09-17T07:30:20.780Z",
      "modified_at": "2022-09-17T07:30:20.780Z",
      "created_by_user": null,
      "created_by_group": null,
      "modified_by_user": null,
      "modified_by_group": null,
      "family": "71adbfee-ef68-4b08-acc4-e29bf7d8eb4a",
      "closed_at": null,
      "closed_by_user": null,
      "closed_by_group": null,
      "workflow": "building-permit",
      "status": "running",
      "meta": {
        "camac-instance-id": 5
      },
      "document": "ef894cd9-8b7a-4861-af20-c6d72cdffd6c"
    }
  },
  {
    "model": "caluma_workflow.case",
    "pk": "7d2bb3fe-83a1-4abc-a6c8-732c366678b1",
    "fields": {
      "created_at": "2020-06-30T15:02:51.901Z",
      "modified_at": "2020-06-30T15:02:51.901Z",
      "created_by_user": null,
      "created_by_group": null,
      "modified_by_user": null,
      "modified_by_group": null,
      "family": "7d2bb3fe-83a1-4abc-a6c8-732c366678b1",
      "closed_at": null,
      "closed_by_user": null,
      "closed_by_group": null,
      "workflow": "preliminary-clarification",
      "status": "running",
      "meta": {
        "migrated": true,
        "submit-date": "2020-03-06T11:14:33+0000",
        "camac-instance-id": 2
      },
      "document": "bdb1b463-8e08-4042-80c1-e4c189a281b4"
    }
  },
  {
    "model": "caluma_workflow.case",
    "pk": "c08bdf77-d8f1-4756-9875-2a539f598608",
    "fields": {
      "created_at": "2022-09-17T07:39:32.096Z",
      "modified_at": "2022-09-17T07:39:32.096Z",
      "created_by_user": null,
      "created_by_group": null,
      "modified_by_user": null,
      "modified_by_group": null,
      "family": "c08bdf77-d8f1-4756-9875-2a539f598608",
      "closed_at": null,
      "closed_by_user": null,
      "closed_by_group": null,
      "workflow": "building-permit",
      "status": "running",
      "meta": {
        "camac-instance-id": 6
      },
      "document": "fc011154-bdae-4000-87e3-bc8e5515b1a5"
    }
  },
  {
    "model": "caluma_workflow.case",
    "pk": "c8763253-a906-4430-a6f9-3a2c6c5a71cf",
    "fields": {
      "created_at": "2022-09-16T22:11:16.509Z",
      "modified_at": "2022-09-16T22:11:16.509Z",
      "created_by_user": null,
      "created_by_group": null,
      "modified_by_user": null,
      "modified_by_group": null,
      "family": "c8763253-a906-4430-a6f9-3a2c6c5a71cf",
      "closed_at": null,
      "closed_by_user": null,
      "closed_by_group": null,
      "workflow": "building-permit",
      "status": "running",
      "meta": {
        "camac-instance-id": 4
      },
      "document": "c2f26fb8-0a7a-4462-b85d-7022b13f45ec"
    }
  },
  {
    "model": "caluma_workflow.case",
    "pk": "e9197275-36df-460c-b261-ff27f781c5d9",
    "fields": {
      "created_at": "2021-03-31T12:32:54.109Z",
      "modified_at": "2021-10-18T08:43:56.667Z",
      "created_by_user": null,
      "created_by_group": null,
      "modified_by_user": null,
      "modified_by_group": null,
      "family": "e9197275-36df-460c-b261-ff27f781c5d9",
      "closed_at": null,
      "closed_by_user": null,
      "closed_by_group": null,
      "workflow": "building-permit",
      "status": "running",
      "meta": {
        "ebau-number": "2021-1",
        "submit-date": "2021-03-31T13:17:08+0000",
        "net-cycle-time": 6,
        "total-cycle-time": 6,
        "camac-instance-id": 3
      },
      "document": "75980e39-1378-47d5-8253-4b19567569ff"
    }
  },
  {
    "model": "caluma_workflow.case",
    "pk": "edf81bff-4f33-48d6-b8de-2aee7643a97e",
    "fields": {
      "created_at": "2020-06-30T15:02:51.873Z",
      "modified_at": "2020-06-30T15:02:51.874Z",
      "created_by_user": null,
      "created_by_group": null,
      "modified_by_user": null,
      "modified_by_group": null,
      "family": "edf81bff-4f33-48d6-b8de-2aee7643a97e",
      "closed_at": null,
      "closed_by_user": null,
      "closed_by_group": null,
      "workflow": "building-permit",
      "status": "running",
      "meta": {
        "migrated": true,
        "camac-instance-id": 1
      },
      "document": "961f2def-a94a-435f-b8b4-93390c7b40e5"
    }
  },
  {
    "model": "caluma_workflow.case",
    "pk": "f81cd456-d193-48f8-ae3c-d841ba011fbc",
    "fields": {
      "created_at": "2022-09-17T08:04:41.997Z",
      "modified_at": "2022-09-17T09:07:59.721Z",
      "created_by_user": null,
      "created_by_group": null,
      "modified_by_user": null,
      "modified_by_group": null,
      "family": "f81cd456-d193-48f8-ae3c-d841ba011fbc",
      "closed_at": null,
      "closed_by_user": null,
      "closed_by_group": null,
      "workflow": "building-permit",
      "status": "running",
      "meta": {
        "submit-date": "2022-09-17T09:07:59+0000",
        "camac-instance-id": 7
      },
      "document": "62640dc1-9620-4690-8262-7167681a475b"
    }
  },
  {
    "model": "caluma_workflow.historicalworkitem",
    "pk": "0a2caef7-fa7b-423e-8237-19fe7839e74d",
    "fields": {
      "history_user_id": "855a5ba0-cdcc-48d5-ab7c-4fc55cbe0754",
      "created_at": "2022-09-17T07:39:32.199Z",
      "modified_at": "2022-09-17T07:39:32.200Z",
      "created_by_user": "855a5ba0-cdcc-48d5-ab7c-4fc55cbe0754",
      "created_by_group": null,
      "modified_by_user": null,
      "modified_by_group": null,
      "id": "aeb663b8-191d-4116-907e-5660cc11effc",
      "name": "{\"de\": \"Gesuch einreichen\", \"fr\": \"Envoyer la demande\"}",
      "description": "{\"de\": null, \"fr\": null}",
      "closed_at": null,
      "closed_by_user": null,
      "closed_by_group": null,
      "deadline": null,
      "status": "ready",
      "meta": {},
      "addressed_groups": "[]",
      "controlling_groups": "[]",
      "assigned_users": "[]",
      "task": "submit",
      "case": "c08bdf77-d8f1-4756-9875-2a539f598608",
      "child_case": null,
      "document": null,
      "previous_work_item": null,
      "history_date": "2022-09-17T07:39:32.200Z",
      "history_change_reason": null,
      "history_type": "+"
    }
  },
  {
    "model": "caluma_workflow.historicalworkitem",
    "pk": "1a162ff5-c472-4092-817e-ff5b2fc8cd7a",
    "fields": {
      "history_user_id": "855a5ba0-cdcc-48d5-ab7c-4fc55cbe0754",
      "created_at": "2022-09-16T22:11:16.532Z",
      "modified_at": "2022-09-16T22:11:16.532Z",
      "created_by_user": "855a5ba0-cdcc-48d5-ab7c-4fc55cbe0754",
      "created_by_group": null,
      "modified_by_user": null,
      "modified_by_group": null,
      "id": "42c80fca-c319-473b-a9f2-01fdd28554bf",
      "name": "{\"de\": \"Gesuch einreichen\", \"fr\": \"Envoyer la demande\"}",
      "description": "{\"de\": null, \"fr\": null}",
      "closed_at": null,
      "closed_by_user": null,
      "closed_by_group": null,
      "deadline": null,
      "status": "ready",
      "meta": {},
      "addressed_groups": "[]",
      "controlling_groups": "[]",
      "assigned_users": "[]",
      "task": "submit",
      "case": "c8763253-a906-4430-a6f9-3a2c6c5a71cf",
      "child_case": null,
      "document": null,
      "previous_work_item": null,
      "history_date": "2022-09-16T22:11:16.533Z",
      "history_change_reason": null,
      "history_type": "+"
    }
  },
  {
    "model": "caluma_workflow.historicalworkitem",
    "pk": "25177adb-4d9e-45f6-8e8a-d3923fa224b5",
    "fields": {
      "history_user_id": "855a5ba0-cdcc-48d5-ab7c-4fc55cbe0754",
      "created_at": "2022-09-16T22:11:16.532Z",
      "modified_at": "2022-09-16T22:11:16.536Z",
      "created_by_user": "855a5ba0-cdcc-48d5-ab7c-4fc55cbe0754",
      "created_by_group": null,
      "modified_by_user": null,
      "modified_by_group": null,
      "id": "42c80fca-c319-473b-a9f2-01fdd28554bf",
      "name": "{\"de\": \"Gesuch einreichen\", \"fr\": \"Envoyer la demande\"}",
      "description": "{\"de\": null, \"fr\": null}",
      "closed_at": null,
      "closed_by_user": null,
      "closed_by_group": null,
      "deadline": null,
      "status": "ready",
      "meta": {
        "not-viewed": true,
        "notify-deadline": true,
        "notify-completed": false
      },
      "addressed_groups": "[]",
      "controlling_groups": "[]",
      "assigned_users": "[]",
      "task": "submit",
      "case": "c8763253-a906-4430-a6f9-3a2c6c5a71cf",
      "child_case": null,
      "document": null,
      "previous_work_item": null,
      "history_date": "2022-09-16T22:11:16.537Z",
      "history_change_reason": null,
      "history_type": "~"
    }
  },
  {
    "model": "caluma_workflow.historicalworkitem",
    "pk": "3e063c29-fde6-40ee-993d-7e37374c214d",
    "fields": {
      "history_user_id": "855a5ba0-cdcc-48d5-ab7c-4fc55cbe0754",
      "created_at": "2022-09-17T08:04:42.015Z",
      "modified_at": "2022-09-17T08:04:42.015Z",
      "created_by_user": "855a5ba0-cdcc-48d5-ab7c-4fc55cbe0754",
      "created_by_group": null,
      "modified_by_user": null,
      "modified_by_group": null,
      "id": "ff485604-1453-4094-aec2-d4af98d0f50a",
      "name": "{\"de\": \"Gesuch einreichen\", \"fr\": \"Envoyer la demande\"}",
      "description": "{\"de\": null, \"fr\": null}",
      "closed_at": null,
      "closed_by_user": null,
      "closed_by_group": null,
      "deadline": null,
      "status": "ready",
      "meta": {},
      "addressed_groups": "[]",
      "controlling_groups": "[]",
      "assigned_users": "[]",
      "task": "submit",
      "case": "f81cd456-d193-48f8-ae3c-d841ba011fbc",
      "child_case": null,
      "document": null,
      "previous_work_item": null,
      "history_date": "2022-09-17T08:04:42.016Z",
      "history_change_reason": null,
      "history_type": "+"
    }
  },
  {
    "model": "caluma_workflow.historicalworkitem",
    "pk": "4b57c862-8b88-4adf-b912-a5ad895ec22e",
    "fields": {
      "history_user_id": "855a5ba0-cdcc-48d5-ab7c-4fc55cbe0754",
      "created_at": "2022-09-17T08:04:42.015Z",
      "modified_at": "2022-09-17T09:08:00.018Z",
      "created_by_user": "855a5ba0-cdcc-48d5-ab7c-4fc55cbe0754",
      "created_by_group": null,
      "modified_by_user": null,
      "modified_by_group": null,
      "id": "ff485604-1453-4094-aec2-d4af98d0f50a",
      "name": "{\"de\": \"Gesuch einreichen\", \"fr\": \"Envoyer la demande\"}",
      "description": "{\"de\": null, \"fr\": null}",
      "closed_at": "2022-09-17T09:08:00.018Z",
      "closed_by_user": "855a5ba0-cdcc-48d5-ab7c-4fc55cbe0754",
      "closed_by_group": null,
      "deadline": null,
      "status": "completed",
      "meta": {
        "not-viewed": false,
        "notify-deadline": true,
        "notify-completed": false
      },
      "addressed_groups": "[]",
      "controlling_groups": "[]",
      "assigned_users": "[]",
      "task": "submit",
      "case": "f81cd456-d193-48f8-ae3c-d841ba011fbc",
      "child_case": null,
      "document": null,
      "previous_work_item": null,
      "history_date": "2022-09-17T09:08:00.019Z",
      "history_change_reason": null,
      "history_type": "~"
    }
  },
  {
    "model": "caluma_workflow.historicalworkitem",
    "pk": "54d80e0e-eea4-4f4b-98c1-523c2adde5ba",
    "fields": {
      "history_user_id": "855a5ba0-cdcc-48d5-ab7c-4fc55cbe0754",
      "created_at": "2022-09-17T09:08:00.048Z",
      "modified_at": "2022-09-17T09:08:00.048Z",
      "created_by_user": "855a5ba0-cdcc-48d5-ab7c-4fc55cbe0754",
      "created_by_group": null,
      "modified_by_user": null,
      "modified_by_group": null,
      "id": "5f1a04e0-851d-41f4-a9ae-df3c74606105",
      "name": "{\"de\": \"Manuelle Aufgaben erfassen\", \"fr\": \"Saisie des t\\u00e2ches manuelles\"}",
      "description": "{\"de\": null, \"fr\": null}",
      "closed_at": null,
      "closed_by_user": null,
      "closed_by_group": null,
      "deadline": null,
      "status": "ready",
      "meta": {},
      "addressed_groups": "[]",
      "controlling_groups": "[]",
      "assigned_users": "[]",
      "task": "create-manual-workitems",
      "case": "f81cd456-d193-48f8-ae3c-d841ba011fbc",
      "child_case": null,
      "document": null,
      "previous_work_item": "ff485604-1453-4094-aec2-d4af98d0f50a",
      "history_date": "2022-09-17T09:08:00.049Z",
      "history_change_reason": null,
      "history_type": "+"
    }
  },
  {
    "model": "caluma_workflow.historicalworkitem",
    "pk": "5ec0cc39-b4ee-4f62-b577-c3db55549a05",
    "fields": {
      "history_user_id": "855a5ba0-cdcc-48d5-ab7c-4fc55cbe0754",
      "created_at": "2022-09-17T08:04:42.015Z",
      "modified_at": "2022-09-17T09:08:00.015Z",
      "created_by_user": "855a5ba0-cdcc-48d5-ab7c-4fc55cbe0754",
      "created_by_group": null,
      "modified_by_user": null,
      "modified_by_group": null,
      "id": "ff485604-1453-4094-aec2-d4af98d0f50a",
      "name": "{\"de\": \"Gesuch einreichen\", \"fr\": \"Envoyer la demande\"}",
      "description": "{\"de\": null, \"fr\": null}",
      "closed_at": null,
      "closed_by_user": null,
      "closed_by_group": null,
      "deadline": null,
      "status": "ready",
      "meta": {
        "not-viewed": false,
        "notify-deadline": true,
        "notify-completed": false
      },
      "addressed_groups": "[]",
      "controlling_groups": "[]",
      "assigned_users": "[]",
      "task": "submit",
      "case": "f81cd456-d193-48f8-ae3c-d841ba011fbc",
      "child_case": null,
      "document": null,
      "previous_work_item": null,
      "history_date": "2022-09-17T09:08:00.016Z",
      "history_change_reason": null,
      "history_type": "~"
    }
  },
  {
    "model": "caluma_workflow.historicalworkitem",
    "pk": "5f91458a-a0fd-449f-84c8-d944f399aff6",
    "fields": {
      "history_user_id": "855a5ba0-cdcc-48d5-ab7c-4fc55cbe0754",
      "created_at": "2022-09-17T09:08:00.048Z",
      "modified_at": "2022-09-17T09:08:00.089Z",
      "created_by_user": "855a5ba0-cdcc-48d5-ab7c-4fc55cbe0754",
      "created_by_group": null,
      "modified_by_user": null,
      "modified_by_group": null,
      "id": "5f1a04e0-851d-41f4-a9ae-df3c74606105",
      "name": "{\"de\": \"Manuelle Aufgaben erfassen\", \"fr\": \"Saisie des t\\u00e2ches manuelles\"}",
      "description": "{\"de\": null, \"fr\": null}",
      "closed_at": null,
      "closed_by_user": null,
      "closed_by_group": null,
      "deadline": null,
      "status": "ready",
      "meta": {
        "not-viewed": true,
        "notify-deadline": true,
        "notify-completed": false
      },
      "addressed_groups": "[]",
      "controlling_groups": "[]",
      "assigned_users": "[]",
      "task": "create-manual-workitems",
      "case": "f81cd456-d193-48f8-ae3c-d841ba011fbc",
      "child_case": null,
      "document": null,
      "previous_work_item": "ff485604-1453-4094-aec2-d4af98d0f50a",
      "history_date": "2022-09-17T09:08:00.089Z",
      "history_change_reason": null,
      "history_type": "~"
    }
  },
  {
    "model": "caluma_workflow.historicalworkitem",
    "pk": "63e6a441-5daf-4efb-97e3-bed1dcc8ae5c",
    "fields": {
      "history_user_id": "855a5ba0-cdcc-48d5-ab7c-4fc55cbe0754",
      "created_at": "2022-09-17T07:30:20.788Z",
      "modified_at": "2022-09-17T07:30:20.788Z",
      "created_by_user": "855a5ba0-cdcc-48d5-ab7c-4fc55cbe0754",
      "created_by_group": null,
      "modified_by_user": null,
      "modified_by_group": null,
      "id": "c17198c9-0e11-458f-94db-259ca0a5d9e6",
      "name": "{\"de\": \"Gesuch einreichen\", \"fr\": \"Envoyer la demande\"}",
      "description": "{\"de\": null, \"fr\": null}",
      "closed_at": null,
      "closed_by_user": null,
      "closed_by_group": null,
      "deadline": null,
      "status": "ready",
      "meta": {},
      "addressed_groups": "[]",
      "controlling_groups": "[]",
      "assigned_users": "[]",
      "task": "submit",
      "case": "71adbfee-ef68-4b08-acc4-e29bf7d8eb4a",
      "child_case": null,
      "document": null,
      "previous_work_item": null,
      "history_date": "2022-09-17T07:30:20.789Z",
      "history_change_reason": null,
      "history_type": "+"
    }
  },
  {
    "model": "caluma_workflow.historicalworkitem",
    "pk": "760e3598-3e77-4410-a402-3482ec74c1c4",
    "fields": {
      "history_user_id": "855a5ba0-cdcc-48d5-ab7c-4fc55cbe0754",
      "created_at": "2022-09-17T09:08:00.075Z",
      "modified_at": "2022-09-17T09:08:00.092Z",
      "created_by_user": "855a5ba0-cdcc-48d5-ab7c-4fc55cbe0754",
      "created_by_group": null,
      "modified_by_user": null,
      "modified_by_group": null,
      "id": "62e82df4-273e-4c64-948f-3f6973f8164b",
      "name": "{\"de\": \"eBau-Nummer vergeben\", \"fr\": \"Attribution d'un num\\u00e9ro eBau\"}",
      "description": "{\"de\": null, \"fr\": null}",
      "closed_at": null,
      "closed_by_user": null,
      "closed_by_group": null,
      "deadline": "2022-09-22T09:08:00.067Z",
      "status": "ready",
      "meta": {
        "not-viewed": true,
        "notify-deadline": true,
        "notify-completed": false
      },
      "addressed_groups": "[\"2\"]",
      "controlling_groups": "[\"2\"]",
      "assigned_users": "[]",
      "task": "ebau-number",
      "case": "f81cd456-d193-48f8-ae3c-d841ba011fbc",
      "child_case": null,
      "document": "3bc0dd97-00a1-4d25-9d8d-f9f78717d330",
      "previous_work_item": "ff485604-1453-4094-aec2-d4af98d0f50a",
      "history_date": "2022-09-17T09:08:00.093Z",
      "history_change_reason": null,
      "history_type": "~"
    }
  },
  {
    "model": "caluma_workflow.historicalworkitem",
    "pk": "7720e04e-2209-4485-b488-4ebade4d42fc",
    "fields": {
      "history_user_id": "855a5ba0-cdcc-48d5-ab7c-4fc55cbe0754",
      "created_at": "2022-09-17T08:04:42.015Z",
      "modified_at": "2022-09-17T08:04:42.018Z",
      "created_by_user": "855a5ba0-cdcc-48d5-ab7c-4fc55cbe0754",
      "created_by_group": null,
      "modified_by_user": null,
      "modified_by_group": null,
      "id": "ff485604-1453-4094-aec2-d4af98d0f50a",
      "name": "{\"de\": \"Gesuch einreichen\", \"fr\": \"Envoyer la demande\"}",
      "description": "{\"de\": null, \"fr\": null}",
      "closed_at": null,
      "closed_by_user": null,
      "closed_by_group": null,
      "deadline": null,
      "status": "ready",
      "meta": {
        "not-viewed": true,
        "notify-deadline": true,
        "notify-completed": false
      },
      "addressed_groups": "[]",
      "controlling_groups": "[]",
      "assigned_users": "[]",
      "task": "submit",
      "case": "f81cd456-d193-48f8-ae3c-d841ba011fbc",
      "child_case": null,
      "document": null,
      "previous_work_item": null,
      "history_date": "2022-09-17T08:04:42.019Z",
      "history_change_reason": null,
      "history_type": "~"
    }
  },
  {
    "model": "caluma_workflow.historicalworkitem",
    "pk": "77898d4b-aa4b-4d8d-ad6e-53ca905a06f3",
    "fields": {
      "history_user_id": "855a5ba0-cdcc-48d5-ab7c-4fc55cbe0754",
      "created_at": "2022-09-17T07:30:20.788Z",
      "modified_at": "2022-09-17T07:30:20.791Z",
      "created_by_user": "855a5ba0-cdcc-48d5-ab7c-4fc55cbe0754",
      "created_by_group": null,
      "modified_by_user": null,
      "modified_by_group": null,
      "id": "c17198c9-0e11-458f-94db-259ca0a5d9e6",
      "name": "{\"de\": \"Gesuch einreichen\", \"fr\": \"Envoyer la demande\"}",
      "description": "{\"de\": null, \"fr\": null}",
      "closed_at": null,
      "closed_by_user": null,
      "closed_by_group": null,
      "deadline": null,
      "status": "ready",
      "meta": {
        "not-viewed": true,
        "notify-deadline": true,
        "notify-completed": false
      },
      "addressed_groups": "[]",
      "controlling_groups": "[]",
      "assigned_users": "[]",
      "task": "submit",
      "case": "71adbfee-ef68-4b08-acc4-e29bf7d8eb4a",
      "child_case": null,
      "document": null,
      "previous_work_item": null,
      "history_date": "2022-09-17T07:30:20.792Z",
      "history_change_reason": null,
      "history_type": "~"
    }
  },
  {
    "model": "caluma_workflow.historicalworkitem",
    "pk": "8482c1c6-bee7-483f-bdef-f6fb4327515f",
    "fields": {
      "history_user_id": "855a5ba0-cdcc-48d5-ab7c-4fc55cbe0754",
      "created_at": "2022-09-17T09:08:00.087Z",
      "modified_at": "2022-09-17T09:08:00.099Z",
      "created_by_user": "855a5ba0-cdcc-48d5-ab7c-4fc55cbe0754",
      "created_by_group": null,
      "modified_by_user": null,
      "modified_by_group": null,
      "id": "2e7a5c97-6ae2-44f4-aee6-9cec18a623c1",
      "name": "{\"de\": \"Nachforderungen\", \"fr\": \"Demandes de compl\\u00e9ment d'information\"}",
      "description": "{\"de\": null, \"fr\": null}",
      "closed_at": null,
      "closed_by_user": null,
      "closed_by_group": null,
      "deadline": null,
      "status": "ready",
      "meta": {
        "not-viewed": true,
        "notify-deadline": true,
        "notify-completed": false
      },
      "addressed_groups": "[\"2\"]",
      "controlling_groups": "[]",
      "assigned_users": "[]",
      "task": "nfd",
      "case": "f81cd456-d193-48f8-ae3c-d841ba011fbc",
      "child_case": null,
      "document": "239d75b4-9dd7-4aab-aab4-2ff733cf37ce",
      "previous_work_item": "ff485604-1453-4094-aec2-d4af98d0f50a",
      "history_date": "2022-09-17T09:08:00.100Z",
      "history_change_reason": null,
      "history_type": "~"
    }
  },
  {
    "model": "caluma_workflow.historicalworkitem",
    "pk": "8f113042-6cbb-4e5a-b7a9-87d81b569ec3",
    "fields": {
      "history_user_id": "855a5ba0-cdcc-48d5-ab7c-4fc55cbe0754",
      "created_at": "2022-09-17T09:08:00.075Z",
      "modified_at": "2022-09-17T09:08:00.075Z",
      "created_by_user": "855a5ba0-cdcc-48d5-ab7c-4fc55cbe0754",
      "created_by_group": null,
      "modified_by_user": null,
      "modified_by_group": null,
      "id": "62e82df4-273e-4c64-948f-3f6973f8164b",
      "name": "{\"de\": \"eBau-Nummer vergeben\", \"fr\": \"Attribution d'un num\\u00e9ro eBau\"}",
      "description": "{\"de\": null, \"fr\": null}",
      "closed_at": null,
      "closed_by_user": null,
      "closed_by_group": null,
      "deadline": "2022-09-22T09:08:00.067Z",
      "status": "ready",
      "meta": {},
      "addressed_groups": "[\"2\"]",
      "controlling_groups": "[\"2\"]",
      "assigned_users": "[]",
      "task": "ebau-number",
      "case": "f81cd456-d193-48f8-ae3c-d841ba011fbc",
      "child_case": null,
      "document": "3bc0dd97-00a1-4d25-9d8d-f9f78717d330",
      "previous_work_item": "ff485604-1453-4094-aec2-d4af98d0f50a",
      "history_date": "2022-09-17T09:08:00.075Z",
      "history_change_reason": null,
      "history_type": "+"
    }
  },
  {
    "model": "caluma_workflow.historicalworkitem",
    "pk": "98c3f282-8b46-4dbc-a89b-901fe9f294a3",
    "fields": {
      "history_user_id": "855a5ba0-cdcc-48d5-ab7c-4fc55cbe0754",
      "created_at": "2022-09-17T09:08:00.087Z",
      "modified_at": "2022-09-17T09:08:00.103Z",
      "created_by_user": "855a5ba0-cdcc-48d5-ab7c-4fc55cbe0754",
      "created_by_group": null,
      "modified_by_user": null,
      "modified_by_group": null,
      "id": "2e7a5c97-6ae2-44f4-aee6-9cec18a623c1",
      "name": "{\"de\": \"Nachforderungen\", \"fr\": \"Demandes de compl\\u00e9ment d'information\"}",
      "description": "{\"de\": null, \"fr\": null}",
      "closed_at": null,
      "closed_by_user": null,
      "closed_by_group": null,
      "deadline": null,
      "status": "ready",
      "meta": {
        "not-viewed": true,
        "notify-deadline": true,
        "notify-completed": false
      },
      "addressed_groups": "[\"2\"]",
      "controlling_groups": "[]",
      "assigned_users": "[]",
      "task": "nfd",
      "case": "f81cd456-d193-48f8-ae3c-d841ba011fbc",
      "child_case": null,
      "document": "239d75b4-9dd7-4aab-aab4-2ff733cf37ce",
      "previous_work_item": "ff485604-1453-4094-aec2-d4af98d0f50a",
      "history_date": "2022-09-17T09:08:00.104Z",
      "history_change_reason": null,
      "history_type": "~"
    }
  },
  {
    "model": "caluma_workflow.historicalworkitem",
    "pk": "9c40c95c-5eb9-4455-b1d2-255a516dd754",
    "fields": {
      "history_user_id": "855a5ba0-cdcc-48d5-ab7c-4fc55cbe0754",
      "created_at": "2022-09-17T09:08:00.087Z",
      "modified_at": "2022-09-17T09:08:00.087Z",
      "created_by_user": "855a5ba0-cdcc-48d5-ab7c-4fc55cbe0754",
      "created_by_group": null,
      "modified_by_user": null,
      "modified_by_group": null,
      "id": "2e7a5c97-6ae2-44f4-aee6-9cec18a623c1",
      "name": "{\"de\": \"Nachforderungen\", \"fr\": \"Demandes de compl\\u00e9ment d'information\"}",
      "description": "{\"de\": null, \"fr\": null}",
      "closed_at": null,
      "closed_by_user": null,
      "closed_by_group": null,
      "deadline": null,
      "status": "ready",
      "meta": {},
      "addressed_groups": "[\"2\"]",
      "controlling_groups": "[]",
      "assigned_users": "[]",
      "task": "nfd",
      "case": "f81cd456-d193-48f8-ae3c-d841ba011fbc",
      "child_case": null,
      "document": "239d75b4-9dd7-4aab-aab4-2ff733cf37ce",
      "previous_work_item": "ff485604-1453-4094-aec2-d4af98d0f50a",
      "history_date": "2022-09-17T09:08:00.087Z",
      "history_change_reason": null,
      "history_type": "+"
    }
  },
  {
    "model": "caluma_workflow.historicalworkitem",
    "pk": "cf1ecb28-7973-42db-bb31-6d537df59254",
    "fields": {
      "history_user_id": "855a5ba0-cdcc-48d5-ab7c-4fc55cbe0754",
      "created_at": "2022-09-17T07:39:32.199Z",
      "modified_at": "2022-09-17T07:39:32.203Z",
      "created_by_user": "855a5ba0-cdcc-48d5-ab7c-4fc55cbe0754",
      "created_by_group": null,
      "modified_by_user": null,
      "modified_by_group": null,
      "id": "aeb663b8-191d-4116-907e-5660cc11effc",
      "name": "{\"de\": \"Gesuch einreichen\", \"fr\": \"Envoyer la demande\"}",
      "description": "{\"de\": null, \"fr\": null}",
      "closed_at": null,
      "closed_by_user": null,
      "closed_by_group": null,
      "deadline": null,
      "status": "ready",
      "meta": {
        "not-viewed": true,
        "notify-deadline": true,
        "notify-completed": false
      },
      "addressed_groups": "[]",
      "controlling_groups": "[]",
      "assigned_users": "[]",
      "task": "submit",
      "case": "c08bdf77-d8f1-4756-9875-2a539f598608",
      "child_case": null,
      "document": null,
      "previous_work_item": null,
      "history_date": "2022-09-17T07:39:32.203Z",
      "history_change_reason": null,
      "history_type": "~"
    }
  },
  {
    "model": "caluma_workflow.historicalworkitem",
    "pk": "f1ab8db1-bfb5-49a0-9582-6f395761b6ac",
    "fields": {
      "history_user_id": "855a5ba0-cdcc-48d5-ab7c-4fc55cbe0754",
      "created_at": "2022-09-17T09:08:00.075Z",
      "modified_at": "2022-09-17T09:08:00.097Z",
      "created_by_user": "855a5ba0-cdcc-48d5-ab7c-4fc55cbe0754",
      "created_by_group": null,
      "modified_by_user": null,
      "modified_by_group": null,
      "id": "62e82df4-273e-4c64-948f-3f6973f8164b",
      "name": "{\"de\": \"eBau-Nummer vergeben\", \"fr\": \"Attribution d'un num\\u00e9ro eBau\"}",
      "description": "{\"de\": null, \"fr\": null}",
      "closed_at": null,
      "closed_by_user": null,
      "closed_by_group": null,
      "deadline": "2022-09-22T09:08:00.067Z",
      "status": "ready",
      "meta": {
        "not-viewed": true,
        "notify-deadline": true,
        "notify-completed": false
      },
      "addressed_groups": "[\"2\"]",
      "controlling_groups": "[\"2\"]",
      "assigned_users": "[]",
      "task": "ebau-number",
      "case": "f81cd456-d193-48f8-ae3c-d841ba011fbc",
      "child_case": null,
      "document": "3bc0dd97-00a1-4d25-9d8d-f9f78717d330",
      "previous_work_item": "ff485604-1453-4094-aec2-d4af98d0f50a",
      "history_date": "2022-09-17T09:08:00.098Z",
      "history_change_reason": null,
      "history_type": "~"
    }
  },
  {
    "model": "caluma_workflow.historicalworkitem",
    "pk": "f6875dc5-d3ef-497c-bfbc-78859fbd8aa4",
    "fields": {
      "history_user_id": null,
      "created_at": "2021-04-06T12:19:18.225Z",
      "modified_at": "2022-07-06T09:56:30.821Z",
      "created_by_user": "855a5ba0-cdcc-48d5-ab7c-4fc55cbe0754",
      "created_by_group": "2",
      "modified_by_user": "855a5ba0-cdcc-48d5-ab7c-4fc55cbe0754",
      "modified_by_group": "2",
      "id": "d2877a2d-a1a8-4c74-b0d4-0bd601f42b5e",
      "name": "{\"de\": \"Entscheid verf\\u00fcgen\", \"fr\": \"Rendre la d\\u00e9cision\"}",
      "description": "{\"de\": null, \"fr\": null}",
      "closed_at": "2021-04-06T12:19:37.761Z",
      "closed_by_user": "855a5ba0-cdcc-48d5-ab7c-4fc55cbe0754",
      "closed_by_group": "2",
      "deadline": "2021-04-16T12:19:18.219Z",
      "status": "completed",
      "meta": {
        "not-viewed": false,
        "notify-deadline": true,
        "notify-completed": false
      },
      "addressed_groups": "[\"2\"]",
      "controlling_groups": "[]",
      "assigned_users": "[]",
      "task": "decision",
      "case": "e9197275-36df-460c-b261-ff27f781c5d9",
      "child_case": null,
      "document": "e101ed70-5cbc-4e7f-a022-c3ed39247c46",
      "previous_work_item": "bb6a4095-4298-4bc4-9225-9d57cdb585db",
      "history_date": "2022-07-06T09:56:30.823Z",
      "history_change_reason": null,
      "history_type": "~"
    }
  },
  {
    "model": "caluma_workflow.workitem",
    "pk": "0354895b-5fc2-44da-b683-416719ab61b3",
    "fields": {
      "created_at": "2021-04-06T12:19:11.131Z",
      "modified_at": "2021-04-06T12:19:37.659Z",
      "created_by_user": "855a5ba0-cdcc-48d5-ab7c-4fc55cbe0754",
      "created_by_group": "2",
      "modified_by_user": null,
      "modified_by_group": null,
      "name": "{\"de\": \"Dossier publizieren\", \"fr\": \"Publier le dossier\"}",
      "description": "{\"de\": null, \"fr\": null}",
      "closed_at": "2021-04-06T12:19:37.659Z",
      "closed_by_user": "855a5ba0-cdcc-48d5-ab7c-4fc55cbe0754",
      "closed_by_group": "2",
      "deadline": "2021-04-16T12:19:11.123Z",
      "task": "publication",
      "status": "skipped",
      "meta": {
        "not-viewed": false,
        "notify-deadline": true,
        "notify-completed": false
      },
      "addressed_groups": "[\"2\"]",
      "controlling_groups": "[]",
      "assigned_users": "[]",
      "case": "e9197275-36df-460c-b261-ff27f781c5d9",
      "child_case": null,
      "document": null,
      "previous_work_item": "7701c0e1-cef3-4159-9c01-78955791d104"
    }
  },
  {
    "model": "caluma_workflow.workitem",
    "pk": "0b066822-bed6-4fdc-b046-27636762e025",
    "fields": {
      "created_at": "2021-04-06T12:19:38.313Z",
      "modified_at": "2021-04-06T12:19:38.343Z",
      "created_by_user": "855a5ba0-cdcc-48d5-ab7c-4fc55cbe0754",
      "created_by_group": "2",
      "modified_by_user": null,
      "modified_by_group": null,
      "name": "{\"de\": \"Neue Publikation erfassen\", \"fr\": null}",
      "description": "{\"de\": null, \"fr\": null}",
      "closed_at": null,
      "closed_by_user": null,
      "closed_by_group": null,
      "deadline": null,
      "task": "create-publication",
      "status": "ready",
      "meta": {
        "not-viewed": true,
        "notify-deadline": true,
        "notify-completed": false
      },
      "addressed_groups": "[\"2\"]",
      "controlling_groups": "[]",
      "assigned_users": "[]",
      "case": "e9197275-36df-460c-b261-ff27f781c5d9",
      "child_case": null,
      "document": null,
      "previous_work_item": "d2877a2d-a1a8-4c74-b0d4-0bd601f42b5e"
    }
  },
  {
    "model": "caluma_workflow.workitem",
    "pk": "147e4eab-8666-43ac-9e17-fcd0e8f78de5",
    "fields": {
      "created_at": "2020-06-30T15:02:51.903Z",
      "modified_at": "2020-09-15T09:42:07.423Z",
      "created_by_user": null,
      "created_by_group": null,
      "modified_by_user": null,
      "modified_by_group": null,
      "name": "{\"de\": \"Gesuch einreichen\", \"fr\": \"Envoyer la demande\"}",
      "description": "{\"de\": null, \"fr\": null}",
      "closed_at": "2020-06-30T15:02:51.906Z",
      "closed_by_user": null,
      "closed_by_group": null,
      "deadline": null,
      "task": "submit",
      "status": "skipped",
      "meta": {
        "migrated": true,
        "not-viewed": true
      },
      "addressed_groups": "[]",
      "controlling_groups": "[]",
      "assigned_users": "[]",
      "case": "7d2bb3fe-83a1-4abc-a6c8-732c366678b1",
      "child_case": null,
      "document": null,
      "previous_work_item": null
    }
  },
  {
    "model": "caluma_workflow.workitem",
    "pk": "1803529b-5b8f-4da3-9207-f2c9adfe3bc8",
    "fields": {
      "created_at": "2021-04-06T12:19:37.625Z",
      "modified_at": "2021-04-06T12:19:37.695Z",
      "created_by_user": "855a5ba0-cdcc-48d5-ab7c-4fc55cbe0754",
      "created_by_group": "2",
      "modified_by_user": null,
      "modified_by_group": null,
      "name": "{\"de\": \"Neue Publikation erfassen\", \"fr\": null}",
      "description": "{\"de\": null, \"fr\": null}",
      "closed_at": "2021-04-06T12:19:37.694Z",
      "closed_by_user": "855a5ba0-cdcc-48d5-ab7c-4fc55cbe0754",
      "closed_by_group": "2",
      "deadline": null,
      "task": "create-publication",
      "status": "canceled",
      "meta": {
        "not-viewed": true,
        "notify-deadline": true,
        "notify-completed": false
      },
      "addressed_groups": "[\"2\"]",
      "controlling_groups": "[]",
      "assigned_users": "[]",
      "case": "e9197275-36df-460c-b261-ff27f781c5d9",
      "child_case": null,
      "document": null,
      "previous_work_item": "c6431ed6-7413-4a3f-80f5-a110596aaff1"
    }
  },
  {
    "model": "caluma_workflow.workitem",
    "pk": "20acda8a-2a9f-4d9d-a422-fb9aaf9b4e0e",
    "fields": {
      "created_at": "2021-03-31T12:32:54.136Z",
      "modified_at": "2021-03-31T13:17:09.598Z",
      "created_by_user": "855a5ba0-cdcc-48d5-ab7c-4fc55cbe0754",
      "created_by_group": null,
      "modified_by_user": null,
      "modified_by_group": null,
      "name": "{\"de\": \"Gesuch einreichen\", \"fr\": \"Envoyer la demande\"}",
      "description": "{\"de\": null, \"fr\": null}",
      "closed_at": "2021-03-31T13:17:09.598Z",
      "closed_by_user": "855a5ba0-cdcc-48d5-ab7c-4fc55cbe0754",
      "closed_by_group": null,
      "deadline": null,
      "task": "submit",
      "status": "completed",
      "meta": {
        "not-viewed": false,
        "notify-deadline": true,
        "notify-completed": false
      },
      "addressed_groups": "[]",
      "controlling_groups": "[]",
      "assigned_users": "[]",
      "case": "e9197275-36df-460c-b261-ff27f781c5d9",
      "child_case": null,
      "document": null,
      "previous_work_item": null
    }
  },
  {
    "model": "caluma_workflow.workitem",
    "pk": "2e7a5c97-6ae2-44f4-aee6-9cec18a623c1",
    "fields": {
      "created_at": "2022-09-17T09:08:00.087Z",
      "modified_at": "2022-09-17T09:08:00.103Z",
      "created_by_user": "855a5ba0-cdcc-48d5-ab7c-4fc55cbe0754",
      "created_by_group": null,
      "modified_by_user": null,
      "modified_by_group": null,
      "name": "{\"de\": \"Nachforderungen\", \"fr\": \"Demandes de compl\\u00e9ment d'information\"}",
      "description": "{\"de\": null, \"fr\": null}",
      "closed_at": null,
      "closed_by_user": null,
      "closed_by_group": null,
      "deadline": null,
      "task": "nfd",
      "status": "ready",
      "meta": {
        "not-viewed": true,
        "notify-deadline": true,
        "notify-completed": false
      },
      "addressed_groups": "[\"2\"]",
      "controlling_groups": "[]",
      "assigned_users": "[]",
      "case": "f81cd456-d193-48f8-ae3c-d841ba011fbc",
      "child_case": null,
      "document": "239d75b4-9dd7-4aab-aab4-2ff733cf37ce",
      "previous_work_item": "ff485604-1453-4094-aec2-d4af98d0f50a"
    }
  },
  {
    "model": "caluma_workflow.workitem",
    "pk": "35287a1f-5c9a-41d4-9b93-769ba50822b9",
    "fields": {
      "created_at": "2021-03-31T13:17:09.801Z",
      "modified_at": "2021-04-06T12:19:37.751Z",
      "created_by_user": "855a5ba0-cdcc-48d5-ab7c-4fc55cbe0754",
      "created_by_group": null,
      "modified_by_user": null,
      "modified_by_group": null,
      "name": "{\"de\": \"Nachforderungen\", \"fr\": \"Demandes de compl\\u00e9ment d'information\"}",
      "description": "{\"de\": null, \"fr\": null}",
      "closed_at": "2021-04-06T12:19:37.751Z",
      "closed_by_user": "855a5ba0-cdcc-48d5-ab7c-4fc55cbe0754",
      "closed_by_group": "2",
      "deadline": null,
      "task": "nfd",
      "status": "completed",
      "meta": {
        "not-viewed": false,
        "notify-deadline": true,
        "notify-completed": false
      },
      "addressed_groups": "[\"2\"]",
      "controlling_groups": "[]",
      "assigned_users": "[]",
      "case": "e9197275-36df-460c-b261-ff27f781c5d9",
      "child_case": null,
      "document": "4b765394-28a6-4955-b36b-8a0f6a3a4c07",
      "previous_work_item": "20acda8a-2a9f-4d9d-a422-fb9aaf9b4e0e"
    }
  },
  {
    "model": "caluma_workflow.workitem",
    "pk": "39f52c7a-19d9-4fb5-b809-559f920e5e8e",
    "fields": {
      "created_at": "2021-03-31T13:17:09.801Z",
      "modified_at": "2021-04-06T12:19:37.679Z",
      "created_by_user": "855a5ba0-cdcc-48d5-ab7c-4fc55cbe0754",
      "created_by_group": null,
      "modified_by_user": null,
      "modified_by_group": null,
      "name": "{\"de\": \"Manuelle Aufgaben erfassen\", \"fr\": \"Saisie des t\\u00e2ches manuelles\"}",
      "description": "{\"de\": null, \"fr\": null}",
      "closed_at": "2021-04-06T12:19:37.677Z",
      "closed_by_user": "855a5ba0-cdcc-48d5-ab7c-4fc55cbe0754",
      "closed_by_group": "2",
      "deadline": null,
      "task": "create-manual-workitems",
      "status": "canceled",
      "meta": {
        "not-viewed": true,
        "notify-deadline": true,
        "notify-completed": false
      },
      "addressed_groups": "[]",
      "controlling_groups": "[]",
      "assigned_users": "[]",
      "case": "e9197275-36df-460c-b261-ff27f781c5d9",
      "child_case": null,
      "document": null,
      "previous_work_item": "20acda8a-2a9f-4d9d-a422-fb9aaf9b4e0e"
    }
  },
  {
    "model": "caluma_workflow.workitem",
    "pk": "42c80fca-c319-473b-a9f2-01fdd28554bf",
    "fields": {
      "created_at": "2022-09-16T22:11:16.532Z",
      "modified_at": "2022-09-16T22:11:16.536Z",
      "created_by_user": "855a5ba0-cdcc-48d5-ab7c-4fc55cbe0754",
      "created_by_group": null,
      "modified_by_user": null,
      "modified_by_group": null,
      "name": "{\"de\": \"Gesuch einreichen\", \"fr\": \"Envoyer la demande\"}",
      "description": "{\"de\": null, \"fr\": null}",
      "closed_at": null,
      "closed_by_user": null,
      "closed_by_group": null,
      "deadline": null,
      "task": "submit",
      "status": "ready",
      "meta": {
        "not-viewed": true,
        "notify-deadline": true,
        "notify-completed": false
      },
      "addressed_groups": "[]",
      "controlling_groups": "[]",
      "assigned_users": "[]",
      "case": "c8763253-a906-4430-a6f9-3a2c6c5a71cf",
      "child_case": null,
      "document": null,
      "previous_work_item": null
    }
  },
  {
    "model": "caluma_workflow.workitem",
    "pk": "477507c6-bba0-40f6-907b-9a2f9baac89d",
    "fields": {
      "created_at": "2021-04-06T12:23:00.137Z",
      "modified_at": "2021-10-18T08:44:08.390Z",
      "created_by_user": "855a5ba0-cdcc-48d5-ab7c-4fc55cbe0754",
      "created_by_group": null,
      "modified_by_user": null,
      "modified_by_group": null,
      "name": "{\"de\": \"Selbstdeklaration 1 pr\\u00fcfen\", \"fr\": \"V\\u00e9rifier la d\\u00e9claration spontan\\u00e9e 1\"}",
      "description": "{\"de\": null, \"fr\": null}",
      "closed_at": null,
      "closed_by_user": null,
      "closed_by_group": null,
      "deadline": "2021-04-11T12:23:00.109Z",
      "task": "check-sb1",
      "status": "ready",
      "meta": {
        "not-viewed": true,
        "notify-deadline": true,
        "notify-completed": false
      },
      "addressed_groups": "[\"3\"]",
      "controlling_groups": "[\"3\"]",
      "assigned_users": "[]",
      "case": "e9197275-36df-460c-b261-ff27f781c5d9",
      "child_case": null,
      "document": null,
      "previous_work_item": "8b0c2176-02df-4a83-b621-0f4b03dd4995"
    }
  },
  {
    "model": "caluma_workflow.workitem",
    "pk": "4bb0968b-86ee-444c-a71c-4586eaaf7ad0",
    "fields": {
      "created_at": "2020-06-30T15:02:51.934Z",
      "modified_at": "2020-09-15T09:42:07.436Z",
      "created_by_user": null,
      "created_by_group": null,
      "modified_by_user": null,
      "modified_by_group": null,
      "name": "{\"de\": \"Nachforderungen\", \"fr\": \"Demandes de compl\\u00e9ment d'information\"}",
      "description": "{\"de\": null, \"fr\": null}",
      "closed_at": null,
      "closed_by_user": null,
      "closed_by_group": null,
      "deadline": null,
      "task": "nfd",
      "status": "ready",
      "meta": {
        "migrated": true,
        "not-viewed": true
      },
      "addressed_groups": "[\"2\"]",
      "controlling_groups": "[]",
      "assigned_users": "[]",
      "case": "7d2bb3fe-83a1-4abc-a6c8-732c366678b1",
      "child_case": null,
      "document": "cb3d4d28-86a9-42f9-ba0b-f90876b61976",
      "previous_work_item": "147e4eab-8666-43ac-9e17-fcd0e8f78de5"
    }
  },
  {
    "model": "caluma_workflow.workitem",
    "pk": "5f1a04e0-851d-41f4-a9ae-df3c74606105",
    "fields": {
      "created_at": "2022-09-17T09:08:00.048Z",
      "modified_at": "2022-09-17T09:08:00.089Z",
      "created_by_user": "855a5ba0-cdcc-48d5-ab7c-4fc55cbe0754",
      "created_by_group": null,
      "modified_by_user": null,
      "modified_by_group": null,
      "name": "{\"de\": \"Manuelle Aufgaben erfassen\", \"fr\": \"Saisie des t\\u00e2ches manuelles\"}",
      "description": "{\"de\": null, \"fr\": null}",
      "closed_at": null,
      "closed_by_user": null,
      "closed_by_group": null,
      "deadline": null,
      "task": "create-manual-workitems",
      "status": "ready",
      "meta": {
        "not-viewed": true,
        "notify-deadline": true,
        "notify-completed": false
      },
      "addressed_groups": "[]",
      "controlling_groups": "[]",
      "assigned_users": "[]",
      "case": "f81cd456-d193-48f8-ae3c-d841ba011fbc",
      "child_case": null,
      "document": null,
      "previous_work_item": "ff485604-1453-4094-aec2-d4af98d0f50a"
    }
  },
  {
    "model": "caluma_workflow.workitem",
    "pk": "62e82df4-273e-4c64-948f-3f6973f8164b",
    "fields": {
      "created_at": "2022-09-17T09:08:00.075Z",
      "modified_at": "2022-09-17T09:08:00.097Z",
      "created_by_user": "855a5ba0-cdcc-48d5-ab7c-4fc55cbe0754",
      "created_by_group": null,
      "modified_by_user": null,
      "modified_by_group": null,
      "name": "{\"de\": \"eBau-Nummer vergeben\", \"fr\": \"Attribution d'un num\\u00e9ro eBau\"}",
      "description": "{\"de\": null, \"fr\": null}",
      "closed_at": null,
      "closed_by_user": null,
      "closed_by_group": null,
      "deadline": "2022-09-22T09:08:00.067Z",
      "task": "ebau-number",
      "status": "ready",
      "meta": {
        "not-viewed": true,
        "notify-deadline": true,
        "notify-completed": false
      },
      "addressed_groups": "[\"2\"]",
      "controlling_groups": "[\"2\"]",
      "assigned_users": "[]",
      "case": "f81cd456-d193-48f8-ae3c-d841ba011fbc",
      "child_case": null,
      "document": "3bc0dd97-00a1-4d25-9d8d-f9f78717d330",
      "previous_work_item": "ff485604-1453-4094-aec2-d4af98d0f50a"
    }
  },
  {
    "model": "caluma_workflow.workitem",
    "pk": "68967496-700f-493b-b583-dc76b10f715b",
    "fields": {
      "created_at": "2021-04-06T12:23:00.137Z",
      "modified_at": "2021-04-06T12:23:00.363Z",
      "created_by_user": "855a5ba0-cdcc-48d5-ab7c-4fc55cbe0754",
      "created_by_group": null,
      "modified_by_user": null,
      "modified_by_group": null,
      "name": "{\"de\": \"Selbstdeklaration 2 ausf\\u00fcllen\", \"fr\": \"Remplir la d\\u00e9claration spontan\\u00e9e 2\"}",
      "description": "{\"de\": null, \"fr\": null}",
      "closed_at": null,
      "closed_by_user": null,
      "closed_by_group": null,
      "deadline": null,
      "task": "sb2",
      "status": "ready",
      "meta": {
        "not-viewed": true,
        "notify-deadline": true,
        "notify-completed": false
      },
      "addressed_groups": "[]",
      "controlling_groups": "[]",
      "assigned_users": "[]",
      "case": "e9197275-36df-460c-b261-ff27f781c5d9",
      "child_case": null,
      "document": "d4603ede-e70c-4ea0-8f5d-aea5f108eaeb",
      "previous_work_item": "8b0c2176-02df-4a83-b621-0f4b03dd4995"
    }
  },
  {
    "model": "caluma_workflow.workitem",
    "pk": "7221003d-d3f2-4b72-b9f0-5eed8036b4c8",
    "fields": {
      "created_at": "2021-04-06T12:19:10.774Z",
      "modified_at": "2022-07-06T09:56:30.813Z",
      "created_by_user": null,
      "created_by_group": null,
      "modified_by_user": null,
      "modified_by_group": null,
      "name": "{\"de\": \"Zirkulation abschliessen\", \"fr\": \"Clore la circulation\"}",
      "description": "{\"de\": null, \"fr\": null}",
      "closed_at": "2021-04-06T12:19:18.225Z",
      "closed_by_user": null,
      "closed_by_group": null,
      "deadline": null,
      "task": "complete-distribution",
      "status": "completed",
      "meta": {
        "not-viewed": true,
        "migrated-at": "2022-07-06T09:56:29.461748+00:00",
        "notify-deadline": false,
        "notify-completed": false
      },
      "addressed_groups": "[\"2\"]",
      "controlling_groups": "[]",
      "assigned_users": "[]",
      "case": "4a5cd9c4-dd39-4115-ad03-b2134e65ac1d",
      "child_case": null,
      "document": null,
      "previous_work_item": null
    }
  },
  {
    "model": "caluma_workflow.workitem",
    "pk": "7701c0e1-cef3-4159-9c01-78955791d104",
    "fields": {
      "created_at": "2021-03-31T13:17:09.801Z",
      "modified_at": "2022-01-05T14:52:51.923Z",
      "created_by_user": "855a5ba0-cdcc-48d5-ab7c-4fc55cbe0754",
      "created_by_group": null,
      "modified_by_user": null,
      "modified_by_group": null,
      "name": "{\"de\": \"eBau-Nummer vergeben\", \"fr\": \"Attribution d'un num\\u00e9ro eBau\"}",
      "description": "{\"de\": null, \"fr\": null}",
      "closed_at": "2021-04-06T12:19:10.774Z",
      "closed_by_user": "855a5ba0-cdcc-48d5-ab7c-4fc55cbe0754",
      "closed_by_group": "2",
      "deadline": "2021-04-05T13:17:09.772Z",
      "task": "ebau-number",
      "status": "completed",
      "meta": {
        "not-viewed": false,
        "notify-deadline": true,
        "notify-completed": false
      },
      "addressed_groups": "[\"2\"]",
      "controlling_groups": "[]",
      "assigned_users": "[]",
      "case": "e9197275-36df-460c-b261-ff27f781c5d9",
      "child_case": null,
      "document": "92d0ff97-f78b-4b0d-953f-3eccc3a9bdad",
      "previous_work_item": "20acda8a-2a9f-4d9d-a422-fb9aaf9b4e0e"
    }
  },
  {
    "model": "caluma_workflow.workitem",
    "pk": "784939b0-4dc1-4a33-80ff-54f89855bde1",
    "fields": {
      "created_at": "2021-04-06T12:19:10.774Z",
      "modified_at": "2022-07-06T09:56:30.813Z",
      "created_by_user": null,
      "created_by_group": null,
      "modified_by_user": null,
      "modified_by_group": null,
      "name": "{\"de\": \"Zirkulation initialisieren\", \"fr\": \"Initialiser la circulation\"}",
      "description": "{\"de\": null, \"fr\": null}",
      "closed_at": "2021-04-06T12:19:18.225Z",
      "closed_by_user": null,
      "closed_by_group": null,
      "deadline": "2021-04-16T00:00:00Z",
      "task": "init-distribution",
      "status": "canceled",
      "meta": {
        "not-viewed": true,
        "migrated-at": "2022-07-06T09:56:29.461748+00:00",
        "notify-deadline": false,
        "notify-completed": false
      },
      "addressed_groups": "[\"2\"]",
      "controlling_groups": "[\"2\"]",
      "assigned_users": "[]",
      "case": "4a5cd9c4-dd39-4115-ad03-b2134e65ac1d",
      "child_case": null,
      "document": null,
      "previous_work_item": null
    }
  },
  {
    "model": "caluma_workflow.workitem",
    "pk": "7c4aea21-be54-40ce-91fb-9a2b2f1f1185",
    "fields": {
      "created_at": "2021-04-06T12:19:11.131Z",
      "modified_at": "2021-04-06T12:19:37.543Z",
      "created_by_user": "855a5ba0-cdcc-48d5-ab7c-4fc55cbe0754",
      "created_by_group": "2",
      "modified_by_user": null,
      "modified_by_group": null,
      "name": "{\"de\": \"Dossier pr\\u00fcfen\", \"fr\": \"V\\u00e9rifier le dossier\"}",
      "description": "{\"de\": null, \"fr\": null}",
      "closed_at": "2021-04-06T12:19:37.543Z",
      "closed_by_user": "855a5ba0-cdcc-48d5-ab7c-4fc55cbe0754",
      "closed_by_group": "2",
      "deadline": "2021-04-16T12:19:11.065Z",
      "task": "audit",
      "status": "skipped",
      "meta": {
        "not-viewed": false,
        "notify-deadline": true,
        "notify-completed": false
      },
      "addressed_groups": "[\"2\"]",
      "controlling_groups": "[]",
      "assigned_users": "[]",
      "case": "e9197275-36df-460c-b261-ff27f781c5d9",
      "child_case": null,
      "document": "9b6ee5ed-87fd-4179-9ce6-86a56092498b",
      "previous_work_item": "7701c0e1-cef3-4159-9c01-78955791d104"
    }
  },
  {
    "model": "caluma_workflow.workitem",
    "pk": "88c80a5d-992a-4815-8380-3edcb4e977e9",
    "fields": {
      "created_at": "2020-09-04T06:08:46.218Z",
      "modified_at": "2020-09-15T09:42:07.444Z",
      "created_by_user": null,
      "created_by_group": null,
      "modified_by_user": null,
      "modified_by_group": null,
      "name": "{\"de\": \"Manuelle Aufgaben erfassen\", \"fr\": \"Saisie des t\\u00e2ches manuelles\"}",
      "description": "{\"de\": null, \"fr\": null}",
      "closed_at": null,
      "closed_by_user": null,
      "closed_by_group": null,
      "deadline": null,
      "task": "create-manual-workitems",
      "status": "ready",
      "meta": {
        "migrated": true,
        "not-viewed": true,
        "notify-deadline": true,
        "notify-completed": true
      },
      "addressed_groups": "[]",
      "controlling_groups": "[]",
      "assigned_users": "[]",
      "case": "7d2bb3fe-83a1-4abc-a6c8-732c366678b1",
      "child_case": null,
      "document": null,
      "previous_work_item": null
    }
  },
  {
    "model": "caluma_workflow.workitem",
    "pk": "898296ba-4f6f-4742-b40b-2d46cec7c371",
    "fields": {
      "created_at": "2020-06-30T15:02:51.929Z",
      "modified_at": "2022-01-05T14:52:51.958Z",
      "created_by_user": null,
      "created_by_group": null,
      "modified_by_user": null,
      "modified_by_group": null,
      "name": "{\"de\": \"eBau-Nummer vergeben\", \"fr\": \"Attribution d'un num\\u00e9ro eBau\"}",
      "description": "{\"de\": null, \"fr\": null}",
      "closed_at": null,
      "closed_by_user": null,
      "closed_by_group": null,
      "deadline": "2020-07-05T15:02:51.929Z",
      "task": "ebau-number",
      "status": "ready",
      "meta": {
        "migrated": true,
        "not-viewed": true
      },
      "addressed_groups": "[\"2\"]",
      "controlling_groups": "[\"2\"]",
      "assigned_users": "[]",
      "case": "7d2bb3fe-83a1-4abc-a6c8-732c366678b1",
      "child_case": null,
      "document": "55152e02-f9fc-4205-acfb-82be06b71237",
      "previous_work_item": "147e4eab-8666-43ac-9e17-fcd0e8f78de5"
    }
  },
  {
    "model": "caluma_workflow.workitem",
    "pk": "8b0c2176-02df-4a83-b621-0f4b03dd4995",
    "fields": {
      "created_at": "2021-04-06T12:19:38.313Z",
      "modified_at": "2021-04-06T12:23:00.044Z",
      "created_by_user": "855a5ba0-cdcc-48d5-ab7c-4fc55cbe0754",
      "created_by_group": "2",
      "modified_by_user": null,
      "modified_by_group": null,
      "name": "{\"de\": \"Selbstdeklaration 1 ausf\\u00fcllen\", \"fr\": \"Remplir la d\\u00e9claration spontan\\u00e9e 1\"}",
      "description": "{\"de\": null, \"fr\": null}",
      "closed_at": "2021-04-06T12:23:00.044Z",
      "closed_by_user": "855a5ba0-cdcc-48d5-ab7c-4fc55cbe0754",
      "closed_by_group": null,
      "deadline": null,
      "task": "sb1",
      "status": "completed",
      "meta": {
        "not-viewed": false,
        "notify-deadline": true,
        "notify-completed": false
      },
      "addressed_groups": "[]",
      "controlling_groups": "[]",
      "assigned_users": "[]",
      "case": "e9197275-36df-460c-b261-ff27f781c5d9",
      "child_case": null,
      "document": "3f697075-a581-43f3-a9b0-81e8b80bd37e",
      "previous_work_item": "d2877a2d-a1a8-4c74-b0d4-0bd601f42b5e"
    }
  },
  {
    "model": "caluma_workflow.workitem",
    "pk": "aeb663b8-191d-4116-907e-5660cc11effc",
    "fields": {
      "created_at": "2022-09-17T07:39:32.199Z",
      "modified_at": "2022-09-17T07:39:32.203Z",
      "created_by_user": "855a5ba0-cdcc-48d5-ab7c-4fc55cbe0754",
      "created_by_group": null,
      "modified_by_user": null,
      "modified_by_group": null,
      "name": "{\"de\": \"Gesuch einreichen\", \"fr\": \"Envoyer la demande\"}",
      "description": "{\"de\": null, \"fr\": null}",
      "closed_at": null,
      "closed_by_user": null,
      "closed_by_group": null,
      "deadline": null,
      "task": "submit",
      "status": "ready",
      "meta": {
        "not-viewed": true,
        "notify-deadline": true,
        "notify-completed": false
      },
      "addressed_groups": "[]",
      "controlling_groups": "[]",
      "assigned_users": "[]",
      "case": "c08bdf77-d8f1-4756-9875-2a539f598608",
      "child_case": null,
      "document": null,
      "previous_work_item": null
    }
  },
  {
    "model": "caluma_workflow.workitem",
    "pk": "bab3aaaf-3c7b-4c22-a805-a4333b49586a",
    "fields": {
      "created_at": "2022-07-06T09:56:30.812Z",
      "modified_at": "2022-07-06T09:56:30.812Z",
      "created_by_user": null,
      "created_by_group": null,
      "modified_by_user": null,
      "modified_by_group": null,
      "name": "{\"de\": \"Stellungnahme erstellen\", \"fr\": \"Cr\\u00e9er un pr\\u00e9avis\"}",
      "description": "{\"de\": null, \"fr\": null}",
      "closed_at": null,
      "closed_by_user": null,
      "closed_by_group": null,
      "deadline": null,
      "task": "create-inquiry",
      "status": "canceled",
      "meta": {
        "not-viewed": true,
        "migrated-at": "2022-07-06T09:56:29.461748+00:00",
        "notify-deadline": false,
        "notify-completed": false
      },
      "addressed_groups": "[\"2\"]",
      "controlling_groups": "[]",
      "assigned_users": "[]",
      "case": "4a5cd9c4-dd39-4115-ad03-b2134e65ac1d",
      "child_case": null,
      "document": null,
      "previous_work_item": null
    }
  },
  {
    "model": "caluma_workflow.workitem",
    "pk": "bb6a4095-4298-4bc4-9225-9d57cdb585db",
    "fields": {
      "created_at": "2021-04-06T12:19:10.774Z",
      "modified_at": "2022-07-06T09:56:30.812Z",
      "created_by_user": null,
      "created_by_group": null,
      "modified_by_user": null,
      "modified_by_group": null,
      "name": "{\"de\": \"Zirkulation\", \"fr\": \"Circulation\"}",
      "description": "{\"de\": null, \"fr\": null}",
      "closed_at": "2021-04-06T12:19:18.225Z",
      "closed_by_user": null,
      "closed_by_group": null,
      "deadline": null,
      "task": "distribution",
      "status": "completed",
      "meta": {
        "not-viewed": true,
        "migrated-at": "2022-07-06T09:56:29.461748+00:00",
        "notify-deadline": false,
        "notify-completed": false
      },
      "addressed_groups": "[\"2\"]",
      "controlling_groups": "[]",
      "assigned_users": "[]",
      "case": "e9197275-36df-460c-b261-ff27f781c5d9",
      "child_case": "4a5cd9c4-dd39-4115-ad03-b2134e65ac1d",
      "document": null,
      "previous_work_item": "7701c0e1-cef3-4159-9c01-78955791d104"
    }
  },
  {
    "model": "caluma_workflow.workitem",
    "pk": "bf6e1416-d2ae-492c-ac9e-d7abc50e2477",
    "fields": {
      "created_at": "2021-04-06T12:19:38.313Z",
      "modified_at": "2021-04-06T12:19:38.323Z",
      "created_by_user": "855a5ba0-cdcc-48d5-ab7c-4fc55cbe0754",
      "created_by_group": "2",
      "modified_by_user": null,
      "modified_by_group": null,
      "name": "{\"de\": \"Manuelle Aufgaben erfassen\", \"fr\": \"Saisie des t\\u00e2ches manuelles\"}",
      "description": "{\"de\": null, \"fr\": null}",
      "closed_at": null,
      "closed_by_user": null,
      "closed_by_group": null,
      "deadline": null,
      "task": "create-manual-workitems",
      "status": "ready",
      "meta": {
        "not-viewed": true,
        "notify-deadline": true,
        "notify-completed": false
      },
      "addressed_groups": "[]",
      "controlling_groups": "[]",
      "assigned_users": "[]",
      "case": "e9197275-36df-460c-b261-ff27f781c5d9",
      "child_case": null,
      "document": null,
      "previous_work_item": "d2877a2d-a1a8-4c74-b0d4-0bd601f42b5e"
    }
  },
  {
    "model": "caluma_workflow.workitem",
    "pk": "c17198c9-0e11-458f-94db-259ca0a5d9e6",
    "fields": {
      "created_at": "2022-09-17T07:30:20.788Z",
      "modified_at": "2022-09-17T07:30:20.791Z",
      "created_by_user": "855a5ba0-cdcc-48d5-ab7c-4fc55cbe0754",
      "created_by_group": null,
      "modified_by_user": null,
      "modified_by_group": null,
      "name": "{\"de\": \"Gesuch einreichen\", \"fr\": \"Envoyer la demande\"}",
      "description": "{\"de\": null, \"fr\": null}",
      "closed_at": null,
      "closed_by_user": null,
      "closed_by_group": null,
      "deadline": null,
      "task": "submit",
      "status": "ready",
      "meta": {
        "not-viewed": true,
        "notify-deadline": true,
        "notify-completed": false
      },
      "addressed_groups": "[]",
      "controlling_groups": "[]",
      "assigned_users": "[]",
      "case": "71adbfee-ef68-4b08-acc4-e29bf7d8eb4a",
      "child_case": null,
      "document": null,
      "previous_work_item": null
    }
  },
  {
    "model": "caluma_workflow.workitem",
    "pk": "c6431ed6-7413-4a3f-80f5-a110596aaff1",
    "fields": {
      "created_at": "2021-04-06T12:19:11.131Z",
      "modified_at": "2021-04-06T12:19:37.573Z",
      "created_by_user": "855a5ba0-cdcc-48d5-ab7c-4fc55cbe0754",
      "created_by_group": "2",
      "modified_by_user": null,
      "modified_by_group": null,
      "name": "{\"de\": \"Publikation\", \"fr\": null}",
      "description": "{\"de\": null, \"fr\": null}",
      "closed_at": "2021-04-06T12:19:37.573Z",
      "closed_by_user": "855a5ba0-cdcc-48d5-ab7c-4fc55cbe0754",
      "closed_by_group": "2",
      "deadline": null,
      "task": "fill-publication",
      "status": "skipped",
      "meta": {
        "not-viewed": false,
        "notify-deadline": true,
        "notify-completed": false
      },
      "addressed_groups": "[\"2\"]",
      "controlling_groups": "[]",
      "assigned_users": "[]",
      "case": "e9197275-36df-460c-b261-ff27f781c5d9",
      "child_case": null,
      "document": "4aa47ca3-05e5-48f3-aede-dc4b5f4997f6",
      "previous_work_item": "7701c0e1-cef3-4159-9c01-78955791d104"
    }
  },
  {
    "model": "caluma_workflow.workitem",
    "pk": "d2877a2d-a1a8-4c74-b0d4-0bd601f42b5e",
    "fields": {
      "created_at": "2021-04-06T12:19:18.225Z",
      "modified_at": "2022-07-06T09:56:30.821Z",
      "created_by_user": "855a5ba0-cdcc-48d5-ab7c-4fc55cbe0754",
      "created_by_group": "2",
      "modified_by_user": "855a5ba0-cdcc-48d5-ab7c-4fc55cbe0754",
      "modified_by_group": "2",
      "name": "{\"de\": \"Entscheid verf\\u00fcgen\", \"fr\": \"Rendre la d\\u00e9cision\"}",
      "description": "{\"de\": null, \"fr\": null}",
      "closed_at": "2021-04-06T12:19:37.761Z",
      "closed_by_user": "855a5ba0-cdcc-48d5-ab7c-4fc55cbe0754",
      "closed_by_group": "2",
      "deadline": "2021-04-16T12:19:18.219Z",
      "task": "decision",
      "status": "completed",
      "meta": {
        "not-viewed": false,
        "notify-deadline": true,
        "notify-completed": false
      },
      "addressed_groups": "[\"2\"]",
      "controlling_groups": "[]",
      "assigned_users": "[]",
      "case": "e9197275-36df-460c-b261-ff27f781c5d9",
      "child_case": null,
      "document": "e101ed70-5cbc-4e7f-a022-c3ed39247c46",
      "previous_work_item": "bb6a4095-4298-4bc4-9225-9d57cdb585db"
    }
  },
  {
    "model": "caluma_workflow.workitem",
    "pk": "de7cc666-c48d-499a-a000-d52399973af1",
    "fields": {
      "created_at": "2020-06-30T15:02:51.893Z",
      "modified_at": "2020-09-15T09:42:07.461Z",
      "created_by_user": null,
      "created_by_group": null,
      "modified_by_user": null,
      "modified_by_group": null,
      "name": "{\"de\": \"Gesuch einreichen\", \"fr\": \"Envoyer la demande\"}",
      "description": "{\"de\": null, \"fr\": null}",
      "closed_at": null,
      "closed_by_user": null,
      "closed_by_group": null,
      "deadline": null,
      "task": "submit",
      "status": "ready",
      "meta": {
        "migrated": true
      },
      "addressed_groups": "[]",
      "controlling_groups": "[]",
      "assigned_users": "[]",
      "case": "edf81bff-4f33-48d6-b8de-2aee7643a97e",
      "child_case": null,
      "document": null,
      "previous_work_item": null
    }
  },
  {
    "model": "caluma_workflow.workitem",
    "pk": "ff485604-1453-4094-aec2-d4af98d0f50a",
    "fields": {
      "created_at": "2022-09-17T08:04:42.015Z",
      "modified_at": "2022-09-17T09:08:00.018Z",
      "created_by_user": "855a5ba0-cdcc-48d5-ab7c-4fc55cbe0754",
      "created_by_group": null,
      "modified_by_user": null,
      "modified_by_group": null,
      "name": "{\"de\": \"Gesuch einreichen\", \"fr\": \"Envoyer la demande\"}",
      "description": "{\"de\": null, \"fr\": null}",
      "closed_at": "2022-09-17T09:08:00.018Z",
      "closed_by_user": "855a5ba0-cdcc-48d5-ab7c-4fc55cbe0754",
      "closed_by_group": null,
      "deadline": null,
      "task": "submit",
      "status": "completed",
      "meta": {
        "not-viewed": false,
        "notify-deadline": true,
        "notify-completed": false
      },
      "addressed_groups": "[]",
      "controlling_groups": "[]",
      "assigned_users": "[]",
      "case": "f81cd456-d193-48f8-ae3c-d841ba011fbc",
      "child_case": null,
      "document": null,
      "previous_work_item": null
    }
  }
]
