[
  {
    "model": "user.user",
    "pk": 1,
    "fields": {
      "username": "admin",
      "password": "0f10da7320c3fad6c1bd4e597992fb83",
      "name": "super",
      "surname": "admin",
      "email": "",
      "phone": null,
      "disabled": 0,
      "language": "en",
      "last_login": "2018-02-23T14:24:06Z",
      "address": null,
      "city": null,
      "zip": null,
      "is_staff": false,
      "user_permissions": []
    }
  },
  {
    "model": "user.user",
    "pk": 2,
    "fields": {
      "username": "guest",
      "password": "0f10da7320c3fad6c1bd4e597992fb83",
      "name": "guest",
      "surname": "person",
      "email": "",
      "phone": null,
      "disabled": 0,
      "language": "de",
      "last_login": "2018-02-23T08:21:43Z",
      "address": null,
      "city": null,
      "zip": null,
      "is_staff": false,
      "user_permissions": []
    }
  },
  {
    "model": "user.user",
    "pk": 8,
    "fields": {
      "is_superuser": false,
      "username": "855a5ba0-cdcc-48d5-ab7c-4fc55cbe0754",
      "password": "77b7675371ce6d9548683775a6245837",
      "name": "Er",
      "surname": "Us",
      "email": "email@example.ch",
      "phone": "",
      "disabled": 0,
      "language": "de",
      "last_login": "2018-02-23T14:27:27Z",
      "address": null,
      "city": null,
      "zip": null,
      "is_staff": false,
      "user_permissions": []
    }
  },
  {
    "model": "user.user",
    "pk": 9,
    "fields": {
      "is_superuser": false,
      "username": "service-account-test-gemeinde",
      "password": null,
      "name": "service-account-test-gemeinde",
      "surname": "service-account-test-gemeinde",
      "email": "service-account-test-gemeinde@placeholder.org",
      "phone": null,
      "disabled": 0,
      "language": "de",
      "last_login": "2018-02-23T14:27:27Z",
      "address": null,
      "city": null,
      "zip": null,
      "is_staff": false,
      "user_permissions": []
    }
  },
  {
    "model": "user.user",
    "pk": 10,
    "fields": {
      "is_superuser": false,
      "username": "service-account-camac-admin",
      "password": null,
      "name": "camac-admin",
      "surname": "camac-admin",
      "email": "service-account-camac-admin@placeholder.org",
      "phone": null,
      "disabled": 0,
      "language": "de",
      "last_login": "2018-02-23T14:27:27Z",
      "address": null,
      "city": null,
      "zip": null,
      "is_staff": false,
      "user_permissions": []
    }
  },
  {
    "model": "user.usert",
    "pk": 1,
    "fields": {
      "user": 2,
      "language": "en",
      "city": "Geneva"
    }
  },
  {
    "model": "user.usert",
    "pk": 2,
    "fields": {
      "user": 2,
      "language": "fr",
      "city": "Geneve"
    }
  },
  {
    "model": "user.usert",
    "pk": 3,
    "fields": {
      "user": 1,
      "language": "en",
      "city": "Luzern"
    }
  },
  {
    "model": "user.usert",
    "pk": 4,
    "fields": {
      "user": 1,
      "language": "fr",
      "city": "Lucerne"
    }
  },
  {
    "model": "user.usert",
    "pk": 5,
    "fields": {
      "user": 8,
      "language": "en",
      "city": "Bern"
    }
  },
  {
    "model": "user.usert",
    "pk": 6,
    "fields": {
      "user": 8,
      "language": "fr",
      "city": "Berne"
    }
  },
  {
    "model": "user.usert",
    "pk": 7,
    "fields": {
      "user": 9,
      "language": "en",
      "city": "Bern"
    }
  },
  {
    "model": "user.usert",
    "pk": 8,
    "fields": {
      "user": 9,
      "language": "fr",
      "city": "Berne"
    }
  },
  {
    "model": "user.usert",
    "pk": 9,
    "fields": {
      "user": 10,
      "language": "en",
      "city": "Bern"
    }
  },
  {
    "model": "user.usert",
    "pk": 10,
    "fields": {
      "user": 10,
      "language": "fr",
      "city": "Berne"
    }
  },
  {
    "model": "user.usergroup",
    "pk": 1,
    "fields": {
      "user": 1,
      "group": 1,
      "default_group": 1
    }
  },
  {
    "model": "user.usergroup",
    "pk": 2,
    "fields": {
      "user": 2,
      "group": 2,
      "default_group": 1
    }
  },
  {
    "model": "user.usergroup",
    "pk": 20001,
    "fields": {
      "user": 8,
      "group": 6,
      "default_group": 0
    }
  },
  {
    "model": "user.usergroup",
    "pk": 20099,
    "fields": {
      "user": 8,
      "group": 20096,
      "default_group": 0
    }
  },
  {
    "model": "user.usergroup",
    "pk": 20103,
    "fields": {
      "user": 8,
      "group": 20004,
      "default_group": 0
    }
  },
  {
    "model": "user.usergroup",
    "pk": 20104,
    "fields": {
      "user": 8,
      "group": 20069,
      "default_group": 0
    }
  },
  {
    "model": "user.usergroup",
    "pk": 20108,
    "fields": {
      "user": 8,
      "group": 20003,
      "default_group": 1
    }
  },
  {
    "model": "user.usergroup",
    "pk": 20109,
    "fields": {
      "user": 8,
      "group": 10000,
      "default_group": 0
    }
  },
  {
    "model": "user.usergroup",
    "pk": 20110,
    "fields": {
      "user": 8,
      "group": 1,
      "default_group": 0
    }
  },
  {
    "model": "user.usergroup",
    "pk": 20120,
    "fields": {
      "user": 9,
      "group": 20003,
      "default_group": 1
    }
  },
  {
    "model": "user.usergroup",
    "pk": 20122,
    "fields": {
      "user": 10,
      "group": 10000,
      "default_group": 1
    }
  },
  {
    "model": "user.usergroup",
    "pk": 20124,
    "fields": {
      "user": 8,
      "group": 22507,
      "default_group": 0
    }
  },
  {
    "model": "user.usergrouplog",
    "pk": 1,
    "fields": {
      "modification_date": "2019-12-19T16:26:41Z",
      "user_id": 8,
      "action": "u",
      "data": "{\"DEFAULT_GROUP\":0}",
      "id1": 8,
      "field1": "USER_ID",
      "id2": 6,
      "field2": "GROUP_ID"
    }
  },
  {
    "model": "user.usergrouplog",
    "pk": 2,
    "fields": {
      "modification_date": "2019-12-19T16:26:41Z",
      "user_id": 8,
      "action": "u",
      "data": "{\"DEFAULT_GROUP\":1}",
      "id1": 8,
      "field1": "USER_ID",
      "id2": 22507,
      "field2": "GROUP_ID"
    }
  },
  {
    "model": "user.usergrouplog",
    "pk": 3,
    "fields": {
      "modification_date": "2020-01-08T08:20:40Z",
      "user_id": 8,
      "action": "u",
      "data": "{\"DEFAULT_GROUP\":1}",
      "id1": 8,
      "field1": "USER_ID",
      "id2": 22508,
      "field2": "GROUP_ID"
    }
  },
  {
    "model": "user.usergrouplog",
    "pk": 4,
    "fields": {
      "modification_date": "2020-01-08T08:22:46Z",
      "user_id": 8,
      "action": "u",
      "data": "{\"DEFAULT_GROUP\":1}",
      "id1": 8,
      "field1": "USER_ID",
      "id2": 1,
      "field2": "GROUP_ID"
    }
  },
  {
    "model": "user.usergrouplog",
    "pk": 5,
    "fields": {
      "modification_date": "2020-01-08T08:22:46Z",
      "user_id": 8,
      "action": "u",
      "data": "{\"DEFAULT_GROUP\":0}",
      "id1": 8,
      "field1": "USER_ID",
      "id2": 22508,
      "field2": "GROUP_ID"
    }
  },
  {
    "model": "user.usergrouplog",
    "pk": 6,
    "fields": {
      "modification_date": "2022-09-19T06:50:09Z",
      "user_id": 8,
      "action": "u",
      "data": "{\"DEFAULT_GROUP\":1}",
      "id1": 8,
      "field1": "USER_ID",
      "id2": 1,
      "field2": "GROUP_ID"
    }
  },
  {
    "model": "user.usergrouplog",
    "pk": 7,
    "fields": {
      "modification_date": "2022-09-19T06:50:09Z",
      "user_id": 8,
      "action": "u",
      "data": "{\"DEFAULT_GROUP\":0}",
      "id1": 8,
      "field1": "USER_ID",
      "id2": 20003,
      "field2": "GROUP_ID"
    }
  },
  {
    "model": "user.usergrouplog",
    "pk": 8,
    "fields": {
      "modification_date": "2022-09-19T06:50:35Z",
      "user_id": 8,
      "action": "d",
      "data": "{\"ID\":20106,\"DEFAULT_GROUP\":0}",
      "id1": 8,
      "field1": "USER_ID",
      "id2": 20009,
      "field2": "GROUP_ID"
    }
  },
  {
    "model": "user.usergrouplog",
    "pk": 9,
    "fields": {
      "modification_date": "2022-09-19T06:50:35Z",
      "user_id": 8,
      "action": "d",
      "data": "{\"ID\":20129,\"DEFAULT_GROUP\":0}",
      "id1": 8,
      "field1": "USER_ID",
      "id2": 20365,
      "field2": "GROUP_ID"
    }
  },
  {
    "model": "user.usergrouplog",
    "pk": 10,
    "fields": {
      "modification_date": "2022-09-19T06:50:35Z",
      "user_id": 8,
      "action": "d",
      "data": "{\"ID\":20126,\"DEFAULT_GROUP\":0}",
      "id1": 8,
      "field1": "USER_ID",
      "id2": 22509,
      "field2": "GROUP_ID"
    }
  },
  {
    "model": "user.usergrouplog",
    "pk": 11,
    "fields": {
      "modification_date": "2022-09-19T06:50:35Z",
      "user_id": 8,
      "action": "d",
      "data": "{\"ID\":20128,\"DEFAULT_GROUP\":0}",
      "id1": 8,
      "field1": "USER_ID",
      "id2": 22538,
      "field2": "GROUP_ID"
    }
  },
  {
    "model": "user.usergrouplog",
    "pk": 12,
    "fields": {
      "modification_date": "2022-09-19T06:51:07Z",
      "user_id": 8,
      "action": "d",
      "data": "{\"ID\":20102,\"DEFAULT_GROUP\":0}",
      "id1": 8,
      "field1": "USER_ID",
      "id2": 20005,
      "field2": "GROUP_ID"
    }
  },
  {
    "model": "user.usergrouplog",
    "pk": 13,
    "fields": {
      "modification_date": "2022-09-19T06:51:07Z",
      "user_id": 8,
      "action": "d",
      "data": "{\"ID\":20107,\"DEFAULT_GROUP\":0}",
      "id1": 8,
      "field1": "USER_ID",
      "id2": 20006,
      "field2": "GROUP_ID"
    }
  },
  {
    "model": "user.usergrouplog",
    "pk": 14,
    "fields": {
      "modification_date": "2022-09-19T06:51:18Z",
      "user_id": 8,
      "action": "d",
      "data": "{\"ID\":20100,\"DEFAULT_GROUP\":0}",
      "id1": 8,
      "field1": "USER_ID",
      "id2": 20098,
      "field2": "GROUP_ID"
    }
  },
  {
    "model": "user.usergrouplog",
    "pk": 15,
    "fields": {
      "modification_date": "2022-09-19T06:51:18Z",
      "user_id": 8,
      "action": "d",
      "data": "{\"ID\":20101,\"DEFAULT_GROUP\":0}",
      "id1": 8,
      "field1": "USER_ID",
      "id2": 20097,
      "field2": "GROUP_ID"
    }
  },
  {
    "model": "user.usergrouplog",
    "pk": 16,
    "fields": {
      "modification_date": "2022-09-19T06:51:31Z",
      "user_id": 8,
      "action": "d",
      "data": "{\"ID\":20127,\"DEFAULT_GROUP\":0}",
      "id1": 8,
      "field1": "USER_ID",
      "id2": 22529,
      "field2": "GROUP_ID"
    }
  },
  {
    "model": "user.usergrouplog",
    "pk": 17,
    "fields": {
      "modification_date": "2022-09-19T06:51:41Z",
      "user_id": 8,
      "action": "d",
      "data": "{\"ID\":20125,\"DEFAULT_GROUP\":0}",
      "id1": 8,
      "field1": "USER_ID",
      "id2": 22508,
      "field2": "GROUP_ID"
    }
  },
  {
    "model": "user.usergrouplog",
    "pk": 18,
    "fields": {
      "modification_date": "2022-09-19T06:52:06Z",
      "user_id": 8,
      "action": "u",
      "data": "{\"DEFAULT_GROUP\":0}",
      "id1": 8,
      "field1": "USER_ID",
      "id2": 1,
      "field2": "GROUP_ID"
    }
  },
  {
    "model": "user.usergrouplog",
    "pk": 19,
    "fields": {
      "modification_date": "2022-09-19T06:52:06Z",
      "user_id": 8,
      "action": "u",
      "data": "{\"DEFAULT_GROUP\":1}",
      "id1": 8,
      "field1": "USER_ID",
      "id2": 22507,
      "field2": "GROUP_ID"
    }
  },
  {
    "model": "user.usergrouplog",
    "pk": 20,
    "fields": {
      "modification_date": "2022-09-19T06:54:45Z",
      "user_id": 8,
      "action": "u",
      "data": "{\"DEFAULT_GROUP\":1}",
      "id1": 8,
      "field1": "USER_ID",
      "id2": 20003,
      "field2": "GROUP_ID"
    }
  },
  {
    "model": "user.usergrouplog",
    "pk": 21,
    "fields": {
      "modification_date": "2022-09-19T06:54:45Z",
      "user_id": 8,
      "action": "u",
      "data": "{\"DEFAULT_GROUP\":0}",
      "id1": 8,
      "field1": "USER_ID",
      "id2": 22507,
      "field2": "GROUP_ID"
    }
  },
  {
    "model": "user.usergrouplog",
    "pk": 22,
    "fields": {
      "modification_date": "2022-09-19T07:32:06Z",
      "user_id": 8,
      "action": "u",
      "data": "{\"DEFAULT_GROUP\":0}",
      "id1": 8,
      "field1": "USER_ID",
      "id2": 20003,
      "field2": "GROUP_ID"
    }
  },
  {
    "model": "user.usergrouplog",
    "pk": 23,
    "fields": {
      "modification_date": "2022-09-19T07:32:06Z",
      "user_id": 8,
      "action": "u",
      "data": "{\"DEFAULT_GROUP\":1}",
      "id1": 8,
      "field1": "USER_ID",
      "id2": 20096,
      "field2": "GROUP_ID"
    }
  },
  {
    "model": "user.usergrouplog",
    "pk": 24,
    "fields": {
      "modification_date": "2022-09-19T07:34:13Z",
      "user_id": 8,
      "action": "u",
      "data": "{\"DEFAULT_GROUP\":1}",
      "id1": 8,
      "field1": "USER_ID",
      "id2": 20003,
      "field2": "GROUP_ID"
    }
  },
  {
    "model": "user.usergrouplog",
    "pk": 25,
    "fields": {
      "modification_date": "2022-09-19T07:34:13Z",
      "user_id": 8,
      "action": "u",
      "data": "{\"DEFAULT_GROUP\":0}",
      "id1": 8,
      "field1": "USER_ID",
      "id2": 20096,
      "field2": "GROUP_ID"
    }
  },
  {
    "model": "user.usergrouplog",
    "pk": 26,
    "fields": {
      "modification_date": "2022-09-19T07:38:48Z",
      "user_id": 8,
      "action": "u",
      "data": "{\"DEFAULT_GROUP\":0}",
      "id1": 8,
      "field1": "USER_ID",
      "id2": 20003,
      "field2": "GROUP_ID"
    }
  },
  {
    "model": "user.usergrouplog",
    "pk": 27,
    "fields": {
      "modification_date": "2022-09-19T07:38:48Z",
      "user_id": 8,
      "action": "u",
      "data": "{\"DEFAULT_GROUP\":1}",
      "id1": 8,
      "field1": "USER_ID",
      "id2": 22507,
      "field2": "GROUP_ID"
    }
  },
  {
    "model": "user.usergrouplog",
    "pk": 28,
    "fields": {
      "modification_date": "2022-09-19T07:41:44Z",
      "user_id": 8,
      "action": "u",
      "data": "{\"DEFAULT_GROUP\":1}",
      "id1": 8,
      "field1": "USER_ID",
      "id2": 20003,
      "field2": "GROUP_ID"
    }
  },
  {
    "model": "user.usergrouplog",
    "pk": 29,
    "fields": {
      "modification_date": "2022-09-19T07:41:44Z",
      "user_id": 8,
      "action": "u",
      "data": "{\"DEFAULT_GROUP\":0}",
      "id1": 8,
      "field1": "USER_ID",
      "id2": 22507,
      "field2": "GROUP_ID"
    }
  },
  {
    "model": "user.usergrouplog",
    "pk": 30,
    "fields": {
      "modification_date": "2022-09-19T07:43:23Z",
      "user_id": 8,
      "action": "u",
      "data": "{\"DEFAULT_GROUP\":0}",
      "id1": 8,
      "field1": "USER_ID",
      "id2": 20003,
      "field2": "GROUP_ID"
    }
  },
  {
    "model": "user.usergrouplog",
    "pk": 31,
    "fields": {
      "modification_date": "2022-09-19T07:43:23Z",
      "user_id": 8,
      "action": "u",
      "data": "{\"DEFAULT_GROUP\":1}",
      "id1": 8,
      "field1": "USER_ID",
      "id2": 22507,
      "field2": "GROUP_ID"
    }
  },
  {
    "model": "user.usergrouplog",
    "pk": 32,
    "fields": {
      "modification_date": "2022-09-19T07:44:04Z",
      "user_id": 8,
      "action": "u",
      "data": "{\"DEFAULT_GROUP\":1}",
      "id1": 8,
      "field1": "USER_ID",
      "id2": 20003,
      "field2": "GROUP_ID"
    }
  },
  {
    "model": "user.usergrouplog",
    "pk": 33,
    "fields": {
      "modification_date": "2022-09-19T07:44:04Z",
      "user_id": 8,
      "action": "u",
      "data": "{\"DEFAULT_GROUP\":0}",
      "id1": 8,
      "field1": "USER_ID",
      "id2": 22507,
      "field2": "GROUP_ID"
    }
  },
  {
    "model": "user.usergrouplog",
    "pk": 34,
    "fields": {
      "modification_date": "2022-09-19T07:45:19Z",
      "user_id": 8,
      "action": "u",
      "data": "{\"DEFAULT_GROUP\":0}",
      "id1": 8,
      "field1": "USER_ID",
      "id2": 20003,
      "field2": "GROUP_ID"
    }
  },
  {
    "model": "user.usergrouplog",
    "pk": 35,
    "fields": {
      "modification_date": "2022-09-19T07:45:19Z",
      "user_id": 8,
      "action": "u",
      "data": "{\"DEFAULT_GROUP\":1}",
      "id1": 8,
      "field1": "USER_ID",
      "id2": 22507,
      "field2": "GROUP_ID"
    }
  },
  {
    "model": "user.usergrouplog",
    "pk": 36,
    "fields": {
      "modification_date": "2022-09-19T07:48:21Z",
      "user_id": 8,
      "action": "u",
      "data": "{\"DEFAULT_GROUP\":1}",
      "id1": 8,
      "field1": "USER_ID",
      "id2": 20003,
      "field2": "GROUP_ID"
    }
  },
  {
    "model": "user.usergrouplog",
    "pk": 37,
    "fields": {
      "modification_date": "2022-09-19T07:48:21Z",
      "user_id": 8,
      "action": "u",
      "data": "{\"DEFAULT_GROUP\":0}",
      "id1": 8,
      "field1": "USER_ID",
      "id2": 22507,
      "field2": "GROUP_ID"
    }
  },
  {
    "model": "user.usergrouplog",
    "pk": 38,
    "fields": {
      "modification_date": "2022-09-19T08:07:21Z",
      "user_id": 8,
      "action": "u",
      "data": "{\"DEFAULT_GROUP\":0}",
      "id1": 8,
      "field1": "USER_ID",
      "id2": 20003,
      "field2": "GROUP_ID"
    }
  },
  {
    "model": "user.usergrouplog",
    "pk": 39,
    "fields": {
      "modification_date": "2022-09-19T08:07:21Z",
      "user_id": 8,
      "action": "u",
      "data": "{\"DEFAULT_GROUP\":1}",
      "id1": 8,
      "field1": "USER_ID",
      "id2": 22507,
      "field2": "GROUP_ID"
    }
  },
  {
    "model": "user.usergrouplog",
    "pk": 40,
    "fields": {
      "modification_date": "2022-09-19T08:22:03Z",
      "user_id": 8,
      "action": "u",
      "data": "{\"DEFAULT_GROUP\":1}",
      "id1": 8,
      "field1": "USER_ID",
      "id2": 20003,
      "field2": "GROUP_ID"
    }
  },
  {
    "model": "user.usergrouplog",
    "pk": 41,
    "fields": {
      "modification_date": "2022-09-19T08:22:03Z",
      "user_id": 8,
      "action": "u",
      "data": "{\"DEFAULT_GROUP\":0}",
      "id1": 8,
      "field1": "USER_ID",
      "id2": 22507,
      "field2": "GROUP_ID"
    }
  },
  {
    "model": "user.usergrouplog",
    "pk": 42,
    "fields": {
      "modification_date": "2022-09-19T08:25:36Z",
      "user_id": 8,
      "action": "u",
      "data": "{\"DEFAULT_GROUP\":0}",
      "id1": 8,
      "field1": "USER_ID",
      "id2": 20003,
      "field2": "GROUP_ID"
    }
  },
  {
    "model": "user.usergrouplog",
    "pk": 43,
    "fields": {
      "modification_date": "2022-09-19T08:25:36Z",
      "user_id": 8,
      "action": "u",
      "data": "{\"DEFAULT_GROUP\":1}",
      "id1": 8,
      "field1": "USER_ID",
      "id2": 22507,
      "field2": "GROUP_ID"
    }
  },
  {
    "model": "user.usergrouplog",
    "pk": 44,
    "fields": {
      "modification_date": "2022-09-19T08:26:33Z",
      "user_id": 8,
      "action": "u",
      "data": "{\"DEFAULT_GROUP\":1}",
      "id1": 8,
      "field1": "USER_ID",
      "id2": 20003,
      "field2": "GROUP_ID"
    }
  },
  {
    "model": "user.usergrouplog",
    "pk": 45,
    "fields": {
      "modification_date": "2022-09-19T08:26:33Z",
      "user_id": 8,
      "action": "u",
      "data": "{\"DEFAULT_GROUP\":0}",
      "id1": 8,
      "field1": "USER_ID",
      "id2": 22507,
      "field2": "GROUP_ID"
    }
  },
  {
    "model": "user.usergrouplog",
    "pk": 46,
    "fields": {
      "modification_date": "2022-09-20T12:12:58Z",
      "user_id": 8,
      "action": "u",
      "data": "{\"DEFAULT_GROUP\":0}",
      "id1": 8,
      "field1": "USER_ID",
      "id2": 20003,
      "field2": "GROUP_ID"
    }
  },
  {
    "model": "user.usergrouplog",
    "pk": 47,
    "fields": {
      "modification_date": "2022-09-20T12:12:58Z",
      "user_id": 8,
      "action": "u",
      "data": "{\"DEFAULT_GROUP\":1}",
      "id1": 8,
      "field1": "USER_ID",
      "id2": 20096,
      "field2": "GROUP_ID"
    }
  },
  {
    "model": "user.usergrouplog",
    "pk": 48,
    "fields": {
      "modification_date": "2022-09-20T12:13:13Z",
      "user_id": 8,
      "action": "u",
      "data": "{\"DEFAULT_GROUP\":1}",
      "id1": 8,
      "field1": "USER_ID",
      "id2": 1,
      "field2": "GROUP_ID"
    }
  },
  {
    "model": "user.usergrouplog",
    "pk": 49,
    "fields": {
      "modification_date": "2022-09-20T12:13:13Z",
      "user_id": 8,
      "action": "u",
      "data": "{\"DEFAULT_GROUP\":0}",
      "id1": 8,
      "field1": "USER_ID",
      "id2": 20096,
      "field2": "GROUP_ID"
    }
  },
  {
    "model": "user.usergrouplog",
    "pk": 50,
    "fields": {
      "modification_date": "2022-09-20T12:23:45Z",
      "user_id": 8,
      "action": "u",
      "data": "{\"DEFAULT_GROUP\":0}",
      "id1": 8,
      "field1": "USER_ID",
      "id2": 1,
      "field2": "GROUP_ID"
    }
  },
  {
    "model": "user.usergrouplog",
    "pk": 51,
    "fields": {
      "modification_date": "2022-09-20T12:23:45Z",
      "user_id": 8,
      "action": "u",
      "data": "{\"DEFAULT_GROUP\":1}",
      "id1": 8,
      "field1": "USER_ID",
      "id2": 20003,
      "field2": "GROUP_ID"
    }
  },
  {
    "model": "user.usergrouplog",
    "pk": 52,
    "fields": {
      "modification_date": "2022-09-20T12:24:58Z",
      "user_id": 8,
      "action": "u",
      "data": "{\"DEFAULT_GROUP\":0}",
      "id1": 8,
      "field1": "USER_ID",
      "id2": 20003,
      "field2": "GROUP_ID"
    }
  },
  {
    "model": "user.usergrouplog",
    "pk": 53,
    "fields": {
      "modification_date": "2022-09-20T12:24:58Z",
      "user_id": 8,
      "action": "u",
      "data": "{\"DEFAULT_GROUP\":1}",
      "id1": 8,
      "field1": "USER_ID",
      "id2": 20096,
      "field2": "GROUP_ID"
    }
  },
  {
    "model": "user.usergrouplog",
    "pk": 54,
    "fields": {
      "modification_date": "2022-09-20T14:40:21Z",
      "user_id": 8,
      "action": "u",
      "data": "{\"DEFAULT_GROUP\":0}",
      "id1": 8,
      "field1": "USER_ID",
      "id2": 20096,
      "field2": "GROUP_ID"
    }
  },
  {
    "model": "user.usergrouplog",
    "pk": 55,
    "fields": {
      "modification_date": "2022-09-20T14:40:21Z",
      "user_id": 8,
      "action": "u",
      "data": "{\"DEFAULT_GROUP\":1}",
      "id1": 8,
      "field1": "USER_ID",
      "id2": 22507,
      "field2": "GROUP_ID"
    }
  },
  {
    "model": "user.usergrouplog",
    "pk": 56,
    "fields": {
      "modification_date": "2022-09-20T14:40:31Z",
      "user_id": 8,
      "action": "u",
      "data": "{\"DEFAULT_GROUP\":1}",
      "id1": 8,
      "field1": "USER_ID",
      "id2": 20003,
      "field2": "GROUP_ID"
    }
  },
  {
    "model": "user.usergrouplog",
    "pk": 57,
    "fields": {
      "modification_date": "2022-09-20T14:40:31Z",
      "user_id": 8,
      "action": "u",
      "data": "{\"DEFAULT_GROUP\":0}",
      "id1": 8,
      "field1": "USER_ID",
      "id2": 22507,
      "field2": "GROUP_ID"
    }
  }
]
