[
  {
    "model": "caluma_form.form",
    "pk": "decision",
    "fields": {
      "created_at": "2023-12-05T12:21:44.592Z",
      "modified_at": "2024-05-15T14:43:00.442Z",
      "created_by_user": "admin",
      "created_by_group": null,
      "modified_by_user": "paul.walker@ur.ch",
      "modified_by_group": null,
      "name": "{\"de\": \"Entscheid / Beurteilung\", \"fr\": null, \"it\": null}",
      "description": "{\"de\": \"\", \"fr\": null, \"it\": null}",
      "meta": {},
      "is_published": true,
      "is_archived": false,
      "source": null
    }
  },
  {
    "model": "caluma_form.form",
    "pk": "decision-canton",
    "fields": {
      "created_at": "2024-07-17T06:34:28.645Z",
      "modified_at": "2024-07-17T06:34:28.645Z",
      "created_by_user": "admin",
      "created_by_group": null,
      "modified_by_user": null,
      "modified_by_group": null,
      "name": "{\"de\": \"Entscheid (Kanton)\", \"fr\": null, \"it\": null}",
      "description": "{\"de\": \"\", \"fr\": null, \"it\": null}",
      "meta": {},
      "is_published": false,
      "is_archived": false,
      "source": null
    }
  },
  {
    "model": "caluma_form.form",
    "pk": "decision-municipality",
    "fields": {
      "created_at": "2024-07-17T06:34:16.835Z",
      "modified_at": "2024-07-17T06:34:16.835Z",
      "created_by_user": "admin",
      "created_by_group": null,
      "modified_by_user": null,
      "modified_by_group": null,
      "name": "{\"de\": \"Entscheid (Gemeinde)\", \"fr\": null, \"it\": null}",
      "description": "{\"de\": \"\", \"fr\": null, \"it\": null}",
      "meta": {},
      "is_published": false,
      "is_archived": false,
      "source": null
    }
  },
  {
    "model": "caluma_form.formquestion",
    "pk": "decision.decision-canton",
    "fields": {
      "created_at": "2024-07-17T06:38:53.732Z",
      "modified_at": "2024-07-17T06:38:53.732Z",
      "created_by_user": "admin",
      "created_by_group": null,
      "modified_by_user": null,
      "modified_by_group": null,
      "form": "decision",
      "question": "decision-canton",
      "sort": 1
    }
  },
  {
    "model": "caluma_form.formquestion",
    "pk": "decision.decision-municipality",
    "fields": {
      "created_at": "2024-07-17T06:38:29.846Z",
      "modified_at": "2024-07-17T06:38:29.846Z",
      "created_by_user": "admin",
      "created_by_group": null,
      "modified_by_user": null,
      "modified_by_group": null,
      "form": "decision",
      "question": "decision-municipality",
      "sort": 2
    }
  },
  {
    "model": "caluma_form.formquestion",
    "pk": "decision-municipality.beschwerderecht-bafu",
    "fields": {
      "created_at": "2024-07-17T06:35:51.215Z",
      "modified_at": "2024-07-17T06:35:51.215Z",
      "created_by_user": "admin",
      "created_by_group": null,
      "modified_by_user": null,
      "modified_by_group": null,
      "form": "decision-municipality",
      "question": "beschwerderecht-bafu",
      "sort": 3
    }
  },
  {
    "model": "caluma_form.formquestion",
    "pk": "decision-municipality.beschwerderecht-und-eroeffnung",
    "fields": {
      "created_at": "2024-07-17T06:35:42.759Z",
      "modified_at": "2024-07-17T06:35:42.759Z",
      "created_by_user": "admin",
      "created_by_group": null,
      "modified_by_user": null,
      "modified_by_group": null,
      "form": "decision-municipality",
      "question": "beschwerderecht-und-eroeffnung",
      "sort": 5
    }
  },
  {
    "model": "caluma_form.formquestion",
    "pk": "decision-municipality.decision-abschliessen",
    "fields": {
      "created_at": "2024-07-17T06:36:37.538Z",
      "modified_at": "2024-07-17T06:36:37.538Z",
      "created_by_user": "admin",
      "created_by_group": null,
      "modified_by_user": null,
      "modified_by_group": null,
      "form": "decision-municipality",
      "question": "decision-abschliessen",
      "sort": 1
    }
  },
  {
    "model": "caluma_form.formquestion",
    "pk": "decision-municipality.decision-task-baubegleitungsprozess",
    "fields": {
      "created_at": "2024-07-17T06:35:58.026Z",
      "modified_at": "2024-07-17T06:35:58.026Z",
      "created_by_user": "admin",
      "created_by_group": null,
      "modified_by_user": null,
      "modified_by_group": null,
      "form": "decision-municipality",
      "question": "decision-task-baubegleitungsprozess",
      "sort": 2
    }
  },
  {
    "model": "caluma_form.formquestion",
    "pk": "decision-municipality.decision-task-entscheid-beurteilung",
    "fields": {
      "created_at": "2024-07-17T06:35:08.423Z",
      "modified_at": "2024-07-17T06:35:08.423Z",
      "created_by_user": "admin",
      "created_by_group": null,
      "modified_by_user": null,
      "modified_by_group": null,
      "form": "decision-municipality",
      "question": "decision-task-entscheid-beurteilung",
      "sort": 11
    }
  },
  {
    "model": "caluma_form.formquestion",
    "pk": "decision-municipality.decision-task-feedback-type",
    "fields": {
      "created_at": "2024-07-17T06:35:12.574Z",
      "modified_at": "2024-07-17T06:35:12.574Z",
      "created_by_user": "admin",
      "created_by_group": null,
      "modified_by_user": null,
      "modified_by_group": null,
      "form": "decision-municipality",
      "question": "decision-task-feedback-type",
      "sort": 10
    }
  },
  {
    "model": "caluma_form.formquestion",
    "pk": "decision-municipality.decision-task-gebaudeschaetzung",
    "fields": {
      "created_at": "2024-07-17T06:35:27.414Z",
      "modified_at": "2024-07-17T06:35:27.414Z",
      "created_by_user": "admin",
      "created_by_group": null,
      "modified_by_user": null,
      "modified_by_group": null,
      "form": "decision-municipality",
      "question": "decision-task-gebaudeschaetzung",
      "sort": 8
    }
  },
  {
    "model": "caluma_form.formquestion",
    "pk": "decision-municipality.decision-task-nachfuehrungsgeometer",
    "fields": {
      "created_at": "2024-07-17T06:35:19.261Z",
      "modified_at": "2024-07-17T06:35:19.261Z",
      "created_by_user": "admin",
      "created_by_group": null,
      "modified_by_user": null,
      "modified_by_group": null,
      "form": "decision-municipality",
      "question": "decision-task-nachfuehrungsgeometer",
      "sort": 9
    }
  },
  {
    "model": "caluma_form.formquestion",
    "pk": "decision-municipality.meldungen-an-bundesstellen",
    "fields": {
      "created_at": "2024-07-17T06:35:33.849Z",
      "modified_at": "2024-07-17T06:35:33.849Z",
      "created_by_user": "admin",
      "created_by_group": null,
      "modified_by_user": null,
      "modified_by_group": null,
      "form": "decision-municipality",
      "question": "meldungen-an-bundesstellen",
      "sort": 7
    }
  },
  {
    "model": "caluma_form.formquestion",
    "pk": "decision-municipality.moorlandschaft-betroffen",
    "fields": {
      "created_at": "2024-07-17T06:35:47.407Z",
      "modified_at": "2024-07-17T06:35:47.407Z",
      "created_by_user": "admin",
      "created_by_group": null,
      "modified_by_user": null,
      "modified_by_group": null,
      "form": "decision-municipality",
      "question": "moorlandschaft-betroffen",
      "sort": 4
    }
  },
  {
    "model": "caluma_form.formquestion",
    "pk": "decision-municipality.zwg-anwenden",
    "fields": {
      "created_at": "2024-07-17T06:35:38.346Z",
      "modified_at": "2024-07-17T06:35:38.346Z",
      "created_by_user": "admin",
      "created_by_group": null,
      "modified_by_user": null,
      "modified_by_group": null,
      "form": "decision-municipality",
      "question": "zwg-anwenden",
      "sort": 6
    }
  },
  {
    "model": "caluma_form.option",
    "pk": "decision-task-baubegleitungsprozess-ja",
    "fields": {
      "created_at": "2024-03-06T07:28:22.962Z",
      "modified_at": "2024-03-06T07:28:22.962Z",
      "created_by_user": "admin",
      "created_by_group": null,
      "modified_by_user": null,
      "modified_by_group": null,
      "label": "{\"de\": \"Baubegleitungsprozess erforderlich\", \"fr\": null, \"it\": null}",
      "is_archived": false,
      "meta": {},
      "source": null
    }
  },
  {
    "model": "caluma_form.option",
    "pk": "decision-task-baubegleitungsprozess-nein",
    "fields": {
      "created_at": "2024-03-06T07:28:22.960Z",
      "modified_at": "2024-03-06T07:28:22.960Z",
      "created_by_user": "admin",
      "created_by_group": null,
      "modified_by_user": null,
      "modified_by_group": null,
      "label": "{\"de\": \"Kein Baubegleitungsprozess\", \"fr\": null, \"it\": null}",
      "is_archived": false,
      "meta": {},
      "source": null
    }
  },
  {
    "model": "caluma_form.option",
    "pk": "decision-task-entscheid-beurteilung-bewilligung-nicht-in-aussicht-gestellt",
    "fields": {
      "created_at": "2024-05-17T06:47:35.511Z",
      "modified_at": "2024-05-29T11:10:54.691Z",
      "created_by_user": "paul.walker@ur.ch",
      "created_by_group": null,
      "modified_by_user": "paul.walker@ur.ch",
      "modified_by_group": null,
      "label": "{\"de\": \"Bewilligung kann nicht in Aussicht gestellt werden (rechtliches Geh\\u00f6r)\", \"fr\": null, \"it\": null}",
      "is_archived": false,
      "meta": {},
      "source": null
    }
  },
  {
    "model": "caluma_form.option",
    "pk": "decision-task-entscheid-beurteilung-keine-bewilligung-notwendig",
    "fields": {
      "created_at": "2024-05-15T11:59:09.024Z",
      "modified_at": "2024-05-15T11:59:26.179Z",
      "created_by_user": "paul.walker@ur.ch",
      "created_by_group": null,
      "modified_by_user": "paul.walker@ur.ch",
      "modified_by_group": null,
      "label": "{\"de\": \"Keine formelle Bewilligung notwendig\", \"fr\": null, \"it\": null}",
      "is_archived": false,
      "meta": {},
      "source": null
    }
  },
  {
    "model": "caluma_form.option",
    "pk": "decision-task-feedback-type-andere",
    "fields": {
      "created_at": "2024-05-17T06:47:53.362Z",
      "modified_at": "2024-05-17T06:47:53.362Z",
      "created_by_user": "paul.walker@ur.ch",
      "created_by_group": null,
      "modified_by_user": null,
      "modified_by_group": null,
      "label": "{\"de\": \"Andere\", \"fr\": null, \"it\": null}",
      "is_archived": false,
      "meta": {},
      "source": null
    }
  },
  {
    "model": "caluma_form.option",
    "pk": "decision-task-feedback-type-bau-und-einspracheentscheid",
    "fields": {
      "created_at": "2024-03-06T07:22:48.603Z",
      "modified_at": "2024-03-06T07:22:48.603Z",
      "created_by_user": "admin",
      "created_by_group": null,
      "modified_by_user": null,
      "modified_by_group": null,
      "label": "{\"de\": \"Bau- und Einspracheentscheid\", \"fr\": null, \"it\": null}",
      "is_archived": false,
      "meta": {},
      "source": null
    }
  },
  {
    "model": "caluma_form.option",
    "pk": "decision-task-feedback-type-mitteilung",
    "fields": {
      "created_at": "2024-04-29T05:29:21.790Z",
      "modified_at": "2024-04-29T05:29:26.146Z",
      "created_by_user": "paul.walker@ur.ch",
      "created_by_group": null,
      "modified_by_user": "paul.walker@ur.ch",
      "modified_by_group": null,
      "label": "{\"de\": \"Mitteilung\", \"fr\": null, \"it\": null}",
      "is_archived": false,
      "meta": {},
      "source": null
    }
  },
  {
    "model": "caluma_form.option",
    "pk": "decision-task-feedback-type-protokoll",
    "fields": {
      "created_at": "2024-04-29T05:29:21.789Z",
      "modified_at": "2024-04-29T05:29:26.142Z",
      "created_by_user": "paul.walker@ur.ch",
      "created_by_group": null,
      "modified_by_user": "paul.walker@ur.ch",
      "modified_by_group": null,
      "label": "{\"de\": \"Protokoll\", \"fr\": null, \"it\": null}",
      "is_archived": false,
      "meta": {},
      "source": null
    }
  },
  {
    "model": "caluma_form.option",
    "pk": "decision-task-feedback-type-stellungnahme-vorentscheid",
    "fields": {
      "created_at": "2024-03-06T07:22:48.605Z",
      "modified_at": "2024-03-06T07:22:48.605Z",
      "created_by_user": "admin",
      "created_by_group": null,
      "modified_by_user": null,
      "modified_by_group": null,
      "label": "{\"de\": \"Stellungnahme / Vorentscheid\", \"fr\": null, \"it\": null}",
      "is_archived": false,
      "meta": {},
      "source": null
    }
  },
  {
    "model": "caluma_form.option",
    "pk": "decision-task-gebaudeschaetzung-ja",
    "fields": {
      "created_at": "2024-03-06T07:24:11.459Z",
      "modified_at": "2024-03-06T07:24:11.459Z",
      "created_by_user": "admin",
      "created_by_group": null,
      "modified_by_user": null,
      "modified_by_group": null,
      "label": "{\"de\": \"Meldung erforderlich\", \"fr\": null, \"it\": null}",
      "is_archived": false,
      "meta": {},
      "source": null
    }
  },
  {
    "model": "caluma_form.option",
    "pk": "decision-task-gebaudeschaetzung-nein",
    "fields": {
      "created_at": "2024-03-06T07:24:11.460Z",
      "modified_at": "2024-03-06T07:24:11.460Z",
      "created_by_user": "admin",
      "created_by_group": null,
      "modified_by_user": null,
      "modified_by_group": null,
      "label": "{\"de\": \"Meldung nicht erforderlich\", \"fr\": null, \"it\": null}",
      "is_archived": false,
      "meta": {},
      "source": null
    }
  },
  {
    "model": "caluma_form.option",
    "pk": "decision-task-nachfuehrungsgeometer-ja",
    "fields": {
      "created_at": "2023-12-05T12:50:25.713Z",
      "modified_at": "2024-03-06T07:23:18.271Z",
      "created_by_user": "admin",
      "created_by_group": null,
      "modified_by_user": "admin",
      "modified_by_group": null,
      "label": "{\"de\": \"Meldung erforderlich\", \"fr\": null, \"it\": null}",
      "is_archived": false,
      "meta": {},
      "source": null
    }
  },
  {
    "model": "caluma_form.option",
    "pk": "decision-task-nachfuehrungsgeometer-nein",
    "fields": {
      "created_at": "2023-12-05T12:50:25.585Z",
      "modified_at": "2024-03-06T07:23:18.269Z",
      "created_by_user": "admin",
      "created_by_group": null,
      "modified_by_user": "admin",
      "modified_by_group": null,
      "label": "{\"de\": \"Meldung nicht erforderlich\", \"fr\": null, \"it\": null}",
      "is_archived": false,
      "meta": {},
      "source": null
    }
  },
  {
    "model": "caluma_form.option",
    "pk": "entscheid-beurteilung-bewilligt",
    "fields": {
      "created_at": "2023-12-05T12:49:36.724Z",
      "modified_at": "2024-04-29T05:28:46.561Z",
      "created_by_user": "admin",
      "created_by_group": null,
      "modified_by_user": "paul.walker@ur.ch",
      "modified_by_group": null,
      "label": "{\"de\": \"Bewilligung wird erteilt\", \"fr\": null, \"it\": null}",
      "is_archived": false,
      "meta": {},
      "source": null
    }
  },
  {
    "model": "caluma_form.option",
    "pk": "entscheid-beurteilung-nicht-bewilligt",
    "fields": {
      "created_at": "2023-12-05T12:49:36.726Z",
      "modified_at": "2024-04-29T05:28:46.561Z",
      "created_by_user": "admin",
      "created_by_group": null,
      "modified_by_user": "paul.walker@ur.ch",
      "modified_by_group": null,
      "label": "{\"de\": \"Bewilligung kann nicht erteilt werden\", \"fr\": null, \"it\": null}",
      "is_archived": false,
      "meta": {},
      "source": null
    }
  },
  {
    "model": "caluma_form.option",
    "pk": "gemeinde-mit-zwg-einschraenkungen-ja",
    "fields": {
      "created_at": "2024-04-29T08:49:57.113Z",
      "modified_at": "2024-05-15T15:30:01.566Z",
      "created_by_user": "paul.walker@ur.ch",
      "created_by_group": null,
      "modified_by_user": "paul.walker@ur.ch",
      "modified_by_group": null,
      "label": "{\"de\": \"Ja\", \"fr\": null, \"it\": null}",
      "is_archived": true,
      "meta": {},
      "source": null
    }
  },
  {
    "model": "caluma_form.option",
    "pk": "gemeinde-mit-zwg-einschraenkungen-nein",
    "fields": {
      "created_at": "2024-04-29T08:49:57.114Z",
      "modified_at": "2024-05-15T15:30:01.572Z",
      "created_by_user": "paul.walker@ur.ch",
      "created_by_group": null,
      "modified_by_user": "paul.walker@ur.ch",
      "modified_by_group": null,
      "label": "{\"de\": \"Nein\", \"fr\": null, \"it\": null}",
      "is_archived": true,
      "meta": {},
      "source": null
    }
  },
  {
    "model": "caluma_form.option",
    "pk": "moorlandschaft-betroffen-ja",
    "fields": {
      "created_at": "2024-04-29T08:51:17.653Z",
      "modified_at": "2024-04-29T08:51:17.653Z",
      "created_by_user": "paul.walker@ur.ch",
      "created_by_group": null,
      "modified_by_user": null,
      "modified_by_group": null,
      "label": "{\"de\": \"Ja\", \"fr\": null, \"it\": null}",
      "is_archived": false,
      "meta": {},
      "source": null
    }
  },
  {
    "model": "caluma_form.option",
    "pk": "moorlandschaft-betroffen-nein",
    "fields": {
      "created_at": "2024-04-29T08:51:17.654Z",
      "modified_at": "2024-04-29T08:51:17.654Z",
      "created_by_user": "paul.walker@ur.ch",
      "created_by_group": null,
      "modified_by_user": null,
      "modified_by_group": null,
      "label": "{\"de\": \"Nein\", \"fr\": null, \"it\": null}",
      "is_archived": false,
      "meta": {},
      "source": null
    }
  },
  {
    "model": "caluma_form.option",
    "pk": "zwg-anwenden-ja",
    "fields": {
      "created_at": "2024-05-15T15:30:01.542Z",
      "modified_at": "2024-05-15T15:30:01.542Z",
      "created_by_user": "paul.walker@ur.ch",
      "created_by_group": null,
      "modified_by_user": null,
      "modified_by_group": null,
      "label": "{\"de\": \"Ja\", \"fr\": null, \"it\": null}",
      "is_archived": false,
      "meta": {},
      "source": null
    }
  },
  {
    "model": "caluma_form.option",
    "pk": "zwg-anwenden-nein",
    "fields": {
      "created_at": "2024-05-15T15:30:01.518Z",
      "modified_at": "2024-05-15T15:30:01.518Z",
      "created_by_user": "paul.walker@ur.ch",
      "created_by_group": null,
      "modified_by_user": null,
      "modified_by_group": null,
      "label": "{\"de\": \"Nein\", \"fr\": null, \"it\": null}",
      "is_archived": false,
      "meta": {},
      "source": null
    }
  },
  {
    "model": "caluma_form.question",
    "pk": "beschwerderecht-bafu",
    "fields": {
      "created_at": "2024-04-29T12:46:29.241Z",
      "modified_at": "2024-04-29T12:58:45.608Z",
      "created_by_user": "paul.walker@ur.ch",
      "created_by_group": null,
      "modified_by_user": "paul.walker@ur.ch",
      "modified_by_group": null,
      "label": "{\"de\": \"Beschwerderecht BAFU\", \"fr\": null, \"it\": null}",
      "type": "static",
      "is_required": "false",
      "is_hidden": "!(\n  \"moorlandschaft-betroffen-ja\" == \"moorlandschaft-betroffen\"|answer\n)",
      "is_archived": false,
      "placeholder": "{\"de\": null, \"fr\": null, \"it\": null}",
      "info_text": "{\"de\": \"\", \"fr\": null, \"it\": null}",
      "hint_text": "{\"de\": null, \"fr\": null, \"it\": null}",
      "static_content": "{\"de\": \"Gem\\u00e4ss Artikel 27 Absatz 2 Buchstabe e der eidgen\\u00f6ssischen Verordnung vom 16. Januar 1991 \\u00fcber den Natur- und Heimatschutz, sind Verf\\u00fcgungen (Bewilligungen) f\\u00fcr Bauten, Anlagen und Bodenver\\u00e4nderungen in Biotopen von nationaler Bedeutung oder in Moorlandschaften, dem Bundesamt f\\u00fcr Umwelt (BAFU) mitzuteilen.\\n\\n(Bundesamt f\\u00fcr Umwelt, BAFU 3003 Bern).\", \"fr\": \"\", \"it\": \"\"}",
      "configuration": {},
      "meta": {},
      "data_source": null,
      "row_form": null,
      "sub_form": null,
      "source": null,
      "format_validators": "[]",
      "default_answer": null,
      "calc_expression": null,
      "calc_dependents": "[]"
    }
  },
  {
    "model": "caluma_form.question",
    "pk": "beschwerderecht-und-eroeffnung",
    "fields": {
      "created_at": "2024-04-29T11:34:41.285Z",
      "modified_at": "2024-05-15T15:30:23.830Z",
      "created_by_user": "paul.walker@ur.ch",
      "created_by_group": null,
      "modified_by_user": "paul.walker@ur.ch",
      "modified_by_group": null,
      "label": "{\"de\": \"Beschwerderecht und Er\\u00f6ffnung von Entscheiden\", \"fr\": null, \"it\": null}",
      "type": "static",
      "is_required": "false",
      "is_hidden": "!(\n  \"zwg-anwenden-ja\" == \"zwg-anwenden\"|answer\n)",
      "is_archived": false,
      "placeholder": "{\"de\": null, \"fr\": null, \"it\": null}",
      "info_text": "{\"de\": \"\", \"fr\": null, \"it\": null}",
      "hint_text": "{\"de\": null, \"fr\": null, \"it\": null}",
      "static_content": "{\"de\": \"Auszug aus der Zweitwohnungsverordnung (ZWV, 702.1), Art. 10\\n\\n1 Das Bundesamt f\\u00fcr Raumentwicklung ist im Bereich des Zweitwohnungswesens zur Beschwerde nach den allgemeinen Bestimmungen \\u00fcber die Bundesrechtspflege berechtigt. \\n\\n2 Die Baubewilligungsbeh\\u00f6rden er\\u00f6ffnen dem Bundesamt f\\u00fcr Raumentwicklung:\\n\\na. die Bewilligungen f\\u00fcr neue Wohnungen, die sie gest\\u00fctzt auf die Artikel 7\\nAbsatz 1 Buchstabe b, 8 und 9 des Gesetzes erteilt;\\n\\nb. die Sistierungsverf\\u00fcgungen nach Artikel 14 des Gesetzes;\\n\\nc. Baubewilligungen f\\u00fcr Wohnungen mit einer sistierten Nutzungsbeschr\\u00e4nkung.\\n\\n(Bundesamt f\\u00fcr Raumentwicklung, ARE, 3003 Bern)\", \"fr\": \"\", \"it\": \"\"}",
      "configuration": {},
      "meta": {},
      "data_source": null,
      "row_form": null,
      "sub_form": null,
      "source": null,
      "format_validators": "[]",
      "default_answer": null,
      "calc_expression": null,
      "calc_dependents": "[]"
    }
  },
  {
    "model": "caluma_form.question",
    "pk": "decision-abschliessen",
    "fields": {
      "created_at": "2024-07-17T06:36:37.428Z",
      "modified_at": "2024-07-17T06:36:37.428Z",
      "created_by_user": "admin",
      "created_by_group": null,
      "modified_by_user": null,
      "modified_by_group": null,
      "label": "{\"de\": \"Abschliessen\", \"fr\": null, \"it\": null}",
      "type": "action_button",
      "is_required": "false",
      "is_hidden": "false",
      "is_archived": false,
      "placeholder": "{\"de\": null, \"fr\": null, \"it\": null}",
      "info_text": "{\"de\": null, \"fr\": null, \"it\": null}",
      "hint_text": "{\"de\": null, \"fr\": null, \"it\": null}",
      "static_content": "{\"de\": \"\", \"fr\": \"\", \"it\": \"\"}",
      "configuration": {
        "color": "primary",
        "action": "complete",
        "show_validation": false,
        "validate_on_enter": false
      },
      "meta": {},
      "data_source": null,
      "row_form": null,
      "sub_form": null,
      "source": null,
      "format_validators": "[]",
      "default_answer": null,
      "calc_expression": null,
      "calc_dependents": "[]"
    }
  },
  {
    "model": "caluma_form.question",
    "pk": "decision-canton",
    "fields": {
      "created_at": "2024-07-17T06:38:53.628Z",
      "modified_at": "2024-07-17T06:54:37.925Z",
      "created_by_user": "admin",
      "created_by_group": null,
      "modified_by_user": "admin",
      "modified_by_group": null,
      "label": "{\"de\": \"Entscheid (Kanton)\", \"fr\": null, \"it\": null}",
      "type": "form",
      "is_required": "true",
      "is_hidden": "!(info.case.form in [\"cantonal-territory-usage\", \"konzession-waermeentnahme\", \"bohrbewilligung-waermeentnahme\", \"pgv-gemeindestrasse\", \"bgbb\", \"oereb\", \"verfahren-gemeinde\"])",
      "is_archived": false,
      "placeholder": "{\"de\": null, \"fr\": null, \"it\": null}",
      "info_text": "{\"de\": \"\", \"fr\": null, \"it\": null}",
      "hint_text": "{\"de\": null, \"fr\": null, \"it\": null}",
      "static_content": "{\"de\": \"\", \"fr\": \"\", \"it\": \"\"}",
      "configuration": {},
      "meta": {},
      "data_source": null,
      "row_form": null,
      "sub_form": "decision-canton",
      "source": null,
      "format_validators": "[]",
      "default_answer": null,
      "calc_expression": null,
      "calc_dependents": "[]"
    }
  },
  {
    "model": "caluma_form.question",
    "pk": "decision-municipality",
    "fields": {
      "created_at": "2024-07-17T06:38:05.580Z",
      "modified_at": "2024-07-17T06:54:30.541Z",
      "created_by_user": "admin",
      "created_by_group": null,
      "modified_by_user": "admin",
      "modified_by_group": null,
      "label": "{\"de\": \"Entscheid (Gemeinde)\", \"fr\": null, \"it\": null}",
      "type": "form",
      "is_required": "true",
      "is_hidden": "info.case.form in [\"cantonal-territory-usage\", \"konzession-waermeentnahme\", \"bohrbewilligung-waermeentnahme\", \"pgv-gemeindestrasse\", \"bgbb\", \"oereb\", \"verfahren-gemeinde\"]",
      "is_archived": false,
      "placeholder": "{\"de\": null, \"fr\": null, \"it\": null}",
      "info_text": "{\"de\": \"\", \"fr\": null, \"it\": null}",
      "hint_text": "{\"de\": null, \"fr\": null, \"it\": null}",
      "static_content": "{\"de\": \"\", \"fr\": \"\", \"it\": \"\"}",
      "configuration": {},
      "meta": {},
      "data_source": null,
      "row_form": null,
      "sub_form": "decision-municipality",
      "source": null,
      "format_validators": "[]",
      "default_answer": null,
      "calc_expression": null,
      "calc_dependents": "[]"
    }
  },
  {
    "model": "caluma_form.question",
    "pk": "decision-task-baubegleitungsprozess",
    "fields": {
      "created_at": "2024-03-06T07:28:23.001Z",
      "modified_at": "2024-05-27T08:24:40.033Z",
      "created_by_user": "admin",
      "created_by_group": null,
      "modified_by_user": "paul.walker@ur.ch",
      "modified_by_group": null,
      "label": "{\"de\": \"Baubegleitungsprozess\", \"fr\": null, \"it\": null}",
      "type": "choice",
      "is_required": "false",
      "is_hidden": "false",
      "is_archived": false,
      "placeholder": "{\"de\": null, \"fr\": null, \"it\": null}",
      "info_text": "{\"de\": \"\", \"fr\": null, \"it\": null}",
      "hint_text": "{\"de\": \"\", \"fr\": null, \"it\": null}",
      "static_content": "{\"de\": \"\", \"fr\": \"\", \"it\": \"\"}",
      "configuration": {},
      "meta": {
        "hideLabel": true,
        "widgetOverride": "cf-field/input/hidden"
      },
      "data_source": null,
      "row_form": null,
      "sub_form": null,
      "source": null,
      "format_validators": "[]",
      "default_answer": null,
      "calc_expression": null,
      "calc_dependents": "[]"
    }
  },
  {
    "model": "caluma_form.question",
    "pk": "decision-task-entscheid-beurteilung",
    "fields": {
      "created_at": "2023-12-05T12:49:36.784Z",
      "modified_at": "2024-05-29T11:10:55.048Z",
      "created_by_user": "admin",
      "created_by_group": null,
      "modified_by_user": "paul.walker@ur.ch",
      "modified_by_group": null,
      "label": "{\"de\": \"Entscheid / Beurteilung\", \"fr\": null, \"it\": null}",
      "type": "choice",
      "is_required": "true",
      "is_hidden": "false",
      "is_archived": false,
      "placeholder": "{\"de\": null, \"fr\": null, \"it\": null}",
      "info_text": "{\"de\": \"\", \"fr\": null, \"it\": null}",
      "hint_text": "{\"de\": \"\", \"fr\": null, \"it\": null}",
      "static_content": "{\"de\": \"\", \"fr\": \"\", \"it\": \"\"}",
      "configuration": {},
      "meta": {},
      "data_source": null,
      "row_form": null,
      "sub_form": null,
      "source": null,
      "format_validators": "[]",
      "default_answer": null,
      "calc_expression": null,
      "calc_dependents": "[]"
    }
  },
  {
    "model": "caluma_form.question",
    "pk": "decision-task-feedback-type",
    "fields": {
      "created_at": "2024-03-06T07:22:48.677Z",
      "modified_at": "2024-05-17T06:47:53.460Z",
      "created_by_user": "admin",
      "created_by_group": null,
      "modified_by_user": "paul.walker@ur.ch",
      "modified_by_group": null,
      "label": "{\"de\": \"Art der R\\u00fcckmeldung\", \"fr\": null, \"it\": null}",
      "type": "choice",
      "is_required": "true",
      "is_hidden": "false",
      "is_archived": false,
      "placeholder": "{\"de\": null, \"fr\": null, \"it\": null}",
      "info_text": "{\"de\": \"\", \"fr\": null, \"it\": null}",
      "hint_text": "{\"de\": \"\", \"fr\": null, \"it\": null}",
      "static_content": "{\"de\": \"\", \"fr\": \"\", \"it\": \"\"}",
      "configuration": {},
      "meta": {},
      "data_source": null,
      "row_form": null,
      "sub_form": null,
      "source": null,
      "format_validators": "[]",
      "default_answer": null,
      "calc_expression": null,
      "calc_dependents": "[]"
    }
  },
  {
    "model": "caluma_form.question",
    "pk": "decision-task-gebaudeschaetzung",
    "fields": {
      "created_at": "2024-03-06T07:24:11.497Z",
      "modified_at": "2024-05-27T08:27:00.229Z",
      "created_by_user": "admin",
      "created_by_group": null,
      "modified_by_user": "paul.walker@ur.ch",
      "modified_by_group": null,
      "label": "{\"de\": \"Meldung Geb\\u00e4udesch\\u00e4tzung\", \"fr\": null, \"it\": null}",
      "type": "choice",
      "is_required": "true",
      "is_hidden": "false",
      "is_archived": false,
      "placeholder": "{\"de\": null, \"fr\": null, \"it\": null}",
      "info_text": "{\"de\": \"Mit der Auswahl \\\"Meldung erforderlich\\\" bei Geb\\u00e4udesch\\u00e4tzung, erh\\u00e4lt diese beim Klicken auf \\\"Abschliessen\\\" eine neue Aufgabe (Geb\\u00e4udeversicherungswert pr\\u00fcfen) und eine E-Mail die die Aufgabe ank\\u00fcndigt. Es ist keine weitere Mail erforderlich.\", \"fr\": null, \"it\": null}",
      "hint_text": "{\"de\": \"Mit der Auswahl \\\"Meldung erforderlich\\\" erh\\u00e4lt die Geb\\u00e4udeversicherung beim Abschliessen der Aufgabe eine neue Aufgabe (\\\"Geb\\u00e4udeversicherungswert pr\\u00fcfen\\\") und eine E-Mail die die Aufgabe ank\\u00fcndigt. Es ist keine weitere Mail erforderlich.\", \"fr\": null, \"it\": null}",
      "static_content": "{\"de\": \"\", \"fr\": \"\", \"it\": \"\"}",
      "configuration": {},
      "meta": {},
      "data_source": null,
      "row_form": null,
      "sub_form": null,
      "source": null,
      "format_validators": "[]",
      "default_answer": null,
      "calc_expression": null,
      "calc_dependents": "[]"
    }
  },
  {
    "model": "caluma_form.question",
    "pk": "decision-task-nachfuehrungsgeometer",
    "fields": {
      "created_at": "2023-12-05T12:50:25.755Z",
      "modified_at": "2024-05-27T08:26:28.770Z",
      "created_by_user": "admin",
      "created_by_group": null,
      "modified_by_user": "paul.walker@ur.ch",
      "modified_by_group": null,
      "label": "{\"de\": \"Meldung Geometer\", \"fr\": null, \"it\": null}",
      "type": "choice",
      "is_required": "true",
      "is_hidden": "false",
      "is_archived": false,
      "placeholder": "{\"de\": null, \"fr\": null, \"it\": null}",
      "info_text": "{\"de\": \"Mit der Auswahl \\\"Meldung erforderlich\\\" erh\\u00e4lt der Geometer beim Klicken auf \\\"\\\"Abschliessen\\\" eine neue Aufgabe (provisorische Vermessung pr\\u00fcfen\\\" und eine E-Mail die die Aufgabe ank\\u00fcndigt. Es ist keine weitere Mail erforderlich.\", \"fr\": null, \"it\": null}",
      "hint_text": "{\"de\": \"Mit der Auswahl \\\"Meldung erforderlich\\\" erh\\u00e4lt der Geometer beim Abschliessen der Aufgabe eine neue Aufgabe (\\\"provisorische Vermessung pr\\u00fcfen\\\") und eine E-Mail die die Aufgabe ank\\u00fcndigt. Es ist keine weitere Mail erforderlich.I\", \"fr\": null, \"it\": null}",
      "static_content": "{\"de\": \"\", \"fr\": \"\", \"it\": \"\"}",
      "configuration": {},
      "meta": {},
      "data_source": null,
      "row_form": null,
      "sub_form": null,
      "source": null,
      "format_validators": "[]",
      "default_answer": null,
      "calc_expression": null,
      "calc_dependents": "[]"
    }
  },
  {
    "model": "caluma_form.question",
    "pk": "meldungen-an-bundesstellen",
    "fields": {
      "created_at": "2024-04-29T11:54:05.698Z",
      "modified_at": "2024-04-29T11:58:14.012Z",
      "created_by_user": "paul.walker@ur.ch",
      "created_by_group": null,
      "modified_by_user": "paul.walker@ur.ch",
      "modified_by_group": null,
      "label": "{\"de\": \"Meldungen an Bundesstellen\", \"fr\": null, \"it\": null}",
      "type": "static",
      "is_required": "false",
      "is_hidden": "false",
      "is_archived": false,
      "placeholder": "{\"de\": null, \"fr\": null, \"it\": null}",
      "info_text": "{\"de\": \"Bewilligung f\\u00fcr Vorhaben in Moorlandschaften und Bewilligungen f\\u00fcr Wohnbauten in Gemeinden mit ZWG Einschr\\u00e4nkungen, sind der jeweils zust\\u00e4ndigen Bundesstelle zur Kenntnis zu bringen.\", \"fr\": null, \"it\": null}",
      "hint_text": "{\"de\": null, \"fr\": null, \"it\": null}",
      "static_content": "{\"de\": \"##Meldungen an Bundesstellen\", \"fr\": \"\", \"it\": \"\"}",
      "configuration": {},
      "meta": {},
      "data_source": null,
      "row_form": null,
      "sub_form": null,
      "source": null,
      "format_validators": "[]",
      "default_answer": null,
      "calc_expression": null,
      "calc_dependents": "[]"
    }
  },
  {
    "model": "caluma_form.question",
    "pk": "moorlandschaft-betroffen",
    "fields": {
      "created_at": "2024-04-29T08:51:17.715Z",
      "modified_at": "2024-05-02T08:13:44.761Z",
      "created_by_user": "paul.walker@ur.ch",
      "created_by_group": null,
      "modified_by_user": "paul.walker@ur.ch",
      "modified_by_group": null,
      "label": "{\"de\": \"Betrifft das Vorhaben eine Moorlandschaft oder ein Biotop von nationaler Bedeutung?\", \"fr\": null, \"it\": null}",
      "type": "choice",
      "is_required": "false",
      "is_hidden": "false",
      "is_archived": false,
      "placeholder": "{\"de\": null, \"fr\": null, \"it\": null}",
      "info_text": "{\"de\": \"\", \"fr\": null, \"it\": null}",
      "hint_text": "{\"de\": \"\", \"fr\": null, \"it\": null}",
      "static_content": "{\"de\": \"\", \"fr\": \"\", \"it\": \"\"}",
      "configuration": {},
      "meta": {},
      "data_source": null,
      "row_form": null,
      "sub_form": null,
      "source": null,
      "format_validators": "[]",
      "default_answer": null,
      "calc_expression": null,
      "calc_dependents": "[]"
    }
  },
  {
    "model": "caluma_form.question",
    "pk": "zwg-anwenden",
    "fields": {
      "created_at": "2024-04-29T08:49:57.193Z",
      "modified_at": "2024-05-15T15:30:01.654Z",
      "created_by_user": "paul.walker@ur.ch",
      "created_by_group": null,
      "modified_by_user": "paul.walker@ur.ch",
      "modified_by_group": null,
      "label": "{\"de\": \"Sind Bestimmungen des Zweitwohnungsgesetzes (ZWG) anzuwenden?\", \"fr\": null, \"it\": null}",
      "type": "choice",
      "is_required": "false",
      "is_hidden": "false",
      "is_archived": false,
      "placeholder": "{\"de\": null, \"fr\": null, \"it\": null}",
      "info_text": "{\"de\": \"\", \"fr\": null, \"it\": null}",
      "hint_text": "{\"de\": \"\", \"fr\": null, \"it\": null}",
      "static_content": "{\"de\": \"\", \"fr\": \"\", \"it\": \"\"}",
      "configuration": {},
      "meta": {},
      "data_source": null,
      "row_form": null,
      "sub_form": null,
      "source": null,
      "format_validators": "[]",
      "default_answer": null,
      "calc_expression": null,
      "calc_dependents": "[]"
    }
  },
  {
    "model": "caluma_form.questionoption",
    "pk": "decision-task-baubegleitungsprozess.decision-task-baubegleitungsprozess-ja",
    "fields": {
      "created_at": "2024-05-27T08:24:40.042Z",
      "modified_at": "2024-05-27T08:24:40.042Z",
      "created_by_user": "paul.walker@ur.ch",
      "created_by_group": null,
      "modified_by_user": "paul.walker@ur.ch",
      "modified_by_group": null,
      "question": "decision-task-baubegleitungsprozess",
      "option": "decision-task-baubegleitungsprozess-ja",
      "sort": 2
    }
  },
  {
    "model": "caluma_form.questionoption",
    "pk": "decision-task-baubegleitungsprozess.decision-task-baubegleitungsprozess-nein",
    "fields": {
      "created_at": "2024-05-27T08:24:40.039Z",
      "modified_at": "2024-05-27T08:24:40.039Z",
      "created_by_user": "paul.walker@ur.ch",
      "created_by_group": null,
      "modified_by_user": "paul.walker@ur.ch",
      "modified_by_group": null,
      "question": "decision-task-baubegleitungsprozess",
      "option": "decision-task-baubegleitungsprozess-nein",
      "sort": 1
    }
  },
  {
    "model": "caluma_form.questionoption",
    "pk": "decision-task-entscheid-beurteilung.decision-task-entscheid-beurteilung-bewilligung-nicht-in-aussicht-gestellt",
    "fields": {
      "created_at": "2024-05-29T11:10:55.073Z",
      "modified_at": "2024-05-29T11:10:55.073Z",
      "created_by_user": "paul.walker@ur.ch",
      "created_by_group": null,
      "modified_by_user": "paul.walker@ur.ch",
      "modified_by_group": null,
      "question": "decision-task-entscheid-beurteilung",
      "option": "decision-task-entscheid-beurteilung-bewilligung-nicht-in-aussicht-gestellt",
      "sort": 2
    }
  },
  {
    "model": "caluma_form.questionoption",
    "pk": "decision-task-entscheid-beurteilung.decision-task-entscheid-beurteilung-keine-bewilligung-notwendig",
    "fields": {
      "created_at": "2024-05-29T11:10:55.066Z",
      "modified_at": "2024-05-29T11:10:55.066Z",
      "created_by_user": "paul.walker@ur.ch",
      "created_by_group": null,
      "modified_by_user": "paul.walker@ur.ch",
      "modified_by_group": null,
      "question": "decision-task-entscheid-beurteilung",
      "option": "decision-task-entscheid-beurteilung-keine-bewilligung-notwendig",
      "sort": 1
    }
  },
  {
    "model": "caluma_form.questionoption",
    "pk": "decision-task-entscheid-beurteilung.entscheid-beurteilung-bewilligt",
    "fields": {
      "created_at": "2024-05-29T11:10:55.079Z",
      "modified_at": "2024-05-29T11:10:55.079Z",
      "created_by_user": "paul.walker@ur.ch",
      "created_by_group": null,
      "modified_by_user": "paul.walker@ur.ch",
      "modified_by_group": null,
      "question": "decision-task-entscheid-beurteilung",
      "option": "entscheid-beurteilung-bewilligt",
      "sort": 4
    }
  },
  {
    "model": "caluma_form.questionoption",
    "pk": "decision-task-entscheid-beurteilung.entscheid-beurteilung-nicht-bewilligt",
    "fields": {
      "created_at": "2024-05-29T11:10:55.076Z",
      "modified_at": "2024-05-29T11:10:55.076Z",
      "created_by_user": "paul.walker@ur.ch",
      "created_by_group": null,
      "modified_by_user": "paul.walker@ur.ch",
      "modified_by_group": null,
      "question": "decision-task-entscheid-beurteilung",
      "option": "entscheid-beurteilung-nicht-bewilligt",
      "sort": 3
    }
  },
  {
    "model": "caluma_form.questionoption",
    "pk": "decision-task-feedback-type.decision-task-feedback-type-andere",
    "fields": {
      "created_at": "2024-05-17T06:47:53.469Z",
      "modified_at": "2024-05-17T06:47:53.469Z",
      "created_by_user": "paul.walker@ur.ch",
      "created_by_group": null,
      "modified_by_user": "paul.walker@ur.ch",
      "modified_by_group": null,
      "question": "decision-task-feedback-type",
      "option": "decision-task-feedback-type-andere",
      "sort": 1
    }
  },
  {
    "model": "caluma_form.questionoption",
    "pk": "decision-task-feedback-type.decision-task-feedback-type-bau-und-einspracheentscheid",
    "fields": {
      "created_at": "2024-05-17T06:47:53.477Z",
      "modified_at": "2024-05-17T06:47:53.477Z",
      "created_by_user": "paul.walker@ur.ch",
      "created_by_group": null,
      "modified_by_user": "paul.walker@ur.ch",
      "modified_by_group": null,
      "question": "decision-task-feedback-type",
      "option": "decision-task-feedback-type-bau-und-einspracheentscheid",
      "sort": 4
    }
  },
  {
    "model": "caluma_form.questionoption",
    "pk": "decision-task-feedback-type.decision-task-feedback-type-mitteilung",
    "fields": {
      "created_at": "2024-05-17T06:47:53.471Z",
      "modified_at": "2024-05-17T06:47:53.471Z",
      "created_by_user": "paul.walker@ur.ch",
      "created_by_group": null,
      "modified_by_user": "paul.walker@ur.ch",
      "modified_by_group": null,
      "question": "decision-task-feedback-type",
      "option": "decision-task-feedback-type-mitteilung",
      "sort": 2
    }
  },
  {
    "model": "caluma_form.questionoption",
    "pk": "decision-task-feedback-type.decision-task-feedback-type-protokoll",
    "fields": {
      "created_at": "2024-05-17T06:47:53.475Z",
      "modified_at": "2024-05-17T06:47:53.475Z",
      "created_by_user": "paul.walker@ur.ch",
      "created_by_group": null,
      "modified_by_user": "paul.walker@ur.ch",
      "modified_by_group": null,
      "question": "decision-task-feedback-type",
      "option": "decision-task-feedback-type-protokoll",
      "sort": 3
    }
  },
  {
    "model": "caluma_form.questionoption",
    "pk": "decision-task-feedback-type.decision-task-feedback-type-stellungnahme-vorentscheid",
    "fields": {
      "created_at": "2024-05-17T06:47:53.480Z",
      "modified_at": "2024-05-17T06:47:53.480Z",
      "created_by_user": "paul.walker@ur.ch",
      "created_by_group": null,
      "modified_by_user": "paul.walker@ur.ch",
      "modified_by_group": null,
      "question": "decision-task-feedback-type",
      "option": "decision-task-feedback-type-stellungnahme-vorentscheid",
      "sort": 5
    }
  },
  {
    "model": "caluma_form.questionoption",
    "pk": "decision-task-gebaudeschaetzung.decision-task-gebaudeschaetzung-ja",
    "fields": {
      "created_at": "2024-05-27T08:27:00.237Z",
      "modified_at": "2024-05-27T08:27:00.237Z",
      "created_by_user": "paul.walker@ur.ch",
      "created_by_group": null,
      "modified_by_user": "paul.walker@ur.ch",
      "modified_by_group": null,
      "question": "decision-task-gebaudeschaetzung",
      "option": "decision-task-gebaudeschaetzung-ja",
      "sort": 2
    }
  },
  {
    "model": "caluma_form.questionoption",
    "pk": "decision-task-gebaudeschaetzung.decision-task-gebaudeschaetzung-nein",
    "fields": {
      "created_at": "2024-05-27T08:27:00.234Z",
      "modified_at": "2024-05-27T08:27:00.234Z",
      "created_by_user": "paul.walker@ur.ch",
      "created_by_group": null,
      "modified_by_user": "paul.walker@ur.ch",
      "modified_by_group": null,
      "question": "decision-task-gebaudeschaetzung",
      "option": "decision-task-gebaudeschaetzung-nein",
      "sort": 1
    }
  },
  {
    "model": "caluma_form.questionoption",
    "pk": "decision-task-nachfuehrungsgeometer.decision-task-nachfuehrungsgeometer-ja",
    "fields": {
      "created_at": "2024-05-27T08:26:28.777Z",
      "modified_at": "2024-05-27T08:26:28.777Z",
      "created_by_user": "paul.walker@ur.ch",
      "created_by_group": null,
      "modified_by_user": "paul.walker@ur.ch",
      "modified_by_group": null,
      "question": "decision-task-nachfuehrungsgeometer",
      "option": "decision-task-nachfuehrungsgeometer-ja",
      "sort": 2
    }
  },
  {
    "model": "caluma_form.questionoption",
    "pk": "decision-task-nachfuehrungsgeometer.decision-task-nachfuehrungsgeometer-nein",
    "fields": {
      "created_at": "2024-05-27T08:26:28.775Z",
      "modified_at": "2024-05-27T08:26:28.775Z",
      "created_by_user": "paul.walker@ur.ch",
      "created_by_group": null,
      "modified_by_user": "paul.walker@ur.ch",
      "modified_by_group": null,
      "question": "decision-task-nachfuehrungsgeometer",
      "option": "decision-task-nachfuehrungsgeometer-nein",
      "sort": 1
    }
  },
  {
    "model": "caluma_form.questionoption",
    "pk": "moorlandschaft-betroffen.moorlandschaft-betroffen-ja",
    "fields": {
      "created_at": "2024-05-02T08:13:44.802Z",
      "modified_at": "2024-05-02T08:13:44.802Z",
      "created_by_user": "paul.walker@ur.ch",
      "created_by_group": null,
      "modified_by_user": "paul.walker@ur.ch",
      "modified_by_group": null,
      "question": "moorlandschaft-betroffen",
      "option": "moorlandschaft-betroffen-ja",
      "sort": 2
    }
  },
  {
    "model": "caluma_form.questionoption",
    "pk": "moorlandschaft-betroffen.moorlandschaft-betroffen-nein",
    "fields": {
      "created_at": "2024-05-02T08:13:44.789Z",
      "modified_at": "2024-05-02T08:13:44.789Z",
      "created_by_user": "paul.walker@ur.ch",
      "created_by_group": null,
      "modified_by_user": "paul.walker@ur.ch",
      "modified_by_group": null,
      "question": "moorlandschaft-betroffen",
      "option": "moorlandschaft-betroffen-nein",
      "sort": 1
    }
  },
  {
    "model": "caluma_form.questionoption",
    "pk": "zwg-anwenden.gemeinde-mit-zwg-einschraenkungen-ja",
    "fields": {
      "created_at": "2024-05-15T15:30:01.666Z",
      "modified_at": "2024-05-15T15:30:01.666Z",
      "created_by_user": "paul.walker@ur.ch",
      "created_by_group": null,
      "modified_by_user": "paul.walker@ur.ch",
      "modified_by_group": null,
      "question": "zwg-anwenden",
      "option": "gemeinde-mit-zwg-einschraenkungen-ja",
      "sort": 4
    }
  },
  {
    "model": "caluma_form.questionoption",
    "pk": "zwg-anwenden.gemeinde-mit-zwg-einschraenkungen-nein",
    "fields": {
      "created_at": "2024-05-15T15:30:01.663Z",
      "modified_at": "2024-05-15T15:30:01.663Z",
      "created_by_user": "paul.walker@ur.ch",
      "created_by_group": null,
      "modified_by_user": "paul.walker@ur.ch",
      "modified_by_group": null,
      "question": "zwg-anwenden",
      "option": "gemeinde-mit-zwg-einschraenkungen-nein",
      "sort": 3
    }
  },
  {
    "model": "caluma_form.questionoption",
    "pk": "zwg-anwenden.zwg-anwenden-ja",
    "fields": {
      "created_at": "2024-05-15T15:30:01.662Z",
      "modified_at": "2024-05-15T15:30:01.662Z",
      "created_by_user": "paul.walker@ur.ch",
      "created_by_group": null,
      "modified_by_user": "paul.walker@ur.ch",
      "modified_by_group": null,
      "question": "zwg-anwenden",
      "option": "zwg-anwenden-ja",
      "sort": 2
    }
  },
  {
    "model": "caluma_form.questionoption",
    "pk": "zwg-anwenden.zwg-anwenden-nein",
    "fields": {
      "created_at": "2024-05-15T15:30:01.659Z",
      "modified_at": "2024-05-15T15:30:01.659Z",
      "created_by_user": "paul.walker@ur.ch",
      "created_by_group": null,
      "modified_by_user": "paul.walker@ur.ch",
      "modified_by_group": null,
      "question": "zwg-anwenden",
      "option": "zwg-anwenden-nein",
      "sort": 1
    }
  }
]
