[
  {
    "model": "caluma_form.form",
    "pk": "distribution",
    "fields": {
      "created_at": "2023-06-05T10:36:53.634Z",
      "modified_at": "2023-06-05T10:36:53.634Z",
      "created_by_user": "admin",
      "created_by_group": null,
      "modified_by_user": null,
      "modified_by_group": null,
      "name": "{\"de\": \"distribution\", \"fr\": null, \"it\": null}",
      "description": "{\"de\": \"\", \"fr\": null, \"it\": null}",
      "meta": {},
      "is_published": true,
      "is_archived": false,
      "source": null
    }
  },
  {
    "model": "caluma_form.form",
    "pk": "inquiry",
    "fields": {
      "created_at": "2023-06-05T10:36:29.080Z",
      "modified_at": "2023-11-06T12:59:36.372Z",
      "created_by_user": "admin",
      "created_by_group": null,
      "modified_by_user": "admin",
      "modified_by_group": null,
      "name": "{\"de\": \"Stellungnahme\", \"fr\": null, \"it\": null}",
      "description": "{\"de\": \"\", \"fr\": null, \"it\": null}",
      "meta": {},
      "is_published": true,
      "is_archived": false,
      "source": null
    }
  },
  {
    "model": "caluma_form.form",
    "pk": "inquiry-answer",
    "fields": {
      "created_at": "2023-06-05T10:37:09.284Z",
      "modified_at": "2023-09-28T09:21:57.460Z",
      "created_by_user": "admin",
      "created_by_group": null,
      "modified_by_user": "admin",
      "modified_by_group": null,
      "name": "{\"de\": \"R\\u00fcckmeldung\", \"fr\": null, \"it\": null}",
      "description": "{\"de\": \"\", \"fr\": null, \"it\": null}",
      "meta": {},
      "is_published": true,
      "is_archived": false,
      "source": null
    }
  },
  {
    "model": "caluma_form.formquestion",
    "pk": "inquiry-answer.inquiry-answer-description",
    "fields": {
      "created_at": "2023-09-29T06:37:16.069Z",
      "modified_at": "2023-09-29T06:37:16.069Z",
      "created_by_user": "admin",
      "created_by_group": null,
      "modified_by_user": null,
      "modified_by_group": null,
      "form": "inquiry-answer",
      "question": "inquiry-answer-description",
      "sort": 3
    }
  },
  {
    "model": "caluma_form.formquestion",
    "pk": "inquiry-answer.inquiry-answer-invite-service",
    "fields": {
      "created_at": "2023-09-27T09:08:00.449Z",
      "modified_at": "2023-09-27T09:08:00.449Z",
      "created_by_user": "admin",
      "created_by_group": null,
      "modified_by_user": null,
      "modified_by_group": null,
      "form": "inquiry-answer",
      "question": "inquiry-answer-invite-service",
      "sort": 5
    }
  },
  {
    "model": "caluma_form.formquestion",
    "pk": "inquiry-answer.inquiry-answer-messages",
    "fields": {
      "created_at": "2023-09-27T09:46:48.194Z",
      "modified_at": "2023-09-27T09:46:48.194Z",
      "created_by_user": "admin",
      "created_by_group": null,
      "modified_by_user": null,
      "modified_by_group": null,
      "form": "inquiry-answer",
      "question": "inquiry-answer-messages",
      "sort": 1
    }
  },
  {
    "model": "caluma_form.formquestion",
    "pk": "inquiry-answer.inquiry-answer-status",
    "fields": {
      "created_at": "2023-09-27T09:07:28.649Z",
      "modified_at": "2023-09-27T09:07:28.649Z",
      "created_by_user": "admin",
      "created_by_group": null,
      "modified_by_user": null,
      "modified_by_group": null,
      "form": "inquiry-answer",
      "question": "inquiry-answer-status",
      "sort": 6
    }
  },
  {
    "model": "caluma_form.formquestion",
    "pk": "inquiry-answer.inquiry-answer-works-decision",
    "fields": {
      "created_at": "2023-09-27T09:42:57.043Z",
      "modified_at": "2023-09-27T09:42:57.043Z",
      "created_by_user": "admin",
      "created_by_group": null,
      "modified_by_user": null,
      "modified_by_group": null,
      "form": "inquiry-answer",
      "question": "inquiry-answer-works-decision",
      "sort": 4
    }
  },
  {
    "model": "caluma_form.formquestion",
    "pk": "inquiry-answer.inquiry-internal-report",
    "fields": {
      "created_at": "2023-09-28T09:25:51.261Z",
      "modified_at": "2023-09-28T09:25:51.261Z",
      "created_by_user": "admin",
      "created_by_group": null,
      "modified_by_user": null,
      "modified_by_group": null,
      "form": "inquiry-answer",
      "question": "inquiry-internal-report",
      "sort": 2
    }
  },
  {
    "model": "caluma_form.formquestion",
    "pk": "inquiry.inquiry-deadline",
    "fields": {
      "created_at": "2021-11-29T16:08:45.880Z",
      "modified_at": "2021-11-29T16:08:45.880Z",
      "created_by_user": null,
      "created_by_group": null,
      "modified_by_user": null,
      "modified_by_group": null,
      "form": "inquiry",
      "question": "inquiry-deadline",
      "sort": 1
    }
  },
  {
    "model": "caluma_form.formquestion",
    "pk": "inquiry.inquiry-remark",
    "fields": {
      "created_at": "2021-11-29T16:08:13.697Z",
      "modified_at": "2021-11-29T16:08:13.697Z",
      "created_by_user": null,
      "created_by_group": null,
      "modified_by_user": null,
      "modified_by_group": null,
      "form": "inquiry",
      "question": "inquiry-remark",
      "sort": 2
    }
  },
  {
    "model": "caluma_form.option",
    "pk": "inquiry-answer-invite-service-no",
    "fields": {
      "created_at": "2023-09-27T09:08:00.373Z",
      "modified_at": "2023-09-27T09:08:00.373Z",
      "created_by_user": "admin",
      "created_by_group": null,
      "modified_by_user": null,
      "modified_by_group": null,
      "label": "{\"de\": \"Nein\", \"fr\": null, \"it\": null}",
      "is_archived": false,
      "meta": {},
      "source": null
    }
  },
  {
    "model": "caluma_form.option",
    "pk": "inquiry-answer-invite-service-yes",
    "fields": {
      "created_at": "2023-09-27T09:50:35.630Z",
      "modified_at": "2023-09-27T09:50:35.630Z",
      "created_by_user": "admin",
      "created_by_group": null,
      "modified_by_user": null,
      "modified_by_group": null,
      "label": "{\"de\": \"Ja\", \"fr\": null, \"it\": null}",
      "is_archived": false,
      "meta": {},
      "source": null
    }
  },
  {
    "model": "caluma_form.option",
    "pk": "inquiry-answer-status-approved",
    "fields": {
      "created_at": "2021-11-29T16:20:19.518Z",
      "modified_at": "2023-05-30T11:13:56.742Z",
      "created_by_user": "855a5ba0-cdcc-48d5-ab7c-4fc55cbe0754",
      "created_by_group": null,
      "modified_by_user": "462afaba-aeb7-494a-8596-3497b81ed701",
      "modified_by_group": null,
      "label": "{\"de\": \"Bewilligung\", \"fr\": null, \"it\": null}",
      "is_archived": false,
      "meta": {},
      "source": null
    }
  },
  {
    "model": "caluma_form.option",
    "pk": "inquiry-answer-status-negative",
    "fields": {
      "created_at": "2021-11-29T16:20:19.521Z",
      "modified_at": "2023-05-30T11:20:45.931Z",
      "created_by_user": "855a5ba0-cdcc-48d5-ab7c-4fc55cbe0754",
      "created_by_group": null,
      "modified_by_user": "462afaba-aeb7-494a-8596-3497b81ed701",
      "modified_by_group": null,
      "label": "{\"de\": \"Negative Stellungnahme\", \"fr\": null, \"it\": null}",
      "is_archived": false,
      "meta": {},
      "source": null
    }
  },
  {
    "model": "caluma_form.option",
    "pk": "inquiry-answer-status-no",
    "fields": {
      "created_at": "2023-09-27T09:50:25.566Z",
      "modified_at": "2023-09-27T09:50:25.566Z",
      "created_by_user": "admin",
      "created_by_group": null,
      "modified_by_user": null,
      "modified_by_group": null,
      "label": "{\"de\": \"Nein\", \"fr\": null, \"it\": null}",
      "is_archived": false,
      "meta": {},
      "source": null
    }
  },
  {
    "model": "caluma_form.option",
    "pk": "inquiry-answer-status-no-answer",
    "fields": {
      "created_at": "2023-09-27T09:07:28.570Z",
      "modified_at": "2023-09-28T09:22:06.868Z",
      "created_by_user": "admin",
      "created_by_group": null,
      "modified_by_user": "admin",
      "modified_by_group": null,
      "label": "{\"de\": \"-\", \"fr\": null, \"it\": null}",
      "is_archived": true,
      "meta": {},
      "source": null
    }
  },
  {
    "model": "caluma_form.option",
    "pk": "inquiry-answer-status-no-response",
    "fields": {
      "created_at": "2023-09-27T09:50:25.589Z",
      "modified_at": "2023-09-27T09:50:25.589Z",
      "created_by_user": "admin",
      "created_by_group": null,
      "modified_by_user": null,
      "modified_by_group": null,
      "label": "{\"de\": \"Keine Stellungnahme\", \"fr\": null, \"it\": null}",
      "is_archived": false,
      "meta": {},
      "source": null
    }
  },
  {
    "model": "caluma_form.option",
    "pk": "inquiry-answer-status-not-involved",
    "fields": {
      "created_at": "2023-09-27T09:50:25.593Z",
      "modified_at": "2023-09-27T09:50:25.593Z",
      "created_by_user": "admin",
      "created_by_group": null,
      "modified_by_user": null,
      "modified_by_group": null,
      "label": "{\"de\": \"Fachstelle nicht betroffen\", \"fr\": null, \"it\": null}",
      "is_archived": false,
      "meta": {},
      "source": null
    }
  },
  {
    "model": "caluma_form.option",
    "pk": "inquiry-answer-status-positive",
    "fields": {
      "created_at": "2021-11-29T16:20:19.522Z",
      "modified_at": "2023-05-30T11:20:45.942Z",
      "created_by_user": "855a5ba0-cdcc-48d5-ab7c-4fc55cbe0754",
      "created_by_group": null,
      "modified_by_user": "462afaba-aeb7-494a-8596-3497b81ed701",
      "modified_by_group": null,
      "label": "{\"de\": \"Positive Stellungnahme\", \"fr\": null, \"it\": null}",
      "is_archived": false,
      "meta": {},
      "source": null
    }
  },
  {
    "model": "caluma_form.option",
    "pk": "inquiry-answer-status-rejected",
    "fields": {
      "created_at": "2022-02-24T13:55:21.367Z",
      "modified_at": "2023-05-30T11:13:56.724Z",
      "created_by_user": "855a5ba0-cdcc-48d5-ab7c-4fc55cbe0754",
      "created_by_group": null,
      "modified_by_user": "462afaba-aeb7-494a-8596-3497b81ed701",
      "modified_by_group": null,
      "label": "{\"de\": \"Ablehnung\", \"fr\": null, \"it\": null}",
      "is_archived": false,
      "meta": {},
      "source": null
    }
  },
  {
    "model": "caluma_form.option",
    "pk": "inquiry-answer-status-written-off",
    "fields": {
      "created_at": "2022-02-24T14:02:04.081Z",
      "modified_at": "2023-05-30T11:13:56.646Z",
      "created_by_user": "855a5ba0-cdcc-48d5-ab7c-4fc55cbe0754",
      "created_by_group": null,
      "modified_by_user": "462afaba-aeb7-494a-8596-3497b81ed701",
      "modified_by_group": null,
      "label": "{\"de\": \"Abschreibung\", \"fr\": null, \"it\": null}",
      "is_archived": false,
      "meta": {},
      "source": null
    }
  },
  {
    "model": "caluma_form.option",
    "pk": "inquiry-answer-status-yes",
    "fields": {
      "created_at": "2023-09-27T09:50:25.588Z",
      "modified_at": "2023-09-27T09:50:25.588Z",
      "created_by_user": "admin",
      "created_by_group": null,
      "modified_by_user": null,
      "modified_by_group": null,
      "label": "{\"de\": \"Ja\", \"fr\": null, \"it\": null}",
      "is_archived": false,
      "meta": {},
      "source": null
    }
  },
  {
    "model": "caluma_form.option",
    "pk": "inquiry-answer-status-yes-with-conditions",
    "fields": {
      "created_at": "2023-09-27T09:50:25.567Z",
      "modified_at": "2023-09-27T09:50:25.567Z",
      "created_by_user": "admin",
      "created_by_group": null,
      "modified_by_user": null,
      "modified_by_group": null,
      "label": "{\"de\": \"Ja mit Auflagen\", \"fr\": null, \"it\": null}",
      "is_archived": false,
      "meta": {},
      "source": null
    }
  },
  {
    "model": "caluma_form.option",
    "pk": "inquiry-answer-works-decision-andere",
    "fields": {
      "created_at": "2023-09-27T09:52:10.679Z",
      "modified_at": "2023-09-27T09:52:10.679Z",
      "created_by_user": "admin",
      "created_by_group": null,
      "modified_by_user": null,
      "modified_by_group": null,
      "label": "{\"de\": \"Andere\", \"fr\": null, \"it\": null}",
      "is_archived": false,
      "meta": {},
      "source": null
    }
  },
  {
    "model": "caluma_form.option",
    "pk": "inquiry-answer-works-decision-fachstelle-nicht-betroffen",
    "fields": {
      "created_at": "2023-09-27T09:52:10.678Z",
      "modified_at": "2023-09-27T09:52:10.678Z",
      "created_by_user": "admin",
      "created_by_group": null,
      "modified_by_user": null,
      "modified_by_group": null,
      "label": "{\"de\": \"Fachstelle nicht betroffen\", \"fr\": null, \"it\": null}",
      "is_archived": false,
      "meta": {},
      "source": null
    }
  },
  {
    "model": "caluma_form.option",
    "pk": "inquiry-answer-works-decision-fachtechnische-beurteilung",
    "fields": {
      "created_at": "2023-09-27T09:52:10.600Z",
      "modified_at": "2023-09-27T09:52:10.600Z",
      "created_by_user": "admin",
      "created_by_group": null,
      "modified_by_user": null,
      "modified_by_group": null,
      "label": "{\"de\": \"Fachtechnische Beurteilung\", \"fr\": null, \"it\": null}",
      "is_archived": false,
      "meta": {},
      "source": null
    }
  },
  {
    "model": "caluma_form.option",
    "pk": "inquiry-answer-works-decision-interner-kurzbericht-via-urec",
    "fields": {
      "created_at": "2023-09-27T09:52:10.613Z",
      "modified_at": "2023-09-27T09:52:10.613Z",
      "created_by_user": "admin",
      "created_by_group": null,
      "modified_by_user": null,
      "modified_by_group": null,
      "label": "{\"de\": \"Interner Kurzbericht via URec\", \"fr\": null, \"it\": null}",
      "is_archived": false,
      "meta": {},
      "source": null
    }
  },
  {
    "model": "caluma_form.option",
    "pk": "inquiry-answer-works-decision-keine-stellungnahme",
    "fields": {
      "created_at": "2023-09-27T09:52:10.677Z",
      "modified_at": "2023-09-27T09:52:10.677Z",
      "created_by_user": "admin",
      "created_by_group": null,
      "modified_by_user": null,
      "modified_by_group": null,
      "label": "{\"de\": \"Keine Stellungnahme\", \"fr\": null, \"it\": null}",
      "is_archived": false,
      "meta": {},
      "source": null
    }
  },
  {
    "model": "caluma_form.option",
    "pk": "inquiry-answer-works-decision-mitbericht",
    "fields": {
      "created_at": "2023-09-27T09:52:10.606Z",
      "modified_at": "2023-09-27T09:52:10.606Z",
      "created_by_user": "admin",
      "created_by_group": null,
      "modified_by_user": null,
      "modified_by_group": null,
      "label": "{\"de\": \"Mitbericht\", \"fr\": null, \"it\": null}",
      "is_archived": false,
      "meta": {},
      "source": null
    }
  },
  {
    "model": "caluma_form.option",
    "pk": "inquiry-answer-works-decision-no-answer",
    "fields": {
      "created_at": "2023-09-27T09:42:56.962Z",
      "modified_at": "2023-09-27T09:52:37.873Z",
      "created_by_user": "admin",
      "created_by_group": null,
      "modified_by_user": "admin",
      "modified_by_group": null,
      "label": "{\"de\": \"-\", \"fr\": null, \"it\": null}",
      "is_archived": true,
      "meta": {},
      "source": null
    }
  },
  {
    "model": "caluma_form.option",
    "pk": "inquiry-answer-works-decision-planbegutachtung",
    "fields": {
      "created_at": "2023-09-27T09:52:10.647Z",
      "modified_at": "2023-09-27T09:52:10.647Z",
      "created_by_user": "admin",
      "created_by_group": null,
      "modified_by_user": null,
      "modified_by_group": null,
      "label": "{\"de\": \"Planbegutachtung\", \"fr\": null, \"it\": null}",
      "is_archived": false,
      "meta": {},
      "source": null
    }
  },
  {
    "model": "caluma_form.option",
    "pk": "inquiry-answer-works-decision-planvisum",
    "fields": {
      "created_at": "2023-09-27T09:52:10.651Z",
      "modified_at": "2023-09-27T09:52:10.652Z",
      "created_by_user": "admin",
      "created_by_group": null,
      "modified_by_user": null,
      "modified_by_group": null,
      "label": "{\"de\": \"Planvisum\", \"fr\": null, \"it\": null}",
      "is_archived": false,
      "meta": {},
      "source": null
    }
  },
  {
    "model": "caluma_form.option",
    "pk": "inquiry-answer-works-decision-rechnung-gebuehr",
    "fields": {
      "created_at": "2023-09-27T09:52:10.615Z",
      "modified_at": "2023-09-27T09:52:10.615Z",
      "created_by_user": "admin",
      "created_by_group": null,
      "modified_by_user": null,
      "modified_by_group": null,
      "label": "{\"de\": \"Rechnung / Geb\\u00fchr\", \"fr\": null, \"it\": null}",
      "is_archived": false,
      "meta": {},
      "source": null
    }
  },
  {
    "model": "caluma_form.option",
    "pk": "inquiry-answer-works-decision-stellungnahme",
    "fields": {
      "created_at": "2023-09-27T09:52:10.579Z",
      "modified_at": "2023-09-27T09:52:10.579Z",
      "created_by_user": "admin",
      "created_by_group": null,
      "modified_by_user": null,
      "modified_by_group": null,
      "label": "{\"de\": \"Stellungnahme\", \"fr\": null, \"it\": null}",
      "is_archived": false,
      "meta": {},
      "source": null
    }
  },
  {
    "model": "caluma_form.option",
    "pk": "inquiry-answer-works-decision-verfugung",
    "fields": {
      "created_at": "2023-09-27T09:52:10.577Z",
      "modified_at": "2023-09-27T09:52:10.577Z",
      "created_by_user": "admin",
      "created_by_group": null,
      "modified_by_user": null,
      "modified_by_group": null,
      "label": "{\"de\": \"Verf\\u00fcgung\", \"fr\": null, \"it\": null}",
      "is_archived": false,
      "meta": {},
      "source": null
    }
  },
  {
    "model": "caluma_form.question",
    "pk": "inquiry-answer-description",
    "fields": {
      "created_at": "2023-09-29T06:37:16.024Z",
      "modified_at": "2023-09-29T06:52:55.439Z",
      "created_by_user": "admin",
      "created_by_group": null,
      "modified_by_user": "admin",
      "modified_by_group": null,
      "label": "{\"de\": \"Beschreibung\", \"fr\": null, \"it\": null}",
      "type": "textarea",
      "is_required": "false",
      "is_hidden": "!(\"inquiry-answer-works-decision-andere\" in \"inquiry-answer-works-decision\"|answer)",
      "is_archived": false,
      "placeholder": "{\"de\": \"\", \"fr\": null, \"it\": null}",
      "info_text": "{\"de\": \"\", \"fr\": null, \"it\": null}",
      "hint_text": "{\"de\": \"\", \"fr\": null, \"it\": null}",
      "static_content": "{\"de\": \"\", \"fr\": \"\", \"it\": \"\"}",
      "configuration": {
        "max_length": null,
        "min_length": null
      },
      "meta": {},
      "data_source": null,
      "row_form": null,
      "sub_form": null,
      "source": null,
      "format_validators": "[]",
      "default_answer": null,
      "calc_expression": null,
      "calc_dependents": "[]"
    }
  },
  {
    "model": "caluma_form.question",
    "pk": "inquiry-answer-invite-service",
    "fields": {
      "created_at": "2023-09-27T09:08:00.409Z",
      "modified_at": "2023-09-27T09:50:35.683Z",
      "created_by_user": "admin",
      "created_by_group": null,
      "modified_by_user": "admin",
      "modified_by_group": null,
      "label": "{\"de\": \"Fachstelle zur Endabnahme aufbieten\", \"fr\": null, \"it\": null}",
      "type": "choice",
      "is_required": "false",
      "is_hidden": "false",
      "is_archived": false,
      "placeholder": "{\"de\": null, \"fr\": null, \"it\": null}",
      "info_text": "{\"de\": \"\", \"fr\": null, \"it\": null}",
      "hint_text": "{\"de\": \"\", \"fr\": null, \"it\": null}",
      "static_content": "{\"de\": \"\", \"fr\": \"\", \"it\": \"\"}",
      "configuration": {},
      "meta": {},
      "data_source": null,
      "row_form": null,
      "sub_form": null,
      "source": null,
      "format_validators": "[]",
      "default_answer": null,
      "calc_expression": null,
      "calc_dependents": "[]"
    }
  },
  {
    "model": "caluma_form.question",
    "pk": "inquiry-answer-messages",
    "fields": {
      "created_at": "2023-09-27T09:46:48.155Z",
      "modified_at": "2023-09-28T09:23:22.037Z",
      "created_by_user": "admin",
      "created_by_group": null,
      "modified_by_user": "admin",
      "modified_by_group": null,
      "label": "{\"de\": \"Mitteilung\", \"fr\": null, \"it\": null}",
      "type": "textarea",
      "is_required": "false",
      "is_hidden": "false",
      "is_archived": false,
      "placeholder": "{\"de\": \"\", \"fr\": null, \"it\": null}",
      "info_text": "{\"de\": \"\", \"fr\": null, \"it\": null}",
      "hint_text": "{\"de\": \"\", \"fr\": null, \"it\": null}",
      "static_content": "{\"de\": \"\", \"fr\": \"\", \"it\": \"\"}",
      "configuration": {
        "max_length": null,
        "min_length": null
      },
      "meta": {},
      "data_source": null,
      "row_form": null,
      "sub_form": null,
      "source": null,
      "format_validators": "[]",
      "default_answer": null,
      "calc_expression": null,
      "calc_dependents": "[]"
    }
  },
  {
    "model": "caluma_form.question",
    "pk": "inquiry-answer-status",
    "fields": {
      "created_at": "2023-09-27T09:07:28.606Z",
      "modified_at": "2023-09-29T06:47:05.162Z",
      "created_by_user": "admin",
      "created_by_group": null,
      "modified_by_user": "admin",
      "modified_by_group": null,
      "label": "{\"de\": \"Kurzantwort\", \"fr\": null, \"it\": null}",
      "type": "choice",
      "is_required": "true",
      "is_hidden": "false",
      "is_archived": false,
      "placeholder": "{\"de\": null, \"fr\": null, \"it\": null}",
      "info_text": "{\"de\": \"\", \"fr\": null, \"it\": null}",
      "hint_text": "{\"de\": \"\", \"fr\": null, \"it\": null}",
      "static_content": "{\"de\": \"\", \"fr\": \"\", \"it\": \"\"}",
      "configuration": {},
      "meta": {},
      "data_source": null,
      "row_form": null,
      "sub_form": null,
      "source": null,
      "format_validators": "[]",
      "default_answer": null,
      "calc_expression": null,
      "calc_dependents": "[]"
    }
  },
  {
    "model": "caluma_form.question",
    "pk": "inquiry-answer-works-decision",
    "fields": {
      "created_at": "2023-09-27T09:42:57.001Z",
      "modified_at": "2023-09-27T09:52:37.928Z",
      "created_by_user": "admin",
      "created_by_group": null,
      "modified_by_user": "admin",
      "modified_by_group": null,
      "label": "{\"de\": \"Sachbearbeitung / Entscheid\", \"fr\": null, \"it\": null}",
      "type": "multiple_choice",
      "is_required": "false",
      "is_hidden": "false",
      "is_archived": false,
      "placeholder": "{\"de\": null, \"fr\": null, \"it\": null}",
      "info_text": "{\"de\": \"\", \"fr\": null, \"it\": null}",
      "hint_text": "{\"de\": \"\", \"fr\": null, \"it\": null}",
      "static_content": "{\"de\": \"\", \"fr\": \"\", \"it\": \"\"}",
      "configuration": {},
      "meta": {},
      "data_source": null,
      "row_form": null,
      "sub_form": null,
      "source": null,
      "format_validators": "[]",
      "default_answer": null,
      "calc_expression": null,
      "calc_dependents": "[]"
    }
  },
  {
    "model": "caluma_form.question",
    "pk": "inquiry-deadline",
    "fields": {
      "created_at": "2021-11-29T16:08:45.844Z",
      "modified_at": "2023-10-04T09:00:32.923Z",
      "created_by_user": "855a5ba0-cdcc-48d5-ab7c-4fc55cbe0754",
      "created_by_group": null,
      "modified_by_user": "admin",
      "modified_by_group": null,
      "label": "{\"de\": \"Frist\", \"fr\": \"Delai\", \"it\": null}",
      "type": "date",
      "is_required": "false",
      "is_hidden": "false",
      "is_archived": false,
      "placeholder": "{\"de\": null, \"fr\": null, \"it\": null}",
      "info_text": "{\"de\": \"\", \"fr\": null, \"it\": null}",
      "hint_text": "{\"de\": \"\", \"fr\": null, \"it\": null}",
      "static_content": "{\"de\": \"\", \"fr\": \"\", \"it\": \"\"}",
      "configuration": {},
      "meta": {
        "widgetOverride": "inquiry-deadline-input"
      },
      "data_source": null,
      "row_form": null,
      "sub_form": null,
      "source": null,
      "format_validators": "[]",
      "default_answer": null,
      "calc_expression": null,
      "calc_dependents": "[]"
    }
  },
  {
    "model": "caluma_form.question",
    "pk": "inquiry-internal-report",
    "fields": {
      "created_at": "2023-09-28T09:25:51.208Z",
      "modified_at": "2023-09-29T06:53:04.193Z",
      "created_by_user": "admin",
      "created_by_group": null,
      "modified_by_user": "admin",
      "modified_by_group": null,
      "label": "{\"de\": \"Interner Kurzbericht\", \"fr\": null, \"it\": null}",
      "type": "textarea",
      "is_required": "false",
      "is_hidden": "!(\"inquiry-answer-works-decision-interner-kurzbericht-via-urec\" in \"inquiry-answer-works-decision\"|answer)",
      "is_archived": false,
      "placeholder": "{\"de\": \"\", \"fr\": null, \"it\": null}",
      "info_text": "{\"de\": \"\", \"fr\": null, \"it\": null}",
      "hint_text": "{\"de\": \"\", \"fr\": null, \"it\": null}",
      "static_content": "{\"de\": \"\", \"fr\": \"\", \"it\": \"\"}",
      "configuration": {
        "max_length": null,
        "min_length": null
      },
      "meta": {},
      "data_source": null,
      "row_form": null,
      "sub_form": null,
      "source": null,
      "format_validators": "[]",
      "default_answer": null,
      "calc_expression": null,
      "calc_dependents": "[]"
    }
  },
  {
    "model": "caluma_form.question",
    "pk": "inquiry-remark",
    "fields": {
      "created_at": "2021-11-29T16:08:13.655Z",
      "modified_at": "2023-09-29T06:36:40.402Z",
      "created_by_user": "855a5ba0-cdcc-48d5-ab7c-4fc55cbe0754",
      "created_by_group": null,
      "modified_by_user": "admin",
      "modified_by_group": null,
      "label": "{\"de\": \"Zustellungsgrund\", \"fr\": null, \"it\": null}",
      "type": "textarea",
      "is_required": "false",
      "is_hidden": "false",
      "is_archived": false,
      "placeholder": "{\"de\": \"\", \"fr\": \"\", \"it\": null}",
      "info_text": "{\"de\": \"\", \"fr\": \"\", \"it\": null}",
      "hint_text": "{\"de\": \"\", \"fr\": null, \"it\": null}",
      "static_content": "{\"de\": \"\", \"fr\": \"\", \"it\": \"\"}",
      "configuration": {
        "max_length": null,
        "min_length": null
      },
      "meta": {},
      "data_source": null,
      "row_form": null,
      "sub_form": null,
      "source": null,
      "format_validators": "[]",
      "default_answer": null,
      "calc_expression": null,
      "calc_dependents": "[]"
    }
  },
  {
    "model": "caluma_form.questionoption",
    "pk": "inquiry-answer-invite-service.inquiry-answer-invite-service-no",
    "fields": {
      "created_at": "2023-09-27T09:50:35.687Z",
      "modified_at": "2023-09-27T09:50:35.687Z",
      "created_by_user": "admin",
      "created_by_group": null,
      "modified_by_user": "admin",
      "modified_by_group": null,
      "question": "inquiry-answer-invite-service",
      "option": "inquiry-answer-invite-service-no",
      "sort": 2
    }
  },
  {
    "model": "caluma_form.questionoption",
    "pk": "inquiry-answer-invite-service.inquiry-answer-invite-service-yes",
    "fields": {
      "created_at": "2023-09-27T09:50:35.686Z",
      "modified_at": "2023-09-27T09:50:35.686Z",
      "created_by_user": "admin",
      "created_by_group": null,
      "modified_by_user": "admin",
      "modified_by_group": null,
      "question": "inquiry-answer-invite-service",
      "option": "inquiry-answer-invite-service-yes",
      "sort": 1
    }
  },
  {
    "model": "caluma_form.questionoption",
    "pk": "inquiry-answer-status.inquiry-answer-status-approved",
    "fields": {
      "created_at": "2023-09-27T09:12:41.226Z",
      "modified_at": "2023-09-27T09:12:41.226Z",
      "created_by_user": "admin",
      "created_by_group": null,
      "modified_by_user": "admin",
      "modified_by_group": null,
      "question": "inquiry-answer-status",
      "option": "inquiry-answer-status-approved",
      "sort": 5
    }
  },
  {
    "model": "caluma_form.questionoption",
    "pk": "inquiry-answer-status.inquiry-answer-status-negative",
    "fields": {
      "created_at": "2023-09-27T09:12:41.221Z",
      "modified_at": "2023-09-27T09:12:41.221Z",
      "created_by_user": "admin",
      "created_by_group": null,
      "modified_by_user": "admin",
      "modified_by_group": null,
      "question": "inquiry-answer-status",
      "option": "inquiry-answer-status-negative",
      "sort": 1
    }
  },
  {
    "model": "caluma_form.questionoption",
    "pk": "inquiry-answer-status.inquiry-answer-status-no",
    "fields": {
      "created_at": "2023-09-29T06:47:05.173Z",
      "modified_at": "2023-09-29T06:47:05.173Z",
      "created_by_user": "admin",
      "created_by_group": null,
      "modified_by_user": "admin",
      "modified_by_group": null,
      "question": "inquiry-answer-status",
      "option": "inquiry-answer-status-no",
      "sort": 4
    }
  },
  {
    "model": "caluma_form.questionoption",
    "pk": "inquiry-answer-status.inquiry-answer-status-no-answer",
    "fields": {
      "created_at": "2023-09-29T06:47:05.175Z",
      "modified_at": "2023-09-29T06:47:05.175Z",
      "created_by_user": "admin",
      "created_by_group": null,
      "modified_by_user": "admin",
      "modified_by_group": null,
      "question": "inquiry-answer-status",
      "option": "inquiry-answer-status-no-answer",
      "sort": 6
    }
  },
  {
    "model": "caluma_form.questionoption",
    "pk": "inquiry-answer-status.inquiry-answer-status-no-response",
    "fields": {
      "created_at": "2023-09-29T06:47:05.174Z",
      "modified_at": "2023-09-29T06:47:05.174Z",
      "created_by_user": "admin",
      "created_by_group": null,
      "modified_by_user": "admin",
      "modified_by_group": null,
      "question": "inquiry-answer-status",
      "option": "inquiry-answer-status-no-response",
      "sort": 5
    }
  },
  {
    "model": "caluma_form.questionoption",
    "pk": "inquiry-answer-status.inquiry-answer-status-not-involved",
    "fields": {
      "created_at": "2023-09-29T06:47:05.165Z",
      "modified_at": "2023-09-29T06:47:05.165Z",
      "created_by_user": "admin",
      "created_by_group": null,
      "modified_by_user": "admin",
      "modified_by_group": null,
      "question": "inquiry-answer-status",
      "option": "inquiry-answer-status-not-involved",
      "sort": 1
    }
  },
  {
    "model": "caluma_form.questionoption",
    "pk": "inquiry-answer-status.inquiry-answer-status-positive",
    "fields": {
      "created_at": "2023-09-27T09:12:41.223Z",
      "modified_at": "2023-09-27T09:12:41.223Z",
      "created_by_user": "admin",
      "created_by_group": null,
      "modified_by_user": "admin",
      "modified_by_group": null,
      "question": "inquiry-answer-status",
      "option": "inquiry-answer-status-positive",
      "sort": 2
    }
  },
  {
    "model": "caluma_form.questionoption",
    "pk": "inquiry-answer-status.inquiry-answer-status-rejected",
    "fields": {
      "created_at": "2023-09-27T09:12:41.225Z",
      "modified_at": "2023-09-27T09:12:41.225Z",
      "created_by_user": "admin",
      "created_by_group": null,
      "modified_by_user": "admin",
      "modified_by_group": null,
      "question": "inquiry-answer-status",
      "option": "inquiry-answer-status-rejected",
      "sort": 4
    }
  },
  {
    "model": "caluma_form.questionoption",
    "pk": "inquiry-answer-status.inquiry-answer-status-written-off",
    "fields": {
      "created_at": "2023-09-27T09:12:41.224Z",
      "modified_at": "2023-09-27T09:12:41.224Z",
      "created_by_user": "admin",
      "created_by_group": null,
      "modified_by_user": "admin",
      "modified_by_group": null,
      "question": "inquiry-answer-status",
      "option": "inquiry-answer-status-written-off",
      "sort": 3
    }
  },
  {
    "model": "caluma_form.questionoption",
    "pk": "inquiry-answer-status.inquiry-answer-status-yes",
    "fields": {
      "created_at": "2023-09-29T06:47:05.172Z",
      "modified_at": "2023-09-29T06:47:05.172Z",
      "created_by_user": "admin",
      "created_by_group": null,
      "modified_by_user": "admin",
      "modified_by_group": null,
      "question": "inquiry-answer-status",
      "option": "inquiry-answer-status-yes",
      "sort": 3
    }
  },
  {
    "model": "caluma_form.questionoption",
    "pk": "inquiry-answer-status.inquiry-answer-status-yes-with-conditions",
    "fields": {
      "created_at": "2023-09-29T06:47:05.170Z",
      "modified_at": "2023-09-29T06:47:05.170Z",
      "created_by_user": "admin",
      "created_by_group": null,
      "modified_by_user": "admin",
      "modified_by_group": null,
      "question": "inquiry-answer-status",
      "option": "inquiry-answer-status-yes-with-conditions",
      "sort": 2
    }
  },
  {
    "model": "caluma_form.questionoption",
    "pk": "inquiry-answer-works-decision.inquiry-answer-works-decision-andere",
    "fields": {
      "created_at": "2023-09-27T09:52:37.931Z",
      "modified_at": "2023-09-27T09:52:37.931Z",
      "created_by_user": "admin",
      "created_by_group": null,
      "modified_by_user": "admin",
      "modified_by_group": null,
      "question": "inquiry-answer-works-decision",
      "option": "inquiry-answer-works-decision-andere",
      "sort": 1
    }
  },
  {
    "model": "caluma_form.questionoption",
    "pk": "inquiry-answer-works-decision.inquiry-answer-works-decision-fachstelle-nicht-betroffen",
    "fields": {
      "created_at": "2023-09-27T09:52:37.933Z",
      "modified_at": "2023-09-27T09:52:37.933Z",
      "created_by_user": "admin",
      "created_by_group": null,
      "modified_by_user": "admin",
      "modified_by_group": null,
      "question": "inquiry-answer-works-decision",
      "option": "inquiry-answer-works-decision-fachstelle-nicht-betroffen",
      "sort": 2
    }
  },
  {
    "model": "caluma_form.questionoption",
    "pk": "inquiry-answer-works-decision.inquiry-answer-works-decision-fachtechnische-beurteilung",
    "fields": {
      "created_at": "2023-09-27T09:52:37.941Z",
      "modified_at": "2023-09-27T09:52:37.941Z",
      "created_by_user": "admin",
      "created_by_group": null,
      "modified_by_user": "admin",
      "modified_by_group": null,
      "question": "inquiry-answer-works-decision",
      "option": "inquiry-answer-works-decision-fachtechnische-beurteilung",
      "sort": 9
    }
  },
  {
    "model": "caluma_form.questionoption",
    "pk": "inquiry-answer-works-decision.inquiry-answer-works-decision-interner-kurzbericht-via-urec",
    "fields": {
      "created_at": "2023-09-27T09:52:37.940Z",
      "modified_at": "2023-09-27T09:52:37.940Z",
      "created_by_user": "admin",
      "created_by_group": null,
      "modified_by_user": "admin",
      "modified_by_group": null,
      "question": "inquiry-answer-works-decision",
      "option": "inquiry-answer-works-decision-interner-kurzbericht-via-urec",
      "sort": 8
    }
  },
  {
    "model": "caluma_form.questionoption",
    "pk": "inquiry-answer-works-decision.inquiry-answer-works-decision-keine-stellungnahme",
    "fields": {
      "created_at": "2023-09-27T09:52:37.934Z",
      "modified_at": "2023-09-27T09:52:37.934Z",
      "created_by_user": "admin",
      "created_by_group": null,
      "modified_by_user": "admin",
      "modified_by_group": null,
      "question": "inquiry-answer-works-decision",
      "option": "inquiry-answer-works-decision-keine-stellungnahme",
      "sort": 3
    }
  },
  {
    "model": "caluma_form.questionoption",
    "pk": "inquiry-answer-works-decision.inquiry-answer-works-decision-mitbericht",
    "fields": {
      "created_at": "2023-09-27T09:52:37.937Z",
      "modified_at": "2023-09-27T09:52:37.937Z",
      "created_by_user": "admin",
      "created_by_group": null,
      "modified_by_user": "admin",
      "modified_by_group": null,
      "question": "inquiry-answer-works-decision",
      "option": "inquiry-answer-works-decision-mitbericht",
      "sort": 6
    }
  },
  {
    "model": "caluma_form.questionoption",
    "pk": "inquiry-answer-works-decision.inquiry-answer-works-decision-no-answer",
    "fields": {
      "created_at": "2023-09-27T09:52:37.945Z",
      "modified_at": "2023-09-27T09:52:37.945Z",
      "created_by_user": "admin",
      "created_by_group": null,
      "modified_by_user": "admin",
      "modified_by_group": null,
      "question": "inquiry-answer-works-decision",
      "option": "inquiry-answer-works-decision-no-answer",
      "sort": 12
    }
  },
  {
    "model": "caluma_form.questionoption",
    "pk": "inquiry-answer-works-decision.inquiry-answer-works-decision-planbegutachtung",
    "fields": {
      "created_at": "2023-09-27T09:52:37.936Z",
      "modified_at": "2023-09-27T09:52:37.936Z",
      "created_by_user": "admin",
      "created_by_group": null,
      "modified_by_user": "admin",
      "modified_by_group": null,
      "question": "inquiry-answer-works-decision",
      "option": "inquiry-answer-works-decision-planbegutachtung",
      "sort": 5
    }
  },
  {
    "model": "caluma_form.questionoption",
    "pk": "inquiry-answer-works-decision.inquiry-answer-works-decision-planvisum",
    "fields": {
      "created_at": "2023-09-27T09:52:37.935Z",
      "modified_at": "2023-09-27T09:52:37.935Z",
      "created_by_user": "admin",
      "created_by_group": null,
      "modified_by_user": "admin",
      "modified_by_group": null,
      "question": "inquiry-answer-works-decision",
      "option": "inquiry-answer-works-decision-planvisum",
      "sort": 4
    }
  },
  {
    "model": "caluma_form.questionoption",
    "pk": "inquiry-answer-works-decision.inquiry-answer-works-decision-rechnung-gebuehr",
    "fields": {
      "created_at": "2023-09-27T09:52:37.938Z",
      "modified_at": "2023-09-27T09:52:37.938Z",
      "created_by_user": "admin",
      "created_by_group": null,
      "modified_by_user": "admin",
      "modified_by_group": null,
      "question": "inquiry-answer-works-decision",
      "option": "inquiry-answer-works-decision-rechnung-gebuehr",
      "sort": 7
    }
  },
  {
    "model": "caluma_form.questionoption",
    "pk": "inquiry-answer-works-decision.inquiry-answer-works-decision-stellungnahme",
    "fields": {
      "created_at": "2023-09-27T09:52:37.942Z",
      "modified_at": "2023-09-27T09:52:37.942Z",
      "created_by_user": "admin",
      "created_by_group": null,
      "modified_by_user": "admin",
      "modified_by_group": null,
      "question": "inquiry-answer-works-decision",
      "option": "inquiry-answer-works-decision-stellungnahme",
      "sort": 10
    }
  },
  {
    "model": "caluma_form.questionoption",
    "pk": "inquiry-answer-works-decision.inquiry-answer-works-decision-verfugung",
    "fields": {
      "created_at": "2023-09-27T09:52:37.943Z",
      "modified_at": "2023-09-27T09:52:37.943Z",
      "created_by_user": "admin",
      "created_by_group": null,
      "modified_by_user": "admin",
      "modified_by_group": null,
      "question": "inquiry-answer-works-decision",
      "option": "inquiry-answer-works-decision-verfugung",
      "sort": 11
    }
  },
  {
    "model": "caluma_workflow.flow",
    "pk": "3f9352b6-2121-486c-8271-b8400ffea102",
    "fields": {
      "created_at": "2023-11-02T10:19:28.548Z",
      "modified_at": "2023-11-02T10:19:28.548Z",
      "created_by_user": "admin",
      "created_by_group": null,
      "modified_by_user": null,
      "modified_by_group": null,
      "next": "['after-inquiries-completed', 'redo-inquiry']|tasks"
    }
  },
  {
    "model": "caluma_workflow.flow",
    "pk": "5bb0d56e-bdd5-4e25-be4a-aed3697e5082",
    "fields": {
      "created_at": "2024-01-23T08:39:22.780Z",
      "modified_at": "2024-01-23T08:39:22.780Z",
      "created_by_user": "admin",
      "created_by_group": null,
      "modified_by_user": null,
      "modified_by_group": null,
      "next": "[\"init-additional-demand\", \"additional-demand\"]|tasks"
    }
  },
  {
    "model": "caluma_workflow.flow",
    "pk": "b4c5d4be-6475-4c87-a305-3ddfb5fb75b5",
    "fields": {
      "created_at": "2023-11-02T10:19:26.722Z",
      "modified_at": "2023-11-02T10:19:26.722Z",
      "created_by_user": "admin",
      "created_by_group": null,
      "modified_by_user": null,
      "modified_by_group": null,
      "next": "['inquiry', 'create-inquiry']|tasks"
    }
  },
  {
    "model": "caluma_workflow.flow",
    "pk": "bb741926-544c-421e-b856-7a38ed200d6c",
    "fields": {
      "created_at": "2023-11-02T10:19:29.535Z",
      "modified_at": "2023-11-02T10:19:29.535Z",
      "created_by_user": "admin",
      "created_by_group": null,
      "modified_by_user": null,
      "modified_by_group": null,
      "next": "[]|tasks"
    }
  },
  {
    "model": "caluma_workflow.task",
    "pk": "check-distribution",
    "fields": {
      "created_at": "2023-06-09T12:54:09.558Z",
      "modified_at": "2023-06-09T12:54:09.558Z",
      "created_by_user": "admin",
      "created_by_group": null,
      "modified_by_user": null,
      "modified_by_group": null,
      "name": "{\"de\": \"Entscheid starten\", \"fr\": null, \"it\": null}",
      "description": "{\"de\": null, \"fr\": null, \"it\": null}",
      "type": "simple",
      "meta": {
        "directLink": {
          "route": "cases.detail.distribution",
          "models": ["INSTANCE_ID", "DISTRIBUTION_CASE_UUID"]
        }
      },
      "address_groups": "['municipality']|groups",
      "control_groups": "['municipality']|groups",
      "is_archived": false,
      "form": null,
      "lead_time": 864000,
      "is_multiple_instance": false,
      "continue_async": false
    }
  },
  {
    "model": "caluma_workflow.task",
    "pk": "check-inquiries",
    "fields": {
      "created_at": "2023-06-05T10:36:35.313Z",
      "modified_at": "2023-11-02T10:19:07.314Z",
      "created_by_user": "admin",
      "created_by_group": null,
      "modified_by_user": "admin",
      "modified_by_group": null,
      "name": "{\"de\": \"Stellungnahmen pr\\u00fcfen\", \"fr\": null, \"it\": null}",
      "description": "{\"de\": null, \"fr\": null, \"it\": null}",
      "type": "simple",
      "meta": {
        "directLink": {
          "route": "cases.detail.distribution",
          "models": ["INSTANCE_ID", "DISTRIBUTION_CASE_UUID"]
        }
      },
      "address_groups": "info.prev_work_item.controlling_groups",
      "control_groups": "info.prev_work_item.controlling_groups",
      "is_archived": false,
      "form": null,
      "lead_time": 864000,
      "is_multiple_instance": false,
      "continue_async": false
    }
  },
  {
    "model": "caluma_workflow.task",
    "pk": "complete-distribution",
    "fields": {
      "created_at": "2023-06-05T10:35:52.464Z",
      "modified_at": "2023-11-02T10:19:03.418Z",
      "created_by_user": "admin",
      "created_by_group": null,
      "modified_by_user": "admin",
      "modified_by_group": null,
      "name": "{\"de\": \"Zirkulation abschliessen\", \"fr\": null, \"it\": null}",
      "description": "{\"de\": null, \"fr\": null, \"it\": null}",
      "type": "simple",
      "meta": {},
      "address_groups": "['municipality']|groups",
      "control_groups": null,
      "is_archived": false,
      "form": null,
      "lead_time": null,
      "is_multiple_instance": false,
      "continue_async": false
    }
  },
  {
    "model": "caluma_workflow.task",
    "pk": "create-inquiry",
    "fields": {
      "created_at": "2023-06-05T10:35:53.222Z",
      "modified_at": "2023-11-02T10:19:04.157Z",
      "created_by_user": "admin",
      "created_by_group": null,
      "modified_by_user": "admin",
      "modified_by_group": null,
      "name": "{\"de\": \"Stellungnahme erstellen\", \"fr\": null, \"it\": null}",
      "description": "{\"de\": null, \"fr\": null, \"it\": null}",
      "type": "simple",
      "meta": {},
      "address_groups": "['distribution_create_inquiry']|groups",
      "control_groups": null,
      "is_archived": false,
      "form": null,
      "lead_time": null,
      "is_multiple_instance": true,
      "continue_async": true
    }
  },
  {
    "model": "caluma_workflow.task",
    "pk": "distribution",
    "fields": {
      "created_at": "2023-06-05T10:35:46.801Z",
      "modified_at": "2023-11-02T10:19:00.929Z",
      "created_by_user": "admin",
      "created_by_group": null,
      "modified_by_user": "admin",
      "modified_by_group": null,
      "name": "{\"de\": \"Zirkulation\", \"fr\": null, \"it\": null}",
      "description": "{\"de\": null, \"fr\": null, \"it\": null}",
      "type": "simple",
      "meta": {},
      "address_groups": "['municipality']|groups",
      "control_groups": null,
      "is_archived": false,
      "form": null,
      "lead_time": null,
      "is_multiple_instance": false,
      "continue_async": false
    }
  },
  {
    "model": "caluma_workflow.task",
    "pk": "fill-inquiry",
    "fields": {
      "created_at": "2023-06-05T10:36:33.850Z",
      "modified_at": "2023-11-02T10:19:06.242Z",
      "created_by_user": "admin",
      "created_by_group": null,
      "modified_by_user": "admin",
      "modified_by_group": null,
      "name": "{\"de\": \"Stellungnahme ausf\\u00fcllen\", \"fr\": null, \"it\": null}",
      "description": "{\"de\": null, \"fr\": null, \"it\": null}",
      "type": "complete_workflow_form",
      "meta": {},
      "address_groups": "info.context.addressed_groups",
      "control_groups": null,
      "is_archived": false,
      "form": null,
      "lead_time": null,
      "is_multiple_instance": false,
      "continue_async": false
    }
  },
  {
    "model": "caluma_workflow.task",
    "pk": "init-distribution",
    "fields": {
      "created_at": "2023-06-05T10:35:51.290Z",
      "modified_at": "2023-11-02T10:19:02.010Z",
      "created_by_user": "admin",
      "created_by_group": null,
      "modified_by_user": "admin",
      "modified_by_group": null,
      "name": "{\"de\": \"Zirkulation initialisieren\", \"fr\": null, \"it\": null}",
      "description": "{\"de\": null, \"fr\": null, \"it\": null}",
      "type": "simple",
      "meta": {
        "directLink": {
          "route": "cases.detail.distribution",
          "models": ["INSTANCE_ID", "DISTRIBUTION_CASE_UUID"]
        }
      },
      "address_groups": "['municipality']|groups",
      "control_groups": "['municipality']|groups",
      "is_archived": false,
      "form": null,
      "lead_time": 864000,
      "is_multiple_instance": false,
      "continue_async": false
    }
  },
  {
    "model": "caluma_workflow.task",
    "pk": "inquiry",
    "fields": {
      "created_at": "2023-06-05T10:36:31.087Z",
      "modified_at": "2023-11-02T10:19:05.258Z",
      "created_by_user": "admin",
      "created_by_group": null,
      "modified_by_user": "admin",
      "modified_by_group": null,
      "name": "{\"de\": \"Stellungnahme ausf\\u00fcllen\", \"fr\": null, \"it\": null}",
      "description": "{\"de\": null, \"fr\": null, \"it\": null}",
      "type": "complete_task_form",
      "meta": {
        "directLink": {
          "route": "cases.detail.distribution.inquiry.detail.answer",
          "models": [
            "INSTANCE_ID",
            "DISTRIBUTION_CASE_UUID",
            "INQUIRY_CONTROLLING",
            "INQUIRY_ADDRESSED",
            "INQUIRY_UUID"
          ]
        }
      },
      "address_groups": "info.context.addressed_groups",
      "control_groups": "info.prev_work_item.addressed_groups",
      "is_archived": false,
      "form": "inquiry",
      "lead_time": null,
      "is_multiple_instance": true,
      "continue_async": true
    }
  },
  {
    "model": "caluma_workflow.task",
    "pk": "redo-inquiry",
    "fields": {
      "created_at": "2023-06-05T10:37:15.901Z",
      "modified_at": "2023-11-02T10:19:27.831Z",
      "created_by_user": "admin",
      "created_by_group": null,
      "modified_by_user": "admin",
      "modified_by_group": null,
      "name": "{\"de\": \"Stellungnahme wiederer\\u00f6ffnen\", \"fr\": null, \"it\": null}",
      "description": "{\"de\": null, \"fr\": null, \"it\": null}",
      "type": "simple",
      "meta": {},
      "address_groups": "info.prev_work_item.controlling_groups",
      "control_groups": null,
      "is_archived": false,
      "form": null,
      "lead_time": null,
      "is_multiple_instance": true,
      "continue_async": false
    }
  },
  {
    "model": "caluma_workflow.taskflow",
    "pk": "38cb82bd-93bf-4e0c-b7b5-6434e4475c61",
    "fields": {
      "created_at": "2023-11-02T10:19:26.724Z",
      "modified_at": "2023-11-02T10:19:26.724Z",
      "created_by_user": null,
      "created_by_group": null,
      "modified_by_user": null,
      "modified_by_group": null,
      "workflow": "distribution",
      "task": "create-inquiry",
      "flow": "b4c5d4be-6475-4c87-a305-3ddfb5fb75b5",
      "redoable": null
    }
  },
  {
    "model": "caluma_workflow.taskflow",
    "pk": "5af67f07-70fa-4708-8f65-6647f275fe0d",
    "fields": {
      "created_at": "2023-11-02T10:19:28.549Z",
      "modified_at": "2023-11-02T10:19:28.549Z",
      "created_by_user": null,
      "created_by_group": null,
      "modified_by_user": null,
      "modified_by_group": null,
      "workflow": "distribution",
      "task": "inquiry",
      "flow": "3f9352b6-2121-486c-8271-b8400ffea102",
      "redoable": null
    }
  },
  {
    "model": "caluma_workflow.taskflow",
    "pk": "a1e5c433-ba4d-4dff-aef1-5bbccd53c349",
    "fields": {
      "created_at": "2023-11-02T10:19:29.537Z",
      "modified_at": "2023-11-02T10:19:29.537Z",
      "created_by_user": null,
      "created_by_group": null,
      "modified_by_user": null,
      "modified_by_group": null,
      "workflow": "distribution",
      "task": "redo-inquiry",
      "flow": "bb741926-544c-421e-b856-7a38ed200d6c",
      "redoable": "'inquiry'|task"
    }
  },
  {
    "model": "caluma_workflow.taskflow",
    "pk": "cb535361-42e4-48fa-804a-bd73556fe125",
    "fields": {
      "created_at": "2024-01-23T08:39:22.781Z",
      "modified_at": "2024-01-23T08:39:22.781Z",
      "created_by_user": null,
      "created_by_group": null,
      "modified_by_user": null,
      "modified_by_group": null,
      "workflow": "distribution",
      "task": "init-additional-demand",
      "flow": "5bb0d56e-bdd5-4e25-be4a-aed3697e5082",
      "redoable": null
    }
  },
  {
    "model": "caluma_workflow.workflow",
    "pk": "distribution",
    "fields": {
      "created_at": "2023-06-05T10:36:55.822Z",
      "modified_at": "2024-01-23T08:40:33.755Z",
      "created_by_user": "admin",
      "created_by_group": null,
      "modified_by_user": "admin",
      "modified_by_group": null,
      "name": "{\"de\": \"Zirkulation\", \"fr\": null, \"it\": null}",
      "description": "{\"de\": null, \"fr\": null, \"it\": null}",
      "meta": {},
      "is_published": true,
      "is_archived": false,
      "allow_all_forms": false,
      "start_tasks": [
        "complete-distribution",
        "create-inquiry",
        "init-additional-demand",
        "init-distribution"
      ],
      "allow_forms": ["distribution"]
    }
  },
  {
    "model": "caluma_workflow.workflow",
    "pk": "inquiry",
    "fields": {
      "created_at": "2023-06-05T10:37:11.463Z",
      "modified_at": "2023-11-02T10:19:25.676Z",
      "created_by_user": "admin",
      "created_by_group": null,
      "modified_by_user": "admin",
      "modified_by_group": null,
      "name": "{\"de\": \"Stellungnahme\", \"fr\": null, \"it\": null}",
      "description": "{\"de\": null, \"fr\": null, \"it\": null}",
      "meta": {},
      "is_published": true,
      "is_archived": false,
      "allow_all_forms": false,
      "start_tasks": ["fill-inquiry"],
      "allow_forms": ["inquiry-answer"]
    }
  }
]
