[
  {
    "model": "caluma_form.form",
    "pk": "decision",
    "fields": {
      "created_at": "2023-12-05T12:21:44.592Z",
      "modified_at": "2024-05-15T14:43:00.442Z",
      "created_by_user": "admin",
      "created_by_group": null,
      "modified_by_user": "paul.walker@ur.ch",
      "modified_by_group": null,
      "name": "{\"de\": \"Entscheid / Beurteilung\", \"fr\": null, \"it\": null}",
      "description": "{\"de\": \"\", \"fr\": null, \"it\": null}",
      "meta": {},
      "is_published": true,
      "is_archived": false,
      "source": null
    }
  },
  {
    "model": "caluma_form.formquestion",
    "pk": "decision.beschwerderecht-bafu",
    "fields": {
      "created_at": "2024-04-29T12:46:30.543Z",
      "modified_at": "2024-04-29T12:46:30.543Z",
      "created_by_user": "paul.walker@ur.ch",
      "created_by_group": null,
      "modified_by_user": null,
      "modified_by_group": null,
      "form": "decision",
      "question": "beschwerderecht-bafu",
      "sort": 3
    }
  },
  {
    "model": "caluma_form.formquestion",
    "pk": "decision.beschwerderecht-und-eroeffnung",
    "fields": {
      "created_at": "2024-04-29T11:34:41.542Z",
      "modified_at": "2024-04-29T11:34:41.542Z",
      "created_by_user": "paul.walker@ur.ch",
      "created_by_group": null,
      "modified_by_user": null,
      "modified_by_group": null,
      "form": "decision",
      "question": "beschwerderecht-und-eroeffnung",
      "sort": 5
    }
  },
  {
    "model": "caluma_form.formquestion",
    "pk": "decision.complete-check-abschliessen",
    "fields": {
      "created_at": "2023-12-05T12:52:03.392Z",
      "modified_at": "2023-12-05T12:52:03.393Z",
      "created_by_user": "admin",
      "created_by_group": null,
      "modified_by_user": null,
      "modified_by_group": null,
      "form": "decision",
      "question": "complete-check-abschliessen",
      "sort": 1
    }
  },
  {
    "model": "caluma_form.formquestion",
    "pk": "decision.decision-task-baubegleitungsprozess",
    "fields": {
      "created_at": "2024-03-06T07:28:23.048Z",
      "modified_at": "2024-03-06T07:28:23.048Z",
      "created_by_user": "admin",
      "created_by_group": null,
      "modified_by_user": null,
      "modified_by_group": null,
      "form": "decision",
      "question": "decision-task-baubegleitungsprozess",
      "sort": 2
    }
  },
  {
    "model": "caluma_form.formquestion",
    "pk": "decision.decision-task-entscheid-beurteilung",
    "fields": {
      "created_at": "2023-12-05T12:51:31.286Z",
      "modified_at": "2023-12-05T12:51:31.286Z",
      "created_by_user": "admin",
      "created_by_group": null,
      "modified_by_user": null,
      "modified_by_group": null,
      "form": "decision",
      "question": "decision-task-entscheid-beurteilung",
      "sort": 11
    }
  },
  {
    "model": "caluma_form.formquestion",
    "pk": "decision.decision-task-feedback-type",
    "fields": {
      "created_at": "2024-03-06T07:25:45.717Z",
      "modified_at": "2024-03-06T07:25:45.717Z",
      "created_by_user": "admin",
      "created_by_group": null,
      "modified_by_user": null,
      "modified_by_group": null,
      "form": "decision",
      "question": "decision-task-feedback-type",
      "sort": 10
    }
  },
  {
    "model": "caluma_form.formquestion",
    "pk": "decision.decision-task-gebaudeschaetzung",
    "fields": {
      "created_at": "2024-03-06T07:26:13.669Z",
      "modified_at": "2024-03-06T07:26:13.669Z",
      "created_by_user": "admin",
      "created_by_group": null,
      "modified_by_user": null,
      "modified_by_group": null,
      "form": "decision",
      "question": "decision-task-gebaudeschaetzung",
      "sort": 8
    }
  },
  {
    "model": "caluma_form.formquestion",
    "pk": "decision.decision-task-nachfuehrungsgeometer",
    "fields": {
      "created_at": "2023-12-05T12:51:14.847Z",
      "modified_at": "2023-12-05T12:51:14.847Z",
      "created_by_user": "admin",
      "created_by_group": null,
      "modified_by_user": null,
      "modified_by_group": null,
      "form": "decision",
      "question": "decision-task-nachfuehrungsgeometer",
      "sort": 9
    }
  },
  {
    "model": "caluma_form.formquestion",
    "pk": "decision.meldungen-an-bundesstellen",
    "fields": {
      "created_at": "2024-04-29T11:54:06.860Z",
      "modified_at": "2024-04-29T11:54:06.860Z",
      "created_by_user": "paul.walker@ur.ch",
      "created_by_group": null,
      "modified_by_user": null,
      "modified_by_group": null,
      "form": "decision",
      "question": "meldungen-an-bundesstellen",
      "sort": 7
    }
  },
  {
    "model": "caluma_form.formquestion",
    "pk": "decision.moorlandschaft-betroffen",
    "fields": {
      "created_at": "2024-04-29T08:51:17.787Z",
      "modified_at": "2024-04-29T08:51:17.787Z",
      "created_by_user": "paul.walker@ur.ch",
      "created_by_group": null,
      "modified_by_user": null,
      "modified_by_group": null,
      "form": "decision",
      "question": "moorlandschaft-betroffen",
      "sort": 4
    }
  },
  {
    "model": "caluma_form.formquestion",
    "pk": "decision.zwg-anwenden",
    "fields": {
      "created_at": "2024-04-29T08:49:57.274Z",
      "modified_at": "2024-04-29T08:49:57.274Z",
      "created_by_user": "paul.walker@ur.ch",
      "created_by_group": null,
      "modified_by_user": null,
      "modified_by_group": null,
      "form": "decision",
      "question": "zwg-anwenden",
      "sort": 6
    }
  },
  {
    "model": "caluma_form.option",
    "pk": "decision-task-baubegleitungsprozess-ja",
    "fields": {
      "created_at": "2024-03-06T07:28:22.962Z",
      "modified_at": "2024-03-06T07:28:22.962Z",
      "created_by_user": "admin",
      "created_by_group": null,
      "modified_by_user": null,
      "modified_by_group": null,
      "label": "{\"de\": \"Baubegleitungsprozess erforderlich\", \"fr\": null, \"it\": null}",
      "is_archived": false,
      "meta": {},
      "source": null
    }
  },
  {
    "model": "caluma_form.option",
    "pk": "decision-task-baubegleitungsprozess-nein",
    "fields": {
      "created_at": "2024-03-06T07:28:22.960Z",
      "modified_at": "2024-03-06T07:28:22.960Z",
      "created_by_user": "admin",
      "created_by_group": null,
      "modified_by_user": null,
      "modified_by_group": null,
      "label": "{\"de\": \"Kein Baubegleitungsprozess\", \"fr\": null, \"it\": null}",
      "is_archived": false,
      "meta": {},
      "source": null
    }
  },
  {
    "model": "caluma_form.option",
    "pk": "decision-task-entscheid-beurteilung-keine-bewilligung-notwendig",
    "fields": {
      "created_at": "2024-05-15T11:59:09.024Z",
      "modified_at": "2024-05-15T11:59:26.179Z",
      "created_by_user": "paul.walker@ur.ch",
      "created_by_group": null,
      "modified_by_user": "paul.walker@ur.ch",
      "modified_by_group": null,
      "label": "{\"de\": \"Keine formelle Bewilligung notwendig\", \"fr\": null, \"it\": null}",
      "is_archived": false,
      "meta": {},
      "source": null
    }
  },
  {
    "model": "caluma_form.option",
    "pk": "decision-task-feedback-type-bau-und-einspracheentscheid",
    "fields": {
      "created_at": "2024-03-06T07:22:48.603Z",
      "modified_at": "2024-03-06T07:22:48.603Z",
      "created_by_user": "admin",
      "created_by_group": null,
      "modified_by_user": null,
      "modified_by_group": null,
      "label": "{\"de\": \"Bau- und Einspracheentscheid\", \"fr\": null, \"it\": null}",
      "is_archived": false,
      "meta": {},
      "source": null
    }
  },
  {
    "model": "caluma_form.option",
    "pk": "decision-task-feedback-type-mitteilung",
    "fields": {
      "created_at": "2024-04-29T05:29:21.790Z",
      "modified_at": "2024-04-29T05:29:26.146Z",
      "created_by_user": "paul.walker@ur.ch",
      "created_by_group": null,
      "modified_by_user": "paul.walker@ur.ch",
      "modified_by_group": null,
      "label": "{\"de\": \"Mitteilung\", \"fr\": null, \"it\": null}",
      "is_archived": false,
      "meta": {},
      "source": null
    }
  },
  {
    "model": "caluma_form.option",
    "pk": "decision-task-feedback-type-protokoll",
    "fields": {
      "created_at": "2024-04-29T05:29:21.789Z",
      "modified_at": "2024-04-29T05:29:26.142Z",
      "created_by_user": "paul.walker@ur.ch",
      "created_by_group": null,
      "modified_by_user": "paul.walker@ur.ch",
      "modified_by_group": null,
      "label": "{\"de\": \"Protokoll\", \"fr\": null, \"it\": null}",
      "is_archived": false,
      "meta": {},
      "source": null
    }
  },
  {
    "model": "caluma_form.option",
    "pk": "decision-task-feedback-type-stellungnahme-vorentscheid",
    "fields": {
      "created_at": "2024-03-06T07:22:48.605Z",
      "modified_at": "2024-03-06T07:22:48.605Z",
      "created_by_user": "admin",
      "created_by_group": null,
      "modified_by_user": null,
      "modified_by_group": null,
      "label": "{\"de\": \"Stellungnahme / Vorentscheid\", \"fr\": null, \"it\": null}",
      "is_archived": false,
      "meta": {},
      "source": null
    }
  },
  {
    "model": "caluma_form.option",
    "pk": "decision-task-gebaudeschaetzung-ja",
    "fields": {
      "created_at": "2024-03-06T07:24:11.459Z",
      "modified_at": "2024-03-06T07:24:11.459Z",
      "created_by_user": "admin",
      "created_by_group": null,
      "modified_by_user": null,
      "modified_by_group": null,
      "label": "{\"de\": \"Meldung erforderlich\", \"fr\": null, \"it\": null}",
      "is_archived": false,
      "meta": {},
      "source": null
    }
  },
  {
    "model": "caluma_form.option",
    "pk": "decision-task-gebaudeschaetzung-nein",
    "fields": {
      "created_at": "2024-03-06T07:24:11.460Z",
      "modified_at": "2024-03-06T07:24:11.460Z",
      "created_by_user": "admin",
      "created_by_group": null,
      "modified_by_user": null,
      "modified_by_group": null,
      "label": "{\"de\": \"Meldung nicht erforderlich\", \"fr\": null, \"it\": null}",
      "is_archived": false,
      "meta": {},
      "source": null
    }
  },
  {
    "model": "caluma_form.option",
    "pk": "decision-task-nachfuehrungsgeometer-ja",
    "fields": {
      "created_at": "2023-12-05T12:50:25.713Z",
      "modified_at": "2024-03-06T07:23:18.271Z",
      "created_by_user": "admin",
      "created_by_group": null,
      "modified_by_user": "admin",
      "modified_by_group": null,
      "label": "{\"de\": \"Meldung erforderlich\", \"fr\": null, \"it\": null}",
      "is_archived": false,
      "meta": {},
      "source": null
    }
  },
  {
    "model": "caluma_form.option",
    "pk": "decision-task-nachfuehrungsgeometer-nein",
    "fields": {
      "created_at": "2023-12-05T12:50:25.585Z",
      "modified_at": "2024-03-06T07:23:18.269Z",
      "created_by_user": "admin",
      "created_by_group": null,
      "modified_by_user": "admin",
      "modified_by_group": null,
      "label": "{\"de\": \"Meldung nicht erforderlich\", \"fr\": null, \"it\": null}",
      "is_archived": false,
      "meta": {},
      "source": null
    }
  },
  {
    "model": "caluma_form.option",
    "pk": "entscheid-beurteilung-bewilligt",
    "fields": {
      "created_at": "2023-12-05T12:49:36.724Z",
      "modified_at": "2024-04-29T05:28:46.561Z",
      "created_by_user": "admin",
      "created_by_group": null,
      "modified_by_user": "paul.walker@ur.ch",
      "modified_by_group": null,
      "label": "{\"de\": \"Bewilligung wird erteilt\", \"fr\": null, \"it\": null}",
      "is_archived": false,
      "meta": {},
      "source": null
    }
  },
  {
    "model": "caluma_form.option",
    "pk": "entscheid-beurteilung-nicht-bewilligt",
    "fields": {
      "created_at": "2023-12-05T12:49:36.726Z",
      "modified_at": "2024-04-29T05:28:46.561Z",
      "created_by_user": "admin",
      "created_by_group": null,
      "modified_by_user": "paul.walker@ur.ch",
      "modified_by_group": null,
      "label": "{\"de\": \"Bewilligung kann nicht erteilt werden\", \"fr\": null, \"it\": null}",
      "is_archived": false,
      "meta": {},
      "source": null
    }
  },
  {
    "model": "caluma_form.option",
    "pk": "gemeinde-mit-zwg-einschraenkungen-ja",
    "fields": {
      "created_at": "2024-04-29T08:49:57.113Z",
      "modified_at": "2024-05-15T15:30:01.566Z",
      "created_by_user": "paul.walker@ur.ch",
      "created_by_group": null,
      "modified_by_user": "paul.walker@ur.ch",
      "modified_by_group": null,
      "label": "{\"de\": \"Ja\", \"fr\": null, \"it\": null}",
      "is_archived": true,
      "meta": {},
      "source": null
    }
  },
  {
    "model": "caluma_form.option",
    "pk": "gemeinde-mit-zwg-einschraenkungen-nein",
    "fields": {
      "created_at": "2024-04-29T08:49:57.114Z",
      "modified_at": "2024-05-15T15:30:01.572Z",
      "created_by_user": "paul.walker@ur.ch",
      "created_by_group": null,
      "modified_by_user": "paul.walker@ur.ch",
      "modified_by_group": null,
      "label": "{\"de\": \"Nein\", \"fr\": null, \"it\": null}",
      "is_archived": true,
      "meta": {},
      "source": null
    }
  },
  {
    "model": "caluma_form.option",
    "pk": "moorlandschaft-betroffen-ja",
    "fields": {
      "created_at": "2024-04-29T08:51:17.653Z",
      "modified_at": "2024-04-29T08:51:17.653Z",
      "created_by_user": "paul.walker@ur.ch",
      "created_by_group": null,
      "modified_by_user": null,
      "modified_by_group": null,
      "label": "{\"de\": \"Ja\", \"fr\": null, \"it\": null}",
      "is_archived": false,
      "meta": {},
      "source": null
    }
  },
  {
    "model": "caluma_form.option",
    "pk": "moorlandschaft-betroffen-nein",
    "fields": {
      "created_at": "2024-04-29T08:51:17.654Z",
      "modified_at": "2024-04-29T08:51:17.654Z",
      "created_by_user": "paul.walker@ur.ch",
      "created_by_group": null,
      "modified_by_user": null,
      "modified_by_group": null,
      "label": "{\"de\": \"Nein\", \"fr\": null, \"it\": null}",
      "is_archived": false,
      "meta": {},
      "source": null
    }
  },
  {
    "model": "caluma_form.option",
    "pk": "zwg-anwenden-ja",
    "fields": {
      "created_at": "2024-05-15T15:30:01.542Z",
      "modified_at": "2024-05-15T15:30:01.542Z",
      "created_by_user": "paul.walker@ur.ch",
      "created_by_group": null,
      "modified_by_user": null,
      "modified_by_group": null,
      "label": "{\"de\": \"Ja\", \"fr\": null, \"it\": null}",
      "is_archived": false,
      "meta": {},
      "source": null
    }
  },
  {
    "model": "caluma_form.option",
    "pk": "zwg-anwenden-nein",
    "fields": {
      "created_at": "2024-05-15T15:30:01.518Z",
      "modified_at": "2024-05-15T15:30:01.518Z",
      "created_by_user": "paul.walker@ur.ch",
      "created_by_group": null,
      "modified_by_user": null,
      "modified_by_group": null,
      "label": "{\"de\": \"Nein\", \"fr\": null, \"it\": null}",
      "is_archived": false,
      "meta": {},
      "source": null
    }
  },
  {
    "model": "caluma_form.question",
    "pk": "beschwerderecht-bafu",
    "fields": {
      "created_at": "2024-04-29T12:46:29.241Z",
      "modified_at": "2024-04-29T12:58:45.608Z",
      "created_by_user": "paul.walker@ur.ch",
      "created_by_group": null,
      "modified_by_user": "paul.walker@ur.ch",
      "modified_by_group": null,
      "label": "{\"de\": \"Beschwerderecht BAFU\", \"fr\": null, \"it\": null}",
      "type": "static",
      "is_required": "false",
      "is_hidden": "!(\n  \"moorlandschaft-betroffen-ja\" == \"moorlandschaft-betroffen\"|answer\n)",
      "is_archived": false,
      "placeholder": "{\"de\": null, \"fr\": null, \"it\": null}",
      "info_text": "{\"de\": \"\", \"fr\": null, \"it\": null}",
      "hint_text": "{\"de\": null, \"fr\": null, \"it\": null}",
      "static_content": "{\"de\": \"Gem\\u00e4ss Artikel 27 Absatz 2 Buchstabe e der eidgen\\u00f6ssischen Verordnung vom 16. Januar 1991 \\u00fcber den Natur- und Heimatschutz, sind Verf\\u00fcgungen (Bewilligungen) f\\u00fcr Bauten, Anlagen und Bodenver\\u00e4nderungen in Biotopen von nationaler Bedeutung oder in Moorlandschaften, dem Bundesamt f\\u00fcr Umwelt (BAFU) mitzuteilen.\\n\\n(Bundesamt f\\u00fcr Umwelt, BAFU 3003 Bern).\", \"fr\": \"\", \"it\": \"\"}",
      "configuration": {},
      "meta": {},
      "data_source": null,
      "row_form": null,
      "sub_form": null,
      "source": null,
      "format_validators": "[]",
      "default_answer": null,
      "calc_expression": null,
      "calc_dependents": "[]"
    }
  },
  {
    "model": "caluma_form.question",
    "pk": "beschwerderecht-und-eroeffnung",
    "fields": {
      "created_at": "2024-04-29T11:34:41.285Z",
      "modified_at": "2024-05-15T15:30:23.830Z",
      "created_by_user": "paul.walker@ur.ch",
      "created_by_group": null,
      "modified_by_user": "paul.walker@ur.ch",
      "modified_by_group": null,
      "label": "{\"de\": \"Beschwerderecht und Er\\u00f6ffnung von Entscheiden\", \"fr\": null, \"it\": null}",
      "type": "static",
      "is_required": "false",
      "is_hidden": "!(\n  \"zwg-anwenden-ja\" == \"zwg-anwenden\"|answer\n)",
      "is_archived": false,
      "placeholder": "{\"de\": null, \"fr\": null, \"it\": null}",
      "info_text": "{\"de\": \"\", \"fr\": null, \"it\": null}",
      "hint_text": "{\"de\": null, \"fr\": null, \"it\": null}",
      "static_content": "{\"de\": \"Auszug aus der Zweitwohnungsverordnung (ZWV, 702.1), Art. 10\\n\\n1 Das Bundesamt f\\u00fcr Raumentwicklung ist im Bereich des Zweitwohnungswesens zur Beschwerde nach den allgemeinen Bestimmungen \\u00fcber die Bundesrechtspflege berechtigt. \\n\\n2 Die Baubewilligungsbeh\\u00f6rden er\\u00f6ffnen dem Bundesamt f\\u00fcr Raumentwicklung:\\n\\na. die Bewilligungen f\\u00fcr neue Wohnungen, die sie gest\\u00fctzt auf die Artikel 7\\nAbsatz 1 Buchstabe b, 8 und 9 des Gesetzes erteilt;\\n\\nb. die Sistierungsverf\\u00fcgungen nach Artikel 14 des Gesetzes;\\n\\nc. Baubewilligungen f\\u00fcr Wohnungen mit einer sistierten Nutzungsbeschr\\u00e4nkung.\\n\\n(Bundesamt f\\u00fcr Raumentwicklung, ARE, 3003 Bern)\", \"fr\": \"\", \"it\": \"\"}",
      "configuration": {},
      "meta": {},
      "data_source": null,
      "row_form": null,
      "sub_form": null,
      "source": null,
      "format_validators": "[]",
      "default_answer": null,
      "calc_expression": null,
      "calc_dependents": "[]"
    }
  },
  {
    "model": "caluma_form.question",
    "pk": "decision-task-baubegleitungsprozess",
    "fields": {
      "created_at": "2024-03-06T07:28:23.001Z",
      "modified_at": "2024-04-29T06:52:01.426Z",
      "created_by_user": "admin",
      "created_by_group": null,
      "modified_by_user": "paul.walker@ur.ch",
      "modified_by_group": null,
      "label": "{\"de\": \"Baubegleitungsprozess\", \"fr\": null, \"it\": null}",
      "type": "choice",
      "is_required": "false",
      "is_hidden": "false",
      "is_archived": false,
      "placeholder": "{\"de\": null, \"fr\": null, \"it\": null}",
      "info_text": "{\"de\": \"\", \"fr\": null, \"it\": null}",
      "hint_text": "{\"de\": \"\", \"fr\": null, \"it\": null}",
      "static_content": "{\"de\": \"\", \"fr\": \"\", \"it\": \"\"}",
      "configuration": {},
      "meta": {
        "hideLabel": true,
        "widgetOverride": "cf-field/input/hidden"
      },
      "data_source": null,
      "row_form": null,
      "sub_form": null,
      "source": null,
      "format_validators": "[]",
      "default_answer": null,
      "calc_expression": null,
      "calc_dependents": "[]"
    }
  },
  {
    "model": "caluma_form.question",
    "pk": "decision-task-entscheid-beurteilung",
    "fields": {
      "created_at": "2023-12-05T12:49:36.784Z",
      "modified_at": "2024-05-15T12:00:10.971Z",
      "created_by_user": "admin",
      "created_by_group": null,
      "modified_by_user": "paul.walker@ur.ch",
      "modified_by_group": null,
      "label": "{\"de\": \"Entscheid / Beurteilung\", \"fr\": null, \"it\": null}",
      "type": "choice",
      "is_required": "true",
      "is_hidden": "false",
      "is_archived": false,
      "placeholder": "{\"de\": null, \"fr\": null, \"it\": null}",
      "info_text": "{\"de\": \"\", \"fr\": null, \"it\": null}",
      "hint_text": "{\"de\": \"\", \"fr\": null, \"it\": null}",
      "static_content": "{\"de\": \"\", \"fr\": \"\", \"it\": \"\"}",
      "configuration": {},
      "meta": {},
      "data_source": null,
      "row_form": null,
      "sub_form": null,
      "source": null,
      "format_validators": "[]",
      "default_answer": null,
      "calc_expression": null,
      "calc_dependents": "[]"
    }
  },
  {
    "model": "caluma_form.question",
    "pk": "decision-task-feedback-type",
    "fields": {
      "created_at": "2024-03-06T07:22:48.677Z",
      "modified_at": "2024-04-29T05:29:26.216Z",
      "created_by_user": "admin",
      "created_by_group": null,
      "modified_by_user": "paul.walker@ur.ch",
      "modified_by_group": null,
      "label": "{\"de\": \"Art der R\\u00fcckmeldung\", \"fr\": null, \"it\": null}",
      "type": "choice",
      "is_required": "true",
      "is_hidden": "false",
      "is_archived": false,
      "placeholder": "{\"de\": null, \"fr\": null, \"it\": null}",
      "info_text": "{\"de\": \"\", \"fr\": null, \"it\": null}",
      "hint_text": "{\"de\": \"\", \"fr\": null, \"it\": null}",
      "static_content": "{\"de\": \"\", \"fr\": \"\", \"it\": \"\"}",
      "configuration": {},
      "meta": {},
      "data_source": null,
      "row_form": null,
      "sub_form": null,
      "source": null,
      "format_validators": "[]",
      "default_answer": null,
      "calc_expression": null,
      "calc_dependents": "[]"
    }
  },
  {
    "model": "caluma_form.question",
    "pk": "decision-task-gebaudeschaetzung",
    "fields": {
      "created_at": "2024-03-06T07:24:11.497Z",
      "modified_at": "2024-05-15T15:20:05.490Z",
      "created_by_user": "admin",
      "created_by_group": null,
      "modified_by_user": "paul.walker@ur.ch",
      "modified_by_group": null,
      "label": "{\"de\": \"Meldung Geb\\u00e4udesch\\u00e4tzung\", \"fr\": null, \"it\": null}",
      "type": "choice",
      "is_required": "true",
      "is_hidden": "false",
      "is_archived": false,
      "placeholder": "{\"de\": null, \"fr\": null, \"it\": null}",
      "info_text": "{\"de\": \"Mit der Auswahl \\\"Meldung erforderlich\\\" bei Geb\\u00e4udesch\\u00e4tzung, erh\\u00e4lt diese beim Abschliessen der Aufgabe eine neue Aufgabe (Geb\\u00e4udeversicherungswert pr\\u00fcfen) und eine E-Mail die die Aufgabe ank\\u00fcndigt. Es ist keine weitere Mail erforderlich.\", \"fr\": null, \"it\": null}",
      "hint_text": "{\"de\": \"Mit der Auswahl \\\"Meldung erforderlich\\\" erh\\u00e4lt die Geb\\u00e4udeversicherung beim Abschliessen der Aufgabe eine neue Aufgabe (\\\"Geb\\u00e4udeversicherungswert pr\\u00fcfen\\\") und eine E-Mail die die Aufgabe ank\\u00fcndigt. Es ist keine weitere Mail erforderlich.\", \"fr\": null, \"it\": null}",
      "static_content": "{\"de\": \"\", \"fr\": \"\", \"it\": \"\"}",
      "configuration": {},
      "meta": {},
      "data_source": null,
      "row_form": null,
      "sub_form": null,
      "source": null,
      "format_validators": "[]",
      "default_answer": null,
      "calc_expression": null,
      "calc_dependents": "[]"
    }
  },
  {
    "model": "caluma_form.question",
    "pk": "decision-task-nachfuehrungsgeometer",
    "fields": {
      "created_at": "2023-12-05T12:50:25.755Z",
      "modified_at": "2024-05-15T15:18:01.203Z",
      "created_by_user": "admin",
      "created_by_group": null,
      "modified_by_user": "paul.walker@ur.ch",
      "modified_by_group": null,
      "label": "{\"de\": \"Meldung Geometer\", \"fr\": null, \"it\": null}",
      "type": "choice",
      "is_required": "true",
      "is_hidden": "false",
      "is_archived": false,
      "placeholder": "{\"de\": null, \"fr\": null, \"it\": null}",
      "info_text": "{\"de\": \"Mit der Auswahl \\\"Meldung erforderlich\\\" erh\\u00e4lt der Geometer beim Abschliessen der Aufgabe eine neue Aufgabe (provisorische Vermessung pr\\u00fcfen\\\" und eine E-Mail die die Aufgabe ank\\u00fcndigt. Es ist keine weitere Mail erforderlich.\", \"fr\": null, \"it\": null}",
      "hint_text": "{\"de\": \"Mit der Auswahl \\\"Meldung erforderlich\\\" erh\\u00e4lt der Geometer beim Abschliessen der Aufgabe eine neue Aufgabe (\\\"provisorische Vermessung pr\\u00fcfen\\\") und eine E-Mail die die Aufgabe ank\\u00fcndigt. Es ist keine weitere Mail erforderlich.I\", \"fr\": null, \"it\": null}",
      "static_content": "{\"de\": \"\", \"fr\": \"\", \"it\": \"\"}",
      "configuration": {},
      "meta": {},
      "data_source": null,
      "row_form": null,
      "sub_form": null,
      "source": null,
      "format_validators": "[]",
      "default_answer": null,
      "calc_expression": null,
      "calc_dependents": "[]"
    }
  },
  {
    "model": "caluma_form.question",
    "pk": "meldungen-an-bundesstellen",
    "fields": {
      "created_at": "2024-04-29T11:54:05.698Z",
      "modified_at": "2024-04-29T11:58:14.012Z",
      "created_by_user": "paul.walker@ur.ch",
      "created_by_group": null,
      "modified_by_user": "paul.walker@ur.ch",
      "modified_by_group": null,
      "label": "{\"de\": \"Meldungen an Bundesstellen\", \"fr\": null, \"it\": null}",
      "type": "static",
      "is_required": "false",
      "is_hidden": "false",
      "is_archived": false,
      "placeholder": "{\"de\": null, \"fr\": null, \"it\": null}",
      "info_text": "{\"de\": \"Bewilligung f\\u00fcr Vorhaben in Moorlandschaften und Bewilligungen f\\u00fcr Wohnbauten in Gemeinden mit ZWG Einschr\\u00e4nkungen, sind der jeweils zust\\u00e4ndigen Bundesstelle zur Kenntnis zu bringen.\", \"fr\": null, \"it\": null}",
      "hint_text": "{\"de\": null, \"fr\": null, \"it\": null}",
      "static_content": "{\"de\": \"##Meldungen an Bundesstellen\", \"fr\": \"\", \"it\": \"\"}",
      "configuration": {},
      "meta": {},
      "data_source": null,
      "row_form": null,
      "sub_form": null,
      "source": null,
      "format_validators": "[]",
      "default_answer": null,
      "calc_expression": null,
      "calc_dependents": "[]"
    }
  },
  {
    "model": "caluma_form.question",
    "pk": "moorlandschaft-betroffen",
    "fields": {
      "created_at": "2024-04-29T08:51:17.715Z",
      "modified_at": "2024-05-02T08:13:44.761Z",
      "created_by_user": "paul.walker@ur.ch",
      "created_by_group": null,
      "modified_by_user": "paul.walker@ur.ch",
      "modified_by_group": null,
      "label": "{\"de\": \"Betrifft das Vorhaben eine Moorlandschaft oder ein Biotop von nationaler Bedeutung?\", \"fr\": null, \"it\": null}",
      "type": "choice",
      "is_required": "false",
      "is_hidden": "false",
      "is_archived": false,
      "placeholder": "{\"de\": null, \"fr\": null, \"it\": null}",
      "info_text": "{\"de\": \"\", \"fr\": null, \"it\": null}",
      "hint_text": "{\"de\": \"\", \"fr\": null, \"it\": null}",
      "static_content": "{\"de\": \"\", \"fr\": \"\", \"it\": \"\"}",
      "configuration": {},
      "meta": {},
      "data_source": null,
      "row_form": null,
      "sub_form": null,
      "source": null,
      "format_validators": "[]",
      "default_answer": null,
      "calc_expression": null,
      "calc_dependents": "[]"
    }
  },
  {
    "model": "caluma_form.question",
    "pk": "zwg-anwenden",
    "fields": {
      "created_at": "2024-04-29T08:49:57.193Z",
      "modified_at": "2024-05-15T15:30:01.654Z",
      "created_by_user": "paul.walker@ur.ch",
      "created_by_group": null,
      "modified_by_user": "paul.walker@ur.ch",
      "modified_by_group": null,
      "label": "{\"de\": \"Sind Bestimmungen des Zweitwohnungsgesetzes (ZWG) anzuwenden?\", \"fr\": null, \"it\": null}",
      "type": "choice",
      "is_required": "false",
      "is_hidden": "false",
      "is_archived": false,
      "placeholder": "{\"de\": null, \"fr\": null, \"it\": null}",
      "info_text": "{\"de\": \"\", \"fr\": null, \"it\": null}",
      "hint_text": "{\"de\": \"\", \"fr\": null, \"it\": null}",
      "static_content": "{\"de\": \"\", \"fr\": \"\", \"it\": \"\"}",
      "configuration": {},
      "meta": {},
      "data_source": null,
      "row_form": null,
      "sub_form": null,
      "source": null,
      "format_validators": "[]",
      "default_answer": null,
      "calc_expression": null,
      "calc_dependents": "[]"
    }
  },
  {
    "model": "caluma_form.questionoption",
    "pk": "decision-task-baubegleitungsprozess.decision-task-baubegleitungsprozess-ja",
    "fields": {
      "created_at": "2024-04-29T06:52:01.432Z",
      "modified_at": "2024-04-29T06:52:01.432Z",
      "created_by_user": "paul.walker@ur.ch",
      "created_by_group": null,
      "modified_by_user": "paul.walker@ur.ch",
      "modified_by_group": null,
      "question": "decision-task-baubegleitungsprozess",
      "option": "decision-task-baubegleitungsprozess-ja",
      "sort": 2
    }
  },
  {
    "model": "caluma_form.questionoption",
    "pk": "decision-task-baubegleitungsprozess.decision-task-baubegleitungsprozess-nein",
    "fields": {
      "created_at": "2024-04-29T06:52:01.430Z",
      "modified_at": "2024-04-29T06:52:01.430Z",
      "created_by_user": "paul.walker@ur.ch",
      "created_by_group": null,
      "modified_by_user": "paul.walker@ur.ch",
      "modified_by_group": null,
      "question": "decision-task-baubegleitungsprozess",
      "option": "decision-task-baubegleitungsprozess-nein",
      "sort": 1
    }
  },
  {
    "model": "caluma_form.questionoption",
    "pk": "decision-task-entscheid-beurteilung.decision-task-entscheid-beurteilung-keine-bewilligung-notwendig",
    "fields": {
      "created_at": "2024-05-15T12:00:10.976Z",
      "modified_at": "2024-05-15T12:00:10.976Z",
      "created_by_user": "paul.walker@ur.ch",
      "created_by_group": null,
      "modified_by_user": "paul.walker@ur.ch",
      "modified_by_group": null,
      "question": "decision-task-entscheid-beurteilung",
      "option": "decision-task-entscheid-beurteilung-keine-bewilligung-notwendig",
      "sort": 1
    }
  },
  {
    "model": "caluma_form.questionoption",
    "pk": "decision-task-entscheid-beurteilung.entscheid-beurteilung-bewilligt",
    "fields": {
      "created_at": "2024-05-15T12:00:10.980Z",
      "modified_at": "2024-05-15T12:00:10.980Z",
      "created_by_user": "paul.walker@ur.ch",
      "created_by_group": null,
      "modified_by_user": "paul.walker@ur.ch",
      "modified_by_group": null,
      "question": "decision-task-entscheid-beurteilung",
      "option": "entscheid-beurteilung-bewilligt",
      "sort": 3
    }
  },
  {
    "model": "caluma_form.questionoption",
    "pk": "decision-task-entscheid-beurteilung.entscheid-beurteilung-nicht-bewilligt",
    "fields": {
      "created_at": "2024-05-15T12:00:10.978Z",
      "modified_at": "2024-05-15T12:00:10.978Z",
      "created_by_user": "paul.walker@ur.ch",
      "created_by_group": null,
      "modified_by_user": "paul.walker@ur.ch",
      "modified_by_group": null,
      "question": "decision-task-entscheid-beurteilung",
      "option": "entscheid-beurteilung-nicht-bewilligt",
      "sort": 2
    }
  },
  {
    "model": "caluma_form.questionoption",
    "pk": "decision-task-feedback-type.decision-task-feedback-type-bau-und-einspracheentscheid",
    "fields": {
      "created_at": "2024-04-29T05:29:26.224Z",
      "modified_at": "2024-04-29T05:29:26.224Z",
      "created_by_user": "paul.walker@ur.ch",
      "created_by_group": null,
      "modified_by_user": "paul.walker@ur.ch",
      "modified_by_group": null,
      "question": "decision-task-feedback-type",
      "option": "decision-task-feedback-type-bau-und-einspracheentscheid",
      "sort": 3
    }
  },
  {
    "model": "caluma_form.questionoption",
    "pk": "decision-task-feedback-type.decision-task-feedback-type-mitteilung",
    "fields": {
      "created_at": "2024-04-29T05:29:26.220Z",
      "modified_at": "2024-04-29T05:29:26.220Z",
      "created_by_user": "paul.walker@ur.ch",
      "created_by_group": null,
      "modified_by_user": "paul.walker@ur.ch",
      "modified_by_group": null,
      "question": "decision-task-feedback-type",
      "option": "decision-task-feedback-type-mitteilung",
      "sort": 1
    }
  },
  {
    "model": "caluma_form.questionoption",
    "pk": "decision-task-feedback-type.decision-task-feedback-type-protokoll",
    "fields": {
      "created_at": "2024-04-29T05:29:26.222Z",
      "modified_at": "2024-04-29T05:29:26.222Z",
      "created_by_user": "paul.walker@ur.ch",
      "created_by_group": null,
      "modified_by_user": "paul.walker@ur.ch",
      "modified_by_group": null,
      "question": "decision-task-feedback-type",
      "option": "decision-task-feedback-type-protokoll",
      "sort": 2
    }
  },
  {
    "model": "caluma_form.questionoption",
    "pk": "decision-task-feedback-type.decision-task-feedback-type-stellungnahme-vorentscheid",
    "fields": {
      "created_at": "2024-04-29T05:29:26.226Z",
      "modified_at": "2024-04-29T05:29:26.226Z",
      "created_by_user": "paul.walker@ur.ch",
      "created_by_group": null,
      "modified_by_user": "paul.walker@ur.ch",
      "modified_by_group": null,
      "question": "decision-task-feedback-type",
      "option": "decision-task-feedback-type-stellungnahme-vorentscheid",
      "sort": 4
    }
  },
  {
    "model": "caluma_form.questionoption",
    "pk": "decision-task-gebaudeschaetzung.decision-task-gebaudeschaetzung-ja",
    "fields": {
      "created_at": "2024-05-15T15:20:05.496Z",
      "modified_at": "2024-05-15T15:20:05.496Z",
      "created_by_user": "paul.walker@ur.ch",
      "created_by_group": null,
      "modified_by_user": "paul.walker@ur.ch",
      "modified_by_group": null,
      "question": "decision-task-gebaudeschaetzung",
      "option": "decision-task-gebaudeschaetzung-ja",
      "sort": 2
    }
  },
  {
    "model": "caluma_form.questionoption",
    "pk": "decision-task-gebaudeschaetzung.decision-task-gebaudeschaetzung-nein",
    "fields": {
      "created_at": "2024-05-15T15:20:05.494Z",
      "modified_at": "2024-05-15T15:20:05.494Z",
      "created_by_user": "paul.walker@ur.ch",
      "created_by_group": null,
      "modified_by_user": "paul.walker@ur.ch",
      "modified_by_group": null,
      "question": "decision-task-gebaudeschaetzung",
      "option": "decision-task-gebaudeschaetzung-nein",
      "sort": 1
    }
  },
  {
    "model": "caluma_form.questionoption",
    "pk": "decision-task-nachfuehrungsgeometer.decision-task-nachfuehrungsgeometer-ja",
    "fields": {
      "created_at": "2024-05-15T15:18:01.210Z",
      "modified_at": "2024-05-15T15:18:01.210Z",
      "created_by_user": "paul.walker@ur.ch",
      "created_by_group": null,
      "modified_by_user": "paul.walker@ur.ch",
      "modified_by_group": null,
      "question": "decision-task-nachfuehrungsgeometer",
      "option": "decision-task-nachfuehrungsgeometer-ja",
      "sort": 2
    }
  },
  {
    "model": "caluma_form.questionoption",
    "pk": "decision-task-nachfuehrungsgeometer.decision-task-nachfuehrungsgeometer-nein",
    "fields": {
      "created_at": "2024-05-15T15:18:01.207Z",
      "modified_at": "2024-05-15T15:18:01.207Z",
      "created_by_user": "paul.walker@ur.ch",
      "created_by_group": null,
      "modified_by_user": "paul.walker@ur.ch",
      "modified_by_group": null,
      "question": "decision-task-nachfuehrungsgeometer",
      "option": "decision-task-nachfuehrungsgeometer-nein",
      "sort": 1
    }
  },
  {
    "model": "caluma_form.questionoption",
    "pk": "moorlandschaft-betroffen.moorlandschaft-betroffen-ja",
    "fields": {
      "created_at": "2024-05-02T08:13:44.802Z",
      "modified_at": "2024-05-02T08:13:44.802Z",
      "created_by_user": "paul.walker@ur.ch",
      "created_by_group": null,
      "modified_by_user": "paul.walker@ur.ch",
      "modified_by_group": null,
      "question": "moorlandschaft-betroffen",
      "option": "moorlandschaft-betroffen-ja",
      "sort": 2
    }
  },
  {
    "model": "caluma_form.questionoption",
    "pk": "moorlandschaft-betroffen.moorlandschaft-betroffen-nein",
    "fields": {
      "created_at": "2024-05-02T08:13:44.789Z",
      "modified_at": "2024-05-02T08:13:44.789Z",
      "created_by_user": "paul.walker@ur.ch",
      "created_by_group": null,
      "modified_by_user": "paul.walker@ur.ch",
      "modified_by_group": null,
      "question": "moorlandschaft-betroffen",
      "option": "moorlandschaft-betroffen-nein",
      "sort": 1
    }
  },
  {
    "model": "caluma_form.questionoption",
    "pk": "zwg-anwenden.gemeinde-mit-zwg-einschraenkungen-ja",
    "fields": {
      "created_at": "2024-05-15T15:30:01.666Z",
      "modified_at": "2024-05-15T15:30:01.666Z",
      "created_by_user": "paul.walker@ur.ch",
      "created_by_group": null,
      "modified_by_user": "paul.walker@ur.ch",
      "modified_by_group": null,
      "question": "zwg-anwenden",
      "option": "gemeinde-mit-zwg-einschraenkungen-ja",
      "sort": 4
    }
  },
  {
    "model": "caluma_form.questionoption",
    "pk": "zwg-anwenden.gemeinde-mit-zwg-einschraenkungen-nein",
    "fields": {
      "created_at": "2024-05-15T15:30:01.663Z",
      "modified_at": "2024-05-15T15:30:01.663Z",
      "created_by_user": "paul.walker@ur.ch",
      "created_by_group": null,
      "modified_by_user": "paul.walker@ur.ch",
      "modified_by_group": null,
      "question": "zwg-anwenden",
      "option": "gemeinde-mit-zwg-einschraenkungen-nein",
      "sort": 3
    }
  },
  {
    "model": "caluma_form.questionoption",
    "pk": "zwg-anwenden.zwg-anwenden-ja",
    "fields": {
      "created_at": "2024-05-15T15:30:01.662Z",
      "modified_at": "2024-05-15T15:30:01.662Z",
      "created_by_user": "paul.walker@ur.ch",
      "created_by_group": null,
      "modified_by_user": "paul.walker@ur.ch",
      "modified_by_group": null,
      "question": "zwg-anwenden",
      "option": "zwg-anwenden-ja",
      "sort": 2
    }
  },
  {
    "model": "caluma_form.questionoption",
    "pk": "zwg-anwenden.zwg-anwenden-nein",
    "fields": {
      "created_at": "2024-05-15T15:30:01.659Z",
      "modified_at": "2024-05-15T15:30:01.659Z",
      "created_by_user": "paul.walker@ur.ch",
      "created_by_group": null,
      "modified_by_user": "paul.walker@ur.ch",
      "modified_by_group": null,
      "question": "zwg-anwenden",
      "option": "zwg-anwenden-nein",
      "sort": 1
    }
  }
]
