[
  {
    "model": "core.acirculationtransition",
    "pk": 489,
    "fields": {
      "current_circulation_state": null,
      "next_circulation_state": 2
    }
  },
  {
    "model": "core.acirculationtransition",
    "pk": 510,
    "fields": {
      "current_circulation_state": null,
      "next_circulation_state": 2
    }
  },
  {
    "model": "core.acirculationtransition",
    "pk": 890,
    "fields": {
      "current_circulation_state": null,
      "next_circulation_state": 41
    }
  },
  {
    "model": "core.acirculationtransition",
    "pk": 910,
    "fields": {
      "current_circulation_state": 41,
      "next_circulation_state": 1
    }
  },
  {
    "model": "core.acirculationtransition",
    "pk": 1392,
    "fields": {
      "current_circulation_state": null,
      "next_circulation_state": 2
    }
  },
  {
    "model": "core.acirculationtransition",
    "pk": 1422,
    "fields": {
      "current_circulation_state": null,
      "next_circulation_state": 2
    }
  },
  {
    "model": "core.acirculationtransition",
    "pk": 1452,
    "fields": {
      "current_circulation_state": null,
      "next_circulation_state": 2
    }
  },
  {
    "model": "core.acirculationtransition",
    "pk": 12000068,
    "fields": {
      "current_circulation_state": null,
      "next_circulation_state": 2
    }
  },
  {
    "model": "core.aformtransition",
    "pk": 9,
    "fields": {
      "current_instance_state": null,
      "next_instance_state": 22
    }
  },
  {
    "model": "core.aformtransition",
    "pk": 227,
    "fields": {
      "current_instance_state": 22,
      "next_instance_state": 21
    }
  },
  {
    "model": "core.aformtransition",
    "pk": 247,
    "fields": {
      "current_instance_state": null,
      "next_instance_state": 27
    }
  },
  {
    "model": "core.aformtransition",
    "pk": 248,
    "fields": {
      "current_instance_state": 21,
      "next_instance_state": 27
    }
  },
  {
    "model": "core.aformtransition",
    "pk": 249,
    "fields": {
      "current_instance_state": 24,
      "next_instance_state": 25
    }
  },
  {
    "model": "core.aformtransition",
    "pk": 252,
    "fields": {
      "current_instance_state": 24,
      "next_instance_state": 26
    }
  },
  {
    "model": "core.aformtransition",
    "pk": 254,
    "fields": {
      "current_instance_state": null,
      "next_instance_state": 26
    }
  },
  {
    "model": "core.aformtransition",
    "pk": 351,
    "fields": {
      "current_instance_state": null,
      "next_instance_state": 23
    }
  },
  {
    "model": "core.aformtransition",
    "pk": 652,
    "fields": {
      "current_instance_state": null,
      "next_instance_state": 27
    }
  },
  {
    "model": "core.aformtransition",
    "pk": 653,
    "fields": {
      "current_instance_state": null,
      "next_instance_state": 26
    }
  },
  {
    "model": "core.aformtransition",
    "pk": 657,
    "fields": {
      "current_instance_state": null,
      "next_instance_state": 23
    }
  },
  {
    "model": "core.aformtransition",
    "pk": 697,
    "fields": {
      "current_instance_state": 21,
      "next_instance_state": 22
    }
  },
  {
    "model": "core.aformtransition",
    "pk": 730,
    "fields": {
      "current_instance_state": null,
      "next_instance_state": 21
    }
  },
  {
    "model": "core.aformtransition",
    "pk": 791,
    "fields": {
      "current_instance_state": null,
      "next_instance_state": 25
    }
  },
  {
    "model": "core.aformtransition",
    "pk": 972,
    "fields": {
      "current_instance_state": null,
      "next_instance_state": 23
    }
  },
  {
    "model": "core.aformtransition",
    "pk": 992,
    "fields": {
      "current_instance_state": null,
      "next_instance_state": 26
    }
  },
  {
    "model": "core.aformtransition",
    "pk": 993,
    "fields": {
      "current_instance_state": 24,
      "next_instance_state": 26
    }
  },
  {
    "model": "core.aformtransition",
    "pk": 1005,
    "fields": {
      "current_instance_state": 26,
      "next_instance_state": 21
    }
  },
  {
    "model": "core.aformtransition",
    "pk": 1007,
    "fields": {
      "current_instance_state": 26,
      "next_instance_state": 21
    }
  },
  {
    "model": "core.aformtransition",
    "pk": 1035,
    "fields": {
      "current_instance_state": 30,
      "next_instance_state": 21
    }
  },
  {
    "model": "core.aformtransition",
    "pk": 1097,
    "fields": {
      "current_instance_state": 26,
      "next_instance_state": 21
    }
  },
  {
    "model": "core.aformtransition",
    "pk": 1098,
    "fields": {
      "current_instance_state": 26,
      "next_instance_state": 22
    }
  },
  {
    "model": "core.aformtransition",
    "pk": 1099,
    "fields": {
      "current_instance_state": 26,
      "next_instance_state": 22
    }
  },
  {
    "model": "core.aformtransition",
    "pk": 1101,
    "fields": {
      "current_instance_state": 26,
      "next_instance_state": 22
    }
  },
  {
    "model": "core.aformtransition",
    "pk": 1131,
    "fields": {
      "current_instance_state": 23,
      "next_instance_state": 24
    }
  },
  {
    "model": "core.aformtransition",
    "pk": 1141,
    "fields": {
      "current_instance_state": 22,
      "next_instance_state": 27
    }
  },
  {
    "model": "core.aformtransition",
    "pk": 1142,
    "fields": {
      "current_instance_state": 24,
      "next_instance_state": 26
    }
  },
  {
    "model": "core.aformtransition",
    "pk": 1145,
    "fields": {
      "current_instance_state": 26,
      "next_instance_state": 22
    }
  },
  {
    "model": "core.aformtransition",
    "pk": 1163,
    "fields": {
      "current_instance_state": null,
      "next_instance_state": 23
    }
  },
  {
    "model": "core.aformtransition",
    "pk": 1200,
    "fields": {
      "current_instance_state": 22,
      "next_instance_state": 27
    }
  },
  {
    "model": "core.aformtransition",
    "pk": 1201,
    "fields": {
      "current_instance_state": 24,
      "next_instance_state": 26
    }
  },
  {
    "model": "core.aformtransition",
    "pk": 1203,
    "fields": {
      "current_instance_state": 26,
      "next_instance_state": 22
    }
  },
  {
    "model": "core.aformtransition",
    "pk": 1206,
    "fields": {
      "current_instance_state": null,
      "next_instance_state": 23
    }
  },
  {
    "model": "core.aformtransition",
    "pk": 1224,
    "fields": {
      "current_instance_state": 22,
      "next_instance_state": 27
    }
  },
  {
    "model": "core.aformtransition",
    "pk": 1225,
    "fields": {
      "current_instance_state": 24,
      "next_instance_state": 26
    }
  },
  {
    "model": "core.aformtransition",
    "pk": 1227,
    "fields": {
      "current_instance_state": 26,
      "next_instance_state": 22
    }
  },
  {
    "model": "core.aformtransition",
    "pk": 1230,
    "fields": {
      "current_instance_state": null,
      "next_instance_state": 23
    }
  },
  {
    "model": "core.aformtransition",
    "pk": 1274,
    "fields": {
      "current_instance_state": null,
      "next_instance_state": 27
    }
  },
  {
    "model": "core.aformtransition",
    "pk": 1275,
    "fields": {
      "current_instance_state": 24,
      "next_instance_state": 26
    }
  },
  {
    "model": "core.aformtransition",
    "pk": 1277,
    "fields": {
      "current_instance_state": 26,
      "next_instance_state": 22
    }
  },
  {
    "model": "core.aformtransition",
    "pk": 1280,
    "fields": {
      "current_instance_state": null,
      "next_instance_state": 23
    }
  },
  {
    "model": "core.aformtransition",
    "pk": 1378,
    "fields": {
      "current_instance_state": 21,
      "next_instance_state": 32
    }
  },
  {
    "model": "core.aformtransition",
    "pk": 1406,
    "fields": {
      "current_instance_state": 21,
      "next_instance_state": 27
    }
  },
  {
    "model": "core.aformtransition",
    "pk": 1407,
    "fields": {
      "current_instance_state": null,
      "next_instance_state": 26
    }
  },
  {
    "model": "core.aformtransition",
    "pk": 1443,
    "fields": {
      "current_instance_state": 21,
      "next_instance_state": 22
    }
  },
  {
    "model": "core.aformtransition",
    "pk": 1448,
    "fields": {
      "current_instance_state": 24,
      "next_instance_state": 25
    }
  },
  {
    "model": "core.aformtransition",
    "pk": 1449,
    "fields": {
      "current_instance_state": 24,
      "next_instance_state": 25
    }
  },
  {
    "model": "core.aformtransition",
    "pk": 1456,
    "fields": {
      "current_instance_state": 23,
      "next_instance_state": 24
    }
  },
  {
    "model": "core.aformtransition",
    "pk": 12000002,
    "fields": {
      "current_instance_state": null,
      "next_instance_state": 31
    }
  },
  {
    "model": "core.aformtransition",
    "pk": 12000003,
    "fields": {
      "current_instance_state": 31,
      "next_instance_state": null
    }
  },
  {
    "model": "core.aformtransition",
    "pk": 12000005,
    "fields": {
      "current_instance_state": null,
      "next_instance_state": 34
    }
  },
  {
    "model": "core.aformtransition",
    "pk": 12000008,
    "fields": {
      "current_instance_state": null,
      "next_instance_state": 34
    }
  },
  {
    "model": "core.aformtransition",
    "pk": 12000020,
    "fields": {
      "current_instance_state": null,
      "next_instance_state": 24
    }
  },
  {
    "model": "core.aformtransition",
    "pk": 12000027,
    "fields": {
      "current_instance_state": null,
      "next_instance_state": 24
    }
  },
  {
    "model": "core.aformtransition",
    "pk": 12000033,
    "fields": {
      "current_instance_state": null,
      "next_instance_state": 24
    }
  },
  {
    "model": "core.aformtransition",
    "pk": 12000040,
    "fields": {
      "current_instance_state": null,
      "next_instance_state": 24
    }
  },
  {
    "model": "core.aformtransition",
    "pk": 12000045,
    "fields": {
      "current_instance_state": null,
      "next_instance_state": 24
    }
  },
  {
    "model": "core.aformtransition",
    "pk": 12000051,
    "fields": {
      "current_instance_state": null,
      "next_instance_state": 24
    }
  },
  {
    "model": "core.aformtransition",
    "pk": 12000057,
    "fields": {
      "current_instance_state": null,
      "next_instance_state": 24
    }
  },
  {
    "model": "core.aformtransition",
    "pk": 12000061,
    "fields": {
      "current_instance_state": null,
      "next_instance_state": 21
    }
  },
  {
    "model": "core.aformtransition",
    "pk": 12000062,
    "fields": {
      "current_instance_state": null,
      "next_instance_state": 23
    }
  },
  {
    "model": "core.aformtransition",
    "pk": 12000063,
    "fields": {
      "current_instance_state": null,
      "next_instance_state": 32
    }
  },
  {
    "model": "core.aformtransition",
    "pk": 12000064,
    "fields": {
      "current_instance_state": null,
      "next_instance_state": 24
    }
  },
  {
    "model": "core.aformtransition",
    "pk": 12000065,
    "fields": {
      "current_instance_state": null,
      "next_instance_state": 25
    }
  },
  {
    "model": "core.alocation",
    "pk": 1009,
    "fields": {}
  },
  {
    "model": "core.anotification",
    "pk": 228,
    "fields": {
      "template": "dossier-an-gemeinde-zuruck-geschickt",
      "recipient_type": "Custom_Plugin_Notification_Recipient_MunicipalityUsers",
      "processor": "Notification_Processor_SendEmailAPI"
    }
  },
  {
    "model": "core.anotification",
    "pk": 251,
    "fields": {
      "template": "dossier-an-gemeinde-zuruck-geschickt1",
      "recipient_type": "Custom_Plugin_Notification_Recipient_MunicipalityUsers",
      "processor": "Notification_Processor_SendEmailAPI"
    }
  },
  {
    "model": "core.anotification",
    "pk": 658,
    "fields": {
      "template": "zirkulation-gestartet",
      "recipient_type": "Custom_Plugin_Notification_Recipient_UnnotifiedServiceUsers",
      "processor": "Notification_Processor_SendEmailAPI"
    }
  },
  {
    "model": "core.anotification",
    "pk": 698,
    "fields": {
      "template": "dossier-id-von-gemeinde-frei-geschalten1",
      "recipient_type": "Custom_Plugin_Notification_Recipient_KoorNpUsers",
      "processor": "Notification_Processor_SendEmailAPI"
    }
  },
  {
    "model": "core.anotification",
    "pk": 734,
    "fields": {
      "template": "zirkulation-gestartet1",
      "recipient_type": "Custom_Plugin_Notification_Recipient_UnnotifiedServiceUsers",
      "processor": "Notification_Processor_SendEmailAPI"
    }
  },
  {
    "model": "core.anotification",
    "pk": 792,
    "fields": {
      "template": "dossier-an-gemeinde-zuruck-geschickt1",
      "recipient_type": "Custom_Plugin_Notification_Recipient_MunicipalityUsers",
      "processor": "Notification_Processor_SendEmailAPI"
    }
  },
  {
    "model": "core.anotification",
    "pk": 835,
    "fields": {
      "template": "zirkulation-gestartet1",
      "recipient_type": "Custom_Plugin_Notification_Recipient_UnnotifiedServiceUsers",
      "processor": "Notification_Processor_SendEmailAPI"
    }
  },
  {
    "model": "core.anotification",
    "pk": 840,
    "fields": {
      "template": "zirkulation-gestartet",
      "recipient_type": "Custom_Plugin_Notification_Recipient_UnnotifiedServiceUsers",
      "processor": "Notification_Processor_SendEmailAPI"
    }
  },
  {
    "model": "core.anotification",
    "pk": 973,
    "fields": {
      "template": "zirkulation-gestartet1",
      "recipient_type": "Custom_Plugin_Notification_Recipient_UnnotifiedServiceUsers",
      "processor": "Notification_Processor_SendEmailAPI"
    }
  },
  {
    "model": "core.anotification",
    "pk": 978,
    "fields": {
      "template": "zirkulation-gestartet1",
      "recipient_type": "Custom_Plugin_Notification_Recipient_UnnotifiedServiceUsers",
      "processor": "Notification_Processor_SendEmailAPI"
    }
  },
  {
    "model": "core.anotification",
    "pk": 1067,
    "fields": {
      "template": "dossier-weitergeleitet-an-koordinationsstelle",
      "recipient_type": "Custom_Plugin_Notification_Recipient_SubmitterList",
      "processor": "Notification_Processor_SendEmailAPI"
    }
  },
  {
    "model": "core.anotification",
    "pk": 1068,
    "fields": {
      "template": "dossier-von-koordinationsstelle-fur-baueingaben-an-die-gemeinde-zuruckgeschickt",
      "recipient_type": "Custom_Plugin_Notification_Recipient_SubmitterList",
      "processor": "Notification_Processor_SendEmailAPI"
    }
  },
  {
    "model": "core.anotification",
    "pk": 1069,
    "fields": {
      "template": "dossier-instance_id-von-gemeinde-frei-geschalten",
      "recipient_type": "Custom_Plugin_Notification_Recipient_KoorBgUsers",
      "processor": "Notification_Processor_SendEmailAPI"
    }
  },
  {
    "model": "core.anotification",
    "pk": 1126,
    "fields": {
      "template": "dossier-angenommen",
      "recipient_type": "Notification_Manager_Applicant",
      "processor": "Notification_Processor_SendEmailAPI"
    }
  },
  {
    "model": "core.anotification",
    "pk": 1130,
    "fields": {
      "template": "dossier-von-koordinationsstelle-fur-baueingaben-an-die-gemeinde-zuruckgeschickt1",
      "recipient_type": "Custom_Plugin_Notification_Recipient_SubmitterList",
      "processor": "Notification_Processor_SendEmailAPI"
    }
  },
  {
    "model": "core.anotification",
    "pk": 1149,
    "fields": {
      "template": "zirkulation-gestartet1",
      "recipient_type": "Custom_Plugin_Notification_Recipient_UnnotifiedServiceUsers",
      "processor": "Notification_Processor_SendEmailAPI"
    }
  },
  {
    "model": "core.anotification",
    "pk": 1180,
    "fields": {
      "template": "zirkulation-gestartet1",
      "recipient_type": "Custom_Plugin_Notification_Recipient_UnnotifiedServiceUsers",
      "processor": "Notification_Processor_SendEmailAPI"
    }
  },
  {
    "model": "core.anotification",
    "pk": 1207,
    "fields": {
      "template": "zirkulation-gestartet1",
      "recipient_type": "Custom_Plugin_Notification_Recipient_UnnotifiedServiceUsers",
      "processor": "Notification_Processor_SendEmailAPI"
    }
  },
  {
    "model": "core.anotification",
    "pk": 1212,
    "fields": {
      "template": "zirkulation-gestartet1",
      "recipient_type": "Custom_Plugin_Notification_Recipient_UnnotifiedServiceUsers",
      "processor": "Notification_Processor_SendEmailAPI"
    }
  },
  {
    "model": "core.anotification",
    "pk": 1231,
    "fields": {
      "template": "zirkulation-gestartet1",
      "recipient_type": "Custom_Plugin_Notification_Recipient_UnnotifiedServiceUsers",
      "processor": "Notification_Processor_SendEmailAPI"
    }
  },
  {
    "model": "core.anotification",
    "pk": 1236,
    "fields": {
      "template": "zirkulation-gestartet1",
      "recipient_type": "Custom_Plugin_Notification_Recipient_UnnotifiedServiceUsers",
      "processor": "Notification_Processor_SendEmailAPI"
    }
  },
  {
    "model": "core.anotification",
    "pk": 1297,
    "fields": {
      "template": "oreb-meldung",
      "recipient_type": "Custom_Plugin_Notification_Recipient_Lisag",
      "processor": "Notification_Processor_SendEmailAPI"
    }
  },
  {
    "model": "core.anotification",
    "pk": 1318,
    "fields": {
      "template": "oreb-meldung",
      "recipient_type": "Custom_Plugin_Notification_Recipient_Lisag",
      "processor": "Notification_Processor_SendEmailAPI"
    }
  },
  {
    "model": "core.anotification",
    "pk": 1337,
    "fields": {
      "template": "oreb-meldung",
      "recipient_type": "Custom_Plugin_Notification_Recipient_Lisag",
      "processor": "Notification_Processor_SendEmailAPI"
    }
  },
  {
    "model": "core.anotification",
    "pk": 1357,
    "fields": {
      "template": "oreb-meldung",
      "recipient_type": "Custom_Plugin_Notification_Recipient_Lisag",
      "processor": "Notification_Processor_SendEmailAPI"
    }
  },
  {
    "model": "core.anotification",
    "pk": 1358,
    "fields": {
      "template": "oreb-meldung",
      "recipient_type": "Custom_Plugin_Notification_Recipient_Lisag",
      "processor": "Notification_Processor_SendEmailAPI"
    }
  },
  {
    "model": "core.anotification",
    "pk": 1360,
    "fields": {
      "template": "oreb-meldung",
      "recipient_type": "Custom_Plugin_Notification_Recipient_Lisag",
      "processor": "Notification_Processor_SendEmailAPI"
    }
  },
  {
    "model": "core.anotification",
    "pk": 1369,
    "fields": {
      "template": "zirkulation-abgeschlossen",
      "recipient_type": "Custom_Plugin_Notification_Recipient_SubmitterList",
      "processor": "Notification_Processor_SendEmailAPI"
    }
  },
  {
    "model": "core.anotification",
    "pk": 1374,
    "fields": {
      "template": "zirkulation-gestartet1",
      "recipient_type": "Custom_Plugin_Notification_Recipient_UnnotifiedServiceUsers",
      "processor": "Notification_Processor_SendEmailAPI"
    }
  },
  {
    "model": "core.anotification",
    "pk": 1375,
    "fields": {
      "template": "zirkulation-gestartet1",
      "recipient_type": "Custom_Plugin_Notification_Recipient_UnnotifiedServiceUsers",
      "processor": "Notification_Processor_SendEmailAPI"
    }
  },
  {
    "model": "core.anotification",
    "pk": 1382,
    "fields": {
      "template": "gemeindezirkulation-gestartet",
      "recipient_type": "Custom_Plugin_Notification_Recipient_UnnotifiedServiceUsers",
      "processor": "Notification_Processor_SendEmailAPI"
    }
  },
  {
    "model": "core.anotification",
    "pk": 1386,
    "fields": {
      "template": "gemeindezirkulation-gestartet",
      "recipient_type": "Custom_Plugin_Notification_Recipient_UnnotifiedServiceUsers",
      "processor": "Notification_Processor_SendEmailAPI"
    }
  },
  {
    "model": "core.anotification",
    "pk": 1411,
    "fields": {
      "template": "zirkulation-gestartet16",
      "recipient_type": "Custom_Plugin_Notification_Recipient_UnnotifiedServiceUsers",
      "processor": "Notification_Processor_SendEmailAPI"
    }
  },
  {
    "model": "core.anotification",
    "pk": 1417,
    "fields": {
      "template": "zirkulation-gestartet16",
      "recipient_type": "Custom_Plugin_Notification_Recipient_UnnotifiedServiceUsers",
      "processor": "Notification_Processor_SendEmailAPI"
    }
  },
  {
    "model": "core.anotification",
    "pk": 1445,
    "fields": {
      "template": "dossier-id-von-bundesstelle-frei-geschalten",
      "recipient_type": "Custom_Plugin_Notification_Recipient_ResponsibleKoor",
      "processor": "Notification_Processor_SendEmailAPI"
    }
  },
  {
    "model": "core.anotification",
    "pk": 12000004,
    "fields": {
      "template": "dossier-abgewiesen",
      "recipient_type": "Notification_Manager_Applicant",
      "processor": "Notification_Processor_SendEmailAPI"
    }
  },
  {
    "model": "core.anotification",
    "pk": 12000006,
    "fields": {
      "template": "7-bau-und-einsprache-entscheid-bentzung-kantonsgebiet-versand-durch-dashboard",
      "recipient_type": "Notification_Manager_Applicant",
      "processor": "Notification_Processor_SendEmailAPI"
    }
  },
  {
    "model": "core.anotification",
    "pk": 12000009,
    "fields": {
      "template": "7-bau-und-einsprache-entscheid-bentzung-kantonsgebiet-versand-durch-dashboard",
      "recipient_type": "Notification_Manager_Applicant",
      "processor": "Notification_Processor_SendEmailAPI"
    }
  },
  {
    "model": "core.apageredirect",
    "pk": 711,
    "fields": {
      "resource": 267,
      "instance_resource": 315,
      "air_action_name": "edit"
    }
  },
  {
    "model": "core.apageredirect",
    "pk": 732,
    "fields": {
      "resource": 288,
      "instance_resource": 467,
      "air_action_name": "edit"
    }
  },
  {
    "model": "core.apageredirect",
    "pk": 733,
    "fields": {
      "resource": 122,
      "instance_resource": null,
      "air_action_name": null
    }
  },
  {
    "model": "core.apageredirect",
    "pk": 735,
    "fields": {
      "resource": 302,
      "instance_resource": null,
      "air_action_name": null
    }
  },
  {
    "model": "core.apageredirect",
    "pk": 737,
    "fields": {
      "resource": 267,
      "instance_resource": 314,
      "air_action_name": "index"
    }
  },
  {
    "model": "core.apageredirect",
    "pk": 738,
    "fields": {
      "resource": 288,
      "instance_resource": 486,
      "air_action_name": "index"
    }
  },
  {
    "model": "core.apageredirect",
    "pk": 976,
    "fields": {
      "resource": 264,
      "instance_resource": 625,
      "air_action_name": "edit"
    }
  },
  {
    "model": "core.apageredirect",
    "pk": 1152,
    "fields": {
      "resource": 289,
      "instance_resource": 702,
      "air_action_name": "edit"
    }
  },
  {
    "model": "core.apageredirect",
    "pk": 1158,
    "fields": {
      "resource": 289,
      "instance_resource": 1,
      "air_action_name": null
    }
  },
  {
    "model": "core.apageredirect",
    "pk": 1210,
    "fields": {
      "resource": 296,
      "instance_resource": 717,
      "air_action_name": "edit"
    }
  },
  {
    "model": "core.apageredirect",
    "pk": 1234,
    "fields": {
      "resource": 297,
      "instance_resource": 726,
      "air_action_name": "edit"
    }
  },
  {
    "model": "core.apageredirect",
    "pk": 1284,
    "fields": {
      "resource": 298,
      "instance_resource": null,
      "air_action_name": null
    }
  },
  {
    "model": "core.apageredirect",
    "pk": 1414,
    "fields": {
      "resource": 316,
      "instance_resource": 763,
      "air_action_name": "edit"
    }
  },
  {
    "model": "core.apageredirect",
    "pk": 1425,
    "fields": {
      "resource": 302,
      "instance_resource": null,
      "air_action_name": null
    }
  },
  {
    "model": "core.apageredirect",
    "pk": 12000018,
    "fields": {
      "resource": 267,
      "instance_resource": 315,
      "air_action_name": "edit"
    }
  },
  {
    "model": "core.apageredirect",
    "pk": 12000030,
    "fields": {
      "resource": 288,
      "instance_resource": 467,
      "air_action_name": "edit"
    }
  },
  {
    "model": "core.apageredirect",
    "pk": 12000036,
    "fields": {
      "resource": 264,
      "instance_resource": 625,
      "air_action_name": "edit"
    }
  },
  {
    "model": "core.apageredirect",
    "pk": 12000042,
    "fields": {
      "resource": 289,
      "instance_resource": 702,
      "air_action_name": "edit"
    }
  },
  {
    "model": "core.apageredirect",
    "pk": 12000048,
    "fields": {
      "resource": 296,
      "instance_resource": 717,
      "air_action_name": "edit"
    }
  },
  {
    "model": "core.apageredirect",
    "pk": 12000054,
    "fields": {
      "resource": 297,
      "instance_resource": 726,
      "air_action_name": "edit"
    }
  },
  {
    "model": "core.apageredirect",
    "pk": 12000060,
    "fields": {
      "resource": 289,
      "instance_resource": 702,
      "air_action_name": "edit"
    }
  },
  {
    "model": "core.aphp",
    "pk": 260,
    "fields": {
      "php_class": "ChangeDossierType"
    }
  },
  {
    "model": "core.aphp",
    "pk": 490,
    "fields": {
      "php_class": "CircEnd"
    }
  },
  {
    "model": "core.aphp",
    "pk": 610,
    "fields": {
      "php_class": "ReopenCirculation"
    }
  },
  {
    "model": "core.aphp",
    "pk": 631,
    "fields": {
      "php_class": "EditNotice"
    }
  },
  {
    "model": "core.aphp",
    "pk": 662,
    "fields": {
      "php_class": "ReopenCirculation"
    }
  },
  {
    "model": "core.aphp",
    "pk": 670,
    "fields": {
      "php_class": "EditNotice"
    }
  },
  {
    "model": "core.aphp",
    "pk": 831,
    "fields": {
      "php_class": "CircStart"
    }
  },
  {
    "model": "core.aphp",
    "pk": 832,
    "fields": {
      "php_class": "CircStart"
    }
  },
  {
    "model": "core.aphp",
    "pk": 834,
    "fields": {
      "php_class": "CircStart"
    }
  },
  {
    "model": "core.aphp",
    "pk": 841,
    "fields": {
      "php_class": "CircStart"
    }
  },
  {
    "model": "core.aphp",
    "pk": 870,
    "fields": {
      "php_class": "SaveCommissionAssignments"
    }
  },
  {
    "model": "core.aphp",
    "pk": 913,
    "fields": {
      "php_class": "SetNFD"
    }
  },
  {
    "model": "core.aphp",
    "pk": 914,
    "fields": {
      "php_class": "SetNFDComplete"
    }
  },
  {
    "model": "core.aphp",
    "pk": 974,
    "fields": {
      "php_class": "CircStart"
    }
  },
  {
    "model": "core.aphp",
    "pk": 979,
    "fields": {
      "php_class": "CircStart"
    }
  },
  {
    "model": "core.aphp",
    "pk": 982,
    "fields": {
      "php_class": "ReopenCirculation"
    }
  },
  {
    "model": "core.aphp",
    "pk": 1010,
    "fields": {
      "php_class": "DossierNR"
    }
  },
  {
    "model": "core.aphp",
    "pk": 1150,
    "fields": {
      "php_class": "CircStart"
    }
  },
  {
    "model": "core.aphp",
    "pk": 1157,
    "fields": {
      "php_class": "EditNotice"
    }
  },
  {
    "model": "core.aphp",
    "pk": 1181,
    "fields": {
      "php_class": "CircStart"
    }
  },
  {
    "model": "core.aphp",
    "pk": 1184,
    "fields": {
      "php_class": "ReopenCirculation"
    }
  },
  {
    "model": "core.aphp",
    "pk": 1208,
    "fields": {
      "php_class": "CircStart"
    }
  },
  {
    "model": "core.aphp",
    "pk": 1213,
    "fields": {
      "php_class": "CircStart"
    }
  },
  {
    "model": "core.aphp",
    "pk": 1216,
    "fields": {
      "php_class": "ReopenCirculation"
    }
  },
  {
    "model": "core.aphp",
    "pk": 1232,
    "fields": {
      "php_class": "CircStart"
    }
  },
  {
    "model": "core.aphp",
    "pk": 1237,
    "fields": {
      "php_class": "CircStart"
    }
  },
  {
    "model": "core.aphp",
    "pk": 1240,
    "fields": {
      "php_class": "ReopenCirculation"
    }
  },
  {
    "model": "core.aphp",
    "pk": 1282,
    "fields": {
      "php_class": "CircStart"
    }
  },
  {
    "model": "core.aphp",
    "pk": 1287,
    "fields": {
      "php_class": "CircStart"
    }
  },
  {
    "model": "core.aphp",
    "pk": 1290,
    "fields": {
      "php_class": "ReopenCirculation"
    }
  },
  {
    "model": "core.aphp",
    "pk": 1374,
    "fields": {
      "php_class": "RedirectToInstance"
    }
  },
  {
    "model": "core.aphp",
    "pk": 1379,
    "fields": {
      "php_class": "CheckIfNFDPossible"
    }
  },
  {
    "model": "core.aphp",
    "pk": 1383,
    "fields": {
      "php_class": "CircStart"
    }
  },
  {
    "model": "core.aphp",
    "pk": 1387,
    "fields": {
      "php_class": "CircStart"
    }
  },
  {
    "model": "core.aphp",
    "pk": 1388,
    "fields": {
      "php_class": "ReopenCirculation"
    }
  },
  {
    "model": "core.aphp",
    "pk": 1412,
    "fields": {
      "php_class": "CircStart"
    }
  },
  {
    "model": "core.aphp",
    "pk": 1415,
    "fields": {
      "php_class": "ReopenCirculation"
    }
  },
  {
    "model": "core.aphp",
    "pk": 1418,
    "fields": {
      "php_class": "CircStart"
    }
  },
  {
    "model": "core.aphp",
    "pk": 1423,
    "fields": {
      "php_class": "BundesstelleCircEnd"
    }
  },
  {
    "model": "core.aphp",
    "pk": 1435,
    "fields": {
      "php_class": "MunicipalityCircEnd"
    }
  },
  {
    "model": "core.aphp",
    "pk": 1455,
    "fields": {
      "php_class": "MunicipalityCircEnd"
    }
  },
  {
    "model": "core.aphp",
    "pk": 1457,
    "fields": {
      "php_class": "CreateInstanceNG"
    }
  },
  {
    "model": "core.aphp",
    "pk": 2000000,
    "fields": {
      "php_class": "SetCircService"
    }
  },
  {
    "model": "core.aphp",
    "pk": 2000001,
    "fields": {
      "php_class": "SetCircService"
    }
  },
  {
    "model": "core.aphp",
    "pk": 2000002,
    "fields": {
      "php_class": "SetCircService"
    }
  },
  {
    "model": "core.aphp",
    "pk": 2000003,
    "fields": {
      "php_class": "SetCircService"
    }
  },
  {
    "model": "core.aphp",
    "pk": 2000004,
    "fields": {
      "php_class": "SetCircService"
    }
  },
  {
    "model": "core.aphp",
    "pk": 2000005,
    "fields": {
      "php_class": "SetCircService"
    }
  },
  {
    "model": "core.aphp",
    "pk": 12000011,
    "fields": {
      "php_class": "CopyInstance"
    }
  },
  {
    "model": "core.aphp",
    "pk": 12000012,
    "fields": {
      "php_class": "CopyInstance"
    }
  },
  {
    "model": "core.aphp",
    "pk": 12000013,
    "fields": {
      "php_class": "CheckDecisionDocuments"
    }
  },
  {
    "model": "core.aphp",
    "pk": 12000017,
    "fields": {
      "php_class": "EndCirculation"
    }
  },
  {
    "model": "core.aphp",
    "pk": 12000019,
    "fields": {
      "php_class": "SetCircService"
    }
  },
  {
    "model": "core.aphp",
    "pk": 12000023,
    "fields": {
      "php_class": "EndCirculation"
    }
  },
  {
    "model": "core.aphp",
    "pk": 12000024,
    "fields": {
      "php_class": "SetCircService"
    }
  },
  {
    "model": "core.aphp",
    "pk": 12000025,
    "fields": {
      "php_class": "SetCircService"
    }
  },
  {
    "model": "core.aphp",
    "pk": 12000029,
    "fields": {
      "php_class": "EndCirculation"
    }
  },
  {
    "model": "core.aphp",
    "pk": 12000031,
    "fields": {
      "php_class": "SetCircService"
    }
  },
  {
    "model": "core.aphp",
    "pk": 12000035,
    "fields": {
      "php_class": "EndCirculation"
    }
  },
  {
    "model": "core.aphp",
    "pk": 12000037,
    "fields": {
      "php_class": "SetCircService"
    }
  },
  {
    "model": "core.aphp",
    "pk": 12000041,
    "fields": {
      "php_class": "EndCirculation"
    }
  },
  {
    "model": "core.aphp",
    "pk": 12000043,
    "fields": {
      "php_class": "SetCircService"
    }
  },
  {
    "model": "core.aphp",
    "pk": 12000047,
    "fields": {
      "php_class": "EndCirculation"
    }
  },
  {
    "model": "core.aphp",
    "pk": 12000049,
    "fields": {
      "php_class": "SetCircService"
    }
  },
  {
    "model": "core.aphp",
    "pk": 12000053,
    "fields": {
      "php_class": "EndCirculation"
    }
  },
  {
    "model": "core.aphp",
    "pk": 12000055,
    "fields": {
      "php_class": "SetCircService"
    }
  },
  {
    "model": "core.aphp",
    "pk": 12000059,
    "fields": {
      "php_class": "EndCirculation"
    }
  },
  {
    "model": "core.aphp",
    "pk": 12000069,
    "fields": {
      "php_class": "MunicipalityCircEnd"
    }
  },
  {
    "model": "core.action",
    "pk": 9,
    "fields": {
      "available_action": "formtransition",
      "button": 4,
      "name": "Freigeben an Gemeinde COMM oder EXT_GEM - EXT",
      "description": null,
      "success_message": "Dossier erfolgreich freigegeben.",
      "error_message": "Beim Freigeben des Dossiers ist ein Fehler aufgetreten!",
      "execute_always": 0,
      "sort": 1
    }
  },
  {
    "model": "core.action",
    "pk": 171,
    "fields": {
      "available_action": "workflow",
      "button": 4,
      "name": "Workflow Datum setzen",
      "description": "COMM zu EXT",
      "success_message": "Workflow Datum gesetzt",
      "error_message": "Workflow Datum konnte nicht gesetzt werden",
      "execute_always": 1,
      "sort": 5
    }
  },
  {
    "model": "core.action",
    "pk": 227,
    "fields": {
      "available_action": "formtransition",
      "button": 124,
      "name": "Zurück an Gemeinde schicken",
      "description": "ext zu comm",
      "success_message": "Das Dossier wurde zurück an die Gemeinde geschickt",
      "error_message": "Das Dossier konnte nicht zurück an die Gemeinde geschickt werden, da ein Fehler aufgetreten ist!",
      "execute_always": 0,
      "sort": 0
    }
  },
  {
    "model": "core.action",
    "pk": 228,
    "fields": {
      "available_action": "notification",
      "button": 124,
      "name": "Sende E-Mail an Gemeinde",
      "description": "",
      "success_message": "E-Mail an Gemeinde geschickt",
      "error_message": "E-Mail an Gemeinde konnte nicht verschickt werden",
      "execute_always": 0,
      "sort": 1
    }
  },
  {
    "model": "core.action",
    "pk": 247,
    "fields": {
      "available_action": "formtransition",
      "button": 144,
      "name": "Löschen",
      "description": "Löschen eines Dossiers der Koord",
      "success_message": "Dossier gelöscht.",
      "error_message": "Das Dossier konnte nich gelöscht werden, da ein Fehler aufgetreten ist!",
      "execute_always": 0,
      "sort": 0
    }
  },
  {
    "model": "core.action",
    "pk": 248,
    "fields": {
      "available_action": "formtransition",
      "button": 146,
      "name": "Löschen",
      "description": "Dossier der Gemeinde löschen",
      "success_message": "Dossier erfolgreich gelöscht.",
      "error_message": "Das Dossier konnte nicht gelöscht werden, da ein Fehler aufgetreten ist!",
      "execute_always": 0,
      "sort": 0
    }
  },
  {
    "model": "core.action",
    "pk": 249,
    "fields": {
      "available_action": "formtransition",
      "button": 147,
      "name": "Zurück an Gemeinde schicken",
      "description": "redac zu done",
      "success_message": "Das Dossier wurde zurück an die Gemeinde geschickt.",
      "error_message": "Das Dossier konnte nicht zurück an die Gemeinde geschickt werden, da ein Fehler aufgetreten ist!",
      "execute_always": 0,
      "sort": 0
    }
  },
  {
    "model": "core.action",
    "pk": 250,
    "fields": {
      "available_action": "workflow",
      "button": 147,
      "name": "Workflow-Datum setzen",
      "description": "Datum setzen wenn von REDAC zu DONE",
      "success_message": "",
      "error_message": "",
      "execute_always": 0,
      "sort": 1
    }
  },
  {
    "model": "core.action",
    "pk": 251,
    "fields": {
      "available_action": "notification",
      "button": 147,
      "name": "E-Mail an Gemeinde",
      "description": "Wenn Status von REDAC zu DONE",
      "success_message": "Email an die Gemeinde wurde erfolgreich versandt.",
      "error_message": "Die Email an die Gemeinde konnte nicht versandt werden!",
      "execute_always": 0,
      "sort": 2
    }
  },
  {
    "model": "core.action",
    "pk": 252,
    "fields": {
      "available_action": "formtransition",
      "button": 148,
      "name": "Archivieren",
      "description": "REDAC zu ARCH",
      "success_message": "Das Dossier wurde erfolgreich archiviert.",
      "error_message": "Das Dossier konnte nicht archiviert werden, da ein Fehler aufgetreten ist!",
      "execute_always": 0,
      "sort": 0
    }
  },
  {
    "model": "core.action",
    "pk": 253,
    "fields": {
      "available_action": "workflow",
      "button": 148,
      "name": "Archivieren",
      "description": "REDAC zu ARCH",
      "success_message": "",
      "error_message": "",
      "execute_always": 0,
      "sort": 1
    }
  },
  {
    "model": "core.action",
    "pk": 254,
    "fields": {
      "available_action": "formtransition",
      "button": 149,
      "name": "Archivieren",
      "description": "ANY (Gemeinde) zu ARCH",
      "success_message": "Das Dossier wurde archiviert.",
      "error_message": "Das Dossier konnte nich archiviert werden, da ein Fehler aufgetreten ist!",
      "execute_always": 0,
      "sort": 0
    }
  },
  {
    "model": "core.action",
    "pk": 255,
    "fields": {
      "available_action": "workflow",
      "button": 149,
      "name": "Archivieren",
      "description": "ANY (Gemeinde) zu ARCH",
      "success_message": "",
      "error_message": "",
      "execute_always": 0,
      "sort": 1
    }
  },
  {
    "model": "core.action",
    "pk": 260,
    "fields": {
      "available_action": "php",
      "button": 153,
      "name": "Dossier Typ Wechseln",
      "description": null,
      "success_message": "Dossier erfolgreich umgewandelt",
      "error_message": "Dossier konnte nicht umgewandelt werden!",
      "execute_always": 1,
      "sort": 0
    }
  },
  {
    "model": "core.action",
    "pk": 349,
    "fields": {
      "available_action": "save",
      "button": 215,
      "name": "Speichern",
      "description": "",
      "success_message": "Speichern erfolgreich.",
      "error_message": "Speichern fehlgeschlagen!",
      "execute_always": 0,
      "sort": 0
    }
  },
  {
    "model": "core.action",
    "pk": 350,
    "fields": {
      "available_action": "save",
      "button": 216,
      "name": "Speichern",
      "description": "",
      "success_message": "",
      "error_message": "",
      "execute_always": 0,
      "sort": 0
    }
  },
  {
    "model": "core.action",
    "pk": 351,
    "fields": {
      "available_action": "formtransition",
      "button": 216,
      "name": "Zirkulation starten",
      "description": "",
      "success_message": "Zirkulation erfolgreich gestartet.",
      "error_message": "Zirkulation konnte nicht gestartet werden!",
      "execute_always": 1,
      "sort": 1
    }
  },
  {
    "model": "core.action",
    "pk": 352,
    "fields": {
      "available_action": "workflow",
      "button": 216,
      "name": "Zirkulation starten",
      "description": "",
      "success_message": "",
      "error_message": "",
      "execute_always": 0,
      "sort": 2
    }
  },
  {
    "model": "core.action",
    "pk": 374,
    "fields": {
      "available_action": "pdf",
      "button": 248,
      "name": "Stellungnahme generieren",
      "description": "",
      "success_message": "",
      "error_message": "",
      "execute_always": 0,
      "sort": 1
    }
  },
  {
    "model": "core.action",
    "pk": 438,
    "fields": {
      "available_action": "docx",
      "button": 272,
      "name": "Rechnung generieren",
      "description": "",
      "success_message": "",
      "error_message": "",
      "execute_always": 0,
      "sort": 0
    }
  },
  {
    "model": "core.action",
    "pk": 441,
    "fields": {
      "available_action": "activation",
      "button": 248,
      "name": "Kommentar speichern",
      "description": "",
      "success_message": "",
      "error_message": "",
      "execute_always": 0,
      "sort": 0
    }
  },
  {
    "model": "core.action",
    "pk": 452,
    "fields": {
      "available_action": "activation",
      "button": 278,
      "name": "Laufzettelkommentar speichern",
      "description": "",
      "success_message": "",
      "error_message": "",
      "execute_always": 0,
      "sort": 0
    }
  },
  {
    "model": "core.action",
    "pk": 453,
    "fields": {
      "available_action": "pdf",
      "button": 278,
      "name": "Laufzettel generieren",
      "description": "",
      "success_message": "",
      "error_message": "",
      "execute_always": 0,
      "sort": 1
    }
  },
  {
    "model": "core.action",
    "pk": 473,
    "fields": {
      "available_action": "docx",
      "button": 288,
      "name": "Brief generieren",
      "description": "",
      "success_message": "",
      "error_message": "",
      "execute_always": 0,
      "sort": 0
    }
  },
  {
    "model": "core.action",
    "pk": 487,
    "fields": {
      "available_action": "save",
      "button": 304,
      "name": "Speichern",
      "description": "Etwas speichern",
      "success_message": "Speichern erfolgreich",
      "error_message": "Speichern fehlgeschlagen",
      "execute_always": 0,
      "sort": 0
    }
  },
  {
    "model": "core.action",
    "pk": 488,
    "fields": {
      "available_action": "save",
      "button": 305,
      "name": "Speichern",
      "description": "",
      "success_message": "Antwort erfolgreich gesendet",
      "error_message": "Antwort konnte nicht gesendet werden!",
      "execute_always": 0,
      "sort": 0
    }
  },
  {
    "model": "core.action",
    "pk": 489,
    "fields": {
      "available_action": "circulationtransition",
      "button": 305,
      "name": "Zirkulation auf OK setzen",
      "description": "",
      "success_message": "",
      "error_message": "",
      "execute_always": 0,
      "sort": 1
    }
  },
  {
    "model": "core.action",
    "pk": 490,
    "fields": {
      "available_action": "php",
      "button": 305,
      "name": "Zirkulation Ende",
      "description": "",
      "success_message": "",
      "error_message": "",
      "execute_always": 0,
      "sort": 2
    }
  },
  {
    "model": "core.action",
    "pk": 507,
    "fields": {
      "available_action": "save",
      "button": 324,
      "name": "Speichern",
      "description": "",
      "success_message": "Zirkulation erfolgreich gestartet.",
      "error_message": "Zirkulation konnte nicht gestartet werden!",
      "execute_always": 0,
      "sort": 0
    }
  },
  {
    "model": "core.action",
    "pk": 508,
    "fields": {
      "available_action": "save",
      "button": 325,
      "name": "Speichern",
      "description": "",
      "success_message": "Antwort gespeichert",
      "error_message": "Antwort konnte nicht gespeichert werden!",
      "execute_always": 0,
      "sort": 0
    }
  },
  {
    "model": "core.action",
    "pk": 509,
    "fields": {
      "available_action": "save",
      "button": 326,
      "name": "Speichern",
      "description": "",
      "success_message": "Antwort gespeichert",
      "error_message": "Antwort konnte nicht gespeichert werden",
      "execute_always": 0,
      "sort": 0
    }
  },
  {
    "model": "core.action",
    "pk": 510,
    "fields": {
      "available_action": "circulationtransition",
      "button": 326,
      "name": "Zirkulation auf OK setzen",
      "description": "",
      "success_message": "Antwort wurde zurück gesandt",
      "error_message": "Antwort konnte nicht zurück gesandt werden",
      "execute_always": 0,
      "sort": 1
    }
  },
  {
    "model": "core.action",
    "pk": 590,
    "fields": {
      "available_action": "workflow",
      "button": 124,
      "name": "Workflow-Datum setzen",
      "description": "Datum setzen wenn von REDAC zu DONE",
      "success_message": "",
      "error_message": "",
      "execute_always": 0,
      "sort": 2
    }
  },
  {
    "model": "core.action",
    "pk": 610,
    "fields": {
      "available_action": "php",
      "button": 389,
      "name": "Zirkulation wiederöffnen",
      "description": "",
      "success_message": "Zirkulation wurde für die selektierten Fachstellen wiedereröffnet!",
      "error_message": "",
      "execute_always": 0,
      "sort": 0
    }
  },
  {
    "model": "core.action",
    "pk": 631,
    "fields": {
      "available_action": "php",
      "button": 408,
      "name": "Stellungnahme bearbeiten",
      "description": "",
      "success_message": "",
      "error_message": "",
      "execute_always": 0,
      "sort": 0
    }
  },
  {
    "model": "core.action",
    "pk": 652,
    "fields": {
      "available_action": "formtransition",
      "button": 429,
      "name": "Löschen",
      "description": "",
      "success_message": "",
      "error_message": "",
      "execute_always": 0,
      "sort": 0
    }
  },
  {
    "model": "core.action",
    "pk": 653,
    "fields": {
      "available_action": "formtransition",
      "button": 430,
      "name": "Archivieren",
      "description": "",
      "success_message": "Dossier erfolgreich archiviert.",
      "error_message": "Dossier konnte nicht archiviert werden!",
      "execute_always": 0,
      "sort": 0
    }
  },
  {
    "model": "core.action",
    "pk": 654,
    "fields": {
      "available_action": "workflow",
      "button": 430,
      "name": "Archivieren",
      "description": "",
      "success_message": "",
      "error_message": "",
      "execute_always": 0,
      "sort": 1
    }
  },
  {
    "model": "core.action",
    "pk": 655,
    "fields": {
      "available_action": "save",
      "button": 431,
      "name": "Speichern",
      "description": "",
      "success_message": "Speichern erfolgreich.",
      "error_message": "Speichern fehlgeschlagen!",
      "execute_always": 0,
      "sort": 0
    }
  },
  {
    "model": "core.action",
    "pk": 656,
    "fields": {
      "available_action": "save",
      "button": 432,
      "name": "Speichern",
      "description": "",
      "success_message": "",
      "error_message": "",
      "execute_always": 0,
      "sort": 0
    }
  },
  {
    "model": "core.action",
    "pk": 657,
    "fields": {
      "available_action": "formtransition",
      "button": 432,
      "name": "Zirkulation starten",
      "description": "",
      "success_message": "Zirkulation erfolgreich gestartet.",
      "error_message": "Zirkulation konnte nicht gestartet werden!",
      "execute_always": 0,
      "sort": 1
    }
  },
  {
    "model": "core.action",
    "pk": 658,
    "fields": {
      "available_action": "notification",
      "button": 432,
      "name": "Zirkulation starten E-Mail",
      "description": null,
      "success_message": "E-Mail zum Start der Zirkulation wurde versandt",
      "error_message": "E-Mail zum Start der Zirkulation konnte nicht versendet werden",
      "execute_always": 0,
      "sort": 3
    }
  },
  {
    "model": "core.action",
    "pk": 659,
    "fields": {
      "available_action": "workflow",
      "button": 432,
      "name": "Zirkulation starten",
      "description": "",
      "success_message": "Workflow-Datum gesetzt",
      "error_message": "Workflow-Datum konnte nicht gesetzt werden",
      "execute_always": 1,
      "sort": 2
    }
  },
  {
    "model": "core.action",
    "pk": 660,
    "fields": {
      "available_action": "activation",
      "button": 433,
      "name": "Laufzettelkommentar speichern",
      "description": "",
      "success_message": "",
      "error_message": "",
      "execute_always": 0,
      "sort": 0
    }
  },
  {
    "model": "core.action",
    "pk": 661,
    "fields": {
      "available_action": "pdf",
      "button": 433,
      "name": "Laufzettel generieren",
      "description": "",
      "success_message": "",
      "error_message": "",
      "execute_always": 0,
      "sort": 1
    }
  },
  {
    "model": "core.action",
    "pk": 662,
    "fields": {
      "available_action": "php",
      "button": 434,
      "name": "Zirkulation wiederöffnen",
      "description": "",
      "success_message": "",
      "error_message": "",
      "execute_always": 0,
      "sort": 0
    }
  },
  {
    "model": "core.action",
    "pk": 670,
    "fields": {
      "available_action": "php",
      "button": 448,
      "name": "Stellungnahme bearbeiten",
      "description": "",
      "success_message": "",
      "error_message": "",
      "execute_always": 0,
      "sort": 0
    }
  },
  {
    "model": "core.action",
    "pk": 697,
    "fields": {
      "available_action": "formtransition",
      "button": 470,
      "name": "Freigeben an Koord COMM - EXT",
      "description": "",
      "success_message": "Dossier erfolgreich freigegeben.",
      "error_message": "Beim Freigeben des Dossiers ist ein Fehler aufgetreten!",
      "execute_always": 0,
      "sort": 1
    }
  },
  {
    "model": "core.action",
    "pk": 698,
    "fields": {
      "available_action": "notification",
      "button": 470,
      "name": "E-Mail an Koord",
      "description": "",
      "success_message": "E-Mail wurde an die Koordinationsstelle versandt!",
      "error_message": "Das E-Mail an die Koordinationsstele konnte nicht versandt werden.",
      "execute_always": 0,
      "sort": 2
    }
  },
  {
    "model": "core.action",
    "pk": 699,
    "fields": {
      "available_action": "workflow",
      "button": 470,
      "name": "Workflow Datum setzen",
      "description": "COMM zu EXT",
      "success_message": "",
      "error_message": "",
      "execute_always": 1,
      "sort": 3
    }
  },
  {
    "model": "core.action",
    "pk": 711,
    "fields": {
      "available_action": "pageredirect",
      "button": 216,
      "name": "Auf Zirkulation bleiben",
      "description": "",
      "success_message": "",
      "error_message": "",
      "execute_always": 1,
      "sort": 6
    }
  },
  {
    "model": "core.action",
    "pk": 730,
    "fields": {
      "available_action": "formtransition",
      "button": 488,
      "name": "Wiedereröffnen CONTROL/DONE - COMM",
      "description": null,
      "success_message": null,
      "error_message": null,
      "execute_always": 0,
      "sort": 0
    }
  },
  {
    "model": "core.action",
    "pk": 732,
    "fields": {
      "available_action": "pageredirect",
      "button": 432,
      "name": "Auf Zirkulation bleiben",
      "description": "",
      "success_message": "",
      "error_message": "",
      "execute_always": 1,
      "sort": 6
    }
  },
  {
    "model": "core.action",
    "pk": 733,
    "fields": {
      "available_action": "pageredirect",
      "button": 326,
      "name": "Weiterleitung zu Pendenzliste Subfachstelle",
      "description": "",
      "success_message": "",
      "error_message": "",
      "execute_always": 0,
      "sort": 2
    }
  },
  {
    "model": "core.action",
    "pk": 734,
    "fields": {
      "available_action": "notification",
      "button": 216,
      "name": "Zirkulation starten E-Mail",
      "description": "Versendet eine E-Mail an alle zum Start der Zirkulation involvierten Stellen.",
      "success_message": "E-Mail zum Start der Zirkulation wurde versandt",
      "error_message": "E-Mail zum Start der Zirkulation konnte nicht versendet werden",
      "execute_always": 0,
      "sort": 3
    }
  },
  {
    "model": "core.action",
    "pk": 735,
    "fields": {
      "available_action": "pageredirect",
      "button": 305,
      "name": "Weiterleitung zu Pendenzenliste",
      "description": null,
      "success_message": null,
      "error_message": null,
      "execute_always": 1,
      "sort": 4
    }
  },
  {
    "model": "core.action",
    "pk": 737,
    "fields": {
      "available_action": "pageredirect",
      "button": 408,
      "name": "Weiterleitung zu Dossier abschliessen",
      "description": "",
      "success_message": "",
      "error_message": "",
      "execute_always": 0,
      "sort": 1
    }
  },
  {
    "model": "core.action",
    "pk": 738,
    "fields": {
      "available_action": "pageredirect",
      "button": 448,
      "name": "Weiterleitung zu Dossier abschliessen",
      "description": "",
      "success_message": "",
      "error_message": "",
      "execute_always": 0,
      "sort": 1
    }
  },
  {
    "model": "core.action",
    "pk": 790,
    "fields": {
      "available_action": "docx",
      "button": 528,
      "name": "Rechnung generieren",
      "description": "",
      "success_message": "",
      "error_message": "",
      "execute_always": 0,
      "sort": 0
    }
  },
  {
    "model": "core.action",
    "pk": 791,
    "fields": {
      "available_action": "formtransition",
      "button": 529,
      "name": "Zurück an Gemeinde schicken",
      "description": "",
      "success_message": "Das Dossier wurde zurück an die Gemeinde geschickt",
      "error_message": "",
      "execute_always": 0,
      "sort": 0
    }
  },
  {
    "model": "core.action",
    "pk": 792,
    "fields": {
      "available_action": "notification",
      "button": 529,
      "name": "E-Mail an Gemeinde",
      "description": "Wenn Status von REDAC zu DONE",
      "success_message": "Email an die Gemeinde wurde erfolgreich versandt.",
      "error_message": "Die Email an die Gemeinde konnte nicht versandt werden!",
      "execute_always": 0,
      "sort": 1
    }
  },
  {
    "model": "core.action",
    "pk": 793,
    "fields": {
      "available_action": "workflow",
      "button": 529,
      "name": "Zurück an Gemeinde",
      "description": "",
      "success_message": "",
      "error_message": "",
      "execute_always": 0,
      "sort": 2
    }
  },
  {
    "model": "core.action",
    "pk": 810,
    "fields": {
      "available_action": "pdf",
      "button": 548,
      "name": "Stellungnahme generieren",
      "description": "",
      "success_message": "",
      "error_message": "",
      "execute_always": 0,
      "sort": 1
    }
  },
  {
    "model": "core.action",
    "pk": 811,
    "fields": {
      "available_action": "activation",
      "button": 548,
      "name": "Kommentar bearbeiten und speichern",
      "description": "",
      "success_message": "",
      "error_message": "",
      "execute_always": 0,
      "sort": 0
    }
  },
  {
    "model": "core.action",
    "pk": 831,
    "fields": {
      "available_action": "php",
      "button": 216,
      "name": "IDLE auf RUN setzen",
      "description": null,
      "success_message": null,
      "error_message": null,
      "execute_always": 1,
      "sort": 4
    }
  },
  {
    "model": "core.action",
    "pk": 832,
    "fields": {
      "available_action": "php",
      "button": 432,
      "name": "IDLE auf RUN setzen",
      "description": null,
      "success_message": null,
      "error_message": null,
      "execute_always": 1,
      "sort": 4
    }
  },
  {
    "model": "core.action",
    "pk": 833,
    "fields": {
      "available_action": "save",
      "button": 568,
      "name": "Speichern",
      "description": "",
      "success_message": "",
      "error_message": "",
      "execute_always": 0,
      "sort": 0
    }
  },
  {
    "model": "core.action",
    "pk": 834,
    "fields": {
      "available_action": "php",
      "button": 568,
      "name": "IDLE auf RUN setzen",
      "description": "",
      "success_message": "",
      "error_message": "",
      "execute_always": 0,
      "sort": 2
    }
  },
  {
    "model": "core.action",
    "pk": 835,
    "fields": {
      "available_action": "notification",
      "button": 568,
      "name": "E-Mail an hinzugefügte Fachstellen versenden",
      "description": null,
      "success_message": null,
      "error_message": null,
      "execute_always": 0,
      "sort": 1
    }
  },
  {
    "model": "core.action",
    "pk": 839,
    "fields": {
      "available_action": "save",
      "button": 570,
      "name": "Speichern",
      "description": "",
      "success_message": "",
      "error_message": "",
      "execute_always": 0,
      "sort": 0
    }
  },
  {
    "model": "core.action",
    "pk": 840,
    "fields": {
      "available_action": "notification",
      "button": 570,
      "name": "E-Mail an hinzugefügte Fachstellen versenden",
      "description": null,
      "success_message": null,
      "error_message": null,
      "execute_always": 0,
      "sort": 1
    }
  },
  {
    "model": "core.action",
    "pk": 841,
    "fields": {
      "available_action": "php",
      "button": 570,
      "name": "IDLE auf RUN setzen",
      "description": "",
      "success_message": "",
      "error_message": "",
      "execute_always": 0,
      "sort": 2
    }
  },
  {
    "model": "core.action",
    "pk": 870,
    "fields": {
      "available_action": "php",
      "button": 608,
      "name": "Speichern",
      "description": "",
      "success_message": "",
      "error_message": "",
      "execute_always": 0,
      "sort": 0
    }
  },
  {
    "model": "core.action",
    "pk": 890,
    "fields": {
      "available_action": "circulationtransition",
      "button": 628,
      "name": "RUN - NFD",
      "description": "Zirkulation in Nachforderung versetzen",
      "success_message": "Dossier erfolgreich in den Zustand Nachforderung versetzt",
      "error_message": "Dossier konnte nicht in Nachforderung versetzt werden",
      "execute_always": 0,
      "sort": 2
    }
  },
  {
    "model": "core.action",
    "pk": 910,
    "fields": {
      "available_action": "circulationtransition",
      "button": 648,
      "name": "NFD - RUN",
      "description": "Setzt die Zirkulation wieder in den Zustand RUN (Dossier vollständig)",
      "success_message": "Dossier als vollständig markiert!",
      "error_message": "Dossier konnte nicht als vollständig markiert werden!",
      "execute_always": 0,
      "sort": 1
    }
  },
  {
    "model": "core.action",
    "pk": 913,
    "fields": {
      "available_action": "php",
      "button": 628,
      "name": "NFD Datum setzen",
      "description": "Setzt das Datum vom NFD",
      "success_message": "",
      "error_message": "",
      "execute_always": 0,
      "sort": 3
    }
  },
  {
    "model": "core.action",
    "pk": 914,
    "fields": {
      "available_action": "php",
      "button": 648,
      "name": "Dossier vollständig Datum setzen",
      "description": "",
      "success_message": "",
      "error_message": "",
      "execute_always": 0,
      "sort": 2
    }
  },
  {
    "model": "core.action",
    "pk": 930,
    "fields": {
      "available_action": "save",
      "button": 628,
      "name": "Save the Form",
      "description": "",
      "success_message": "",
      "error_message": "",
      "execute_always": 0,
      "sort": 1
    }
  },
  {
    "model": "core.action",
    "pk": 931,
    "fields": {
      "available_action": "save",
      "button": 648,
      "name": "Speichern",
      "description": "",
      "success_message": "",
      "error_message": "",
      "execute_always": 0,
      "sort": 0
    }
  },
  {
    "model": "core.action",
    "pk": 934,
    "fields": {
      "available_action": "workflow",
      "button": 628,
      "name": "Im Workflow Datum Nachforderung setzen",
      "description": "",
      "success_message": "",
      "error_message": "",
      "execute_always": 0,
      "sort": 4
    }
  },
  {
    "model": "core.action",
    "pk": 936,
    "fields": {
      "available_action": "workflow",
      "button": 648,
      "name": "Im Workflow Datum Dossier vollständig setzen",
      "description": "",
      "success_message": "",
      "error_message": "",
      "execute_always": 0,
      "sort": 3
    }
  },
  {
    "model": "core.action",
    "pk": 970,
    "fields": {
      "available_action": "save",
      "button": 688,
      "name": "Speichern",
      "description": "",
      "success_message": "",
      "error_message": "",
      "execute_always": 0,
      "sort": 0
    }
  },
  {
    "model": "core.action",
    "pk": 971,
    "fields": {
      "available_action": "save",
      "button": 689,
      "name": "Speichern",
      "description": "",
      "success_message": "",
      "error_message": "",
      "execute_always": 0,
      "sort": 0
    }
  },
  {
    "model": "core.action",
    "pk": 972,
    "fields": {
      "available_action": "formtransition",
      "button": 689,
      "name": "Zirkulation Starten, InstanceState auf CIRC setzen",
      "description": "",
      "success_message": "",
      "error_message": "",
      "execute_always": 0,
      "sort": 1
    }
  },
  {
    "model": "core.action",
    "pk": 973,
    "fields": {
      "available_action": "notification",
      "button": 689,
      "name": "Zirkulation starten E-Mail",
      "description": null,
      "success_message": "E-Mail zum Start der Zirkulation wurde versandt",
      "error_message": "E-Mail zum Start der Zirkulation konnte nicht versendet werden",
      "execute_always": 0,
      "sort": 3
    }
  },
  {
    "model": "core.action",
    "pk": 974,
    "fields": {
      "available_action": "php",
      "button": 689,
      "name": "IDLE auf RUN setzen",
      "description": null,
      "success_message": null,
      "error_message": null,
      "execute_always": 1,
      "sort": 4
    }
  },
  {
    "model": "core.action",
    "pk": 975,
    "fields": {
      "available_action": "workflow",
      "button": 689,
      "name": "Zirkulation starten",
      "description": "",
      "success_message": "Workflow-Datum gesetzt",
      "error_message": "Workflow-Datum konnte nicht gesetzt werden",
      "execute_always": 1,
      "sort": 2
    }
  },
  {
    "model": "core.action",
    "pk": 976,
    "fields": {
      "available_action": "pageredirect",
      "button": 689,
      "name": "Auf Zirkulation bleiben",
      "description": "",
      "success_message": "",
      "error_message": "",
      "execute_always": 1,
      "sort": 6
    }
  },
  {
    "model": "core.action",
    "pk": 977,
    "fields": {
      "available_action": "save",
      "button": 690,
      "name": "Speichern",
      "description": "",
      "success_message": "",
      "error_message": "",
      "execute_always": 0,
      "sort": 0
    }
  },
  {
    "model": "core.action",
    "pk": 978,
    "fields": {
      "available_action": "notification",
      "button": 690,
      "name": "E-Mail an hinzugefügte Fachstellen versenden",
      "description": null,
      "success_message": null,
      "error_message": null,
      "execute_always": 0,
      "sort": 1
    }
  },
  {
    "model": "core.action",
    "pk": 979,
    "fields": {
      "available_action": "php",
      "button": 690,
      "name": "IDLE auf RUN setzen",
      "description": "",
      "success_message": "",
      "error_message": "",
      "execute_always": 0,
      "sort": 2
    }
  },
  {
    "model": "core.action",
    "pk": 980,
    "fields": {
      "available_action": "activation",
      "button": 691,
      "name": "Laufzettelkommentar speichern",
      "description": "",
      "success_message": "",
      "error_message": "",
      "execute_always": 0,
      "sort": 0
    }
  },
  {
    "model": "core.action",
    "pk": 981,
    "fields": {
      "available_action": "pdf",
      "button": 691,
      "name": "Laufzettel generieren",
      "description": "",
      "success_message": "",
      "error_message": "",
      "execute_always": 0,
      "sort": 1
    }
  },
  {
    "model": "core.action",
    "pk": 982,
    "fields": {
      "available_action": "php",
      "button": 692,
      "name": "Zirkulation wiederöffnen",
      "description": "",
      "success_message": "",
      "error_message": "",
      "execute_always": 0,
      "sort": 0
    }
  },
  {
    "model": "core.action",
    "pk": 992,
    "fields": {
      "available_action": "formtransition",
      "button": 710,
      "name": "Löschen EXT - DEL",
      "description": "Löschen eines Dossiers der Koord BD",
      "success_message": "Dossier gelöscht.",
      "error_message": "Das Dossier konnte nich gelöscht werden, da ein Fehler aufgetreten ist!",
      "execute_always": 0,
      "sort": 0
    }
  },
  {
    "model": "core.action",
    "pk": 993,
    "fields": {
      "available_action": "formtransition",
      "button": 711,
      "name": "Archivieren REDAC - ARCH",
      "description": "REDAC zu ARCH",
      "success_message": "Das Dossier wurde erfolgreich archiviert.",
      "error_message": "Das Dossier konnte nicht archiviert werden, da ein Fehler aufgetreten ist!",
      "execute_always": 0,
      "sort": 0
    }
  },
  {
    "model": "core.action",
    "pk": 994,
    "fields": {
      "available_action": "workflow",
      "button": 711,
      "name": "Archivieren WorkflowDate",
      "description": "",
      "success_message": "",
      "error_message": "",
      "execute_always": 0,
      "sort": 1
    }
  },
  {
    "model": "core.action",
    "pk": 998,
    "fields": {
      "available_action": "docx",
      "button": 714,
      "name": "Rechnung generieren",
      "description": "",
      "success_message": "",
      "error_message": "",
      "execute_always": 0,
      "sort": 0
    }
  },
  {
    "model": "core.action",
    "pk": 1005,
    "fields": {
      "available_action": "formtransition",
      "button": 719,
      "name": "Transition Arch - COMM",
      "description": "",
      "success_message": "",
      "error_message": "",
      "execute_always": 0,
      "sort": 0
    }
  },
  {
    "model": "core.action",
    "pk": 1007,
    "fields": {
      "available_action": "formtransition",
      "button": 721,
      "name": "Transition Arch - COMM",
      "description": "",
      "success_message": "",
      "error_message": "",
      "execute_always": 0,
      "sort": 0
    }
  },
  {
    "model": "core.action",
    "pk": 1009,
    "fields": {
      "available_action": "docx",
      "button": 723,
      "name": "Rechnung generieren",
      "description": "",
      "success_message": "",
      "error_message": "",
      "execute_always": 0,
      "sort": 0
    }
  },
  {
    "model": "core.action",
    "pk": 1010,
    "fields": {
      "available_action": "docx",
      "button": 724,
      "name": "Rechnung generieren",
      "description": "",
      "success_message": "",
      "error_message": "",
      "execute_always": 0,
      "sort": 0
    }
  },
  {
    "model": "core.action",
    "pk": 1011,
    "fields": {
      "available_action": "docx",
      "button": 725,
      "name": "Rechnung Baubegleitung",
      "description": "",
      "success_message": "",
      "error_message": "",
      "execute_always": 0,
      "sort": 0
    }
  },
  {
    "model": "core.action",
    "pk": 1035,
    "fields": {
      "available_action": "formtransition",
      "button": 746,
      "name": "SUBM - COMM",
      "description": "Ein Dossier wird akzeptiert und geht in den Zustand COMM, welcher die Gemeinde weiterverarbeitet",
      "success_message": "Dossier erfolgreich akzeptiert",
      "error_message": "Beim akzeptieren ist ein Fehler aufgetreten",
      "execute_always": 0,
      "sort": 3
    }
  },
  {
    "model": "core.action",
    "pk": 1067,
    "fields": {
      "available_action": "notification",
      "button": 4,
      "name": "E-Mail an Gesuchsteller schicken",
      "description": "",
      "success_message": "",
      "error_message": "",
      "execute_always": 0,
      "sort": 4
    }
  },
  {
    "model": "core.action",
    "pk": 1068,
    "fields": {
      "available_action": "notification",
      "button": 147,
      "name": "E-Mail an den Gesuchsteller",
      "description": "",
      "success_message": "",
      "error_message": "",
      "execute_always": 0,
      "sort": 3
    }
  },
  {
    "model": "core.action",
    "pk": 1069,
    "fields": {
      "available_action": "notification",
      "button": 4,
      "name": "E-Mail an Koord wenn Dossier von Portal / Gemeinde",
      "description": "",
      "success_message": "E-Mail wurde an die Koordinationsstelle versandt!",
      "error_message": "Das E-Mail an die Koordinationsstelle konnte nicht versandt werden.",
      "execute_always": 0,
      "sort": 3
    }
  },
  {
    "model": "core.action",
    "pk": 1074,
    "fields": {
      "available_action": "workflow",
      "button": 746,
      "name": "Workflow Datum Dossier vollständig setzen",
      "description": "",
      "success_message": "",
      "error_message": "",
      "execute_always": 0,
      "sort": 4
    }
  },
  {
    "model": "core.action",
    "pk": 1097,
    "fields": {
      "available_action": "formtransition",
      "button": 756,
      "name": "Wiedereröffnen ARCH - COMM",
      "description": "",
      "success_message": "",
      "error_message": "",
      "execute_always": 0,
      "sort": 0
    }
  },
  {
    "model": "core.action",
    "pk": 1098,
    "fields": {
      "available_action": "formtransition",
      "button": 757,
      "name": "Wiedereröffnen ARCH - EXT",
      "description": "",
      "success_message": "",
      "error_message": "",
      "execute_always": 0,
      "sort": 0
    }
  },
  {
    "model": "core.action",
    "pk": 1099,
    "fields": {
      "available_action": "formtransition",
      "button": 758,
      "name": "Wiedereröffnen ARCH - EXT",
      "description": "",
      "success_message": "",
      "error_message": "",
      "execute_always": 0,
      "sort": 0
    }
  },
  {
    "model": "core.action",
    "pk": 1101,
    "fields": {
      "available_action": "formtransition",
      "button": 760,
      "name": "Wiedereröffnen ARCH - EXT",
      "description": "",
      "success_message": "",
      "error_message": "",
      "execute_always": 0,
      "sort": 0
    }
  },
  {
    "model": "core.action",
    "pk": 1126,
    "fields": {
      "available_action": "notification",
      "button": 746,
      "name": "E-Mail an Gesuchsteller schicken",
      "description": null,
      "success_message": null,
      "error_message": null,
      "execute_always": 0,
      "sort": 5
    }
  },
  {
    "model": "core.action",
    "pk": 1130,
    "fields": {
      "available_action": "notification",
      "button": 124,
      "name": "E-Mail an den Gesuchsteller",
      "description": "",
      "success_message": "",
      "error_message": "",
      "execute_always": 0,
      "sort": 3
    }
  },
  {
    "model": "core.action",
    "pk": 1131,
    "fields": {
      "available_action": "formtransition",
      "button": 762,
      "name": "Statusänderung EXT GEM in COMM",
      "description": "EXT GEM in COMM",
      "success_message": "Statusänderung erfolgreich ausgeführt",
      "error_message": "Statusänderung konnte nicht ausgeführt werden",
      "execute_always": 0,
      "sort": 0
    }
  },
  {
    "model": "core.action",
    "pk": 1141,
    "fields": {
      "available_action": "formtransition",
      "button": 766,
      "name": "Löschen",
      "description": "Löschen eines Dossiers der Koord AfU",
      "success_message": "Dossier gelöscht.",
      "error_message": "Das Dossier konnte nich gelöscht werden, da ein Fehler aufgetreten ist!",
      "execute_always": 0,
      "sort": 0
    }
  },
  {
    "model": "core.action",
    "pk": 1142,
    "fields": {
      "available_action": "formtransition",
      "button": 767,
      "name": "Archivieren",
      "description": "REDAC zu ARCH",
      "success_message": "Das Dossier wurde erfolgreich archiviert.",
      "error_message": "Das Dossier konnte nicht archiviert werden, da ein Fehler aufgetreten ist!",
      "execute_always": 0,
      "sort": 0
    }
  },
  {
    "model": "core.action",
    "pk": 1143,
    "fields": {
      "available_action": "workflow",
      "button": 767,
      "name": "Archivieren",
      "description": "REDAC zu ARCH",
      "success_message": "",
      "error_message": "",
      "execute_always": 0,
      "sort": 1
    }
  },
  {
    "model": "core.action",
    "pk": 1145,
    "fields": {
      "available_action": "formtransition",
      "button": 769,
      "name": "Wiedereröffnen ARCH - EXT",
      "description": "",
      "success_message": "",
      "error_message": "",
      "execute_always": 0,
      "sort": 0
    }
  },
  {
    "model": "core.action",
    "pk": 1146,
    "fields": {
      "available_action": "save",
      "button": 770,
      "name": "Speichern",
      "description": "",
      "success_message": "Speichern erfolgreich.",
      "error_message": "Speichern fehlgeschlagen!",
      "execute_always": 0,
      "sort": 0
    }
  },
  {
    "model": "core.action",
    "pk": 1147,
    "fields": {
      "available_action": "save",
      "button": 771,
      "name": "Speichern",
      "description": "",
      "success_message": "",
      "error_message": "",
      "execute_always": 0,
      "sort": 0
    }
  },
  {
    "model": "core.action",
    "pk": 1149,
    "fields": {
      "available_action": "notification",
      "button": 771,
      "name": "Zirkulation starten E-Mail",
      "description": "Versendet eine E-Mail an alle zum Start der Zirkulation involvierten Stellen.",
      "success_message": "E-Mail zum Start der Zirkulation wurde versandt",
      "error_message": "E-Mail zum Start der Zirkulation konnte nicht versendet werden",
      "execute_always": 0,
      "sort": 3
    }
  },
  {
    "model": "core.action",
    "pk": 1150,
    "fields": {
      "available_action": "php",
      "button": 771,
      "name": "IDLE auf RUN setzen",
      "description": null,
      "success_message": null,
      "error_message": null,
      "execute_always": 1,
      "sort": 4
    }
  },
  {
    "model": "core.action",
    "pk": 1151,
    "fields": {
      "available_action": "workflow",
      "button": 771,
      "name": "Zirkulation starten",
      "description": "",
      "success_message": "",
      "error_message": "",
      "execute_always": 0,
      "sort": 2
    }
  },
  {
    "model": "core.action",
    "pk": 1152,
    "fields": {
      "available_action": "pageredirect",
      "button": 771,
      "name": "Auf Zirkulation bleiben",
      "description": "",
      "success_message": "",
      "error_message": "",
      "execute_always": 1,
      "sort": 6
    }
  },
  {
    "model": "core.action",
    "pk": 1155,
    "fields": {
      "available_action": "docx",
      "button": 774,
      "name": "Rechnung generieren",
      "description": "",
      "success_message": "",
      "error_message": "",
      "execute_always": 0,
      "sort": 0
    }
  },
  {
    "model": "core.action",
    "pk": 1156,
    "fields": {
      "available_action": "docx",
      "button": 775,
      "name": "Rechnung generieren",
      "description": "",
      "success_message": "",
      "error_message": "",
      "execute_always": 0,
      "sort": 0
    }
  },
  {
    "model": "core.action",
    "pk": 1157,
    "fields": {
      "available_action": "php",
      "button": 776,
      "name": "Stellungnahme bearbeiten",
      "description": "",
      "success_message": "",
      "error_message": "",
      "execute_always": 0,
      "sort": 0
    }
  },
  {
    "model": "core.action",
    "pk": 1158,
    "fields": {
      "available_action": "pageredirect",
      "button": 776,
      "name": "Weiterleitung zu Dossier abschliessen",
      "description": "",
      "success_message": "",
      "error_message": "",
      "execute_always": 0,
      "sort": 1
    }
  },
  {
    "model": "core.action",
    "pk": 1163,
    "fields": {
      "available_action": "formtransition",
      "button": 771,
      "name": "Zirkulation starten",
      "description": "",
      "success_message": "Zirkulation erfolgreich gestartet.",
      "error_message": "Zirkulation konnte nicht gestartet werden!",
      "execute_always": 1,
      "sort": 1
    }
  },
  {
    "model": "core.action",
    "pk": 1179,
    "fields": {
      "available_action": "save",
      "button": 782,
      "name": "Speichern",
      "description": "",
      "success_message": "",
      "error_message": "",
      "execute_always": 0,
      "sort": 0
    }
  },
  {
    "model": "core.action",
    "pk": 1180,
    "fields": {
      "available_action": "notification",
      "button": 782,
      "name": "E-Mail an hinzugefügte Fachstellen versenden",
      "description": null,
      "success_message": null,
      "error_message": null,
      "execute_always": 0,
      "sort": 1
    }
  },
  {
    "model": "core.action",
    "pk": 1181,
    "fields": {
      "available_action": "php",
      "button": 782,
      "name": "IDLE aud RUN setzen",
      "description": "",
      "success_message": "",
      "error_message": "",
      "execute_always": 0,
      "sort": 2
    }
  },
  {
    "model": "core.action",
    "pk": 1182,
    "fields": {
      "available_action": "activation",
      "button": 783,
      "name": "Laufzettelkommentar speichern",
      "description": "",
      "success_message": "",
      "error_message": "",
      "execute_always": 0,
      "sort": 0
    }
  },
  {
    "model": "core.action",
    "pk": 1183,
    "fields": {
      "available_action": "pdf",
      "button": 783,
      "name": "Laufzettel generieren",
      "description": "",
      "success_message": "",
      "error_message": "",
      "execute_always": 0,
      "sort": 1
    }
  },
  {
    "model": "core.action",
    "pk": 1184,
    "fields": {
      "available_action": "php",
      "button": 784,
      "name": "Zirkulation wiederöffnen",
      "description": "",
      "success_message": "",
      "error_message": "",
      "execute_always": 0,
      "sort": 0
    }
  },
  {
    "model": "core.action",
    "pk": 1200,
    "fields": {
      "available_action": "formtransition",
      "button": 791,
      "name": "Löschen",
      "description": "Löschen eines Dossiers der Koord ALA",
      "success_message": "Dossier gelöscht.",
      "error_message": "Das Dossier konnte nich gelöscht werden, da ein Fehler aufgetreten ist!",
      "execute_always": 0,
      "sort": 0
    }
  },
  {
    "model": "core.action",
    "pk": 1201,
    "fields": {
      "available_action": "formtransition",
      "button": 792,
      "name": "Archivieren",
      "description": "REDAC zu ARCH",
      "success_message": "Das Dossier wurde erfolgreich archiviert.",
      "error_message": "Das Dossier konnte nicht archiviert werden, da ein Fehler aufgetreten ist!",
      "execute_always": 0,
      "sort": 0
    }
  },
  {
    "model": "core.action",
    "pk": 1202,
    "fields": {
      "available_action": "workflow",
      "button": 792,
      "name": "Archivieren",
      "description": "REDAC zu ARCH",
      "success_message": "",
      "error_message": "",
      "execute_always": 0,
      "sort": 1
    }
  },
  {
    "model": "core.action",
    "pk": 1203,
    "fields": {
      "available_action": "formtransition",
      "button": 793,
      "name": "Wiedereröffnen ARCH - EXT",
      "description": "",
      "success_message": "",
      "error_message": "",
      "execute_always": 0,
      "sort": 0
    }
  },
  {
    "model": "core.action",
    "pk": 1204,
    "fields": {
      "available_action": "save",
      "button": 794,
      "name": "Speichern",
      "description": "",
      "success_message": "Speichern erfolgreich.",
      "error_message": "Speichern fehlgeschlagen!",
      "execute_always": 0,
      "sort": 0
    }
  },
  {
    "model": "core.action",
    "pk": 1205,
    "fields": {
      "available_action": "save",
      "button": 795,
      "name": "Speichern",
      "description": "",
      "success_message": "",
      "error_message": "",
      "execute_always": 0,
      "sort": 0
    }
  },
  {
    "model": "core.action",
    "pk": 1206,
    "fields": {
      "available_action": "formtransition",
      "button": 795,
      "name": "Zirkulation starten",
      "description": "",
      "success_message": "Zirkulation erfolgreich gestartet.",
      "error_message": "Zirkulation konnte nicht gestartet werden!",
      "execute_always": 0,
      "sort": 1
    }
  },
  {
    "model": "core.action",
    "pk": 1207,
    "fields": {
      "available_action": "notification",
      "button": 795,
      "name": "Zirkulation starten E-Mail",
      "description": "Versendet eine E-Mail an alle zum Start der Zirkulation involvierten Stellen.",
      "success_message": "E-Mail zum Start der Zirkulation wurde versandt",
      "error_message": "E-Mail zum Start der Zirkulation konnte nicht versendet werden",
      "execute_always": 0,
      "sort": 3
    }
  },
  {
    "model": "core.action",
    "pk": 1208,
    "fields": {
      "available_action": "php",
      "button": 795,
      "name": "IDLE auf RUN setzen",
      "description": null,
      "success_message": null,
      "error_message": null,
      "execute_always": 1,
      "sort": 4
    }
  },
  {
    "model": "core.action",
    "pk": 1209,
    "fields": {
      "available_action": "workflow",
      "button": 795,
      "name": "Zirkulation starten",
      "description": "",
      "success_message": "",
      "error_message": "",
      "execute_always": 0,
      "sort": 2
    }
  },
  {
    "model": "core.action",
    "pk": 1210,
    "fields": {
      "available_action": "pageredirect",
      "button": 795,
      "name": "Auf Zirkulation bleiben",
      "description": "",
      "success_message": "",
      "error_message": "",
      "execute_always": 1,
      "sort": 6
    }
  },
  {
    "model": "core.action",
    "pk": 1211,
    "fields": {
      "available_action": "save",
      "button": 796,
      "name": "Speichern",
      "description": "",
      "success_message": "",
      "error_message": "",
      "execute_always": 0,
      "sort": 0
    }
  },
  {
    "model": "core.action",
    "pk": 1212,
    "fields": {
      "available_action": "notification",
      "button": 796,
      "name": "E-Mail an hinzugefügte Fachstellen versenden",
      "description": null,
      "success_message": null,
      "error_message": null,
      "execute_always": 0,
      "sort": 1
    }
  },
  {
    "model": "core.action",
    "pk": 1213,
    "fields": {
      "available_action": "php",
      "button": 796,
      "name": "IDLE aud RUN setzen",
      "description": "",
      "success_message": "",
      "error_message": "",
      "execute_always": 0,
      "sort": 2
    }
  },
  {
    "model": "core.action",
    "pk": 1214,
    "fields": {
      "available_action": "activation",
      "button": 797,
      "name": "Laufzettelkommentar speichern",
      "description": "",
      "success_message": "",
      "error_message": "",
      "execute_always": 0,
      "sort": 0
    }
  },
  {
    "model": "core.action",
    "pk": 1215,
    "fields": {
      "available_action": "pdf",
      "button": 797,
      "name": "Laufzettel generieren",
      "description": "",
      "success_message": "",
      "error_message": "",
      "execute_always": 0,
      "sort": 1
    }
  },
  {
    "model": "core.action",
    "pk": 1216,
    "fields": {
      "available_action": "php",
      "button": 798,
      "name": "Zirkulation wiederöffnen",
      "description": "",
      "success_message": "",
      "error_message": "",
      "execute_always": 0,
      "sort": 0
    }
  },
  {
    "model": "core.action",
    "pk": 1217,
    "fields": {
      "available_action": "docx",
      "button": 799,
      "name": "Rechnung generieren",
      "description": "",
      "success_message": "",
      "error_message": "",
      "execute_always": 0,
      "sort": 0
    }
  },
  {
    "model": "core.action",
    "pk": 1218,
    "fields": {
      "available_action": "docx",
      "button": 800,
      "name": "Rechnung generieren",
      "description": "",
      "success_message": "",
      "error_message": "",
      "execute_always": 0,
      "sort": 0
    }
  },
  {
    "model": "core.action",
    "pk": 1224,
    "fields": {
      "available_action": "formtransition",
      "button": 803,
      "name": "Löschen",
      "description": "Löschen eines Dossiers der Koord AfE",
      "success_message": "Dossier gelöscht.",
      "error_message": "Das Dossier konnte nich gelöscht werden, da ein Fehler aufgetreten ist!",
      "execute_always": 0,
      "sort": 0
    }
  },
  {
    "model": "core.action",
    "pk": 1225,
    "fields": {
      "available_action": "formtransition",
      "button": 804,
      "name": "Archivieren",
      "description": "REDAC zu ARCH",
      "success_message": "Das Dossier wurde erfolgreich archiviert.",
      "error_message": "Das Dossier konnte nicht archiviert werden, da ein Fehler aufgetreten ist!",
      "execute_always": 0,
      "sort": 0
    }
  },
  {
    "model": "core.action",
    "pk": 1226,
    "fields": {
      "available_action": "workflow",
      "button": 804,
      "name": "Archivieren",
      "description": "REDAC zu ARCH",
      "success_message": "",
      "error_message": "",
      "execute_always": 0,
      "sort": 1
    }
  },
  {
    "model": "core.action",
    "pk": 1227,
    "fields": {
      "available_action": "formtransition",
      "button": 805,
      "name": "Wiedereröffnen ARCH - EXT",
      "description": "",
      "success_message": "",
      "error_message": "",
      "execute_always": 0,
      "sort": 0
    }
  },
  {
    "model": "core.action",
    "pk": 1228,
    "fields": {
      "available_action": "save",
      "button": 806,
      "name": "Speichern",
      "description": "",
      "success_message": "Speichern erfolgreich.",
      "error_message": "Speichern fehlgeschlagen!",
      "execute_always": 0,
      "sort": 0
    }
  },
  {
    "model": "core.action",
    "pk": 1229,
    "fields": {
      "available_action": "save",
      "button": 807,
      "name": "Speichern",
      "description": "",
      "success_message": "",
      "error_message": "",
      "execute_always": 0,
      "sort": 0
    }
  },
  {
    "model": "core.action",
    "pk": 1230,
    "fields": {
      "available_action": "formtransition",
      "button": 807,
      "name": "Zirkulation starten",
      "description": "",
      "success_message": "Zirkulation erfolgreich gestartet.",
      "error_message": "Zirkulation konnte nicht gestartet werden!",
      "execute_always": 0,
      "sort": 1
    }
  },
  {
    "model": "core.action",
    "pk": 1231,
    "fields": {
      "available_action": "notification",
      "button": 807,
      "name": "Zirkulation starten E-Mail",
      "description": "Versendet eine E-Mail an alle zum Start der Zirkulation involvierten Stellen.",
      "success_message": "E-Mail zum Start der Zirkulation wurde versandt",
      "error_message": "E-Mail zum Start der Zirkulation konnte nicht versendet werden",
      "execute_always": 0,
      "sort": 3
    }
  },
  {
    "model": "core.action",
    "pk": 1232,
    "fields": {
      "available_action": "php",
      "button": 807,
      "name": "IDLE auf RUN setzen",
      "description": null,
      "success_message": null,
      "error_message": null,
      "execute_always": 1,
      "sort": 4
    }
  },
  {
    "model": "core.action",
    "pk": 1233,
    "fields": {
      "available_action": "workflow",
      "button": 807,
      "name": "Zirkulation starten",
      "description": "",
      "success_message": "",
      "error_message": "",
      "execute_always": 0,
      "sort": 2
    }
  },
  {
    "model": "core.action",
    "pk": 1234,
    "fields": {
      "available_action": "pageredirect",
      "button": 807,
      "name": "Auf Zirkulation bleiben",
      "description": null,
      "success_message": null,
      "error_message": null,
      "execute_always": 1,
      "sort": 6
    }
  },
  {
    "model": "core.action",
    "pk": 1235,
    "fields": {
      "available_action": "save",
      "button": 808,
      "name": "Speichern",
      "description": "",
      "success_message": "",
      "error_message": "",
      "execute_always": 0,
      "sort": 0
    }
  },
  {
    "model": "core.action",
    "pk": 1236,
    "fields": {
      "available_action": "notification",
      "button": 808,
      "name": "E-Mail an hinzugefügte Fachstellen versenden",
      "description": null,
      "success_message": null,
      "error_message": null,
      "execute_always": 0,
      "sort": 1
    }
  },
  {
    "model": "core.action",
    "pk": 1237,
    "fields": {
      "available_action": "php",
      "button": 808,
      "name": "IDLE auf RUN setzen",
      "description": "",
      "success_message": "",
      "error_message": "",
      "execute_always": 0,
      "sort": 2
    }
  },
  {
    "model": "core.action",
    "pk": 1238,
    "fields": {
      "available_action": "activation",
      "button": 809,
      "name": "Laufzettelkommentar speichern",
      "description": "",
      "success_message": "",
      "error_message": "",
      "execute_always": 0,
      "sort": 0
    }
  },
  {
    "model": "core.action",
    "pk": 1239,
    "fields": {
      "available_action": "pdf",
      "button": 809,
      "name": "Laufzettel generieren",
      "description": "",
      "success_message": "",
      "error_message": "",
      "execute_always": 0,
      "sort": 1
    }
  },
  {
    "model": "core.action",
    "pk": 1240,
    "fields": {
      "available_action": "php",
      "button": 810,
      "name": "Zirkulation wiederöffnen",
      "description": "",
      "success_message": "",
      "error_message": "",
      "execute_always": 0,
      "sort": 0
    }
  },
  {
    "model": "core.action",
    "pk": 1241,
    "fields": {
      "available_action": "docx",
      "button": 811,
      "name": "Rechnung generieren",
      "description": "",
      "success_message": "",
      "error_message": "",
      "execute_always": 0,
      "sort": 0
    }
  },
  {
    "model": "core.action",
    "pk": 1242,
    "fields": {
      "available_action": "docx",
      "button": 812,
      "name": "Rechnung generieren",
      "description": "",
      "success_message": "",
      "error_message": "",
      "execute_always": 0,
      "sort": 0
    }
  },
  {
    "model": "core.action",
    "pk": 1274,
    "fields": {
      "available_action": "formtransition",
      "button": 823,
      "name": "Löschen",
      "description": "Löschen eines Dossiers der Koord AFJ",
      "success_message": "Dossier gelöscht.",
      "error_message": "Das Dossier konnte nicht gelöscht werden, da ein Fehler aufgetreten ist!",
      "execute_always": 0,
      "sort": 0
    }
  },
  {
    "model": "core.action",
    "pk": 1275,
    "fields": {
      "available_action": "formtransition",
      "button": 824,
      "name": "Archivieren",
      "description": "REDAC zu ARCH",
      "success_message": "Das Dossier wurde erfolgreich archiviert.",
      "error_message": "Das Dossier konnte nicht archiviert werden, da ein Fehler aufgetreten ist!",
      "execute_always": 0,
      "sort": 0
    }
  },
  {
    "model": "core.action",
    "pk": 1276,
    "fields": {
      "available_action": "workflow",
      "button": 824,
      "name": "Archivieren",
      "description": "REDAC zu ARCH",
      "success_message": "",
      "error_message": "",
      "execute_always": 0,
      "sort": 1
    }
  },
  {
    "model": "core.action",
    "pk": 1277,
    "fields": {
      "available_action": "formtransition",
      "button": 825,
      "name": "Wiedereröffnen ARCH - EXT",
      "description": "",
      "success_message": "",
      "error_message": "",
      "execute_always": 0,
      "sort": 0
    }
  },
  {
    "model": "core.action",
    "pk": 1278,
    "fields": {
      "available_action": "save",
      "button": 826,
      "name": "Speichern",
      "description": "",
      "success_message": "Speichern erfolgreich.",
      "error_message": "Speichern fehlgeschlagen!",
      "execute_always": 0,
      "sort": 0
    }
  },
  {
    "model": "core.action",
    "pk": 1279,
    "fields": {
      "available_action": "save",
      "button": 827,
      "name": "Speichern",
      "description": "",
      "success_message": "",
      "error_message": "",
      "execute_always": 0,
      "sort": 0
    }
  },
  {
    "model": "core.action",
    "pk": 1280,
    "fields": {
      "available_action": "formtransition",
      "button": 827,
      "name": "Zirkulation starten",
      "description": "",
      "success_message": "Zirkulation erfolgreich gestartet.",
      "error_message": "Zirkulation konnte nicht gestartet werden!",
      "execute_always": 0,
      "sort": 1
    }
  },
  {
    "model": "core.action",
    "pk": 1282,
    "fields": {
      "available_action": "php",
      "button": 827,
      "name": "IDLE auf RUN setzen",
      "description": null,
      "success_message": null,
      "error_message": null,
      "execute_always": 1,
      "sort": 5
    }
  },
  {
    "model": "core.action",
    "pk": 1283,
    "fields": {
      "available_action": "workflow",
      "button": 827,
      "name": "Zirkulation starten",
      "description": "",
      "success_message": "",
      "error_message": "",
      "execute_always": 0,
      "sort": 2
    }
  },
  {
    "model": "core.action",
    "pk": 1284,
    "fields": {
      "available_action": "pageredirect",
      "button": 827,
      "name": "Auf Zirkulation bleiben",
      "description": "",
      "success_message": "",
      "error_message": "",
      "execute_always": 0,
      "sort": 7
    }
  },
  {
    "model": "core.action",
    "pk": 1285,
    "fields": {
      "available_action": "save",
      "button": 828,
      "name": "Speichern",
      "description": "",
      "success_message": "",
      "error_message": "",
      "execute_always": 0,
      "sort": 0
    }
  },
  {
    "model": "core.action",
    "pk": 1287,
    "fields": {
      "available_action": "php",
      "button": 828,
      "name": "IDLE auf RUN setzen",
      "description": "",
      "success_message": "",
      "error_message": "",
      "execute_always": 0,
      "sort": 3
    }
  },
  {
    "model": "core.action",
    "pk": 1288,
    "fields": {
      "available_action": "activation",
      "button": 829,
      "name": "Laufzettelkommentar speichern",
      "description": "",
      "success_message": "",
      "error_message": "",
      "execute_always": 0,
      "sort": 0
    }
  },
  {
    "model": "core.action",
    "pk": 1289,
    "fields": {
      "available_action": "pdf",
      "button": 829,
      "name": "Laufzettel generieren",
      "description": "",
      "success_message": "",
      "error_message": "",
      "execute_always": 0,
      "sort": 1
    }
  },
  {
    "model": "core.action",
    "pk": 1290,
    "fields": {
      "available_action": "php",
      "button": 830,
      "name": "Zirkulation wiederöffnen",
      "description": "",
      "success_message": "",
      "error_message": "",
      "execute_always": 0,
      "sort": 0
    }
  },
  {
    "model": "core.action",
    "pk": 1291,
    "fields": {
      "available_action": "docx",
      "button": 831,
      "name": "Rechnung generieren",
      "description": "",
      "success_message": "",
      "error_message": "",
      "execute_always": 0,
      "sort": 0
    }
  },
  {
    "model": "core.action",
    "pk": 1292,
    "fields": {
      "available_action": "docx",
      "button": 832,
      "name": "Rechnung generieren",
      "description": "",
      "success_message": "",
      "error_message": "",
      "execute_always": 0,
      "sort": 0
    }
  },
  {
    "model": "core.action",
    "pk": 1297,
    "fields": {
      "available_action": "notification",
      "button": 834,
      "name": "E-Mail an Lisag",
      "description": "Sämtliche ÖREB Meldungen können direkt per Email an die Lisag gesendet werden. Diese Aktion wird für solche Mails von der Koordinationsstelle Nutzungsplanung (NP) gesendet.",
      "success_message": "Ein E-Mail mit der ÖREB Meldung wurde versendet.",
      "error_message": "Das E-Mail mit der ÖREB Meldung konnte nicht versendet werden.",
      "execute_always": 0,
      "sort": 0
    }
  },
  {
    "model": "core.action",
    "pk": 1318,
    "fields": {
      "available_action": "notification",
      "button": 874,
      "name": "E-Mail an Lisag",
      "description": "",
      "success_message": "Ein E-Mail mit der ÖREB Meldung wurde versendet.",
      "error_message": "Das E-Mail mit der ÖREB Meldung konnte nicht versendet werden.",
      "execute_always": 0,
      "sort": 0
    }
  },
  {
    "model": "core.action",
    "pk": 1337,
    "fields": {
      "available_action": "notification",
      "button": 894,
      "name": "E-Mail an Lisag",
      "description": "",
      "success_message": "Ein E-Mail mit der ÖREB Meldung wurde versendet.",
      "error_message": "Das E-Mail mit der ÖREB Meldung konnte nicht versendet werden.",
      "execute_always": 0,
      "sort": 0
    }
  },
  {
    "model": "core.action",
    "pk": 1357,
    "fields": {
      "available_action": "notification",
      "button": 914,
      "name": "E-Mail an Lisag",
      "description": "",
      "success_message": "Ein E-Mail mit der ÖREB Meldung wurde versendet.",
      "error_message": "Das E-Mail mit der ÖREB Meldung konnte nicht versendet werden.",
      "execute_always": 0,
      "sort": 0
    }
  },
  {
    "model": "core.action",
    "pk": 1358,
    "fields": {
      "available_action": "notification",
      "button": 915,
      "name": "E-Mail an Lisag",
      "description": "",
      "success_message": "Ein E-Mail mit der ÖREB Meldung wurde versendet.",
      "error_message": "Das E-Mail mit der ÖREB Meldung konnte nicht versendet werden.",
      "execute_always": 0,
      "sort": 0
    }
  },
  {
    "model": "core.action",
    "pk": 1360,
    "fields": {
      "available_action": "notification",
      "button": 917,
      "name": "E-Mail an Lisag",
      "description": "",
      "success_message": "Ein E-Mail mit der ÖREB Meldung wurde versendet.",
      "error_message": "Das E-Mail mit der ÖREB Meldung konnte nicht versendet werden.",
      "execute_always": 0,
      "sort": 0
    }
  },
  {
    "model": "core.action",
    "pk": 1361,
    "fields": {
      "available_action": "workflow",
      "button": 894,
      "name": "ÖREB Workflow-Datum setzen",
      "description": "",
      "success_message": "",
      "error_message": "",
      "execute_always": 0,
      "sort": 1
    }
  },
  {
    "model": "core.action",
    "pk": 1363,
    "fields": {
      "available_action": "workflow",
      "button": 834,
      "name": "ÖREB Workflow-Datum setzen",
      "description": "",
      "success_message": "",
      "error_message": "",
      "execute_always": 0,
      "sort": 1
    }
  },
  {
    "model": "core.action",
    "pk": 1364,
    "fields": {
      "available_action": "workflow",
      "button": 874,
      "name": "ÖREB Workflow-Datum setzen",
      "description": "",
      "success_message": "",
      "error_message": "",
      "execute_always": 0,
      "sort": 1
    }
  },
  {
    "model": "core.action",
    "pk": 1365,
    "fields": {
      "available_action": "workflow",
      "button": 917,
      "name": "ÖREB Workflow-Datum setzen",
      "description": "",
      "success_message": "",
      "error_message": "",
      "execute_always": 0,
      "sort": 1
    }
  },
  {
    "model": "core.action",
    "pk": 1366,
    "fields": {
      "available_action": "workflow",
      "button": 915,
      "name": "ÖREB Workflow-Datum setzen",
      "description": "",
      "success_message": "",
      "error_message": "",
      "execute_always": 0,
      "sort": 1
    }
  },
  {
    "model": "core.action",
    "pk": 1368,
    "fields": {
      "available_action": "workflow",
      "button": 914,
      "name": "ÖREB Workflow-Datum setzen",
      "description": "",
      "success_message": "",
      "error_message": "",
      "execute_always": 0,
      "sort": 1
    }
  },
  {
    "model": "core.action",
    "pk": 1369,
    "fields": {
      "available_action": "notification",
      "button": 305,
      "name": "E-Mail an Gesuchsteller schicken",
      "description": "",
      "success_message": "",
      "error_message": "",
      "execute_always": 0,
      "sort": 3
    }
  },
  {
    "model": "core.action",
    "pk": 1372,
    "fields": {
      "available_action": "docx",
      "button": 919,
      "name": "Rechnung generieren",
      "description": null,
      "success_message": null,
      "error_message": null,
      "execute_always": 0,
      "sort": 0
    }
  },
  {
    "model": "core.action",
    "pk": 1373,
    "fields": {
      "available_action": "docx",
      "button": 920,
      "name": "Rechnung generieren",
      "description": null,
      "success_message": null,
      "error_message": null,
      "execute_always": 0,
      "sort": 0
    }
  },
  {
    "model": "core.action",
    "pk": 1374,
    "fields": {
      "available_action": "notification",
      "button": 827,
      "name": "Zirkulation starten E-Mail",
      "description": "Versendet eine E-Mail an alle zum Start der Zirkulation involvierten Stellen.",
      "success_message": null,
      "error_message": null,
      "execute_always": 0,
      "sort": 4
    }
  },
  {
    "model": "core.action",
    "pk": 1375,
    "fields": {
      "available_action": "notification",
      "button": 828,
      "name": "E-Mail an hinzugefügte Fachstellen versenden",
      "description": null,
      "success_message": null,
      "error_message": null,
      "execute_always": 0,
      "sort": 2
    }
  },
  {
    "model": "core.action",
    "pk": 1378,
    "fields": {
      "available_action": "formtransition",
      "button": 921,
      "name": "Freigeben an Gemeinde COMM - EXT_GEM",
      "description": null,
      "success_message": "Dossier erfolgreich freigegeben.",
      "error_message": "Beim Freigeben des Dossiers ist ein Fehler aufgetreten!",
      "execute_always": 0,
      "sort": 1
    }
  },
  {
    "model": "core.action",
    "pk": 1379,
    "fields": {
      "available_action": "php",
      "button": 628,
      "name": "CheckIfNFDPossible",
      "description": null,
      "success_message": null,
      "error_message": "Da die Frist dieses Dossiers in weniger als einer Woche endet oder das Dossier bereits seit 2 Wochen vollständig ist, ist es nicht mehr möglich Nachforderungen zu stellen.",
      "execute_always": 0,
      "sort": 0
    }
  },
  {
    "model": "core.action",
    "pk": 1380,
    "fields": {
      "available_action": "save",
      "button": 922,
      "name": "Speichern",
      "description": null,
      "success_message": "Speichern erfolgreich.",
      "error_message": "Speichern fehlgeschlagen!",
      "execute_always": 0,
      "sort": 0
    }
  },
  {
    "model": "core.action",
    "pk": 1381,
    "fields": {
      "available_action": "save",
      "button": 923,
      "name": "Speichern",
      "description": null,
      "success_message": "Speichern erfolgreich.",
      "error_message": "Speichern fehlgeschlagen!",
      "execute_always": 0,
      "sort": 0
    }
  },
  {
    "model": "core.action",
    "pk": 1382,
    "fields": {
      "available_action": "notification",
      "button": 923,
      "name": "Zirkulation starten E-Mail",
      "description": "Versendet eine E-Mail an alle zum Start der Zirkulation involvierten Stellen.",
      "success_message": "E-Mail zum Start der Zirkulation wurde versandt",
      "error_message": "E-Mail zum Start der Zirkulation konnte nicht versendet werden",
      "execute_always": 0,
      "sort": 2
    }
  },
  {
    "model": "core.action",
    "pk": 1383,
    "fields": {
      "available_action": "php",
      "button": 923,
      "name": "IDLE auf RUN setzen",
      "description": null,
      "success_message": null,
      "error_message": null,
      "execute_always": 0,
      "sort": 3
    }
  },
  {
    "model": "core.action",
    "pk": 1385,
    "fields": {
      "available_action": "save",
      "button": 924,
      "name": "Speichern",
      "description": null,
      "success_message": "Speichern erfolgreich.",
      "error_message": "Speichern fehlgeschlagen!",
      "execute_always": 0,
      "sort": 0
    }
  },
  {
    "model": "core.action",
    "pk": 1386,
    "fields": {
      "available_action": "notification",
      "button": 924,
      "name": "E-Mail an hinzugefügte Fachstellen versenden",
      "description": null,
      "success_message": null,
      "error_message": null,
      "execute_always": 0,
      "sort": 1
    }
  },
  {
    "model": "core.action",
    "pk": 1387,
    "fields": {
      "available_action": "php",
      "button": 924,
      "name": "IDLE auf RUN setzen",
      "description": null,
      "success_message": null,
      "error_message": null,
      "execute_always": 0,
      "sort": 2
    }
  },
  {
    "model": "core.action",
    "pk": 1388,
    "fields": {
      "available_action": "php",
      "button": 925,
      "name": "Zirkulation wiederöffnen",
      "description": null,
      "success_message": "Zirkulation wurde für die selektierten Fachstellen wiedereröffnet!",
      "error_message": null,
      "execute_always": 0,
      "sort": 0
    }
  },
  {
    "model": "core.action",
    "pk": 1389,
    "fields": {
      "available_action": "workflow",
      "button": 923,
      "name": "Gemeindezirkulation gestarten",
      "description": null,
      "success_message": "Workflow Datum gesetzt.",
      "error_message": "Workflow Datum konnte nicht gesetzt werden!",
      "execute_always": 0,
      "sort": 1
    }
  },
  {
    "model": "core.action",
    "pk": 1390,
    "fields": {
      "available_action": "save",
      "button": 926,
      "name": "Speichern",
      "description": null,
      "success_message": "Speichern erfolgreich.",
      "error_message": "Speichern fehlgeschlagen.",
      "execute_always": 0,
      "sort": 0
    }
  },
  {
    "model": "core.action",
    "pk": 1391,
    "fields": {
      "available_action": "save",
      "button": 927,
      "name": "Speichern",
      "description": null,
      "success_message": "Speichern erfolgreich.",
      "error_message": "Speichern fehlgeschlagen!",
      "execute_always": 0,
      "sort": 0
    }
  },
  {
    "model": "core.action",
    "pk": 1392,
    "fields": {
      "available_action": "circulationtransition",
      "button": 927,
      "name": "Zirkulation auf OK setzen",
      "description": null,
      "success_message": null,
      "error_message": null,
      "execute_always": 0,
      "sort": 1
    }
  },
  {
    "model": "core.action",
    "pk": 1405,
    "fields": {
      "available_action": "save",
      "button": 931,
      "name": "Speichern",
      "description": null,
      "success_message": "Speichern erfolgreich.",
      "error_message": "Speichern fehlgeschlagen!",
      "execute_always": 0,
      "sort": 0
    }
  },
  {
    "model": "core.action",
    "pk": 1406,
    "fields": {
      "available_action": "formtransition",
      "button": 932,
      "name": "Löschen",
      "description": null,
      "success_message": "Dossier erfolgreich gelöscht.",
      "error_message": "Das Dossier konnte nicht gelöscht werden, da ein Fehler aufgetreten ist!",
      "execute_always": 0,
      "sort": 0
    }
  },
  {
    "model": "core.action",
    "pk": 1407,
    "fields": {
      "available_action": "formtransition",
      "button": 933,
      "name": "Archivieren",
      "description": null,
      "success_message": "Dossier erfolgreich archiviert.",
      "error_message": "Das Dossiert konnte nicht archiviert werden, da ein Fehler aufgetreten ist!",
      "execute_always": 0,
      "sort": 0
    }
  },
  {
    "model": "core.action",
    "pk": 1408,
    "fields": {
      "available_action": "save",
      "button": 934,
      "name": "Speichern",
      "description": null,
      "success_message": "Speichern erfolgreich.",
      "error_message": "Speichern fehlgeschlagen!",
      "execute_always": 0,
      "sort": 0
    }
  },
  {
    "model": "core.action",
    "pk": 1409,
    "fields": {
      "available_action": "save",
      "button": 935,
      "name": "Speichern",
      "description": null,
      "success_message": "Speichern erfolgreich.",
      "error_message": "Speichern fehlgeschlagen!",
      "execute_always": 0,
      "sort": 0
    }
  },
  {
    "model": "core.action",
    "pk": 1411,
    "fields": {
      "available_action": "notification",
      "button": 935,
      "name": "Zirkulation starten E-Mail",
      "description": "Versendet eine E-Mail an alle zum Start der Zirkulation involvierten Stellen.",
      "success_message": "E-Mail zum Start der Zirkulation wurde versandt",
      "error_message": "E-Mail zum Start der Zirkulation konnte nicht versendet werden",
      "execute_always": 0,
      "sort": 2
    }
  },
  {
    "model": "core.action",
    "pk": 1412,
    "fields": {
      "available_action": "php",
      "button": 935,
      "name": "IDLE auf RUN setzen",
      "description": null,
      "success_message": null,
      "error_message": null,
      "execute_always": 0,
      "sort": 3
    }
  },
  {
    "model": "core.action",
    "pk": 1413,
    "fields": {
      "available_action": "workflow",
      "button": 935,
      "name": "Zirkulation starten",
      "description": null,
      "success_message": null,
      "error_message": null,
      "execute_always": 0,
      "sort": 4
    }
  },
  {
    "model": "core.action",
    "pk": 1414,
    "fields": {
      "available_action": "pageredirect",
      "button": 935,
      "name": "Auf Zirkulation bleiben",
      "description": null,
      "success_message": null,
      "error_message": null,
      "execute_always": 1,
      "sort": 5
    }
  },
  {
    "model": "core.action",
    "pk": 1415,
    "fields": {
      "available_action": "php",
      "button": 938,
      "name": "Zirkulation wiederöffnen",
      "description": null,
      "success_message": "Zirkulation wurde für die selektierten Fachstellen wiedereröffnet!",
      "error_message": null,
      "execute_always": 0,
      "sort": 0
    }
  },
  {
    "model": "core.action",
    "pk": 1416,
    "fields": {
      "available_action": "save",
      "button": 936,
      "name": "Speichern",
      "description": null,
      "success_message": "Speichern erfolgreich.",
      "error_message": "Speichern fehlgeschlagen!",
      "execute_always": 0,
      "sort": 0
    }
  },
  {
    "model": "core.action",
    "pk": 1417,
    "fields": {
      "available_action": "notification",
      "button": 936,
      "name": "E-Mail an hinzugefügte Fachstellen versenden",
      "description": null,
      "success_message": null,
      "error_message": null,
      "execute_always": 0,
      "sort": 1
    }
  },
  {
    "model": "core.action",
    "pk": 1418,
    "fields": {
      "available_action": "php",
      "button": 936,
      "name": "IDLE auf RUN setzen",
      "description": null,
      "success_message": null,
      "error_message": null,
      "execute_always": 0,
      "sort": 2
    }
  },
  {
    "model": "core.action",
    "pk": 1419,
    "fields": {
      "available_action": "workflow",
      "button": 933,
      "name": "Archivieren",
      "description": null,
      "success_message": null,
      "error_message": null,
      "execute_always": 0,
      "sort": 1
    }
  },
  {
    "model": "core.action",
    "pk": 1420,
    "fields": {
      "available_action": "save",
      "button": 939,
      "name": "Speichern",
      "description": null,
      "success_message": "Speichern erfolgreich",
      "error_message": "Speichern fehlgeschlagen",
      "execute_always": 0,
      "sort": 0
    }
  },
  {
    "model": "core.action",
    "pk": 1421,
    "fields": {
      "available_action": "save",
      "button": 940,
      "name": "Speichern",
      "description": null,
      "success_message": "Antwort erfolgreich gesendet",
      "error_message": "Antwort konnte nicht gesendet werden!",
      "execute_always": 0,
      "sort": 0
    }
  },
  {
    "model": "core.action",
    "pk": 1422,
    "fields": {
      "available_action": "circulationtransition",
      "button": 940,
      "name": "Zirkulation auf OK setzen",
      "description": null,
      "success_message": null,
      "error_message": null,
      "execute_always": 0,
      "sort": 1
    }
  },
  {
    "model": "core.action",
    "pk": 1423,
    "fields": {
      "available_action": "php",
      "button": 940,
      "name": "Zirkulation Ende",
      "description": null,
      "success_message": null,
      "error_message": null,
      "execute_always": 0,
      "sort": 2
    }
  },
  {
    "model": "core.action",
    "pk": 1425,
    "fields": {
      "available_action": "pageredirect",
      "button": 940,
      "name": "Weiterleitung zu Pendenzenliste",
      "description": null,
      "success_message": null,
      "error_message": null,
      "execute_always": 1,
      "sort": 4
    }
  },
  {
    "model": "core.action",
    "pk": 1435,
    "fields": {
      "available_action": "php",
      "button": 927,
      "name": "Gemeindezirkulation Ende",
      "description": null,
      "success_message": null,
      "error_message": null,
      "execute_always": 0,
      "sort": 2
    }
  },
  {
    "model": "core.action",
    "pk": 1439,
    "fields": {
      "available_action": "save",
      "button": 943,
      "name": "Speichern",
      "description": null,
      "success_message": null,
      "error_message": null,
      "execute_always": 0,
      "sort": 0
    }
  },
  {
    "model": "core.action",
    "pk": 1443,
    "fields": {
      "available_action": "formtransition",
      "button": 943,
      "name": "Freigabe an KOOR (COMM - EXT)",
      "description": "Freigabe an KOOR (COMM - EXT)",
      "success_message": null,
      "error_message": null,
      "execute_always": 0,
      "sort": 1
    }
  },
  {
    "model": "core.action",
    "pk": 1444,
    "fields": {
      "available_action": "workflow",
      "button": 943,
      "name": "Workflow Datum setzen",
      "description": "COMM zu EXT",
      "success_message": null,
      "error_message": null,
      "execute_always": 0,
      "sort": 3
    }
  },
  {
    "model": "core.action",
    "pk": 1445,
    "fields": {
      "available_action": "notification",
      "button": 943,
      "name": "E-Mail an Koor wenn Dossier von Bundesstelle",
      "description": null,
      "success_message": null,
      "error_message": "Das E-Mail an die Koordinationsstelle konnte nicht versandt werden.",
      "execute_always": 0,
      "sort": 2
    }
  },
  {
    "model": "core.action",
    "pk": 1448,
    "fields": {
      "available_action": "formtransition",
      "button": 945,
      "name": "REDAC - DONE",
      "description": null,
      "success_message": null,
      "error_message": null,
      "execute_always": 0,
      "sort": 0
    }
  },
  {
    "model": "core.action",
    "pk": 1449,
    "fields": {
      "available_action": "formtransition",
      "button": 946,
      "name": "REDAC - DONE",
      "description": null,
      "success_message": null,
      "error_message": null,
      "execute_always": 0,
      "sort": 0
    }
  },
  {
    "model": "core.action",
    "pk": 1450,
    "fields": {
      "available_action": "save",
      "button": 947,
      "name": "Speichern",
      "description": null,
      "success_message": "Speichern erfolgreich",
      "error_message": "Speichern fehlgeschlagen",
      "execute_always": 0,
      "sort": 0
    }
  },
  {
    "model": "core.action",
    "pk": 1451,
    "fields": {
      "available_action": "save",
      "button": 948,
      "name": "Speichern",
      "description": null,
      "success_message": "Antwort erfolgreich gesendet",
      "error_message": "Antwort konnte nicht gesendet werden!",
      "execute_always": 0,
      "sort": 0
    }
  },
  {
    "model": "core.action",
    "pk": 1452,
    "fields": {
      "available_action": "circulationtransition",
      "button": 948,
      "name": "Zirkulation auf OK setzen",
      "description": null,
      "success_message": null,
      "error_message": null,
      "execute_always": 0,
      "sort": 1
    }
  },
  {
    "model": "core.action",
    "pk": 1455,
    "fields": {
      "available_action": "php",
      "button": 948,
      "name": "Gemeindezirkulation Ende",
      "description": null,
      "success_message": null,
      "error_message": null,
      "execute_always": 0,
      "sort": 2
    }
  },
  {
    "model": "core.action",
    "pk": 1456,
    "fields": {
      "available_action": "formtransition",
      "button": 949,
      "name": "Statusänderung von CIRC in REDAC",
      "description": "Ändert den Statusdes Dossiers",
      "success_message": "Stausänderung erfolgreich ausgeführt",
      "error_message": "Stausänderung konnte nicht ausgeführt werden",
      "execute_always": 0,
      "sort": 0
    }
  },
  {
    "model": "core.action",
    "pk": 1457,
    "fields": {
      "available_action": "php",
      "button": 2,
      "name": "CreateInstanceNG",
      "description": null,
      "success_message": null,
      "error_message": "Dossier konnte nicht erstellt werden (NG API call failed)",
      "execute_always": 0,
      "sort": 0
    }
  },
  {
    "model": "core.action",
    "pk": 2000000,
    "fields": {
      "available_action": "php",
      "button": 688,
      "name": "Service setzen",
      "description": null,
      "success_message": null,
      "error_message": null,
      "execute_always": 0,
      "sort": 1
    }
  },
  {
    "model": "core.action",
    "pk": 2000001,
    "fields": {
      "available_action": "php",
      "button": 431,
      "name": "SetCircService",
      "description": null,
      "success_message": null,
      "error_message": null,
      "execute_always": 0,
      "sort": 1
    }
  },
  {
    "model": "core.action",
    "pk": 2000002,
    "fields": {
      "available_action": "php",
      "button": 770,
      "name": "SetCircService",
      "description": null,
      "success_message": null,
      "error_message": null,
      "execute_always": 0,
      "sort": 1
    }
  },
  {
    "model": "core.action",
    "pk": 2000003,
    "fields": {
      "available_action": "php",
      "button": 794,
      "name": "SetCircService",
      "description": null,
      "success_message": null,
      "error_message": null,
      "execute_always": 0,
      "sort": 1
    }
  },
  {
    "model": "core.action",
    "pk": 2000004,
    "fields": {
      "available_action": "php",
      "button": 806,
      "name": "SetCircService",
      "description": null,
      "success_message": null,
      "error_message": null,
      "execute_always": 0,
      "sort": 1
    }
  },
  {
    "model": "core.action",
    "pk": 2000005,
    "fields": {
      "available_action": "php",
      "button": 826,
      "name": "SetCircService",
      "description": null,
      "success_message": null,
      "error_message": null,
      "execute_always": 0,
      "sort": 1
    }
  },
  {
    "model": "core.action",
    "pk": 12000000,
    "fields": {
      "available_action": "save",
      "button": 12000000,
      "name": "Save",
      "description": null,
      "success_message": "Speichern erfolgreich",
      "error_message": "Beim Speichern ist ein Fehler aufgetreten",
      "execute_always": 0,
      "sort": 0
    }
  },
  {
    "model": "core.action",
    "pk": 12000001,
    "fields": {
      "available_action": "save",
      "button": 12000001,
      "name": "Save",
      "description": null,
      "success_message": null,
      "error_message": "Beim Speichern ist ein Fehler aufgetreten",
      "execute_always": 0,
      "sort": 0
    }
  },
  {
    "model": "core.action",
    "pk": 12000002,
    "fields": {
      "available_action": "formtransition",
      "button": 12000001,
      "name": "Reset State to \"Zurückgewiesen\"",
      "description": null,
      "success_message": "Dossier erfolgreich zurückgewiesen",
      "error_message": "Bei der Änderung vom Dossierstatus ist ein Fehler aufgetreten",
      "execute_always": 0,
      "sort": 1
    }
  },
  {
    "model": "core.action",
    "pk": 12000003,
    "fields": {
      "available_action": "formtransition",
      "button": 12000002,
      "name": "Reset state \"Zurückgewiesen\" to previous state",
      "description": null,
      "success_message": "Dossier Zurückweisung wurde erfolgreich aufgehoben",
      "error_message": "Bei der Änderung vom Dossierstatus ist ein Fehler aufgetreten",
      "execute_always": 0,
      "sort": 0
    }
  },
  {
    "model": "core.action",
    "pk": 12000004,
    "fields": {
      "available_action": "notification",
      "button": 12000001,
      "name": "E-Mail an Gesuchsteller schicken",
      "description": null,
      "success_message": null,
      "error_message": "Beim Verschicken der E-Mail ist ein Fehler aufgetreten",
      "execute_always": 0,
      "sort": 2
    }
  },
  {
    "model": "core.action",
    "pk": 12000005,
    "fields": {
      "available_action": "formtransition",
      "button": 12000003,
      "name": "Transition control",
      "description": null,
      "success_message": null,
      "error_message": null,
      "execute_always": 0,
      "sort": 1
    }
  },
  {
    "model": "core.action",
    "pk": 12000006,
    "fields": {
      "available_action": "notification",
      "button": 12000003,
      "name": "E-Mail an Gesuchsteller",
      "description": null,
      "success_message": "E-Mail wurde erfolgreich verschickt.",
      "error_message": "Beim Verschicken der E-Mail ist ein Fehler aufgetreten.",
      "execute_always": 0,
      "sort": 2
    }
  },
  {
    "model": "core.action",
    "pk": 12000007,
    "fields": {
      "available_action": "workflow",
      "button": 12000003,
      "name": "Datum Versand Entscheiddokumente per Portal",
      "description": null,
      "success_message": null,
      "error_message": null,
      "execute_always": 0,
      "sort": 3
    }
  },
  {
    "model": "core.action",
    "pk": 12000008,
    "fields": {
      "available_action": "formtransition",
      "button": 12000004,
      "name": "Transition control",
      "description": null,
      "success_message": null,
      "error_message": null,
      "execute_always": 0,
      "sort": 0
    }
  },
  {
    "model": "core.action",
    "pk": 12000009,
    "fields": {
      "available_action": "notification",
      "button": 12000004,
      "name": "E-Mail an Gesuchsteller",
      "description": null,
      "success_message": "E-Mail wurde erfolgreich verschickt.",
      "error_message": "Beim Verschicken der E-Mail ist ein Fehler aufgetreten.",
      "execute_always": 0,
      "sort": 1
    }
  },
  {
    "model": "core.action",
    "pk": 12000010,
    "fields": {
      "available_action": "workflow",
      "button": 12000004,
      "name": "Datum Versand Entscheiddokumente per Portal",
      "description": null,
      "success_message": null,
      "error_message": null,
      "execute_always": 0,
      "sort": 2
    }
  },
  {
    "model": "core.action",
    "pk": 12000011,
    "fields": {
      "available_action": "php",
      "button": 12000005,
      "name": "Dossier kopieren",
      "description": "Erstellt eine Kopie des Dossiers",
      "success_message": "Das Dossier wurde erfolgreich kopiert",
      "error_message": "Beim Kopieren des Dossiers ist ein Fehler aufgetreten",
      "execute_always": 0,
      "sort": 0
    }
  },
  {
    "model": "core.action",
    "pk": 12000012,
    "fields": {
      "available_action": "php",
      "button": 12000006,
      "name": "Dossier kopieren",
      "description": "Erstellt eine Kopie des Dossiers",
      "success_message": "Das Dossier wurde erfolgreich kopiert",
      "error_message": "Beim Kopieren des Dossiers ist ein Fehler aufgetreten",
      "execute_always": 0,
      "sort": 0
    }
  },
  {
    "model": "core.action",
    "pk": 12000013,
    "fields": {
      "available_action": "php",
      "button": 12000003,
      "name": "Entscheid-Dokumente Check",
      "description": null,
      "success_message": "Der Entscheid wurde erfolgreich verschickt",
      "error_message": "Es sind im Dokumenten Modul noch keine Entscheiddokumente markiert",
      "execute_always": 0,
      "sort": 0
    }
  },
  {
    "model": "core.action",
    "pk": 12000014,
    "fields": {
      "available_action": "save",
      "button": 12000007,
      "name": "Speichern",
      "description": null,
      "success_message": null,
      "error_message": null,
      "execute_always": 0,
      "sort": 0
    }
  },
  {
    "model": "core.action",
    "pk": 12000016,
    "fields": {
      "available_action": "workflow",
      "button": 12000007,
      "name": "Zirkulation abschliessen",
      "description": null,
      "success_message": null,
      "error_message": null,
      "execute_always": 0,
      "sort": 2
    }
  },
  {
    "model": "core.action",
    "pk": 12000017,
    "fields": {
      "available_action": "php",
      "button": 12000007,
      "name": "RUN auf OK setzen",
      "description": null,
      "success_message": null,
      "error_message": null,
      "execute_always": 0,
      "sort": 3
    }
  },
  {
    "model": "core.action",
    "pk": 12000018,
    "fields": {
      "available_action": "pageredirect",
      "button": 12000007,
      "name": "Auf Zirkulation bleiben",
      "description": null,
      "success_message": null,
      "error_message": null,
      "execute_always": 1,
      "sort": 4
    }
  },
  {
    "model": "core.action",
    "pk": 12000019,
    "fields": {
      "available_action": "php",
      "button": 215,
      "name": "Service setzen",
      "description": null,
      "success_message": null,
      "error_message": null,
      "execute_always": 0,
      "sort": 1
    }
  },
  {
    "model": "core.action",
    "pk": 12000020,
    "fields": {
      "available_action": "formtransition",
      "button": 12000007,
      "name": "Zirkulation abschliessen",
      "description": null,
      "success_message": "Die Zirkulationen wurden erfolgreich abgeschlossen",
      "error_message": "Die Zirkulationen konnten nicht abgeschlossen werden!",
      "execute_always": 0,
      "sort": 1
    }
  },
  {
    "model": "core.action",
    "pk": 12000021,
    "fields": {
      "available_action": "save",
      "button": 12000008,
      "name": "Speichern",
      "description": null,
      "success_message": null,
      "error_message": null,
      "execute_always": 0,
      "sort": 0
    }
  },
  {
    "model": "core.action",
    "pk": 12000022,
    "fields": {
      "available_action": "workflow",
      "button": 12000008,
      "name": "Gemeindezirkulation abgeschlossen",
      "description": null,
      "success_message": null,
      "error_message": null,
      "execute_always": 0,
      "sort": 1
    }
  },
  {
    "model": "core.action",
    "pk": 12000023,
    "fields": {
      "available_action": "php",
      "button": 12000008,
      "name": "RUn auf OK",
      "description": null,
      "success_message": "Die Gemeindezirkulationen wurden abgeschlossen",
      "error_message": "Die Gemeindezirkulationen konnten nicht abgeschlossen werden!",
      "execute_always": 0,
      "sort": 2
    }
  },
  {
    "model": "core.action",
    "pk": 12000024,
    "fields": {
      "available_action": "php",
      "button": 922,
      "name": "Service setzen",
      "description": null,
      "success_message": null,
      "error_message": null,
      "execute_always": 0,
      "sort": 1
    }
  },
  {
    "model": "core.action",
    "pk": 12000025,
    "fields": {
      "available_action": "php",
      "button": 432,
      "name": "Service setzen",
      "description": null,
      "success_message": null,
      "error_message": null,
      "execute_always": 0,
      "sort": 5
    }
  },
  {
    "model": "core.action",
    "pk": 12000026,
    "fields": {
      "available_action": "save",
      "button": 12000009,
      "name": "Speichern",
      "description": null,
      "success_message": null,
      "error_message": null,
      "execute_always": 0,
      "sort": 0
    }
  },
  {
    "model": "core.action",
    "pk": 12000027,
    "fields": {
      "available_action": "formtransition",
      "button": 12000009,
      "name": "Zirkulation abschliessen",
      "description": null,
      "success_message": "Die Zirkulationen wurden erfolgreich abgeschlossen",
      "error_message": "Die Zirkulationen konnten nicht abgeschlossen werden!",
      "execute_always": 0,
      "sort": 1
    }
  },
  {
    "model": "core.action",
    "pk": 12000028,
    "fields": {
      "available_action": "workflow",
      "button": 12000009,
      "name": "Zirkulation abschliessen",
      "description": null,
      "success_message": null,
      "error_message": null,
      "execute_always": 0,
      "sort": 2
    }
  },
  {
    "model": "core.action",
    "pk": 12000029,
    "fields": {
      "available_action": "php",
      "button": 12000009,
      "name": "RUN auf OK setzen",
      "description": null,
      "success_message": null,
      "error_message": null,
      "execute_always": 0,
      "sort": 3
    }
  },
  {
    "model": "core.action",
    "pk": 12000030,
    "fields": {
      "available_action": "pageredirect",
      "button": 12000009,
      "name": "Auf Zirkulation bleiben",
      "description": null,
      "success_message": null,
      "error_message": null,
      "execute_always": 1,
      "sort": 4
    }
  },
  {
    "model": "core.action",
    "pk": 12000031,
    "fields": {
      "available_action": "php",
      "button": 689,
      "name": "Service setzen",
      "description": null,
      "success_message": null,
      "error_message": null,
      "execute_always": 0,
      "sort": 5
    }
  },
  {
    "model": "core.action",
    "pk": 12000032,
    "fields": {
      "available_action": "save",
      "button": 12000010,
      "name": "Speichern",
      "description": null,
      "success_message": null,
      "error_message": null,
      "execute_always": 0,
      "sort": 0
    }
  },
  {
    "model": "core.action",
    "pk": 12000033,
    "fields": {
      "available_action": "formtransition",
      "button": 12000010,
      "name": "Zirkulation abschliessen",
      "description": null,
      "success_message": "Die Zirkulationen wurden erfolgreich abgeschlossen",
      "error_message": "Die Zirkulationen konnten nicht abgeschlossen werden!",
      "execute_always": 0,
      "sort": 1
    }
  },
  {
    "model": "core.action",
    "pk": 12000034,
    "fields": {
      "available_action": "workflow",
      "button": 12000010,
      "name": "Zirkulation abschliessen",
      "description": null,
      "success_message": null,
      "error_message": null,
      "execute_always": 0,
      "sort": 2
    }
  },
  {
    "model": "core.action",
    "pk": 12000035,
    "fields": {
      "available_action": "php",
      "button": 12000010,
      "name": "RUN auf OK setzen",
      "description": null,
      "success_message": null,
      "error_message": null,
      "execute_always": 0,
      "sort": 3
    }
  },
  {
    "model": "core.action",
    "pk": 12000036,
    "fields": {
      "available_action": "pageredirect",
      "button": 12000010,
      "name": "Auf Zirkulation bleiben",
      "description": null,
      "success_message": null,
      "error_message": null,
      "execute_always": 1,
      "sort": 4
    }
  },
  {
    "model": "core.action",
    "pk": 12000037,
    "fields": {
      "available_action": "php",
      "button": 771,
      "name": "Service setzen",
      "description": null,
      "success_message": null,
      "error_message": null,
      "execute_always": 0,
      "sort": 5
    }
  },
  {
    "model": "core.action",
    "pk": 12000038,
    "fields": {
      "available_action": "save",
      "button": 12000011,
      "name": "Speichern",
      "description": null,
      "success_message": null,
      "error_message": null,
      "execute_always": 0,
      "sort": 0
    }
  },
  {
    "model": "core.action",
    "pk": 12000039,
    "fields": {
      "available_action": "workflow",
      "button": 12000011,
      "name": "Zirkulation abschliessen",
      "description": null,
      "success_message": null,
      "error_message": null,
      "execute_always": 0,
      "sort": 2
    }
  },
  {
    "model": "core.action",
    "pk": 12000040,
    "fields": {
      "available_action": "formtransition",
      "button": 12000011,
      "name": "Zirkulation abschliessen",
      "description": null,
      "success_message": "Die Zirkulationen wurden erfolgreich abgeschlossen",
      "error_message": "Die Zirkulationen konnten nicht abgeschlossen werden!",
      "execute_always": 0,
      "sort": 1
    }
  },
  {
    "model": "core.action",
    "pk": 12000041,
    "fields": {
      "available_action": "php",
      "button": 12000011,
      "name": "RUN auf OK setzen",
      "description": null,
      "success_message": null,
      "error_message": null,
      "execute_always": 0,
      "sort": 3
    }
  },
  {
    "model": "core.action",
    "pk": 12000042,
    "fields": {
      "available_action": "pageredirect",
      "button": 12000011,
      "name": "Auf Zirkulation bleiben",
      "description": null,
      "success_message": null,
      "error_message": null,
      "execute_always": 1,
      "sort": 4
    }
  },
  {
    "model": "core.action",
    "pk": 12000043,
    "fields": {
      "available_action": "php",
      "button": 795,
      "name": "Service setzen",
      "description": null,
      "success_message": null,
      "error_message": null,
      "execute_always": 0,
      "sort": 5
    }
  },
  {
    "model": "core.action",
    "pk": 12000044,
    "fields": {
      "available_action": "save",
      "button": 12000012,
      "name": "Speichern",
      "description": null,
      "success_message": null,
      "error_message": null,
      "execute_always": 0,
      "sort": 0
    }
  },
  {
    "model": "core.action",
    "pk": 12000045,
    "fields": {
      "available_action": "formtransition",
      "button": 12000012,
      "name": "Zirkulation abschliessen",
      "description": null,
      "success_message": "Die Zirkulationen wurden erfolgreich abgeschlossen",
      "error_message": "Die Zirkulationen konnten nicht abgeschlossen werden!",
      "execute_always": 0,
      "sort": 1
    }
  },
  {
    "model": "core.action",
    "pk": 12000046,
    "fields": {
      "available_action": "workflow",
      "button": 12000012,
      "name": "Zirkulation abschliessen",
      "description": null,
      "success_message": null,
      "error_message": null,
      "execute_always": 0,
      "sort": 2
    }
  },
  {
    "model": "core.action",
    "pk": 12000047,
    "fields": {
      "available_action": "php",
      "button": 12000012,
      "name": "RUN auf OK setzen",
      "description": null,
      "success_message": null,
      "error_message": null,
      "execute_always": 0,
      "sort": 3
    }
  },
  {
    "model": "core.action",
    "pk": 12000048,
    "fields": {
      "available_action": "pageredirect",
      "button": 12000012,
      "name": "Auf Zirkulation bleiben",
      "description": null,
      "success_message": null,
      "error_message": null,
      "execute_always": 1,
      "sort": 4
    }
  },
  {
    "model": "core.action",
    "pk": 12000049,
    "fields": {
      "available_action": "php",
      "button": 807,
      "name": "Service setzen",
      "description": null,
      "success_message": null,
      "error_message": null,
      "execute_always": 0,
      "sort": 5
    }
  },
  {
    "model": "core.action",
    "pk": 12000050,
    "fields": {
      "available_action": "save",
      "button": 12000013,
      "name": "Speichern",
      "description": null,
      "success_message": null,
      "error_message": null,
      "execute_always": 0,
      "sort": 0
    }
  },
  {
    "model": "core.action",
    "pk": 12000051,
    "fields": {
      "available_action": "formtransition",
      "button": 12000013,
      "name": "Zirkulation abschliessen",
      "description": null,
      "success_message": "Die Zirkulationen wurden erfolgreich abgeschlossen",
      "error_message": "Die Zirkulationen konnten nicht abgeschlossen werden!",
      "execute_always": 0,
      "sort": 1
    }
  },
  {
    "model": "core.action",
    "pk": 12000052,
    "fields": {
      "available_action": "workflow",
      "button": 12000013,
      "name": "Zirkulation abschliessen",
      "description": null,
      "success_message": null,
      "error_message": null,
      "execute_always": 0,
      "sort": 2
    }
  },
  {
    "model": "core.action",
    "pk": 12000053,
    "fields": {
      "available_action": "php",
      "button": 12000013,
      "name": "RUN auf OK setzen",
      "description": null,
      "success_message": null,
      "error_message": null,
      "execute_always": 0,
      "sort": 3
    }
  },
  {
    "model": "core.action",
    "pk": 12000054,
    "fields": {
      "available_action": "pageredirect",
      "button": 12000013,
      "name": "Auf Zirkulation bleiben",
      "description": null,
      "success_message": null,
      "error_message": null,
      "execute_always": 1,
      "sort": 4
    }
  },
  {
    "model": "core.action",
    "pk": 12000055,
    "fields": {
      "available_action": "php",
      "button": 827,
      "name": "Service setzen",
      "description": null,
      "success_message": null,
      "error_message": null,
      "execute_always": 0,
      "sort": 6
    }
  },
  {
    "model": "core.action",
    "pk": 12000056,
    "fields": {
      "available_action": "save",
      "button": 12000014,
      "name": "Speichern",
      "description": null,
      "success_message": null,
      "error_message": null,
      "execute_always": 0,
      "sort": 0
    }
  },
  {
    "model": "core.action",
    "pk": 12000057,
    "fields": {
      "available_action": "formtransition",
      "button": 12000014,
      "name": "Zirkulation abschliessen",
      "description": null,
      "success_message": "Die Zirkulationen wurden erfolgreich abgeschlossen",
      "error_message": "Die Zirkulationen konnten nicht abgeschlossen werden!",
      "execute_always": 0,
      "sort": 1
    }
  },
  {
    "model": "core.action",
    "pk": 12000058,
    "fields": {
      "available_action": "workflow",
      "button": 12000014,
      "name": "Zirkulation abschliessen",
      "description": null,
      "success_message": null,
      "error_message": null,
      "execute_always": 0,
      "sort": 2
    }
  },
  {
    "model": "core.action",
    "pk": 12000059,
    "fields": {
      "available_action": "php",
      "button": 12000014,
      "name": "RUN auf OK setzen",
      "description": null,
      "success_message": null,
      "error_message": null,
      "execute_always": 0,
      "sort": 3
    }
  },
  {
    "model": "core.action",
    "pk": 12000060,
    "fields": {
      "available_action": "pageredirect",
      "button": 12000014,
      "name": "Auf Zirkulation bleiben",
      "description": null,
      "success_message": null,
      "error_message": null,
      "execute_always": 1,
      "sort": 4
    }
  },
  {
    "model": "core.action",
    "pk": 12000061,
    "fields": {
      "available_action": "formtransition",
      "button": 12000015,
      "name": "Status zu COMM",
      "description": "Status zu COMM",
      "success_message": "Statusänderung erfolgreich ausgeführt",
      "error_message": "Statusänderung konnte nicht ausgeführt werden",
      "execute_always": 0,
      "sort": 0
    }
  },
  {
    "model": "core.action",
    "pk": 12000062,
    "fields": {
      "available_action": "formtransition",
      "button": 12000016,
      "name": "Status zu CIRC",
      "description": "Status zu CIRC",
      "success_message": "Statusänderung erfolgreich ausgeführt",
      "error_message": "Statusänderung konnte nicht ausgeführt werden",
      "execute_always": 0,
      "sort": 0
    }
  },
  {
    "model": "core.action",
    "pk": 12000063,
    "fields": {
      "available_action": "formtransition",
      "button": 12000017,
      "name": "Status zu EXT-GEM",
      "description": "Status zu EXT-GEM",
      "success_message": "Statusänderung erfolgreich ausgeführt",
      "error_message": "Statusänderung konnte nicht ausgeführt werden",
      "execute_always": 0,
      "sort": 0
    }
  },
  {
    "model": "core.action",
    "pk": 12000064,
    "fields": {
      "available_action": "formtransition",
      "button": 12000018,
      "name": "Status zu REDAC",
      "description": "Status zu REDAC",
      "success_message": "Statusänderung erfolgreich ausgeführt",
      "error_message": "Statusänderung konnte nicht ausgeführt werden",
      "execute_always": 0,
      "sort": 0
    }
  },
  {
    "model": "core.action",
    "pk": 12000065,
    "fields": {
      "available_action": "formtransition",
      "button": 12000019,
      "name": "Status zu DONE",
      "description": "Status zu DONE",
      "success_message": "Statusänderung erfolgreich ausgeführt",
      "error_message": "Statusänderung konnte nicht ausgeführt werden",
      "execute_always": 0,
      "sort": 0
    }
  },
  {
    "model": "core.action",
    "pk": 12000066,
    "fields": {
      "available_action": "save",
      "button": 12000020,
      "name": "Speichern",
      "description": "Etwas speichern",
      "success_message": "Speichern erfolgreich",
      "error_message": "Speichern fehlgeschlagen",
      "execute_always": 0,
      "sort": 0
    }
  },
  {
    "model": "core.action",
    "pk": 12000067,
    "fields": {
      "available_action": "save",
      "button": 12000021,
      "name": "Speichern",
      "description": null,
      "success_message": "Antwort erfolgreich gesendet",
      "error_message": "Antwort konnte nicht gesendet werden!",
      "execute_always": 0,
      "sort": 0
    }
  },
  {
    "model": "core.action",
    "pk": 12000068,
    "fields": {
      "available_action": "circulationtransition",
      "button": 12000021,
      "name": "Zirkulation auf OK setzen",
      "description": null,
      "success_message": null,
      "error_message": null,
      "execute_always": 0,
      "sort": 1
    }
  },
  {
    "model": "core.action",
    "pk": 12000069,
    "fields": {
      "available_action": "php",
      "button": 12000021,
      "name": "Gemeindezrkulation Ende",
      "description": null,
      "success_message": null,
      "error_message": null,
      "execute_always": 0,
      "sort": 2
    }
  },
  {
    "model": "core.airaction",
    "pk": 1,
    "fields": {
      "available_instance_resource": "formwizard",
      "action_name": "wizard",
      "hidden": 0
    }
  },
  {
    "model": "core.airaction",
    "pk": 2,
    "fields": {
      "available_instance_resource": "formwizard",
      "action_name": "get-file",
      "hidden": 1
    }
  },
  {
    "model": "core.airaction",
    "pk": 3,
    "fields": {
      "available_instance_resource": "newform",
      "action_name": "new",
      "hidden": 0
    }
  },
  {
    "model": "core.airaction",
    "pk": 4,
    "fields": {
      "available_instance_resource": "editformpage",
      "action_name": "edit-page",
      "hidden": 0
    }
  },
  {
    "model": "core.airaction",
    "pk": 5,
    "fields": {
      "available_instance_resource": "editformpage",
      "action_name": "get-file",
      "hidden": 1
    }
  },
  {
    "model": "core.airaction",
    "pk": 6,
    "fields": {
      "available_instance_resource": "editformpages",
      "action_name": "edit-pages",
      "hidden": 0
    }
  },
  {
    "model": "core.airaction",
    "pk": 7,
    "fields": {
      "available_instance_resource": "editformpages",
      "action_name": "get-file",
      "hidden": 1
    }
  },
  {
    "model": "core.airaction",
    "pk": 8,
    "fields": {
      "available_instance_resource": "formpage",
      "action_name": "read-page",
      "hidden": 0
    }
  },
  {
    "model": "core.airaction",
    "pk": 9,
    "fields": {
      "available_instance_resource": "formpage",
      "action_name": "get-file",
      "hidden": 1
    }
  },
  {
    "model": "core.airaction",
    "pk": 10,
    "fields": {
      "available_instance_resource": "formpages",
      "action_name": "read-pages",
      "hidden": 0
    }
  },
  {
    "model": "core.airaction",
    "pk": 11,
    "fields": {
      "available_instance_resource": "formpages",
      "action_name": "get-file",
      "hidden": 1
    }
  },
  {
    "model": "core.airaction",
    "pk": 12,
    "fields": {
      "available_instance_resource": "allformpages",
      "action_name": "index",
      "hidden": 0
    }
  },
  {
    "model": "core.airaction",
    "pk": 13,
    "fields": {
      "available_instance_resource": "allformpages",
      "action_name": "get-file",
      "hidden": 1
    }
  },
  {
    "model": "core.airaction",
    "pk": 14,
    "fields": {
      "available_instance_resource": "formerror",
      "action_name": "form-error",
      "hidden": 0
    }
  },
  {
    "model": "core.airaction",
    "pk": 15,
    "fields": {
      "available_instance_resource": "editcirculation",
      "action_name": "edit",
      "hidden": 0
    }
  },
  {
    "model": "core.airaction",
    "pk": 16,
    "fields": {
      "available_instance_resource": "editcirculation",
      "action_name": "add",
      "hidden": 1
    }
  },
  {
    "model": "core.airaction",
    "pk": 17,
    "fields": {
      "available_instance_resource": "editcirculation",
      "action_name": "add-activation",
      "hidden": 1
    }
  },
  {
    "model": "core.airaction",
    "pk": 18,
    "fields": {
      "available_instance_resource": "editcirculation",
      "action_name": "get-image",
      "hidden": 1
    }
  },
  {
    "model": "core.airaction",
    "pk": 19,
    "fields": {
      "available_instance_resource": "circulation",
      "action_name": "index",
      "hidden": 0
    }
  },
  {
    "model": "core.airaction",
    "pk": 20,
    "fields": {
      "available_instance_resource": "circulation",
      "action_name": "get-image",
      "hidden": 1
    }
  },
  {
    "model": "core.airaction",
    "pk": 21,
    "fields": {
      "available_instance_resource": "editnotice",
      "action_name": "list-notice",
      "hidden": 0
    }
  },
  {
    "model": "core.airaction",
    "pk": 22,
    "fields": {
      "available_instance_resource": "editnotice",
      "action_name": "edit-notice",
      "hidden": 1
    }
  },
  {
    "model": "core.airaction",
    "pk": 23,
    "fields": {
      "available_instance_resource": "editnotice",
      "action_name": "get-image",
      "hidden": 1
    }
  },
  {
    "model": "core.airaction",
    "pk": 24,
    "fields": {
      "available_instance_resource": "editnotice",
      "action_name": "list",
      "hidden": 1
    }
  },
  {
    "model": "core.airaction",
    "pk": 25,
    "fields": {
      "available_instance_resource": "editnotice",
      "action_name": "upload",
      "hidden": 1
    }
  },
  {
    "model": "core.airaction",
    "pk": 26,
    "fields": {
      "available_instance_resource": "editcirculation",
      "action_name": "read-notice",
      "hidden": 1
    }
  },
  {
    "model": "core.airaction",
    "pk": 27,
    "fields": {
      "available_instance_resource": "circulation",
      "action_name": "read-notice",
      "hidden": 1
    }
  },
  {
    "model": "core.airaction",
    "pk": 28,
    "fields": {
      "available_instance_resource": "letter",
      "action_name": "index",
      "hidden": 0
    }
  },
  {
    "model": "core.airaction",
    "pk": 29,
    "fields": {
      "available_instance_resource": "letter",
      "action_name": "get-image",
      "hidden": 1
    }
  },
  {
    "model": "core.airaction",
    "pk": 30,
    "fields": {
      "available_instance_resource": "editletter",
      "action_name": "edit",
      "hidden": 0
    }
  },
  {
    "model": "core.airaction",
    "pk": 31,
    "fields": {
      "available_instance_resource": "editletter",
      "action_name": "get-image",
      "hidden": 1
    }
  },
  {
    "model": "core.airaction",
    "pk": 32,
    "fields": {
      "available_instance_resource": "editletter",
      "action_name": "list",
      "hidden": 1
    }
  },
  {
    "model": "core.airaction",
    "pk": 33,
    "fields": {
      "available_instance_resource": "editletter",
      "action_name": "upload",
      "hidden": 1
    }
  },
  {
    "model": "core.airaction",
    "pk": 34,
    "fields": {
      "available_instance_resource": "page",
      "action_name": "index",
      "hidden": 0
    }
  },
  {
    "model": "core.airaction",
    "pk": 35,
    "fields": {
      "available_instance_resource": "history",
      "action_name": "index",
      "hidden": 0
    }
  },
  {
    "model": "core.airaction",
    "pk": 36,
    "fields": {
      "available_instance_resource": "documents",
      "action_name": "list",
      "hidden": 0
    }
  },
  {
    "model": "core.airaction",
    "pk": 37,
    "fields": {
      "available_instance_resource": "documents",
      "action_name": "upload",
      "hidden": 1
    }
  },
  {
    "model": "core.airaction",
    "pk": 38,
    "fields": {
      "available_instance_resource": "documents",
      "action_name": "download",
      "hidden": 1
    }
  },
  {
    "model": "core.airaction",
    "pk": 39,
    "fields": {
      "available_instance_resource": "documents",
      "action_name": "preview",
      "hidden": 1
    }
  },
  {
    "model": "core.airaction",
    "pk": 40,
    "fields": {
      "available_instance_resource": "documents",
      "action_name": "delete",
      "hidden": 1
    }
  },
  {
    "model": "core.airaction",
    "pk": 41,
    "fields": {
      "available_instance_resource": "workflow",
      "action_name": "list",
      "hidden": 0
    }
  },
  {
    "model": "core.airaction",
    "pk": 42,
    "fields": {
      "available_instance_resource": "workflow",
      "action_name": "save",
      "hidden": 1
    }
  },
  {
    "model": "core.airaction",
    "pk": 43,
    "fields": {
      "available_instance_resource": "workflow",
      "action_name": "delete",
      "hidden": 1
    }
  },
  {
    "model": "core.airaction",
    "pk": 44,
    "fields": {
      "available_instance_resource": "billing",
      "action_name": "edit",
      "hidden": 0
    }
  },
  {
    "model": "core.airaction",
    "pk": 45,
    "fields": {
      "available_instance_resource": "billing",
      "action_name": "insert",
      "hidden": 1
    }
  },
  {
    "model": "core.airaction",
    "pk": 46,
    "fields": {
      "available_instance_resource": "billing",
      "action_name": "delete",
      "hidden": 1
    }
  },
  {
    "model": "core.airaction",
    "pk": 47,
    "fields": {
      "available_instance_resource": "publication",
      "action_name": "list",
      "hidden": 0
    }
  },
  {
    "model": "core.airaction",
    "pk": 48,
    "fields": {
      "available_instance_resource": "publication",
      "action_name": "save",
      "hidden": 1
    }
  },
  {
    "model": "core.airaction",
    "pk": 49,
    "fields": {
      "available_instance_resource": "publication",
      "action_name": "publish",
      "hidden": 1
    }
  },
  {
    "model": "core.airaction",
    "pk": 50,
    "fields": {
      "available_instance_resource": "circulation",
      "action_name": "get-file",
      "hidden": 1
    }
  },
  {
    "model": "core.airaction",
    "pk": 51,
    "fields": {
      "available_instance_resource": "editnotice",
      "action_name": "get-file",
      "hidden": 1
    }
  },
  {
    "model": "core.airaction",
    "pk": 52,
    "fields": {
      "available_instance_resource": "editcirculation",
      "action_name": "get-file",
      "hidden": 1
    }
  },
  {
    "model": "core.airaction",
    "pk": 53,
    "fields": {
      "available_instance_resource": "publication",
      "action_name": "preview",
      "hidden": 1
    }
  },
  {
    "model": "core.airaction",
    "pk": 54,
    "fields": {
      "available_instance_resource": "billing",
      "action_name": "complete",
      "hidden": 1
    }
  },
  {
    "model": "core.airaction",
    "pk": 55,
    "fields": {
      "available_instance_resource": "documents",
      "action_name": "navigate",
      "hidden": 1
    }
  },
  {
    "model": "core.airaction",
    "pk": 56,
    "fields": {
      "available_instance_resource": "documents_portal_submit",
      "action_name": "submit",
      "hidden": 1
    }
  },
  {
    "model": "core.airaction",
    "pk": 57,
    "fields": {
      "available_instance_resource": "documents_portal_submit",
      "action_name": "back",
      "hidden": 1
    }
  },
  {
    "model": "core.airaction",
    "pk": 58,
    "fields": {
      "available_instance_resource": "documents_portal",
      "action_name": "delete",
      "hidden": 1
    }
  },
  {
    "model": "core.airaction",
    "pk": 59,
    "fields": {
      "available_instance_resource": "documents_portal",
      "action_name": "list",
      "hidden": 0
    }
  },
  {
    "model": "core.airaction",
    "pk": 60,
    "fields": {
      "available_instance_resource": "documents_portal_submit",
      "action_name": "index",
      "hidden": 0
    }
  },
  {
    "model": "core.airaction",
    "pk": 61,
    "fields": {
      "available_instance_resource": "documents_portal",
      "action_name": "download",
      "hidden": 1
    }
  },
  {
    "model": "core.airaction",
    "pk": 62,
    "fields": {
      "available_instance_resource": "documents_portal",
      "action_name": "navigate",
      "hidden": 1
    }
  },
  {
    "model": "core.airaction",
    "pk": 63,
    "fields": {
      "available_instance_resource": "documents_portal",
      "action_name": "preview",
      "hidden": 1
    }
  },
  {
    "model": "core.airaction",
    "pk": 64,
    "fields": {
      "available_instance_resource": "buildingauthority",
      "action_name": "edit",
      "hidden": 0
    }
  },
  {
    "model": "core.airaction",
    "pk": 65,
    "fields": {
      "available_instance_resource": "sanction",
      "action_name": "delete",
      "hidden": 1
    }
  },
  {
    "model": "core.airaction",
    "pk": 66,
    "fields": {
      "available_instance_resource": "buildingauthority",
      "action_name": "notify",
      "hidden": 1
    }
  },
  {
    "model": "core.airaction",
    "pk": 67,
    "fields": {
      "available_instance_resource": "sanction",
      "action_name": "edit",
      "hidden": 1
    }
  },
  {
    "model": "core.airaction",
    "pk": 68,
    "fields": {
      "available_instance_resource": "documents",
      "action_name": "upload-parcel-picture",
      "hidden": 1
    }
  },
  {
    "model": "core.airaction",
    "pk": 69,
    "fields": {
      "available_instance_resource": "sanction",
      "action_name": "list",
      "hidden": 0
    }
  },
  {
    "model": "core.airaction",
    "pk": 70,
    "fields": {
      "available_instance_resource": "bab",
      "action_name": "save",
      "hidden": 1
    }
  },
  {
    "model": "core.airaction",
    "pk": 71,
    "fields": {
      "available_instance_resource": "bab",
      "action_name": "edit",
      "hidden": 0
    }
  },
  {
    "model": "core.airaction",
    "pk": 72,
    "fields": {
      "available_instance_resource": "documents",
      "action_name": "toggle-publish",
      "hidden": 1
    }
  },
  {
    "model": "core.airaction",
    "pk": 73,
    "fields": {
      "available_instance_resource": "bab",
      "action_name": "get",
      "hidden": 1
    }
  },
  {
    "model": "core.airaction",
    "pk": 74,
    "fields": {
      "available_instance_resource": "documents",
      "action_name": "download-section",
      "hidden": 1
    }
  },
  {
    "model": "core.airaction",
    "pk": 75,
    "fields": {
      "available_instance_resource": "editcirculation",
      "action_name": "rename",
      "hidden": 1
    }
  },
  {
    "model": "core.airaction",
    "pk": 76,
    "fields": {
      "available_instance_resource": "documents",
      "action_name": "copy-decision-document",
      "hidden": 1
    }
  },
  {
    "model": "core.airaction",
    "pk": 77,
    "fields": {
      "available_instance_resource": "documents",
      "action_name": "delete-decision-document",
      "hidden": 1
    }
  },
  {
    "model": "core.airaction",
    "pk": 180000,
    "fields": {
      "available_instance_resource": "dashboard",
      "action_name": "index",
      "hidden": 0
    }
  },
  {
    "model": "core.airaction",
    "pk": 12000001,
    "fields": {
      "available_instance_resource": "apidocuments",
      "action_name": "list",
      "hidden": 0
    }
  },
  {
    "model": "core.airaction",
    "pk": 12000002,
    "fields": {
      "available_instance_resource": "apidocuments",
      "action_name": "delete",
      "hidden": 1
    }
  },
  {
    "model": "core.airaction",
    "pk": 12000003,
    "fields": {
      "available_instance_resource": "apidocuments",
      "action_name": "upload",
      "hidden": 1
    }
  },
  {
    "model": "core.airaction",
    "pk": 12000004,
    "fields": {
      "available_instance_resource": "apidocuments",
      "action_name": "download",
      "hidden": 1
    }
  },
  {
    "model": "core.airaction",
    "pk": 15000000,
    "fields": {
      "available_instance_resource": "taskform",
      "action_name": "index",
      "hidden": 0
    }
  },
  {
    "model": "core.answerlist",
    "pk": 1,
    "fields": {
      "question": 4,
      "value": "abm",
      "name": "Brandschutz (ABM)",
      "sort": 0
    }
  },
  {
    "model": "core.answerlist",
    "pk": 2,
    "fields": {
      "question": 4,
      "value": "afe",
      "name": "Energienachweis",
      "sort": 1
    }
  },
  {
    "model": "core.answerlist",
    "pk": 4,
    "fields": {
      "question": 4,
      "value": "qgp",
      "name": "Sondernutzungsplanung (QGP / QP)",
      "sort": 3
    }
  },
  {
    "model": "core.answerlist",
    "pk": 5,
    "fields": {
      "question": 4,
      "value": "nhsdenkmal",
      "name": "kommunales Kulturobjekt (NHS Denkmalpflege)",
      "sort": 4
    }
  },
  {
    "model": "core.answerlist",
    "pk": 6,
    "fields": {
      "question": 4,
      "value": "nhsschutz",
      "name": "kommunales Schutzobjekt /-gebiet (NHS)",
      "sort": 5
    }
  },
  {
    "model": "core.answerlist",
    "pk": 21,
    "fields": {
      "question": 22,
      "value": "W1",
      "name": "Wohnzone 1",
      "sort": 0
    }
  },
  {
    "model": "core.answerlist",
    "pk": 22,
    "fields": {
      "question": 22,
      "value": "W2",
      "name": "Wohnzone 2",
      "sort": 1
    }
  },
  {
    "model": "core.answerlist",
    "pk": 23,
    "fields": {
      "question": 22,
      "value": "W3",
      "name": "Wohnzone 3",
      "sort": 7
    }
  },
  {
    "model": "core.answerlist",
    "pk": 24,
    "fields": {
      "question": 22,
      "value": "W4",
      "name": "Wohnzone 4",
      "sort": 8
    }
  },
  {
    "model": "core.answerlist",
    "pk": 26,
    "fields": {
      "question": 22,
      "value": "GE",
      "name": "Gewerbezone",
      "sort": 15
    }
  },
  {
    "model": "core.answerlist",
    "pk": 27,
    "fields": {
      "question": 22,
      "value": "I",
      "name": "Industriezone",
      "sort": 18
    }
  },
  {
    "model": "core.answerlist",
    "pk": 28,
    "fields": {
      "question": 22,
      "value": "WG2",
      "name": "Wohn- und Gewerbezone 2",
      "sort": 21
    }
  },
  {
    "model": "core.answerlist",
    "pk": 29,
    "fields": {
      "question": 22,
      "value": "WG3",
      "name": "Wohn- und Gewerbezone 3",
      "sort": 22
    }
  },
  {
    "model": "core.answerlist",
    "pk": 30,
    "fields": {
      "question": 22,
      "value": "WG4",
      "name": "Wohn- und Gewerbezone 4",
      "sort": 23
    }
  },
  {
    "model": "core.answerlist",
    "pk": 31,
    "fields": {
      "question": 22,
      "value": "K1",
      "name": "Kernzone 1",
      "sort": 25
    }
  },
  {
    "model": "core.answerlist",
    "pk": 32,
    "fields": {
      "question": 22,
      "value": "K3",
      "name": "Kernzone 3",
      "sort": 27
    }
  },
  {
    "model": "core.answerlist",
    "pk": 33,
    "fields": {
      "question": 22,
      "value": "BZ",
      "name": "Bahnhofzone",
      "sort": 29
    }
  },
  {
    "model": "core.answerlist",
    "pk": 34,
    "fields": {
      "question": 22,
      "value": "OE",
      "name": "Zone für öffentliche Bauten und Anlagen",
      "sort": 30
    }
  },
  {
    "model": "core.answerlist",
    "pk": 35,
    "fields": {
      "question": 22,
      "value": "FZ",
      "name": "Freihaltezone",
      "sort": 31
    }
  },
  {
    "model": "core.answerlist",
    "pk": 36,
    "fields": {
      "question": 22,
      "value": "TZ",
      "name": "Tourismuszone",
      "sort": 32
    }
  },
  {
    "model": "core.answerlist",
    "pk": 37,
    "fields": {
      "question": 22,
      "value": "SF",
      "name": "Zone für Sport- und Freizeitanlagen",
      "sort": 33
    }
  },
  {
    "model": "core.answerlist",
    "pk": 38,
    "fields": {
      "question": 22,
      "value": "VF",
      "name": "Verkehrsfläche innerhalb Bauzonen",
      "sort": 35
    }
  },
  {
    "model": "core.answerlist",
    "pk": 39,
    "fields": {
      "question": 22,
      "value": "AB",
      "name": "Zone für besondere Anlagen und Betriebsstätten",
      "sort": 37
    }
  },
  {
    "model": "core.answerlist",
    "pk": 40,
    "fields": {
      "question": 22,
      "value": "L",
      "name": "Landwirtschaftszone",
      "sort": 43
    }
  },
  {
    "model": "core.answerlist",
    "pk": 41,
    "fields": {
      "question": 22,
      "value": "SL",
      "name": "Speziallandwirtschaftszone",
      "sort": 44
    }
  },
  {
    "model": "core.answerlist",
    "pk": 42,
    "fields": {
      "question": 22,
      "value": "RB",
      "name": "Rebbauzone",
      "sort": 45
    }
  },
  {
    "model": "core.answerlist",
    "pk": 43,
    "fields": {
      "question": 22,
      "value": "NSl",
      "name": "Naturschutzzone lokal",
      "sort": 46
    }
  },
  {
    "model": "core.answerlist",
    "pk": 44,
    "fields": {
      "question": 22,
      "value": "FZaB",
      "name": "Freihaltezone ausserhalb Bauzonen",
      "sort": 47
    }
  },
  {
    "model": "core.answerlist",
    "pk": 45,
    "fields": {
      "question": 22,
      "value": "GR",
      "name": "Gewässerraumzone",
      "sort": 48
    }
  },
  {
    "model": "core.answerlist",
    "pk": 46,
    "fields": {
      "question": 22,
      "value": "Ge",
      "name": "Gewässer",
      "sort": 49
    }
  },
  {
    "model": "core.answerlist",
    "pk": 47,
    "fields": {
      "question": 22,
      "value": "WZ",
      "name": "Weilerzone",
      "sort": 50
    }
  },
  {
    "model": "core.answerlist",
    "pk": 48,
    "fields": {
      "question": 22,
      "value": "VFaB",
      "name": "Verkehrsfläche ausserhalb Bauzonen",
      "sort": 51
    }
  },
  {
    "model": "core.answerlist",
    "pk": 49,
    "fields": {
      "question": 22,
      "value": "RZ",
      "name": "Reservezone",
      "sort": 52
    }
  },
  {
    "model": "core.answerlist",
    "pk": 50,
    "fields": {
      "question": 22,
      "value": "Wa",
      "name": "Wald",
      "sort": 54
    }
  },
  {
    "model": "core.answerlist",
    "pk": 51,
    "fields": {
      "question": 22,
      "value": "D",
      "name": "Deponiezone",
      "sort": 55
    }
  },
  {
    "model": "core.answerlist",
    "pk": 52,
    "fields": {
      "question": 22,
      "value": "A",
      "name": "Abbauzone",
      "sort": 56
    }
  },
  {
    "model": "core.answerlist",
    "pk": 53,
    "fields": {
      "question": 22,
      "value": "AD",
      "name": "Abbau- und Deponiezone",
      "sort": 57
    }
  },
  {
    "model": "core.answerlist",
    "pk": 54,
    "fields": {
      "question": 22,
      "value": "SFG",
      "name": "Zone für Sport- und Freizeitanlagen Golf",
      "sort": 58
    }
  },
  {
    "model": "core.answerlist",
    "pk": 62,
    "fields": {
      "question": 94,
      "value": "OS",
      "name": "Ortsbildschutzzone",
      "sort": 0
    }
  },
  {
    "model": "core.answerlist",
    "pk": 63,
    "fields": {
      "question": 94,
      "value": "SOK",
      "name": "Schutzobjekt in Kernzonen",
      "sort": 2
    }
  },
  {
    "model": "core.answerlist",
    "pk": 64,
    "fields": {
      "question": 94,
      "value": "Arch",
      "name": "Archäologisches Funderwartungsgebiet",
      "sort": 3
    }
  },
  {
    "model": "core.answerlist",
    "pk": 65,
    "fields": {
      "question": 94,
      "value": "NSlü",
      "name": "Naturschutzzone lokal, überlagert",
      "sort": 4
    }
  },
  {
    "model": "core.answerlist",
    "pk": 66,
    "fields": {
      "question": 94,
      "value": "LSl",
      "name": "Landschaftsschutzzone lokal",
      "sort": 5
    }
  },
  {
    "model": "core.answerlist",
    "pk": 67,
    "fields": {
      "question": 94,
      "value": "LpB",
      "name": "Gebiet mit landschaftsprägenden Bauten",
      "sort": 6
    }
  },
  {
    "model": "core.answerlist",
    "pk": 68,
    "fields": {
      "question": 94,
      "value": "TrS",
      "name": "Gebiet mit traditioneller Streubauweise",
      "sort": 7
    }
  },
  {
    "model": "core.answerlist",
    "pk": 69,
    "fields": {
      "question": 94,
      "value": "GRü",
      "name": "Gewässerraumzone, überlagert",
      "sort": 8
    }
  },
  {
    "model": "core.answerlist",
    "pk": 70,
    "fields": {
      "question": 94,
      "value": "GZr",
      "name": "Gefahrenzone rot",
      "sort": 10
    }
  },
  {
    "model": "core.answerlist",
    "pk": 71,
    "fields": {
      "question": 94,
      "value": "GZb",
      "name": "Gefahrenzone blau",
      "sort": 11
    }
  },
  {
    "model": "core.answerlist",
    "pk": 72,
    "fields": {
      "question": 94,
      "value": "GZg",
      "name": "Gefahrenzone gelb",
      "sort": 12
    }
  },
  {
    "model": "core.answerlist",
    "pk": 73,
    "fields": {
      "question": 94,
      "value": "ZW",
      "name": "Zone für Wintersport",
      "sort": 13
    }
  },
  {
    "model": "core.answerlist",
    "pk": 74,
    "fields": {
      "question": 94,
      "value": "Dü",
      "name": "Deponiezone, überlagert",
      "sort": 14
    }
  },
  {
    "model": "core.answerlist",
    "pk": 75,
    "fields": {
      "question": 94,
      "value": "Aü",
      "name": "Abbauzone, überlagert",
      "sort": 15
    }
  },
  {
    "model": "core.answerlist",
    "pk": 76,
    "fields": {
      "question": 94,
      "value": "ABü",
      "name": "Zone für besondere Anlagen und Betriebsstätten, überlagert",
      "sort": 16
    }
  },
  {
    "model": "core.answerlist",
    "pk": 77,
    "fields": {
      "question": 94,
      "value": "ZBG",
      "name": "Zone für Bauten in Gewässern",
      "sort": 18
    }
  },
  {
    "model": "core.answerlist",
    "pk": 78,
    "fields": {
      "question": 94,
      "value": "SFü",
      "name": "Zone für Sport- und Freizeitanlagen, überlagert",
      "sort": 19
    }
  },
  {
    "model": "core.answerlist",
    "pk": 79,
    "fields": {
      "question": 94,
      "value": "QPr",
      "name": "Bereich rechtsgültiger Quartierplan",
      "sort": 21
    }
  },
  {
    "model": "core.answerlist",
    "pk": 80,
    "fields": {
      "question": 94,
      "value": "QGPr",
      "name": "Bereich rechtsgültiger Quartiergestaltungsplan",
      "sort": 22
    }
  },
  {
    "model": "core.answerlist",
    "pk": 81,
    "fields": {
      "question": 94,
      "value": "QPp",
      "name": "Zone mit Quartierplanpflicht",
      "sort": 24
    }
  },
  {
    "model": "core.answerlist",
    "pk": 82,
    "fields": {
      "question": 94,
      "value": "QGPp",
      "name": "Zone mit Quartiergestaltungsplanpflicht",
      "sort": 25
    }
  },
  {
    "model": "core.answerlist",
    "pk": 83,
    "fields": {
      "question": 94,
      "value": "NvI",
      "name": "Nutzungsvorbehalt Immissionsschutz",
      "sort": 26
    }
  },
  {
    "model": "core.answerlist",
    "pk": 84,
    "fields": {
      "question": 94,
      "value": "GvRR",
      "name": "Genehmigungsvorbehalt RR",
      "sort": 27
    }
  },
  {
    "model": "core.answerlist",
    "pk": 85,
    "fields": {
      "question": 94,
      "value": "wfF",
      "name": "weitere flächenbezogene Festlegung",
      "sort": 28
    }
  },
  {
    "model": "core.answerlist",
    "pk": 86,
    "fields": {
      "question": 94,
      "value": "BLS",
      "name": "Baulinie Strasse",
      "sort": 34
    }
  },
  {
    "model": "core.answerlist",
    "pk": 87,
    "fields": {
      "question": 94,
      "value": "BLG",
      "name": "Baulinie Gewässer",
      "sort": 35
    }
  },
  {
    "model": "core.answerlist",
    "pk": 88,
    "fields": {
      "question": 94,
      "value": "BLI",
      "name": "Baulinie Immissionsschutz",
      "sort": 36
    }
  },
  {
    "model": "core.answerlist",
    "pk": 89,
    "fields": {
      "question": 94,
      "value": "BL",
      "name": "weitere Baulinie (gem. Art. 49 PBG)",
      "sort": 37
    }
  },
  {
    "model": "core.answerlist",
    "pk": 90,
    "fields": {
      "question": 94,
      "value": "NOll",
      "name": "Naturobjekt lokal, linear",
      "sort": 38
    }
  },
  {
    "model": "core.answerlist",
    "pk": 91,
    "fields": {
      "question": 94,
      "value": "KOll",
      "name": "Kulturobjekt lokal, linear",
      "sort": 39
    }
  },
  {
    "model": "core.answerlist",
    "pk": 93,
    "fields": {
      "question": 94,
      "value": "NOl",
      "name": "Naturobjekt lokal",
      "sort": 43
    }
  },
  {
    "model": "core.answerlist",
    "pk": 94,
    "fields": {
      "question": 94,
      "value": "KOl",
      "name": "Kulturobjekt lokal",
      "sort": 45
    }
  },
  {
    "model": "core.answerlist",
    "pk": 95,
    "fields": {
      "question": 94,
      "value": "EO",
      "name": "Einzelobjekt in Kern- und Schutzzonen",
      "sort": 46
    }
  },
  {
    "model": "core.answerlist",
    "pk": 97,
    "fields": {
      "question": 95,
      "value": "GSZ",
      "name": "Grundwasserschutzzone",
      "sort": 0
    }
  },
  {
    "model": "core.answerlist",
    "pk": 98,
    "fields": {
      "question": 95,
      "value": "GSZp",
      "name": "Grundwasserschutzzonen provisorisch",
      "sort": 1
    }
  },
  {
    "model": "core.answerlist",
    "pk": 99,
    "fields": {
      "question": 95,
      "value": "GSA",
      "name": "Grundwasserschutzareale",
      "sort": 2
    }
  },
  {
    "model": "core.answerlist",
    "pk": 100,
    "fields": {
      "question": 95,
      "value": "GSAp",
      "name": "Grundwasserschutzareale provisorisch",
      "sort": 3
    }
  },
  {
    "model": "core.answerlist",
    "pk": 101,
    "fields": {
      "question": 95,
      "value": "GG",
      "name": "Gefahrengebiet",
      "sort": 4
    }
  },
  {
    "model": "core.answerlist",
    "pk": 102,
    "fields": {
      "question": 95,
      "value": "WR",
      "name": "Waldreservat",
      "sort": 6
    }
  },
  {
    "model": "core.answerlist",
    "pk": 103,
    "fields": {
      "question": 95,
      "value": "NSrn",
      "name": "Naturschutzzone regional / national",
      "sort": 7
    }
  },
  {
    "model": "core.answerlist",
    "pk": 104,
    "fields": {
      "question": 95,
      "value": "LSrn",
      "name": "Landschaftsschutzzone regional / national",
      "sort": 9
    }
  },
  {
    "model": "core.answerlist",
    "pk": 105,
    "fields": {
      "question": 95,
      "value": "NOrnl",
      "name": "Naturobjekt regional / national, linear",
      "sort": 11
    }
  },
  {
    "model": "core.answerlist",
    "pk": 106,
    "fields": {
      "question": 95,
      "value": "NOrn",
      "name": "Naturobjekt regional / national, punktförmig",
      "sort": 12
    }
  },
  {
    "model": "core.answerlist",
    "pk": 107,
    "fields": {
      "question": 95,
      "value": "KOrn",
      "name": "Kulturobjekt regional / national, punktförmig",
      "sort": 14
    }
  },
  {
    "model": "core.answerlist",
    "pk": 108,
    "fields": {
      "question": 95,
      "value": "FFF",
      "name": "Fruchtfolgefläche",
      "sort": 15
    }
  },
  {
    "model": "core.answerlist",
    "pk": 109,
    "fields": {
      "question": 95,
      "value": "WRZ",
      "name": "Wildruhezone",
      "sort": 5
    }
  },
  {
    "model": "core.answerlist",
    "pk": 110,
    "fields": {
      "question": 97,
      "value": "21",
      "name": "Neubau",
      "sort": 0
    }
  },
  {
    "model": "core.answerlist",
    "pk": 111,
    "fields": {
      "question": 97,
      "value": "22",
      "name": "Umbau",
      "sort": 1
    }
  },
  {
    "model": "core.answerlist",
    "pk": 112,
    "fields": {
      "question": 97,
      "value": "23",
      "name": "An/Aufbau",
      "sort": 2
    }
  },
  {
    "model": "core.answerlist",
    "pk": 113,
    "fields": {
      "question": 97,
      "value": "24",
      "name": "Zweckänderung",
      "sort": 3
    }
  },
  {
    "model": "core.answerlist",
    "pk": 114,
    "fields": {
      "question": 97,
      "value": "25",
      "name": "Terrainveränderung",
      "sort": 4
    }
  },
  {
    "model": "core.answerlist",
    "pk": 115,
    "fields": {
      "question": 97,
      "value": "26",
      "name": "Abbruch",
      "sort": 5
    }
  },
  {
    "model": "core.answerlist",
    "pk": 116,
    "fields": {
      "question": 97,
      "value": "27",
      "name": "Reklame",
      "sort": 6
    }
  },
  {
    "model": "core.answerlist",
    "pk": 117,
    "fields": {
      "question": 97,
      "value": "28",
      "name": "Garage",
      "sort": 7
    }
  },
  {
    "model": "core.answerlist",
    "pk": 118,
    "fields": {
      "question": 97,
      "value": "29",
      "name": "Solaranlage",
      "sort": 8
    }
  },
  {
    "model": "core.answerlist",
    "pk": 119,
    "fields": {
      "question": 97,
      "value": "30",
      "name": "Fassadensanierung",
      "sort": 9
    }
  },
  {
    "model": "core.answerlist",
    "pk": 120,
    "fields": {
      "question": 97,
      "value": "31",
      "name": "EFH",
      "sort": 10
    }
  },
  {
    "model": "core.answerlist",
    "pk": 121,
    "fields": {
      "question": 97,
      "value": "32",
      "name": "MFH",
      "sort": 11
    }
  },
  {
    "model": "core.answerlist",
    "pk": 122,
    "fields": {
      "question": 97,
      "value": "33",
      "name": "Geschäftshaus",
      "sort": 12
    }
  },
  {
    "model": "core.answerlist",
    "pk": 123,
    "fields": {
      "question": 97,
      "value": "34",
      "name": "Lagergebaude",
      "sort": 13
    }
  },
  {
    "model": "core.answerlist",
    "pk": 124,
    "fields": {
      "question": 97,
      "value": "35",
      "name": "Antennenanlage",
      "sort": 14
    }
  },
  {
    "model": "core.answerlist",
    "pk": 125,
    "fields": {
      "question": 97,
      "value": "36",
      "name": "Unterkellerung",
      "sort": 15
    }
  },
  {
    "model": "core.answerlist",
    "pk": 126,
    "fields": {
      "question": 99,
      "value": "I",
      "name": "Industrie",
      "sort": 0
    }
  },
  {
    "model": "core.answerlist",
    "pk": 127,
    "fields": {
      "question": 99,
      "value": "D",
      "name": "Dienstleistung",
      "sort": 1
    }
  },
  {
    "model": "core.answerlist",
    "pk": 128,
    "fields": {
      "question": 99,
      "value": "B",
      "name": "Büro",
      "sort": 2
    }
  },
  {
    "model": "core.answerlist",
    "pk": 129,
    "fields": {
      "question": 99,
      "value": "W",
      "name": "Wohnen",
      "sort": 3
    }
  },
  {
    "model": "core.answerlist",
    "pk": 130,
    "fields": {
      "question": 99,
      "value": "G",
      "name": "Gewerbe",
      "sort": 4
    }
  },
  {
    "model": "core.answerlist",
    "pk": 131,
    "fields": {
      "question": 99,
      "value": "La",
      "name": "Lager",
      "sort": 5
    }
  },
  {
    "model": "core.answerlist",
    "pk": 132,
    "fields": {
      "question": 99,
      "value": "L",
      "name": "Landwirtschaft",
      "sort": 6
    }
  },
  {
    "model": "core.answerlist",
    "pk": 133,
    "fields": {
      "question": 99,
      "value": "Pr",
      "name": "Produktion",
      "sort": 7
    }
  },
  {
    "model": "core.answerlist",
    "pk": 150,
    "fields": {
      "question": 121,
      "value": "verfuegung",
      "name": "Verfügung",
      "sort": 0
    }
  },
  {
    "model": "core.answerlist",
    "pk": 170,
    "fields": {
      "question": 121,
      "value": "stellungnahme",
      "name": "Stellungnahme",
      "sort": 1
    }
  },
  {
    "model": "core.answerlist",
    "pk": 171,
    "fields": {
      "question": 121,
      "value": "mitbericht",
      "name": "Mitbericht",
      "sort": 2
    }
  },
  {
    "model": "core.answerlist",
    "pk": 172,
    "fields": {
      "question": 141,
      "value": "verfuegung",
      "name": "Verfügung",
      "sort": 0
    }
  },
  {
    "model": "core.answerlist",
    "pk": 173,
    "fields": {
      "question": 141,
      "value": "stellungnahme",
      "name": "Stellungnahme",
      "sort": 1
    }
  },
  {
    "model": "core.answerlist",
    "pk": 174,
    "fields": {
      "question": 141,
      "value": "mitbericht",
      "name": "Mitbericht",
      "sort": 5
    }
  },
  {
    "model": "core.answerlist",
    "pk": 175,
    "fields": {
      "question": 141,
      "value": "planbegutachtung",
      "name": "Planbegutachtung",
      "sort": 6
    }
  },
  {
    "model": "core.answerlist",
    "pk": 176,
    "fields": {
      "question": 141,
      "value": "Planvisum",
      "name": "Planvisum",
      "sort": 7
    }
  },
  {
    "model": "core.answerlist",
    "pk": 177,
    "fields": {
      "question": 141,
      "value": "fachtech",
      "name": "Fachtechnische Beurteilung",
      "sort": 2
    }
  },
  {
    "model": "core.answerlist",
    "pk": 178,
    "fields": {
      "question": 141,
      "value": "internemitteilung",
      "name": "Interner Kurzbericht via URec",
      "sort": 3
    }
  },
  {
    "model": "core.answerlist",
    "pk": 179,
    "fields": {
      "question": 141,
      "value": "andere",
      "name": "Andere",
      "sort": 11
    }
  },
  {
    "model": "core.answerlist",
    "pk": 180,
    "fields": {
      "question": 141,
      "value": "rechnung",
      "name": "Rechnung / Gebühr",
      "sort": 4
    }
  },
  {
    "model": "core.answerlist",
    "pk": 181,
    "fields": {
      "question": 141,
      "value": "Keine Stellungnahme",
      "name": "Keine Stellungnahme",
      "sort": 9
    }
  },
  {
    "model": "core.answerlist",
    "pk": 182,
    "fields": {
      "question": 141,
      "value": "nichtbetroffen",
      "name": "Fachstelle nicht betroffen",
      "sort": 10
    }
  },
  {
    "model": "core.answerlist",
    "pk": 210,
    "fields": {
      "question": 22,
      "value": "RZu",
      "name": "Reservezone, unproduktiv",
      "sort": 53
    }
  },
  {
    "model": "core.answerlist",
    "pk": 230,
    "fields": {
      "question": 22,
      "value": "W2K",
      "name": "Wohnzone 2 Kirchhügel",
      "sort": 5
    }
  },
  {
    "model": "core.answerlist",
    "pk": 231,
    "fields": {
      "question": 22,
      "value": "W2a",
      "name": "Wohnzone 2a",
      "sort": 2
    }
  },
  {
    "model": "core.answerlist",
    "pk": 232,
    "fields": {
      "question": 22,
      "value": "W2b",
      "name": "Wohnzone 2b",
      "sort": 3
    }
  },
  {
    "model": "core.answerlist",
    "pk": 233,
    "fields": {
      "question": 22,
      "value": "W2c",
      "name": "Wohnzone 2c",
      "sort": 4
    }
  },
  {
    "model": "core.answerlist",
    "pk": 234,
    "fields": {
      "question": 22,
      "value": "WE",
      "name": "Wohnzone Eggberge",
      "sort": 6
    }
  },
  {
    "model": "core.answerlist",
    "pk": 235,
    "fields": {
      "question": 22,
      "value": "WL",
      "name": "Wohnzone im Landschaftsgebiet",
      "sort": 13
    }
  },
  {
    "model": "core.answerlist",
    "pk": 236,
    "fields": {
      "question": 22,
      "value": "WK",
      "name": "Wohnzone Kolonie",
      "sort": 12
    }
  },
  {
    "model": "core.answerlist",
    "pk": 237,
    "fields": {
      "question": 22,
      "value": "WSRütli",
      "name": "Sonderwohnzone Rütli",
      "sort": 11
    }
  },
  {
    "model": "core.answerlist",
    "pk": 238,
    "fields": {
      "question": 22,
      "value": "WGE",
      "name": "Wohn- und Gewerbezone Eggberge",
      "sort": 24
    }
  },
  {
    "model": "core.answerlist",
    "pk": 239,
    "fields": {
      "question": 22,
      "value": "K2",
      "name": "Kernzone 2",
      "sort": 26
    }
  },
  {
    "model": "core.answerlist",
    "pk": 240,
    "fields": {
      "question": 22,
      "value": "K4",
      "name": "Kernzone 4",
      "sort": 28
    }
  },
  {
    "model": "core.answerlist",
    "pk": 241,
    "fields": {
      "question": 22,
      "value": "I1",
      "name": "Industriezone 1",
      "sort": 19
    }
  },
  {
    "model": "core.answerlist",
    "pk": 242,
    "fields": {
      "question": 22,
      "value": "I2",
      "name": "Industriezone 2",
      "sort": 20
    }
  },
  {
    "model": "core.answerlist",
    "pk": 243,
    "fields": {
      "question": 22,
      "value": "ABEC",
      "name": "Zone für besondere Anlage und Betriebsstätte Event-Center",
      "sort": 38
    }
  },
  {
    "model": "core.answerlist",
    "pk": 244,
    "fields": {
      "question": 22,
      "value": "WS",
      "name": "Sonderwohnzone",
      "sort": 9
    }
  },
  {
    "model": "core.answerlist",
    "pk": 245,
    "fields": {
      "question": 22,
      "value": "BZB",
      "name": "BZ Brüsti",
      "sort": 10
    }
  },
  {
    "model": "core.answerlist",
    "pk": 246,
    "fields": {
      "question": 22,
      "value": "Eh",
      "name": "Erholungszone",
      "sort": 34
    }
  },
  {
    "model": "core.answerlist",
    "pk": 247,
    "fields": {
      "question": 22,
      "value": "FPZ",
      "name": "Flugplatzzone",
      "sort": 36
    }
  },
  {
    "model": "core.answerlist",
    "pk": 248,
    "fields": {
      "question": 22,
      "value": "ABE",
      "name": "Gewerbesonderzone Eielen",
      "sort": 39
    }
  },
  {
    "model": "core.answerlist",
    "pk": 249,
    "fields": {
      "question": 22,
      "value": "ABH",
      "name": "Gewerbesonderzone Harder",
      "sort": 40
    }
  },
  {
    "model": "core.answerlist",
    "pk": 250,
    "fields": {
      "question": 22,
      "value": "ABN",
      "name": "Niederhofen",
      "sort": 41
    }
  },
  {
    "model": "core.answerlist",
    "pk": 251,
    "fields": {
      "question": 22,
      "value": "ABSH",
      "name": "Sondernutzungszone Holzheizwerk",
      "sort": 42
    }
  },
  {
    "model": "core.answerlist",
    "pk": 252,
    "fields": {
      "question": 22,
      "value": "SZB",
      "name": "Sonderzone Baugruppen",
      "sort": 14
    }
  },
  {
    "model": "core.answerlist",
    "pk": 253,
    "fields": {
      "question": 95,
      "value": "KOrnl",
      "name": "Kulturobjekt regional / national, linear",
      "sort": 13
    }
  },
  {
    "model": "core.answerlist",
    "pk": 254,
    "fields": {
      "question": 94,
      "value": "KOIIGM",
      "name": "Geschützte Mauer",
      "sort": 40
    }
  },
  {
    "model": "core.answerlist",
    "pk": 255,
    "fields": {
      "question": 94,
      "value": "NOIEB",
      "name": "Einzelbaum",
      "sort": 44
    }
  },
  {
    "model": "core.answerlist",
    "pk": 256,
    "fields": {
      "question": 94,
      "value": "EOSG",
      "name": "Schutzwürdige Gebäude",
      "sort": 47
    }
  },
  {
    "model": "core.answerlist",
    "pk": 257,
    "fields": {
      "question": 95,
      "value": "FM",
      "name": "Flachmoor",
      "sort": 8
    }
  },
  {
    "model": "core.answerlist",
    "pk": 258,
    "fields": {
      "question": 95,
      "value": "GmsB",
      "name": "Gebiete mit schützenswerter Bausubstanz",
      "sort": 10
    }
  },
  {
    "model": "core.answerlist",
    "pk": 260,
    "fields": {
      "question": 94,
      "value": "VB",
      "name": "Gebiet mit verdichteter Bauweise",
      "sort": 29
    }
  },
  {
    "model": "core.answerlist",
    "pk": 261,
    "fields": {
      "question": 94,
      "value": "QRPr",
      "name": "Bereich rechtsgültiger Quartierrichtplan",
      "sort": 20
    }
  },
  {
    "model": "core.answerlist",
    "pk": 262,
    "fields": {
      "question": 94,
      "value": "AR",
      "name": "Abfahrtsrouten",
      "sort": 30
    }
  },
  {
    "model": "core.answerlist",
    "pk": 263,
    "fields": {
      "question": 94,
      "value": "F",
      "name": "Fernsprenganlagen",
      "sort": 31
    }
  },
  {
    "model": "core.answerlist",
    "pk": 264,
    "fields": {
      "question": 94,
      "value": "PA",
      "name": "Parkanlagen",
      "sort": 32
    }
  },
  {
    "model": "core.answerlist",
    "pk": 265,
    "fields": {
      "question": 94,
      "value": "SUB",
      "name": "Seeuferbereich, überlagert",
      "sort": 9
    }
  },
  {
    "model": "core.answerlist",
    "pk": 266,
    "fields": {
      "question": 94,
      "value": "E",
      "name": "Schutzbereich",
      "sort": 1
    }
  },
  {
    "model": "core.answerlist",
    "pk": 267,
    "fields": {
      "question": 94,
      "value": "KOIIwG",
      "name": "wichtige Gasse",
      "sort": 41
    }
  },
  {
    "model": "core.answerlist",
    "pk": 268,
    "fields": {
      "question": 94,
      "value": "QRPp",
      "name": "Zone mit Quartierrichtplanpflicht",
      "sort": 23
    }
  },
  {
    "model": "core.answerlist",
    "pk": 269,
    "fields": {
      "question": 94,
      "value": "ABüH",
      "name": "Gewerbesonderzone Harder, überlagert",
      "sort": 17
    }
  },
  {
    "model": "core.answerlist",
    "pk": 270,
    "fields": {
      "question": 94,
      "value": "PB",
      "name": "Projektierungsbereich",
      "sort": 33
    }
  },
  {
    "model": "core.answerlist",
    "pk": 271,
    "fields": {
      "question": 22,
      "value": "G1",
      "name": "Gewerbezone 1",
      "sort": 16
    }
  },
  {
    "model": "core.answerlist",
    "pk": 272,
    "fields": {
      "question": 22,
      "value": "G2",
      "name": "Gewerbezone 2",
      "sort": 17
    }
  },
  {
    "model": "core.answerlist",
    "pk": 273,
    "fields": {
      "question": 260,
      "value": "already_realized",
      "name": "Vorhaben ist bereits realisiert.",
      "sort": 0
    }
  },
  {
    "model": "core.answerlist",
    "pk": 274,
    "fields": {
      "question": 260,
      "value": "stopped",
      "name": "Bauarbeiten sind gestartet; Baustopp verfügt.",
      "sort": 1
    }
  },
  {
    "model": "core.answerlist",
    "pk": 275,
    "fields": {
      "question": 22,
      "value": "W5",
      "name": "Wohnzone 5+",
      "sort": 9
    }
  },
  {
    "model": "core.answerlist",
    "pk": 276,
    "fields": {
      "question": 22,
      "value": "WG5",
      "name": "Wohn- und Gewerbezone 5+",
      "sort": 24
    }
  },
  {
    "model": "core.answerlist",
    "pk": 277,
    "fields": {
      "question": 22,
      "value": "K",
      "name": "Kernzone",
      "sort": 24
    }
  },
  {
    "model": "core.answerlist",
    "pk": 278,
    "fields": {
      "question": 22,
      "value": "KZE",
      "name": "Kernzone - Zentrum",
      "sort": 29
    }
  },
  {
    "model": "core.answerlist",
    "pk": 279,
    "fields": {
      "question": 261,
      "value": "neubau",
      "name": "Neubau",
      "sort": 4
    }
  },
  {
    "model": "core.answerlist",
    "pk": 280,
    "fields": {
      "question": 261,
      "value": "umbau",
      "name": "Umbau / Anbau",
      "sort": 2
    }
  },
  {
    "model": "core.answerlist",
    "pk": 281,
    "fields": {
      "question": 261,
      "value": "sanierung",
      "name": "Sanierung",
      "sort": 1
    }
  },
  {
    "model": "core.answerlist",
    "pk": 282,
    "fields": {
      "question": 261,
      "value": "zweck",
      "name": "Zweckänderung",
      "sort": 5
    }
  },
  {
    "model": "core.answerlist",
    "pk": 283,
    "fields": {
      "question": 261,
      "value": "abbruch",
      "name": "Abbruch",
      "sort": 0
    }
  },
  {
    "model": "core.answerlist",
    "pk": 284,
    "fields": {
      "question": 261,
      "value": "andere",
      "name": "Andere",
      "sort": 7
    }
  },
  {
    "model": "core.answerlist",
    "pk": 285,
    "fields": {
      "question": 262,
      "value": "wohnbaute",
      "name": "Wohnbaute",
      "sort": 0
    }
  },
  {
    "model": "core.answerlist",
    "pk": 286,
    "fields": {
      "question": 262,
      "value": "wohnökonomie",
      "name": "Wohn- / Ökonomiebaute",
      "sort": 1
    }
  },
  {
    "model": "core.answerlist",
    "pk": 287,
    "fields": {
      "question": 262,
      "value": "gewerbemitap",
      "name": "Gewerbebaute mit Arbeitplätzen",
      "sort": 2
    }
  },
  {
    "model": "core.answerlist",
    "pk": 288,
    "fields": {
      "question": 262,
      "value": "gewerbeohneap",
      "name": "Gewerbebaute ohne Arbeitsplätze",
      "sort": 3
    }
  },
  {
    "model": "core.answerlist",
    "pk": 289,
    "fields": {
      "question": 262,
      "value": "ökonomie_tier",
      "name": "Ökonomiebaute mit Tierhaltung",
      "sort": 4
    }
  },
  {
    "model": "core.answerlist",
    "pk": 290,
    "fields": {
      "question": 262,
      "value": "ökonomie",
      "name": "Ökonomiebaute ohne Tierhaltung",
      "sort": 5
    }
  },
  {
    "model": "core.answerlist",
    "pk": 291,
    "fields": {
      "question": 262,
      "value": "terrain",
      "name": "Terrainveränderung",
      "sort": 6
    }
  },
  {
    "model": "core.answerlist",
    "pk": 292,
    "fields": {
      "question": 262,
      "value": "viehtriebweg",
      "name": "Viehtriebweg",
      "sort": 8
    }
  },
  {
    "model": "core.answerlist",
    "pk": 293,
    "fields": {
      "question": 262,
      "value": "bewirtschaftungsweg",
      "name": "Bewirtschaftungsweg",
      "sort": 9
    }
  },
  {
    "model": "core.answerlist",
    "pk": 294,
    "fields": {
      "question": 262,
      "value": "hofgüter",
      "name": "Hof- / Gütererschliessung",
      "sort": 10
    }
  },
  {
    "model": "core.answerlist",
    "pk": 295,
    "fields": {
      "question": 262,
      "value": "andere",
      "name": "Andere",
      "sort": 13
    }
  },
  {
    "model": "core.answerlist",
    "pk": 296,
    "fields": {
      "question": 263,
      "value": "zonenkonform",
      "name": "Zonenkonform",
      "sort": 0
    }
  },
  {
    "model": "core.answerlist",
    "pk": 297,
    "fields": {
      "question": 263,
      "value": "ausnahme",
      "name": "Ausnahmebewilligung",
      "sort": 1
    }
  },
  {
    "model": "core.answerlist",
    "pk": 298,
    "fields": {
      "question": 263,
      "value": "andere",
      "name": "Andere",
      "sort": 2
    }
  },
  {
    "model": "core.answerlist",
    "pk": 299,
    "fields": {
      "question": 264,
      "value": "5001",
      "name": "RPG 16a RPV 34 1 Ökonomiebauten für die bodenabhängige Landwirtschaft",
      "sort": 1
    }
  },
  {
    "model": "core.answerlist",
    "pk": 300,
    "fields": {
      "question": 264,
      "value": "5015",
      "name": "RPG 18a Solaranlagen",
      "sort": 12
    }
  },
  {
    "model": "core.answerlist",
    "pk": 301,
    "fields": {
      "question": 264,
      "value": "1 Kein GWR Code",
      "name": "RPG 22 allgemein zonenkonform",
      "sort": 13
    }
  },
  {
    "model": "core.answerlist",
    "pk": 302,
    "fields": {
      "question": 264,
      "value": "5021",
      "name": "RPG 24 Standortgebundene Bauten und Anlagen",
      "sort": 14
    }
  },
  {
    "model": "core.answerlist",
    "pk": 303,
    "fields": {
      "question": 264,
      "value": "5031",
      "name": "RPG 24a Zweckänderung ohne bauliche Massnahmen",
      "sort": 17
    }
  },
  {
    "model": "core.answerlist",
    "pk": 304,
    "fields": {
      "question": 264,
      "value": "5041",
      "name": "RPG 24b 1 Nichtlandwirtschaftliche Nebenbetriebe zur Existenzsicherung",
      "sort": 18
    }
  },
  {
    "model": "core.answerlist",
    "pk": 305,
    "fields": {
      "question": 264,
      "value": "5051",
      "name": "RPG 24c RPV 42 Änderung zonenwidrig gewordener Bauten und Anlagen",
      "sort": 21
    }
  },
  {
    "model": "core.answerlist",
    "pk": 306,
    "fields": {
      "question": 264,
      "value": "5061",
      "name": "RPG 24d 1 RPV 42a Änderungen an ehemals landwirtschaftlich genutzten Wohnbauten",
      "sort": 22
    }
  },
  {
    "model": "core.answerlist",
    "pk": 307,
    "fields": {
      "question": 264,
      "value": "5064",
      "name": "RPG 24e 1 Hobbymässige Tierhaltung  in nahe bei der Bauzone gelegenen Gebäuden",
      "sort": 23
    }
  },
  {
    "model": "core.answerlist",
    "pk": 308,
    "fields": {
      "question": 264,
      "value": "5071",
      "name": "RPG 37a RPV 43 Änderung zonenwidrig gewordener gewerblicher Bauten",
      "sort": 26
    }
  },
  {
    "model": "core.answerlist",
    "pk": 309,
    "fields": {
      "question": 264,
      "value": "3 Kein GWR Code",
      "name": "Andere Dossiers",
      "sort": 28
    }
  },
  {
    "model": "core.answerlist",
    "pk": 310,
    "fields": {
      "question": 265,
      "value": "positiv",
      "name": "positiv",
      "sort": 0
    }
  },
  {
    "model": "core.answerlist",
    "pk": 311,
    "fields": {
      "question": 265,
      "value": "negativ",
      "name": "negativ",
      "sort": 1
    }
  },
  {
    "model": "core.answerlist",
    "pk": 312,
    "fields": {
      "question": 265,
      "value": "andere",
      "name": "andere",
      "sort": 2
    }
  },
  {
    "model": "core.answerlist",
    "pk": 316,
    "fields": {
      "question": 267,
      "value": "6161",
      "name": "Privatpersonen (inkl. Erbengemeinschaften)",
      "sort": 18
    }
  },
  {
    "model": "core.answerlist",
    "pk": 317,
    "fields": {
      "question": 267,
      "value": "6110",
      "name": "Kanton (z.B. ARE BD, ohne öffentliche Unternehmen)",
      "sort": 6
    }
  },
  {
    "model": "core.answerlist",
    "pk": 318,
    "fields": {
      "question": 267,
      "value": "6115",
      "name": "Gemeinden (inkl. Korporationen Bürgergemeinden und Alpgenossenschaften)",
      "sort": 8
    }
  },
  {
    "model": "core.answerlist",
    "pk": 319,
    "fields": {
      "question": 267,
      "value": "6141",
      "name": "Immobilienbranche (Einzelpersonen oder Personengesellschaften)",
      "sort": 23
    }
  },
  {
    "model": "core.answerlist",
    "pk": 320,
    "fields": {
      "question": 267,
      "value": "6124",
      "name": "Banken",
      "sort": 13
    }
  },
  {
    "model": "core.answerlist",
    "pk": 321,
    "fields": {
      "question": 267,
      "value": "BAFU",
      "name": "Bundesamt für Umweltschutz",
      "sort": 26
    }
  },
  {
    "model": "core.answerlist",
    "pk": 322,
    "fields": {
      "question": 261,
      "value": "bgbb",
      "name": "Abparzellierung Veräusserung Betriebsübergabe",
      "sort": 6
    }
  },
  {
    "model": "core.answerlist",
    "pk": 342,
    "fields": {
      "question": 261,
      "value": "Ersatzneubau",
      "name": "Ersatzneubau",
      "sort": 3
    }
  },
  {
    "model": "core.answerlist",
    "pk": 362,
    "fields": {
      "question": 264,
      "value": "2 Kein GWR Code",
      "name": "BGBB 4a VBB Abparzellierung von Bauten und Anlagen, Feststellungsverfügung",
      "sort": 27
    }
  },
  {
    "model": "core.answerlist",
    "pk": 363,
    "fields": {
      "question": 262,
      "value": "Befristet",
      "name": "Fahrnisbauten",
      "sort": 11
    }
  },
  {
    "model": "core.answerlist",
    "pk": 382,
    "fields": {
      "question": 264,
      "value": "5002",
      "name": "RPG 16a 1 RPV 34 2 Landwirtschaftliche Bauten: Aufbereitung Lagerung und Verkauf",
      "sort": 2
    }
  },
  {
    "model": "core.answerlist",
    "pk": 383,
    "fields": {
      "question": 264,
      "value": "5003",
      "name": "RPG 16a 1 RPV 34 3 Wohnbauten für landwirtschaftliche Gewerbe",
      "sort": 3
    }
  },
  {
    "model": "core.answerlist",
    "pk": 384,
    "fields": {
      "question": 264,
      "value": "5004",
      "name": "RPG 16a RPV 35 Gemeinschaftliche Stallbauten",
      "sort": 4
    }
  },
  {
    "model": "core.answerlist",
    "pk": 385,
    "fields": {
      "question": 264,
      "value": "5005",
      "name": "RPG 16a 2 RPV 36 Innere Aufstockung Tierhaltung (Schweineställe, Geflügelhallen)",
      "sort": 5
    }
  },
  {
    "model": "core.answerlist",
    "pk": 386,
    "fields": {
      "question": 264,
      "value": "5006",
      "name": "RPG 16a 2 RPV 37 Innere Aufstockung Gemüse- und Pflanzenbau (Gewächshäuser)",
      "sort": 6
    }
  },
  {
    "model": "core.answerlist",
    "pk": 387,
    "fields": {
      "question": 264,
      "value": "5007",
      "name": "RPG 16a 3 RPV 38 Bauten und Anlagen in Speziallandwirtschaftszonen",
      "sort": 7
    }
  },
  {
    "model": "core.answerlist",
    "pk": 388,
    "fields": {
      "question": 264,
      "value": "5008",
      "name": "RPG 16a 1 RPV 34a Gewinnung von Energie aus Biomasse",
      "sort": 8
    }
  },
  {
    "model": "core.answerlist",
    "pk": 389,
    "fields": {
      "question": 264,
      "value": "5009",
      "name": "RPG 17 allgemein, Zonenkonforme Bauten und Anlagen in Schutzzonen",
      "sort": 9
    }
  },
  {
    "model": "core.answerlist",
    "pk": 402,
    "fields": {
      "question": 264,
      "value": "5011",
      "name": "RPG 18 allgemein, Zonenkonforme Bauten und Anlagen in Spezialzonen (Deponie, Sport, u.ä. ohne Weiler, Erhaltungszonen)",
      "sort": 10
    }
  },
  {
    "model": "core.answerlist",
    "pk": 403,
    "fields": {
      "question": 264,
      "value": "5012",
      "name": "RPG 18 RPV 33 Zonenkonforme Bauten und Anlagen in Weiler- oder Erhaltungszonen u.ä.",
      "sort": 11
    }
  },
  {
    "model": "core.answerlist",
    "pk": 404,
    "fields": {
      "question": 264,
      "value": "5022",
      "name": "RPG 24 RPV 39 1 Vollständige Zweckänderung von Bauten in Streusiedlungsgebieten",
      "sort": 15
    }
  },
  {
    "model": "core.answerlist",
    "pk": 405,
    "fields": {
      "question": 264,
      "value": "5023",
      "name": "RPG 24 RPV 39 2 Vollständige Zweckänderung landschaftsprägender Bauten",
      "sort": 16
    }
  },
  {
    "model": "core.answerlist",
    "pk": 406,
    "fields": {
      "question": 264,
      "value": "5043",
      "name": "RPG 24b 1 bis Nichtlandw. Nebenbetriebe mit engem Bezug zu landw. Gewerbe",
      "sort": 19
    }
  },
  {
    "model": "core.answerlist",
    "pk": 407,
    "fields": {
      "question": 264,
      "value": "5044",
      "name": "RPG 24b 1 ter Nichtlandw. Nebenbetriebe in temporären Betriebszentren",
      "sort": 20
    }
  },
  {
    "model": "core.answerlist",
    "pk": 408,
    "fields": {
      "question": 264,
      "value": "5063",
      "name": "RPG 24e 2-4 Aussenanlagen zur hobbymässigen Tierhaltung",
      "sort": 24
    }
  },
  {
    "model": "core.answerlist",
    "pk": 409,
    "fields": {
      "question": 264,
      "value": "5062",
      "name": "RPG 24d 2 Vollständige Zweckänderung geschützter Bauten",
      "sort": 25
    }
  },
  {
    "model": "core.answerlist",
    "pk": 410,
    "fields": {
      "question": 264,
      "value": "5000",
      "name": "Innerhalb Bauzone",
      "sort": 0
    }
  },
  {
    "model": "core.answerlist",
    "pk": 411,
    "fields": {
      "question": 267,
      "value": "6101",
      "name": "SBB (Schweizerische Bundesbahnen)",
      "sort": 0
    }
  },
  {
    "model": "core.answerlist",
    "pk": 412,
    "fields": {
      "question": 267,
      "value": "6103",
      "name": "VBS (Eidg. Departement für Verteidigung, Bevölkerungsschutz und Sport)",
      "sort": 1
    }
  },
  {
    "model": "core.answerlist",
    "pk": 413,
    "fields": {
      "question": 267,
      "value": "6104",
      "name": "BBL (Bundesamt für Bauten und Logistik)",
      "sort": 2
    }
  },
  {
    "model": "core.answerlist",
    "pk": 414,
    "fields": {
      "question": 267,
      "value": "6105",
      "name": "ASTRA (Bundesamt für Strassen)",
      "sort": 3
    }
  },
  {
    "model": "core.answerlist",
    "pk": 415,
    "fields": {
      "question": 267,
      "value": "6107",
      "name": "Swisscom",
      "sort": 4
    }
  },
  {
    "model": "core.answerlist",
    "pk": 416,
    "fields": {
      "question": 267,
      "value": "6108",
      "name": "Die Post",
      "sort": 5
    }
  },
  {
    "model": "core.answerlist",
    "pk": 418,
    "fields": {
      "question": 267,
      "value": "6111",
      "name": "Kanton (öffentliche Unternehmen des Kantons, z.B. Spital)",
      "sort": 7
    }
  },
  {
    "model": "core.answerlist",
    "pk": 420,
    "fields": {
      "question": 267,
      "value": "6116",
      "name": "Gemeinden (öffentliche Unternehmen Gemeinde, z.B. Wasserwerke, Elektrizitästwerke)",
      "sort": 9
    }
  },
  {
    "model": "core.answerlist",
    "pk": 421,
    "fields": {
      "question": 267,
      "value": "6121",
      "name": "Versicherungsgesellschaften",
      "sort": 10
    }
  },
  {
    "model": "core.answerlist",
    "pk": 422,
    "fields": {
      "question": 267,
      "value": "6122",
      "name": "Personalfürsorgestiftungen (Pensionskassen)",
      "sort": 11
    }
  },
  {
    "model": "core.answerlist",
    "pk": 423,
    "fields": {
      "question": 267,
      "value": "6123",
      "name": "Krankenkassen, SUVA",
      "sort": 12
    }
  },
  {
    "model": "core.answerlist",
    "pk": 424,
    "fields": {
      "question": 267,
      "value": "6131",
      "name": "Elektrizitätswerke (ausgenommen gemeindeeigene Werke)",
      "sort": 14
    }
  },
  {
    "model": "core.answerlist",
    "pk": 425,
    "fields": {
      "question": 267,
      "value": "6132",
      "name": "Gaswerke",
      "sort": 15
    }
  },
  {
    "model": "core.answerlist",
    "pk": 426,
    "fields": {
      "question": 267,
      "value": "6133",
      "name": "Privatbahnen",
      "sort": 16
    }
  },
  {
    "model": "core.answerlist",
    "pk": 427,
    "fields": {
      "question": 267,
      "value": "6163",
      "name": "Internationale Organisationen, Botschaften",
      "sort": 22
    }
  },
  {
    "model": "core.answerlist",
    "pk": 428,
    "fields": {
      "question": 267,
      "value": "6162",
      "name": "Andere private Auftraggeber (z.B. SAC Sektionen, Kirchgemeinden, Stiftungen, Vereine)",
      "sort": 21
    }
  },
  {
    "model": "core.answerlist",
    "pk": 429,
    "fields": {
      "question": 267,
      "value": "6151",
      "name": "Einzelfirmen oder Personengesellschaften",
      "sort": 19
    }
  },
  {
    "model": "core.answerlist",
    "pk": 430,
    "fields": {
      "question": 267,
      "value": "6152",
      "name": "Kapitalgesellschaften (AG, GmbH, Genossenschaft)",
      "sort": 20
    }
  },
  {
    "model": "core.answerlist",
    "pk": 431,
    "fields": {
      "question": 267,
      "value": "6143",
      "name": "Immobilienbranche (AG, GmbH, Genossenschaft)",
      "sort": 17
    }
  },
  {
    "model": "core.answerlist",
    "pk": 432,
    "fields": {
      "question": 267,
      "value": "6142",
      "name": "Immobilienbranche (Wohnbaugenossenschaften)",
      "sort": 24
    }
  },
  {
    "model": "core.answerlist",
    "pk": 433,
    "fields": {
      "question": 262,
      "value": "Wanderweg",
      "name": "Wanderweg",
      "sort": 7
    }
  },
  {
    "model": "core.answerlist",
    "pk": 434,
    "fields": {
      "question": 262,
      "value": "Betrieb Hof",
      "name": "Betrieb Gewerbe Liegenschaften",
      "sort": 12
    }
  },
  {
    "model": "core.answerquery",
    "pk": 1,
    "fields": {
      "name": "Gemeinde",
      "query": "SELECT\n  \"LOCATION_ID\", \"NAME\"\nFROM\n  \"LOCATION\"\n\nWHERE\n  \"LOCATION_ID\" IN (\n    SELECT\n      \"LOCATION_ID\"\n    FROM\n      \"GROUP_LOCATION\"\n    WHERE\n      \"GROUP_ID\" = [GROUP_ID]\n    )\n    OR\n    [ROLE_ID] NOT IN (6, 7, 1105)\nORDER BY \"NAME\""
    }
  },
  {
    "model": "core.answerquery",
    "pk": 21,
    "fields": {
      "name": "Zonenplan",
      "query": "SELECT\n \"ID\", \"DESCRIPTION\"\nFROM\n \"MAP_ZONE2\""
    }
  },
  {
    "model": "core.answerquery",
    "pk": 41,
    "fields": {
      "name": "Leitbehörde",
      "query": "SELECT DISTINCT\r\n  \"AUTHORITY\".\"AUTHORITY_ID\",\r\n  \"AUTHORITY\".\"NAME\"\r\nFROM\r\n  \"AUTHORITY\"\r\nLEFT JOIN\r\n  \"GROUP_LOCATION\" ON (\r\n  \"GROUP_LOCATION\".\"GROUP_ID\" = [GROUP_ID]\r\n)\r\nLEFT JOIN\r\n  \"GROUP\" ON (\r\n  \"GROUP\".\"GROUP_ID\" = [GROUP_ID]\r\n)\r\nLEFT JOIN\r\n  \"AUTHORITY_LOCATION\" ON (\r\n    \"AUTHORITY\".\"AUTHORITY_ID\" = \"AUTHORITY_LOCATION\".\"AUTHORITY_ID\"\r\n  )\r\n \r\nJOIN\r\n  \"AUTHORITY_AUTHORITY_TYPE\" \"AAT\" ON (\r\n    \"AUTHORITY\".\"AUTHORITY_ID\" = \"AAT\".\"AUTHORITY_ID\"\r\n  )\r\nJOIN\r\n  \"AUTHORITY_TYPE\" \"AT\" ON (\r\n    \"AAT\".\"AUTHORITY_TYPE_ID\" = \"AT\".\"AUTHORITY_TYPE_ID\"\r\n  )\r\nLEFT JOIN\r\n  \"FORM_GROUP_FORM\" \"FGF\" ON (\r\n    \"FGF\".\"FORM_ID\" = [URL_FORM_ID]\r\n  )\r\n\r\nWHERE (\r\n\r\n  (\r\n    \"GROUP_LOCATION\".\"LOCATION_ID\" = \"AUTHORITY_LOCATION\".\"LOCATION_ID\"\r\n    AND\r\n    (\r\n      (\"FGF\".\"FORM_GROUP_ID\" = 30 AND \"AT\".\"TAG\" = 'BG')\r\n      OR\r\n      (\"FGF\".\"FORM_GROUP_ID\" = 141 AND \"AT\".\"TAG\" = 'NP')\r\n    )\r\n  )\r\n  OR\r\n  -- HACK: If the Group is Bundestelle set Leitbehoerde to BAV\r\n  (\r\n\t\"GROUP\".\"GROUP_ID\" = 1028\r\n\t AND\r\n\t\"AUTHORITY\".\"AUTHORITY_ID\" = 75\r\n  )\r\n  OR\r\n  (\r\n    \"GROUP_LOCATION\".\"LOCATION_ID\" IS NULL\r\n    AND\r\n\tNOT \"GROUP\".\"GROUP_ID\" = 1028\r\n  )\r\n\r\n)\r\nORDER BY \"AUTHORITY\".\"NAME\""
    }
  },
  {
    "model": "core.answerquery",
    "pk": 42,
    "fields": {
      "name": "Gemeinden (ohne Diverse/Alle Gemeinden/Bundesamt*)",
      "query": "SELECT\r\n  \"COMMUNAL_FEDERAL_NUMBER\", \"NAME\"\r\nFROM\r\n  \"LOCATION\"\r\n\r\nWHERE\r\n  \"LOCATION_ID\" IN (\r\n    SELECT\r\n      \"LOCATION_ID\"\r\n    FROM\r\n      \"GROUP_LOCATION\"\r\n    WHERE\r\n      \"GROUP_ID\" = [GROUP_ID]\r\n    )\r\n    OR\r\n    [ROLE_ID] NOT IN (6, 7, 1105)\r\nAND \"LOCATION_ID\" NOT IN (\r\n    21,\r\n    22)\r\nORDER BY \"NAME\""
    }
  },
  {
    "model": "core.araction",
    "pk": 1,
    "fields": {
      "available_resource": "page",
      "action_name": "template",
      "hidden": 0
    }
  },
  {
    "model": "core.araction",
    "pk": 2,
    "fields": {
      "available_resource": "formlist",
      "action_name": "list",
      "hidden": 0
    }
  },
  {
    "model": "core.araction",
    "pk": 3,
    "fields": {
      "available_resource": "search",
      "action_name": "index",
      "hidden": 0
    }
  },
  {
    "model": "core.araction",
    "pk": 4,
    "fields": {
      "available_resource": "search",
      "action_name": "result",
      "hidden": 1
    }
  },
  {
    "model": "core.araction",
    "pk": 5,
    "fields": {
      "available_resource": "list",
      "action_name": "index",
      "hidden": 0
    }
  },
  {
    "model": "core.araction",
    "pk": 12,
    "fields": {
      "available_resource": "portal",
      "action_name": "session",
      "hidden": 1
    }
  },
  {
    "model": "core.araction",
    "pk": 13,
    "fields": {
      "available_resource": "portal",
      "action_name": "entry",
      "hidden": 1
    }
  },
  {
    "model": "core.araction",
    "pk": 14,
    "fields": {
      "available_resource": "portal",
      "action_name": "overview",
      "hidden": 0
    }
  },
  {
    "model": "core.araction",
    "pk": 15,
    "fields": {
      "available_resource": "portal",
      "action_name": "logout",
      "hidden": 1
    }
  },
  {
    "model": "core.araction",
    "pk": 17,
    "fields": {
      "available_resource": "extendedsearch",
      "action_name": "index",
      "hidden": 0
    }
  },
  {
    "model": "core.araction",
    "pk": 18,
    "fields": {
      "available_resource": "extendedsearch",
      "action_name": "result",
      "hidden": 1
    }
  },
  {
    "model": "core.araction",
    "pk": 19,
    "fields": {
      "available_resource": "statistics",
      "action_name": "index",
      "hidden": 0
    }
  },
  {
    "model": "core.araction",
    "pk": 20,
    "fields": {
      "available_resource": "statistics",
      "action_name": "report",
      "hidden": 1
    }
  },
  {
    "model": "core.araction",
    "pk": 21,
    "fields": {
      "available_resource": "download",
      "action_name": "index",
      "hidden": 0
    }
  },
  {
    "model": "core.araction",
    "pk": 22,
    "fields": {
      "available_resource": "useradmin",
      "action_name": "index",
      "hidden": 0
    }
  },
  {
    "model": "core.araction",
    "pk": 23,
    "fields": {
      "available_resource": "useradmin",
      "action_name": "add",
      "hidden": 1
    }
  },
  {
    "model": "core.araction",
    "pk": 24,
    "fields": {
      "available_resource": "useradmin",
      "action_name": "list-service",
      "hidden": 1
    }
  },
  {
    "model": "core.araction",
    "pk": 25,
    "fields": {
      "available_resource": "useradmin",
      "action_name": "add-service",
      "hidden": 1
    }
  },
  {
    "model": "core.araction",
    "pk": 26,
    "fields": {
      "available_resource": "useradmin",
      "action_name": "edit-service",
      "hidden": 1
    }
  },
  {
    "model": "core.araction",
    "pk": 27,
    "fields": {
      "available_resource": "useradmin",
      "action_name": "email-configuration",
      "hidden": 1
    }
  },
  {
    "model": "core.araction",
    "pk": 28,
    "fields": {
      "available_resource": "emberlist",
      "action_name": "index",
      "hidden": 0
    }
  },
  {
    "model": "core.attachmentextension",
    "pk": 41,
    "fields": {
      "name": "PDF"
    }
  },
  {
    "model": "core.attachmentextension",
    "pk": 42,
    "fields": {
      "name": "JPG"
    }
  },
  {
    "model": "core.attachmentextension",
    "pk": 43,
    "fields": {
      "name": "ITF"
    }
  },
  {
    "model": "core.attachmentextension",
    "pk": 44,
    "fields": {
      "name": "ILI"
    }
  },
  {
    "model": "core.attachmentextension",
    "pk": 45,
    "fields": {
      "name": "PNG"
    }
  },
  {
    "model": "core.attachmentextension",
    "pk": 46,
    "fields": {
      "name": "GIF"
    }
  },
  {
    "model": "core.attachmentextension",
    "pk": 47,
    "fields": {
      "name": "DOCX"
    }
  },
  {
    "model": "core.attachmentextension",
    "pk": 48,
    "fields": {
      "name": "XTF"
    }
  },
  {
    "model": "core.attachmentextension",
    "pk": 49,
    "fields": {
      "name": "XLSX"
    }
  },
  {
    "model": "core.attachmentextensionrole",
    "pk": 135,
    "fields": {
      "attachment_extension": 41,
      "role": 3,
      "mode": ""
    }
  },
  {
    "model": "core.attachmentextensionrole",
    "pk": 136,
    "fields": {
      "attachment_extension": 49,
      "role": 1061,
      "mode": ""
    }
  },
  {
    "model": "core.attachmentextensionrole",
    "pk": 137,
    "fields": {
      "attachment_extension": 41,
      "role": 7,
      "mode": ""
    }
  },
  {
    "model": "core.attachmentextensionrole",
    "pk": 138,
    "fields": {
      "attachment_extension": 41,
      "role": 6,
      "mode": ""
    }
  },
  {
    "model": "core.attachmentextensionrole",
    "pk": 139,
    "fields": {
      "attachment_extension": 41,
      "role": 4,
      "mode": ""
    }
  },
  {
    "model": "core.attachmentextensionrole",
    "pk": 140,
    "fields": {
      "attachment_extension": 41,
      "role": 1021,
      "mode": ""
    }
  },
  {
    "model": "core.attachmentextensionrole",
    "pk": 141,
    "fields": {
      "attachment_extension": 42,
      "role": 3,
      "mode": ""
    }
  },
  {
    "model": "core.attachmentextensionrole",
    "pk": 142,
    "fields": {
      "attachment_extension": 42,
      "role": 1061,
      "mode": ""
    }
  },
  {
    "model": "core.attachmentextensionrole",
    "pk": 143,
    "fields": {
      "attachment_extension": 42,
      "role": 7,
      "mode": ""
    }
  },
  {
    "model": "core.attachmentextensionrole",
    "pk": 144,
    "fields": {
      "attachment_extension": 48,
      "role": 1061,
      "mode": ""
    }
  },
  {
    "model": "core.attachmentextensionrole",
    "pk": 145,
    "fields": {
      "attachment_extension": 42,
      "role": 4,
      "mode": ""
    }
  },
  {
    "model": "core.attachmentextensionrole",
    "pk": 146,
    "fields": {
      "attachment_extension": 42,
      "role": 1021,
      "mode": ""
    }
  },
  {
    "model": "core.attachmentextensionrole",
    "pk": 147,
    "fields": {
      "attachment_extension": 43,
      "role": 6,
      "mode": ""
    }
  },
  {
    "model": "core.attachmentextensionrole",
    "pk": 148,
    "fields": {
      "attachment_extension": 43,
      "role": 1061,
      "mode": ""
    }
  },
  {
    "model": "core.attachmentextensionrole",
    "pk": 149,
    "fields": {
      "attachment_extension": 41,
      "role": 1102,
      "mode": ""
    }
  },
  {
    "model": "core.attachmentextensionrole",
    "pk": 150,
    "fields": {
      "attachment_extension": 41,
      "role": 1101,
      "mode": ""
    }
  },
  {
    "model": "core.attachmentextensionrole",
    "pk": 151,
    "fields": {
      "attachment_extension": 41,
      "role": 1103,
      "mode": ""
    }
  },
  {
    "model": "core.attachmentextensionrole",
    "pk": 152,
    "fields": {
      "attachment_extension": 44,
      "role": 1061,
      "mode": ""
    }
  },
  {
    "model": "core.attachmentextensionrole",
    "pk": 153,
    "fields": {
      "attachment_extension": 44,
      "role": 6,
      "mode": ""
    }
  },
  {
    "model": "core.attachmentextensionrole",
    "pk": 154,
    "fields": {
      "attachment_extension": 42,
      "role": 1103,
      "mode": ""
    }
  },
  {
    "model": "core.attachmentextensionrole",
    "pk": 155,
    "fields": {
      "attachment_extension": 45,
      "role": 1103,
      "mode": ""
    }
  },
  {
    "model": "core.attachmentextensionrole",
    "pk": 156,
    "fields": {
      "attachment_extension": 46,
      "role": 1103,
      "mode": ""
    }
  },
  {
    "model": "core.attachmentextensionrole",
    "pk": 157,
    "fields": {
      "attachment_extension": 41,
      "role": 1106,
      "mode": ""
    }
  },
  {
    "model": "core.attachmentextensionrole",
    "pk": 158,
    "fields": {
      "attachment_extension": 41,
      "role": 1107,
      "mode": ""
    }
  },
  {
    "model": "core.attachmentextensionrole",
    "pk": 159,
    "fields": {
      "attachment_extension": 41,
      "role": 1127,
      "mode": ""
    }
  },
  {
    "model": "core.attachmentextensionrole",
    "pk": 160,
    "fields": {
      "attachment_extension": 41,
      "role": 1128,
      "mode": ""
    }
  },
  {
    "model": "core.attachmentextensionrole",
    "pk": 161,
    "fields": {
      "attachment_extension": 47,
      "role": 1101,
      "mode": ""
    }
  },
  {
    "model": "core.attachmentextensionrole",
    "pk": 162,
    "fields": {
      "attachment_extension": 47,
      "role": 3,
      "mode": ""
    }
  },
  {
    "model": "core.attachmentextensionrole",
    "pk": 163,
    "fields": {
      "attachment_extension": 47,
      "role": 1127,
      "mode": ""
    }
  },
  {
    "model": "core.attachmentextensionrole",
    "pk": 164,
    "fields": {
      "attachment_extension": 47,
      "role": 1128,
      "mode": ""
    }
  },
  {
    "model": "core.attachmentextensionrole",
    "pk": 165,
    "fields": {
      "attachment_extension": 47,
      "role": 1107,
      "mode": ""
    }
  },
  {
    "model": "core.attachmentextensionrole",
    "pk": 166,
    "fields": {
      "attachment_extension": 47,
      "role": 1061,
      "mode": ""
    }
  },
  {
    "model": "core.attachmentextensionrole",
    "pk": 167,
    "fields": {
      "attachment_extension": 47,
      "role": 1106,
      "mode": ""
    }
  },
  {
    "model": "core.attachmentextensionrole",
    "pk": 168,
    "fields": {
      "attachment_extension": 47,
      "role": 4,
      "mode": ""
    }
  },
  {
    "model": "core.attachmentextensionrole",
    "pk": 169,
    "fields": {
      "attachment_extension": 47,
      "role": 1021,
      "mode": ""
    }
  },
  {
    "model": "core.attachmentextensionrole",
    "pk": 170,
    "fields": {
      "attachment_extension": 48,
      "role": 6,
      "mode": ""
    }
  },
  {
    "model": "core.attachmentextensionrole",
    "pk": 171,
    "fields": {
      "attachment_extension": 41,
      "role": 1105,
      "mode": null
    }
  },
  {
    "model": "core.attachmentextensionrole",
    "pk": 172,
    "fields": {
      "attachment_extension": 42,
      "role": 1105,
      "mode": null
    }
  },
  {
    "model": "core.attachmentextensionrole",
    "pk": 173,
    "fields": {
      "attachment_extension": 47,
      "role": 1105,
      "mode": null
    }
  },
  {
    "model": "core.attachmentextensionrole",
    "pk": 174,
    "fields": {
      "attachment_extension": 45,
      "role": 1105,
      "mode": null
    }
  },
  {
    "model": "core.attachmentextensionrole",
    "pk": 175,
    "fields": {
      "attachment_extension": 41,
      "role": 1061,
      "mode": null
    }
  },
  {
    "model": "core.attachmentextensionrole",
    "pk": 176,
    "fields": {
      "attachment_extension": 41,
      "role": 1129,
      "mode": null
    }
  },
  {
    "model": "core.attachmentextensionrole",
    "pk": 177,
    "fields": {
      "attachment_extension": 47,
      "role": 1,
      "mode": null
    }
  },
  {
    "model": "core.attachmentextensionrole",
    "pk": 178,
    "fields": {
      "attachment_extension": 47,
      "role": 1129,
      "mode": null
    }
  },
  {
    "model": "core.attachmentextensionrole",
    "pk": 179,
    "fields": {
      "attachment_extension": 42,
      "role": 1129,
      "mode": null
    }
  },
  {
    "model": "core.attachmentextensionrole",
    "pk": 180,
    "fields": {
      "attachment_extension": 45,
      "role": 1129,
      "mode": null
    }
  },
  {
    "model": "core.attachmentextensionrole",
    "pk": 181,
    "fields": {
      "attachment_extension": 46,
      "role": 1129,
      "mode": null
    }
  },
  {
    "model": "core.attachmentextensionrole",
    "pk": 182,
    "fields": {
      "attachment_extension": 49,
      "role": 1129,
      "mode": null
    }
  },
  {
    "model": "core.attachmentextensionrole",
    "pk": 183,
    "fields": {
      "attachment_extension": 41,
      "role": 1104,
      "mode": null
    }
  },
  {
    "model": "core.attachmentextensionrole",
    "pk": 184,
    "fields": {
      "attachment_extension": 42,
      "role": 1104,
      "mode": null
    }
  },
  {
    "model": "core.attachmentextensionrole",
    "pk": 185,
    "fields": {
      "attachment_extension": 49,
      "role": 4,
      "mode": null
    }
  },
  {
    "model": "core.attachmentextensionrole",
    "pk": 186,
    "fields": {
      "attachment_extension": 49,
      "role": 1021,
      "mode": null
    }
  },
  {
    "model": "core.attachmentextensionrole",
    "pk": 187,
    "fields": {
      "attachment_extension": 49,
      "role": 1102,
      "mode": null
    }
  },
  {
    "model": "core.attachmentextensionrole",
    "pk": 188,
    "fields": {
      "attachment_extension": 45,
      "role": 1101,
      "mode": null
    }
  },
  {
    "model": "core.attachmentextensionrole",
    "pk": 189,
    "fields": {
      "attachment_extension": 45,
      "role": 3,
      "mode": null
    }
  },
  {
    "model": "core.attachmentextensionservice",
    "pk": 1,
    "fields": {
      "attachment_extension": 43,
      "service": 201,
      "mode": ""
    }
  },
  {
    "model": "core.attachmentextensionservice",
    "pk": 2,
    "fields": {
      "attachment_extension": 44,
      "service": 201,
      "mode": ""
    }
  },
  {
    "model": "core.attachmentextensionservice",
    "pk": 3,
    "fields": {
      "attachment_extension": 48,
      "service": 201,
      "mode": ""
    }
  },
  {
    "model": "core.authority",
    "pk": 18,
    "fields": {
      "name": "Baukommission Altdorf"
    }
  },
  {
    "model": "core.authority",
    "pk": 19,
    "fields": {
      "name": "Baukommission Andermatt"
    }
  },
  {
    "model": "core.authority",
    "pk": 20,
    "fields": {
      "name": "Baukommission Attinghausen"
    }
  },
  {
    "model": "core.authority",
    "pk": 21,
    "fields": {
      "name": "Gemeinderat Bauen"
    }
  },
  {
    "model": "core.authority",
    "pk": 22,
    "fields": {
      "name": "Baukommission Bürglen"
    }
  },
  {
    "model": "core.authority",
    "pk": 23,
    "fields": {
      "name": "Baukommission Erstfeld"
    }
  },
  {
    "model": "core.authority",
    "pk": 24,
    "fields": {
      "name": "Baukommission Flüelen"
    }
  },
  {
    "model": "core.authority",
    "pk": 36,
    "fields": {
      "name": "Gemeinderat Hospental"
    }
  },
  {
    "model": "core.authority",
    "pk": 38,
    "fields": {
      "name": "Gemeinderat Isenthal"
    }
  },
  {
    "model": "core.authority",
    "pk": 39,
    "fields": {
      "name": "Gemeinderat Realp"
    }
  },
  {
    "model": "core.authority",
    "pk": 41,
    "fields": {
      "name": "Baukommission Schattdorf"
    }
  },
  {
    "model": "core.authority",
    "pk": 43,
    "fields": {
      "name": "Baukommission Seedorf"
    }
  },
  {
    "model": "core.authority",
    "pk": 45,
    "fields": {
      "name": "Baukommission Seelisberg"
    }
  },
  {
    "model": "core.authority",
    "pk": 47,
    "fields": {
      "name": "Baukommission Silenen"
    }
  },
  {
    "model": "core.authority",
    "pk": 48,
    "fields": {
      "name": "Gemeinderat Sisikon"
    }
  },
  {
    "model": "core.authority",
    "pk": 49,
    "fields": {
      "name": "Gemeinderat Spiringen"
    }
  },
  {
    "model": "core.authority",
    "pk": 50,
    "fields": {
      "name": "Gemeinderat Unterschächen"
    }
  },
  {
    "model": "core.authority",
    "pk": 55,
    "fields": {
      "name": "Baukommission Urner Oberland"
    }
  },
  {
    "model": "core.authority",
    "pk": 56,
    "fields": {
      "name": "Regierungsrat"
    }
  },
  {
    "model": "core.authority",
    "pk": 57,
    "fields": {
      "name": "Baudirektion"
    }
  },
  {
    "model": "core.authority",
    "pk": 58,
    "fields": {
      "name": "Bildungs- und Kulturdirektion"
    }
  },
  {
    "model": "core.authority",
    "pk": 59,
    "fields": {
      "name": "Finanzdirektion"
    }
  },
  {
    "model": "core.authority",
    "pk": 60,
    "fields": {
      "name": "Gesundheits- Sozial- und Umweltdirektion"
    }
  },
  {
    "model": "core.authority",
    "pk": 61,
    "fields": {
      "name": "Justizdirektion"
    }
  },
  {
    "model": "core.authority",
    "pk": 62,
    "fields": {
      "name": "Sicherheitsdirektion"
    }
  },
  {
    "model": "core.authority",
    "pk": 63,
    "fields": {
      "name": "Amt für Energie"
    }
  },
  {
    "model": "core.authority",
    "pk": 64,
    "fields": {
      "name": "Amt für Forst und Jagd"
    }
  },
  {
    "model": "core.authority",
    "pk": 65,
    "fields": {
      "name": "Amt für Hochbau"
    }
  },
  {
    "model": "core.authority",
    "pk": 66,
    "fields": {
      "name": "Amt für Landwirtschaft"
    }
  },
  {
    "model": "core.authority",
    "pk": 67,
    "fields": {
      "name": "Amt für Raumentwicklung"
    }
  },
  {
    "model": "core.authority",
    "pk": 68,
    "fields": {
      "name": "Amt für Tiefbau"
    }
  },
  {
    "model": "core.authority",
    "pk": 69,
    "fields": {
      "name": "Amt für Umweltschutz"
    }
  },
  {
    "model": "core.authority",
    "pk": 70,
    "fields": {
      "name": "Amt für Wasserbau"
    }
  },
  {
    "model": "core.authority",
    "pk": 71,
    "fields": {
      "name": "UVEK"
    }
  },
  {
    "model": "core.authority",
    "pk": 72,
    "fields": {
      "name": "Starkstrominspektorat"
    }
  },
  {
    "model": "core.authority",
    "pk": 73,
    "fields": {
      "name": "Gemeinderat Göschenen"
    }
  },
  {
    "model": "core.authority",
    "pk": 74,
    "fields": {
      "name": "Gemeinderat Gurtnellen"
    }
  },
  {
    "model": "core.authority",
    "pk": 75,
    "fields": {
      "name": "Bundesamt für Verkehr (BAV)"
    }
  },
  {
    "model": "core.authority",
    "pk": 76,
    "fields": {
      "name": "Bundesamt für Umweltschutz (BAfU)"
    }
  },
  {
    "model": "core.authority",
    "pk": 77,
    "fields": {
      "name": "Gemeinderat Altdorf"
    }
  },
  {
    "model": "core.authority",
    "pk": 78,
    "fields": {
      "name": "Gemeinderat Andermatt"
    }
  },
  {
    "model": "core.authority",
    "pk": 79,
    "fields": {
      "name": "Gemeinderat Attinghausen"
    }
  },
  {
    "model": "core.authority",
    "pk": 80,
    "fields": {
      "name": "Gemeinderat Bürglen"
    }
  },
  {
    "model": "core.authority",
    "pk": 81,
    "fields": {
      "name": "Gemeinderat Erstfeld"
    }
  },
  {
    "model": "core.authority",
    "pk": 82,
    "fields": {
      "name": "Gemeinderat Flüelen"
    }
  },
  {
    "model": "core.authority",
    "pk": 83,
    "fields": {
      "name": "Gemeinderat Schattdorf"
    }
  },
  {
    "model": "core.authority",
    "pk": 84,
    "fields": {
      "name": "Gemeinderat Seedorf"
    }
  },
  {
    "model": "core.authority",
    "pk": 85,
    "fields": {
      "name": "Gemeinderat Seelisberg"
    }
  },
  {
    "model": "core.authority",
    "pk": 86,
    "fields": {
      "name": "Gemeinderat Silenen"
    }
  },
  {
    "model": "core.authority",
    "pk": 87,
    "fields": {
      "name": "Gemeinderat Wassen"
    }
  },
  {
    "model": "core.authority",
    "pk": 88,
    "fields": {
      "name": "Bundesamt für Zivilluftfahrt (BAZL)"
    }
  },
  {
    "model": "core.authority",
    "pk": 89,
    "fields": {
      "name": "VBS"
    }
  },
  {
    "model": "core.authority",
    "pk": 90,
    "fields": {
      "name": "Amt für Kantonspolizei"
    }
  },
  {
    "model": "core.authority",
    "pk": 91,
    "fields": {
      "name": "Bundesamt für Strassen (ASTRA)"
    }
  },
  {
    "model": "core.authorityauthoritytype",
    "pk": 1,
    "fields": {
      "authority": 56,
      "authority_type": 1
    }
  },
  {
    "model": "core.authorityauthoritytype",
    "pk": 2,
    "fields": {
      "authority": 57,
      "authority_type": 1
    }
  },
  {
    "model": "core.authorityauthoritytype",
    "pk": 3,
    "fields": {
      "authority": 58,
      "authority_type": 1
    }
  },
  {
    "model": "core.authorityauthoritytype",
    "pk": 4,
    "fields": {
      "authority": 59,
      "authority_type": 1
    }
  },
  {
    "model": "core.authorityauthoritytype",
    "pk": 5,
    "fields": {
      "authority": 60,
      "authority_type": 1
    }
  },
  {
    "model": "core.authorityauthoritytype",
    "pk": 6,
    "fields": {
      "authority": 61,
      "authority_type": 1
    }
  },
  {
    "model": "core.authorityauthoritytype",
    "pk": 7,
    "fields": {
      "authority": 62,
      "authority_type": 1
    }
  },
  {
    "model": "core.authorityauthoritytype",
    "pk": 8,
    "fields": {
      "authority": 63,
      "authority_type": 1
    }
  },
  {
    "model": "core.authorityauthoritytype",
    "pk": 9,
    "fields": {
      "authority": 64,
      "authority_type": 1
    }
  },
  {
    "model": "core.authorityauthoritytype",
    "pk": 10,
    "fields": {
      "authority": 65,
      "authority_type": 1
    }
  },
  {
    "model": "core.authorityauthoritytype",
    "pk": 11,
    "fields": {
      "authority": 66,
      "authority_type": 1
    }
  },
  {
    "model": "core.authorityauthoritytype",
    "pk": 12,
    "fields": {
      "authority": 67,
      "authority_type": 1
    }
  },
  {
    "model": "core.authorityauthoritytype",
    "pk": 13,
    "fields": {
      "authority": 68,
      "authority_type": 1
    }
  },
  {
    "model": "core.authorityauthoritytype",
    "pk": 14,
    "fields": {
      "authority": 69,
      "authority_type": 1
    }
  },
  {
    "model": "core.authorityauthoritytype",
    "pk": 15,
    "fields": {
      "authority": 70,
      "authority_type": 1
    }
  },
  {
    "model": "core.authorityauthoritytype",
    "pk": 16,
    "fields": {
      "authority": 71,
      "authority_type": 1
    }
  },
  {
    "model": "core.authorityauthoritytype",
    "pk": 17,
    "fields": {
      "authority": 72,
      "authority_type": 1
    }
  },
  {
    "model": "core.authorityauthoritytype",
    "pk": 18,
    "fields": {
      "authority": 73,
      "authority_type": 3
    }
  },
  {
    "model": "core.authorityauthoritytype",
    "pk": 19,
    "fields": {
      "authority": 74,
      "authority_type": 3
    }
  },
  {
    "model": "core.authorityauthoritytype",
    "pk": 20,
    "fields": {
      "authority": 18,
      "authority_type": 2
    }
  },
  {
    "model": "core.authorityauthoritytype",
    "pk": 21,
    "fields": {
      "authority": 19,
      "authority_type": 2
    }
  },
  {
    "model": "core.authorityauthoritytype",
    "pk": 22,
    "fields": {
      "authority": 20,
      "authority_type": 2
    }
  },
  {
    "model": "core.authorityauthoritytype",
    "pk": 23,
    "fields": {
      "authority": 21,
      "authority_type": 2
    }
  },
  {
    "model": "core.authorityauthoritytype",
    "pk": 24,
    "fields": {
      "authority": 22,
      "authority_type": 2
    }
  },
  {
    "model": "core.authorityauthoritytype",
    "pk": 25,
    "fields": {
      "authority": 23,
      "authority_type": 2
    }
  },
  {
    "model": "core.authorityauthoritytype",
    "pk": 26,
    "fields": {
      "authority": 24,
      "authority_type": 2
    }
  },
  {
    "model": "core.authorityauthoritytype",
    "pk": 27,
    "fields": {
      "authority": 55,
      "authority_type": 2
    }
  },
  {
    "model": "core.authorityauthoritytype",
    "pk": 28,
    "fields": {
      "authority": 36,
      "authority_type": 2
    }
  },
  {
    "model": "core.authorityauthoritytype",
    "pk": 29,
    "fields": {
      "authority": 38,
      "authority_type": 2
    }
  },
  {
    "model": "core.authorityauthoritytype",
    "pk": 30,
    "fields": {
      "authority": 39,
      "authority_type": 2
    }
  },
  {
    "model": "core.authorityauthoritytype",
    "pk": 31,
    "fields": {
      "authority": 41,
      "authority_type": 2
    }
  },
  {
    "model": "core.authorityauthoritytype",
    "pk": 32,
    "fields": {
      "authority": 43,
      "authority_type": 2
    }
  },
  {
    "model": "core.authorityauthoritytype",
    "pk": 33,
    "fields": {
      "authority": 45,
      "authority_type": 2
    }
  },
  {
    "model": "core.authorityauthoritytype",
    "pk": 34,
    "fields": {
      "authority": 47,
      "authority_type": 2
    }
  },
  {
    "model": "core.authorityauthoritytype",
    "pk": 35,
    "fields": {
      "authority": 48,
      "authority_type": 2
    }
  },
  {
    "model": "core.authorityauthoritytype",
    "pk": 36,
    "fields": {
      "authority": 49,
      "authority_type": 2
    }
  },
  {
    "model": "core.authorityauthoritytype",
    "pk": 37,
    "fields": {
      "authority": 50,
      "authority_type": 2
    }
  },
  {
    "model": "core.authorityauthoritytype",
    "pk": 38,
    "fields": {
      "authority": 75,
      "authority_type": 2
    }
  },
  {
    "model": "core.authorityauthoritytype",
    "pk": 39,
    "fields": {
      "authority": 76,
      "authority_type": 1
    }
  },
  {
    "model": "core.authorityauthoritytype",
    "pk": 40,
    "fields": {
      "authority": 77,
      "authority_type": 3
    }
  },
  {
    "model": "core.authorityauthoritytype",
    "pk": 41,
    "fields": {
      "authority": 78,
      "authority_type": 3
    }
  },
  {
    "model": "core.authorityauthoritytype",
    "pk": 42,
    "fields": {
      "authority": 79,
      "authority_type": 3
    }
  },
  {
    "model": "core.authorityauthoritytype",
    "pk": 43,
    "fields": {
      "authority": 80,
      "authority_type": 3
    }
  },
  {
    "model": "core.authorityauthoritytype",
    "pk": 44,
    "fields": {
      "authority": 81,
      "authority_type": 3
    }
  },
  {
    "model": "core.authorityauthoritytype",
    "pk": 45,
    "fields": {
      "authority": 82,
      "authority_type": 3
    }
  },
  {
    "model": "core.authorityauthoritytype",
    "pk": 46,
    "fields": {
      "authority": 83,
      "authority_type": 3
    }
  },
  {
    "model": "core.authorityauthoritytype",
    "pk": 47,
    "fields": {
      "authority": 84,
      "authority_type": 3
    }
  },
  {
    "model": "core.authorityauthoritytype",
    "pk": 48,
    "fields": {
      "authority": 85,
      "authority_type": 3
    }
  },
  {
    "model": "core.authorityauthoritytype",
    "pk": 49,
    "fields": {
      "authority": 86,
      "authority_type": 3
    }
  },
  {
    "model": "core.authorityauthoritytype",
    "pk": 50,
    "fields": {
      "authority": 87,
      "authority_type": 2
    }
  },
  {
    "model": "core.authorityauthoritytype",
    "pk": 51,
    "fields": {
      "authority": 21,
      "authority_type": 2
    }
  },
  {
    "model": "core.authorityauthoritytype",
    "pk": 52,
    "fields": {
      "authority": 36,
      "authority_type": 2
    }
  },
  {
    "model": "core.authorityauthoritytype",
    "pk": 53,
    "fields": {
      "authority": 38,
      "authority_type": 2
    }
  },
  {
    "model": "core.authorityauthoritytype",
    "pk": 54,
    "fields": {
      "authority": 39,
      "authority_type": 2
    }
  },
  {
    "model": "core.authorityauthoritytype",
    "pk": 55,
    "fields": {
      "authority": 48,
      "authority_type": 2
    }
  },
  {
    "model": "core.authorityauthoritytype",
    "pk": 56,
    "fields": {
      "authority": 49,
      "authority_type": 2
    }
  },
  {
    "model": "core.authorityauthoritytype",
    "pk": 57,
    "fields": {
      "authority": 50,
      "authority_type": 2
    }
  },
  {
    "model": "core.authorityauthoritytype",
    "pk": 58,
    "fields": {
      "authority": 88,
      "authority_type": 2
    }
  },
  {
    "model": "core.authorityauthoritytype",
    "pk": 59,
    "fields": {
      "authority": 21,
      "authority_type": 3
    }
  },
  {
    "model": "core.authorityauthoritytype",
    "pk": 60,
    "fields": {
      "authority": 36,
      "authority_type": 3
    }
  },
  {
    "model": "core.authorityauthoritytype",
    "pk": 61,
    "fields": {
      "authority": 38,
      "authority_type": 3
    }
  },
  {
    "model": "core.authorityauthoritytype",
    "pk": 62,
    "fields": {
      "authority": 39,
      "authority_type": 3
    }
  },
  {
    "model": "core.authorityauthoritytype",
    "pk": 63,
    "fields": {
      "authority": 48,
      "authority_type": 3
    }
  },
  {
    "model": "core.authorityauthoritytype",
    "pk": 64,
    "fields": {
      "authority": 49,
      "authority_type": 3
    }
  },
  {
    "model": "core.authorityauthoritytype",
    "pk": 65,
    "fields": {
      "authority": 50,
      "authority_type": 3
    }
  },
  {
    "model": "core.authorityauthoritytype",
    "pk": 66,
    "fields": {
      "authority": 73,
      "authority_type": 2
    }
  },
  {
    "model": "core.authorityauthoritytype",
    "pk": 67,
    "fields": {
      "authority": 74,
      "authority_type": 2
    }
  },
  {
    "model": "core.authorityauthoritytype",
    "pk": 68,
    "fields": {
      "authority": 89,
      "authority_type": 1
    }
  },
  {
    "model": "core.authorityauthoritytype",
    "pk": 69,
    "fields": {
      "authority": 90,
      "authority_type": 1
    }
  },
  {
    "model": "core.authorityauthoritytype",
    "pk": 70,
    "fields": {
      "authority": 91,
      "authority_type": 1
    }
  },
  {
    "model": "core.authoritylocation",
    "pk": 1,
    "fields": {
      "authority": 18,
      "location": 1
    }
  },
  {
    "model": "core.authoritylocation",
    "pk": 2,
    "fields": {
      "authority": 19,
      "location": 2
    }
  },
  {
    "model": "core.authoritylocation",
    "pk": 3,
    "fields": {
      "authority": 20,
      "location": 3
    }
  },
  {
    "model": "core.authoritylocation",
    "pk": 4,
    "fields": {
      "authority": 21,
      "location": 4
    }
  },
  {
    "model": "core.authoritylocation",
    "pk": 5,
    "fields": {
      "authority": 22,
      "location": 5
    }
  },
  {
    "model": "core.authoritylocation",
    "pk": 6,
    "fields": {
      "authority": 23,
      "location": 6
    }
  },
  {
    "model": "core.authoritylocation",
    "pk": 7,
    "fields": {
      "authority": 24,
      "location": 7
    }
  },
  {
    "model": "core.authoritylocation",
    "pk": 8,
    "fields": {
      "authority": 36,
      "location": 10
    }
  },
  {
    "model": "core.authoritylocation",
    "pk": 9,
    "fields": {
      "authority": 38,
      "location": 11
    }
  },
  {
    "model": "core.authoritylocation",
    "pk": 10,
    "fields": {
      "authority": 39,
      "location": 12
    }
  },
  {
    "model": "core.authoritylocation",
    "pk": 11,
    "fields": {
      "authority": 41,
      "location": 13
    }
  },
  {
    "model": "core.authoritylocation",
    "pk": 12,
    "fields": {
      "authority": 43,
      "location": 14
    }
  },
  {
    "model": "core.authoritylocation",
    "pk": 13,
    "fields": {
      "authority": 45,
      "location": 15
    }
  },
  {
    "model": "core.authoritylocation",
    "pk": 14,
    "fields": {
      "authority": 47,
      "location": 16
    }
  },
  {
    "model": "core.authoritylocation",
    "pk": 15,
    "fields": {
      "authority": 48,
      "location": 17
    }
  },
  {
    "model": "core.authoritylocation",
    "pk": 16,
    "fields": {
      "authority": 49,
      "location": 18
    }
  },
  {
    "model": "core.authoritylocation",
    "pk": 17,
    "fields": {
      "authority": 50,
      "location": 19
    }
  },
  {
    "model": "core.authoritylocation",
    "pk": 18,
    "fields": {
      "authority": 55,
      "location": 8
    }
  },
  {
    "model": "core.authoritylocation",
    "pk": 19,
    "fields": {
      "authority": 55,
      "location": 9
    }
  },
  {
    "model": "core.authoritylocation",
    "pk": 20,
    "fields": {
      "authority": 55,
      "location": 20
    }
  },
  {
    "model": "core.authoritylocation",
    "pk": 21,
    "fields": {
      "authority": 77,
      "location": 1
    }
  },
  {
    "model": "core.authoritylocation",
    "pk": 22,
    "fields": {
      "authority": 78,
      "location": 2
    }
  },
  {
    "model": "core.authoritylocation",
    "pk": 23,
    "fields": {
      "authority": 79,
      "location": 3
    }
  },
  {
    "model": "core.authoritylocation",
    "pk": 24,
    "fields": {
      "authority": 80,
      "location": 5
    }
  },
  {
    "model": "core.authoritylocation",
    "pk": 25,
    "fields": {
      "authority": 81,
      "location": 6
    }
  },
  {
    "model": "core.authoritylocation",
    "pk": 26,
    "fields": {
      "authority": 82,
      "location": 7
    }
  },
  {
    "model": "core.authoritylocation",
    "pk": 27,
    "fields": {
      "authority": 83,
      "location": 13
    }
  },
  {
    "model": "core.authoritylocation",
    "pk": 28,
    "fields": {
      "authority": 84,
      "location": 14
    }
  },
  {
    "model": "core.authoritylocation",
    "pk": 29,
    "fields": {
      "authority": 85,
      "location": 15
    }
  },
  {
    "model": "core.authoritylocation",
    "pk": 30,
    "fields": {
      "authority": 86,
      "location": 16
    }
  },
  {
    "model": "core.authoritylocation",
    "pk": 31,
    "fields": {
      "authority": 87,
      "location": 20
    }
  },
  {
    "model": "core.authoritylocation",
    "pk": 32,
    "fields": {
      "authority": 74,
      "location": 9
    }
  },
  {
    "model": "core.authoritylocation",
    "pk": 33,
    "fields": {
      "authority": 73,
      "location": 8
    }
  },
  {
    "model": "core.authoritytype",
    "pk": 1,
    "fields": {
      "tag": "O",
      "name": "Andere"
    }
  },
  {
    "model": "core.authoritytype",
    "pk": 2,
    "fields": {
      "tag": "BG",
      "name": "Baugesuch"
    }
  },
  {
    "model": "core.authoritytype",
    "pk": 3,
    "fields": {
      "tag": "NP",
      "name": "Nutzungsplan"
    }
  },
  {
    "model": "core.availableaction",
    "pk": "activation",
    "fields": {
      "module_name": "docgen",
      "description": "Handle docgen comments"
    }
  },
  {
    "model": "core.availableaction",
    "pk": "addhistory",
    "fields": {
      "module_name": "history",
      "description": "Add a history entry"
    }
  },
  {
    "model": "core.availableaction",
    "pk": "checkquery",
    "fields": {
      "module_name": "default",
      "description": "Check with a SQL query"
    }
  },
  {
    "model": "core.availableaction",
    "pk": "circulationemail",
    "fields": {
      "module_name": "default",
      "description": "Send email to activated services"
    }
  },
  {
    "model": "core.availableaction",
    "pk": "circulationtransition",
    "fields": {
      "module_name": "default",
      "description": "Change state of the circulation"
    }
  },
  {
    "model": "core.availableaction",
    "pk": "copyanswer",
    "fields": {
      "module_name": "default",
      "description": "Copy data from question to question"
    }
  },
  {
    "model": "core.availableaction",
    "pk": "copydata",
    "fields": {
      "module_name": "default",
      "description": "Copy data from question to table"
    }
  },
  {
    "model": "core.availableaction",
    "pk": "deletecirculation",
    "fields": {
      "module_name": "default",
      "description": "Delete the circulation"
    }
  },
  {
    "model": "core.availableaction",
    "pk": "docx",
    "fields": {
      "module_name": "docgen",
      "description": "Generate DOCX document"
    }
  },
  {
    "model": "core.availableaction",
    "pk": "email",
    "fields": {
      "module_name": "default",
      "description": "Send e-mail"
    }
  },
  {
    "model": "core.availableaction",
    "pk": "formtransition",
    "fields": {
      "module_name": "default",
      "description": "Make a transition"
    }
  },
  {
    "model": "core.availableaction",
    "pk": "location",
    "fields": {
      "module_name": "default",
      "description": "Set location of instance"
    }
  },
  {
    "model": "core.availableaction",
    "pk": "notice",
    "fields": {
      "module_name": "default",
      "description": "Retrieve notice"
    }
  },
  {
    "model": "core.availableaction",
    "pk": "notification",
    "fields": {
      "module_name": "notification",
      "description": "Send notification"
    }
  },
  {
    "model": "core.availableaction",
    "pk": "pageredirect",
    "fields": {
      "module_name": "default",
      "description": "Make a redirect to a specific page"
    }
  },
  {
    "model": "core.availableaction",
    "pk": "pdf",
    "fields": {
      "module_name": "docgen",
      "description": "Generate PDF document"
    }
  },
  {
    "model": "core.availableaction",
    "pk": "php",
    "fields": {
      "module_name": "default",
      "description": "Call PHP"
    }
  },
  {
    "model": "core.availableaction",
    "pk": "proposal",
    "fields": {
      "module_name": "default",
      "description": "Generate proposal activation"
    }
  },
  {
    "model": "core.availableaction",
    "pk": "save",
    "fields": {
      "module_name": "default",
      "description": "Save"
    }
  },
  {
    "model": "core.availableaction",
    "pk": "savepdf",
    "fields": {
      "module_name": "default",
      "description": "Save PDF from a form"
    }
  },
  {
    "model": "core.availableaction",
    "pk": "validate",
    "fields": {
      "module_name": "default",
      "description": "Validate the form"
    }
  },
  {
    "model": "core.availableaction",
    "pk": "workflow",
    "fields": {
      "module_name": "workflow",
      "description": "Set workflow date"
    }
  },
  {
    "model": "core.availableaction",
    "pk": "wsgeocode",
    "fields": {
      "module_name": "wsgeocode",
      "description": "WS geocode"
    }
  },
  {
    "model": "core.availableinstanceresource",
    "pk": "allformpages",
    "fields": {
      "module_name": "default",
      "controller_name": "form",
      "description": "Read all pages of the form"
    }
  },
  {
    "model": "core.availableinstanceresource",
    "pk": "apidocuments",
    "fields": {
      "module_name": "apidocuments",
      "controller_name": "list",
      "description": "List of instance documents (API source)"
    }
  },
  {
    "model": "core.availableinstanceresource",
    "pk": "bab",
    "fields": {
      "module_name": "bab",
      "controller_name": "edit",
      "description": "BaB Datenerfassung"
    }
  },
  {
    "model": "core.availableinstanceresource",
    "pk": "billing",
    "fields": {
      "module_name": "billing",
      "controller_name": "edit",
      "description": "Edit the billing"
    }
  },
  {
    "model": "core.availableinstanceresource",
    "pk": "buildingauthority",
    "fields": {
      "module_name": "buildingauthority",
      "controller_name": "edit",
      "description": "Edit the building authority entries"
    }
  },
  {
    "model": "core.availableinstanceresource",
    "pk": "circulation",
    "fields": {
      "module_name": "default",
      "controller_name": "circulation",
      "description": "Read the circulation"
    }
  },
  {
    "model": "core.availableinstanceresource",
    "pk": "dashboard",
    "fields": {
      "module_name": "dashboard",
      "controller_name": "dashboard",
      "description": "Dashboard for Case"
    }
  },
  {
    "model": "core.availableinstanceresource",
    "pk": "documents",
    "fields": {
      "module_name": "documents",
      "controller_name": "list",
      "description": "List the Documents"
    }
  },
  {
    "model": "core.availableinstanceresource",
    "pk": "documents_portal",
    "fields": {
      "module_name": "documents",
      "controller_name": "portal",
      "description": "Portal Documents handler"
    }
  },
  {
    "model": "core.availableinstanceresource",
    "pk": "documents_portal_submit",
    "fields": {
      "module_name": "documents",
      "controller_name": "submit",
      "description": "Portal Submit handler"
    }
  },
  {
    "model": "core.availableinstanceresource",
    "pk": "editcirculation",
    "fields": {
      "module_name": "default",
      "controller_name": "circulation",
      "description": "Edit the circulation"
    }
  },
  {
    "model": "core.availableinstanceresource",
    "pk": "editformpage",
    "fields": {
      "module_name": "default",
      "controller_name": "form",
      "description": "Edit one page of the form"
    }
  },
  {
    "model": "core.availableinstanceresource",
    "pk": "editformpages",
    "fields": {
      "module_name": "default",
      "controller_name": "form",
      "description": "Edit multiple page of the form"
    }
  },
  {
    "model": "core.availableinstanceresource",
    "pk": "editletter",
    "fields": {
      "module_name": "default",
      "controller_name": "letter",
      "description": "Edit letter"
    }
  },
  {
    "model": "core.availableinstanceresource",
    "pk": "editnotice",
    "fields": {
      "module_name": "default",
      "controller_name": "circulation",
      "description": "Edit the notice"
    }
  },
  {
    "model": "core.availableinstanceresource",
    "pk": "formerror",
    "fields": {
      "module_name": "default",
      "controller_name": "form",
      "description": "Page with error list of the form"
    }
  },
  {
    "model": "core.availableinstanceresource",
    "pk": "formpage",
    "fields": {
      "module_name": "default",
      "controller_name": "form",
      "description": "Read one page of the form"
    }
  },
  {
    "model": "core.availableinstanceresource",
    "pk": "formpages",
    "fields": {
      "module_name": "default",
      "controller_name": "form",
      "description": "Read multiple page of the form"
    }
  },
  {
    "model": "core.availableinstanceresource",
    "pk": "formwizard",
    "fields": {
      "module_name": "default",
      "controller_name": "form",
      "description": "Wizard for the creation of a form"
    }
  },
  {
    "model": "core.availableinstanceresource",
    "pk": "history",
    "fields": {
      "module_name": "history",
      "controller_name": "history",
      "description": "Show instance history"
    }
  },
  {
    "model": "core.availableinstanceresource",
    "pk": "letter",
    "fields": {
      "module_name": "default",
      "controller_name": "letter",
      "description": "Read letter"
    }
  },
  {
    "model": "core.availableinstanceresource",
    "pk": "newform",
    "fields": {
      "module_name": "default",
      "controller_name": "form",
      "description": "Create the form"
    }
  },
  {
    "model": "core.availableinstanceresource",
    "pk": "page",
    "fields": {
      "module_name": "default",
      "controller_name": "page",
      "description": "Page from template"
    }
  },
  {
    "model": "core.availableinstanceresource",
    "pk": "publication",
    "fields": {
      "module_name": "publication",
      "controller_name": "publish",
      "description": "Publish a document"
    }
  },
  {
    "model": "core.availableinstanceresource",
    "pk": "sanction",
    "fields": {
      "module_name": "sanction",
      "controller_name": "list",
      "description": "Show the sanctions"
    }
  },
  {
    "model": "core.availableinstanceresource",
    "pk": "taskform",
    "fields": {
      "module_name": "taskform",
      "controller_name": "taskform",
      "description": "Render a Caluma form of a given task"
    }
  },
  {
    "model": "core.availableinstanceresource",
    "pk": "workflow",
    "fields": {
      "module_name": "workflow",
      "controller_name": "list",
      "description": "Show the workflow entries"
    }
  },
  {
    "model": "core.availableresource",
    "pk": "download",
    "fields": {
      "module_name": "download",
      "controller_name": "download",
      "description": "Download module"
    }
  },
  {
    "model": "core.availableresource",
    "pk": "emberlist",
    "fields": {
      "module_name": "emberlist",
      "controller_name": "emberlist",
      "description": "Page with a list of instances (from caluma)"
    }
  },
  {
    "model": "core.availableresource",
    "pk": "extendedsearch",
    "fields": {
      "module_name": "extendedsearch",
      "controller_name": "extendedsearch",
      "description": "Extended search page"
    }
  },
  {
    "model": "core.availableresource",
    "pk": "formlist",
    "fields": {
      "module_name": "default",
      "controller_name": "form",
      "description": "Page with a list of forms"
    }
  },
  {
    "model": "core.availableresource",
    "pk": "list",
    "fields": {
      "module_name": "default",
      "controller_name": "list",
      "description": "Page with a list of instances"
    }
  },
  {
    "model": "core.availableresource",
    "pk": "page",
    "fields": {
      "module_name": "default",
      "controller_name": "index",
      "description": "Page from template"
    }
  },
  {
    "model": "core.availableresource",
    "pk": "portal",
    "fields": {
      "module_name": "portal",
      "controller_name": "user",
      "description": "Portal user controller"
    }
  },
  {
    "model": "core.availableresource",
    "pk": "search",
    "fields": {
      "module_name": "default",
      "controller_name": "search",
      "description": "Page with search function"
    }
  },
  {
    "model": "core.availableresource",
    "pk": "statistics",
    "fields": {
      "module_name": "statistics",
      "controller_name": "statistics",
      "description": "Statistics module"
    }
  },
  {
    "model": "core.availableresource",
    "pk": "useradmin",
    "fields": {
      "module_name": "useradmin",
      "controller_name": "user",
      "description": "Group settings"
    }
  },
  {
    "model": "core.broleacl",
    "pk": 4,
    "fields": {
      "button": 4,
      "role": 6,
      "instance_state": 21
    }
  },
  {
    "model": "core.broleacl",
    "pk": 20,
    "fields": {
      "button": 124,
      "role": 3,
      "instance_state": 22
    }
  },
  {
    "model": "core.broleacl",
    "pk": 21,
    "fields": {
      "button": 144,
      "role": 3,
      "instance_state": 22
    }
  },
  {
    "model": "core.broleacl",
    "pk": 22,
    "fields": {
      "button": 146,
      "role": 6,
      "instance_state": 21
    }
  },
  {
    "model": "core.broleacl",
    "pk": 23,
    "fields": {
      "button": 147,
      "role": 3,
      "instance_state": 24
    }
  },
  {
    "model": "core.broleacl",
    "pk": 24,
    "fields": {
      "button": 148,
      "role": 3,
      "instance_state": 24
    }
  },
  {
    "model": "core.broleacl",
    "pk": 25,
    "fields": {
      "button": 149,
      "role": 6,
      "instance_state": 21
    }
  },
  {
    "model": "core.broleacl",
    "pk": 26,
    "fields": {
      "button": 149,
      "role": 6,
      "instance_state": 25
    }
  },
  {
    "model": "core.broleacl",
    "pk": 29,
    "fields": {
      "button": 153,
      "role": 6,
      "instance_state": 21
    }
  },
  {
    "model": "core.broleacl",
    "pk": 30,
    "fields": {
      "button": 153,
      "role": 6,
      "instance_state": 25
    }
  },
  {
    "model": "core.broleacl",
    "pk": 31,
    "fields": {
      "button": 215,
      "role": 3,
      "instance_state": 22
    }
  },
  {
    "model": "core.broleacl",
    "pk": 32,
    "fields": {
      "button": 215,
      "role": 3,
      "instance_state": 23
    }
  },
  {
    "model": "core.broleacl",
    "pk": 33,
    "fields": {
      "button": 215,
      "role": 3,
      "instance_state": 24
    }
  },
  {
    "model": "core.broleacl",
    "pk": 34,
    "fields": {
      "button": 216,
      "role": 3,
      "instance_state": 22
    }
  },
  {
    "model": "core.broleacl",
    "pk": 35,
    "fields": {
      "button": 216,
      "role": 3,
      "instance_state": 24
    }
  },
  {
    "model": "core.broleacl",
    "pk": 36,
    "fields": {
      "button": 248,
      "role": 3,
      "instance_state": 22
    }
  },
  {
    "model": "core.broleacl",
    "pk": 37,
    "fields": {
      "button": 248,
      "role": 3,
      "instance_state": 23
    }
  },
  {
    "model": "core.broleacl",
    "pk": 38,
    "fields": {
      "button": 248,
      "role": 3,
      "instance_state": 24
    }
  },
  {
    "model": "core.broleacl",
    "pk": 39,
    "fields": {
      "button": 248,
      "role": 3,
      "instance_state": 25
    }
  },
  {
    "model": "core.broleacl",
    "pk": 40,
    "fields": {
      "button": 248,
      "role": 3,
      "instance_state": 26
    }
  },
  {
    "model": "core.broleacl",
    "pk": 41,
    "fields": {
      "button": 248,
      "role": 3,
      "instance_state": 27
    }
  },
  {
    "model": "core.broleacl",
    "pk": 43,
    "fields": {
      "button": 757,
      "role": 1061,
      "instance_state": 26
    }
  },
  {
    "model": "core.broleacl",
    "pk": 44,
    "fields": {
      "button": 760,
      "role": 3,
      "instance_state": 26
    }
  },
  {
    "model": "core.broleacl",
    "pk": 45,
    "fields": {
      "button": 272,
      "role": 3,
      "instance_state": 22
    }
  },
  {
    "model": "core.broleacl",
    "pk": 46,
    "fields": {
      "button": 272,
      "role": 3,
      "instance_state": 23
    }
  },
  {
    "model": "core.broleacl",
    "pk": 47,
    "fields": {
      "button": 272,
      "role": 3,
      "instance_state": 24
    }
  },
  {
    "model": "core.broleacl",
    "pk": 48,
    "fields": {
      "button": 272,
      "role": 3,
      "instance_state": 25
    }
  },
  {
    "model": "core.broleacl",
    "pk": 49,
    "fields": {
      "button": 272,
      "role": 3,
      "instance_state": 26
    }
  },
  {
    "model": "core.broleacl",
    "pk": 50,
    "fields": {
      "button": 272,
      "role": 3,
      "instance_state": 27
    }
  },
  {
    "model": "core.broleacl",
    "pk": 51,
    "fields": {
      "button": 278,
      "role": 3,
      "instance_state": 22
    }
  },
  {
    "model": "core.broleacl",
    "pk": 52,
    "fields": {
      "button": 278,
      "role": 3,
      "instance_state": 23
    }
  },
  {
    "model": "core.broleacl",
    "pk": 53,
    "fields": {
      "button": 278,
      "role": 3,
      "instance_state": 24
    }
  },
  {
    "model": "core.broleacl",
    "pk": 54,
    "fields": {
      "button": 278,
      "role": 3,
      "instance_state": 25
    }
  },
  {
    "model": "core.broleacl",
    "pk": 55,
    "fields": {
      "button": 278,
      "role": 3,
      "instance_state": 26
    }
  },
  {
    "model": "core.broleacl",
    "pk": 56,
    "fields": {
      "button": 278,
      "role": 3,
      "instance_state": 27
    }
  },
  {
    "model": "core.broleacl",
    "pk": 57,
    "fields": {
      "button": 288,
      "role": 3,
      "instance_state": 22
    }
  },
  {
    "model": "core.broleacl",
    "pk": 58,
    "fields": {
      "button": 288,
      "role": 3,
      "instance_state": 23
    }
  },
  {
    "model": "core.broleacl",
    "pk": 59,
    "fields": {
      "button": 288,
      "role": 3,
      "instance_state": 24
    }
  },
  {
    "model": "core.broleacl",
    "pk": 60,
    "fields": {
      "button": 288,
      "role": 3,
      "instance_state": 25
    }
  },
  {
    "model": "core.broleacl",
    "pk": 61,
    "fields": {
      "button": 288,
      "role": 3,
      "instance_state": 26
    }
  },
  {
    "model": "core.broleacl",
    "pk": 62,
    "fields": {
      "button": 288,
      "role": 3,
      "instance_state": 27
    }
  },
  {
    "model": "core.broleacl",
    "pk": 65,
    "fields": {
      "button": 304,
      "role": 4,
      "instance_state": 23
    }
  },
  {
    "model": "core.broleacl",
    "pk": 66,
    "fields": {
      "button": 304,
      "role": 1021,
      "instance_state": 23
    }
  },
  {
    "model": "core.broleacl",
    "pk": 67,
    "fields": {
      "button": 305,
      "role": 4,
      "instance_state": 23
    }
  },
  {
    "model": "core.broleacl",
    "pk": 68,
    "fields": {
      "button": 324,
      "role": 4,
      "instance_state": 23
    }
  },
  {
    "model": "core.broleacl",
    "pk": 69,
    "fields": {
      "button": 325,
      "role": 1021,
      "instance_state": 23
    }
  },
  {
    "model": "core.broleacl",
    "pk": 70,
    "fields": {
      "button": 326,
      "role": 1021,
      "instance_state": 23
    }
  },
  {
    "model": "core.broleacl",
    "pk": 71,
    "fields": {
      "button": 389,
      "role": 3,
      "instance_state": 23
    }
  },
  {
    "model": "core.broleacl",
    "pk": 72,
    "fields": {
      "button": 389,
      "role": 3,
      "instance_state": 24
    }
  },
  {
    "model": "core.broleacl",
    "pk": 73,
    "fields": {
      "button": 408,
      "role": 3,
      "instance_state": 23
    }
  },
  {
    "model": "core.broleacl",
    "pk": 74,
    "fields": {
      "button": 408,
      "role": 3,
      "instance_state": 24
    }
  },
  {
    "model": "core.broleacl",
    "pk": 78,
    "fields": {
      "button": 429,
      "role": 1061,
      "instance_state": 22
    }
  },
  {
    "model": "core.broleacl",
    "pk": 79,
    "fields": {
      "button": 429,
      "role": 1061,
      "instance_state": 24
    }
  },
  {
    "model": "core.broleacl",
    "pk": 80,
    "fields": {
      "button": 430,
      "role": 1061,
      "instance_state": 22
    }
  },
  {
    "model": "core.broleacl",
    "pk": 81,
    "fields": {
      "button": 430,
      "role": 1061,
      "instance_state": 24
    }
  },
  {
    "model": "core.broleacl",
    "pk": 82,
    "fields": {
      "button": 431,
      "role": 1061,
      "instance_state": 22
    }
  },
  {
    "model": "core.broleacl",
    "pk": 83,
    "fields": {
      "button": 431,
      "role": 1061,
      "instance_state": 23
    }
  },
  {
    "model": "core.broleacl",
    "pk": 84,
    "fields": {
      "button": 431,
      "role": 1061,
      "instance_state": 24
    }
  },
  {
    "model": "core.broleacl",
    "pk": 85,
    "fields": {
      "button": 432,
      "role": 1061,
      "instance_state": 22
    }
  },
  {
    "model": "core.broleacl",
    "pk": 86,
    "fields": {
      "button": 432,
      "role": 1061,
      "instance_state": 24
    }
  },
  {
    "model": "core.broleacl",
    "pk": 87,
    "fields": {
      "button": 433,
      "role": 1061,
      "instance_state": 22
    }
  },
  {
    "model": "core.broleacl",
    "pk": 88,
    "fields": {
      "button": 433,
      "role": 1061,
      "instance_state": 23
    }
  },
  {
    "model": "core.broleacl",
    "pk": 89,
    "fields": {
      "button": 433,
      "role": 1061,
      "instance_state": 24
    }
  },
  {
    "model": "core.broleacl",
    "pk": 90,
    "fields": {
      "button": 433,
      "role": 1061,
      "instance_state": 25
    }
  },
  {
    "model": "core.broleacl",
    "pk": 91,
    "fields": {
      "button": 433,
      "role": 1061,
      "instance_state": 26
    }
  },
  {
    "model": "core.broleacl",
    "pk": 92,
    "fields": {
      "button": 433,
      "role": 1061,
      "instance_state": 27
    }
  },
  {
    "model": "core.broleacl",
    "pk": 93,
    "fields": {
      "button": 434,
      "role": 1061,
      "instance_state": 23
    }
  },
  {
    "model": "core.broleacl",
    "pk": 94,
    "fields": {
      "button": 434,
      "role": 1061,
      "instance_state": 24
    }
  },
  {
    "model": "core.broleacl",
    "pk": 95,
    "fields": {
      "button": 448,
      "role": 1061,
      "instance_state": 23
    }
  },
  {
    "model": "core.broleacl",
    "pk": 96,
    "fields": {
      "button": 448,
      "role": 1061,
      "instance_state": 24
    }
  },
  {
    "model": "core.broleacl",
    "pk": 99,
    "fields": {
      "button": 470,
      "role": 6,
      "instance_state": 21
    }
  },
  {
    "model": "core.broleacl",
    "pk": 103,
    "fields": {
      "button": 488,
      "role": 6,
      "instance_state": 25
    }
  },
  {
    "model": "core.broleacl",
    "pk": 105,
    "fields": {
      "button": 528,
      "role": 1061,
      "instance_state": 22
    }
  },
  {
    "model": "core.broleacl",
    "pk": 106,
    "fields": {
      "button": 528,
      "role": 1061,
      "instance_state": 23
    }
  },
  {
    "model": "core.broleacl",
    "pk": 107,
    "fields": {
      "button": 528,
      "role": 1061,
      "instance_state": 24
    }
  },
  {
    "model": "core.broleacl",
    "pk": 108,
    "fields": {
      "button": 528,
      "role": 1061,
      "instance_state": 25
    }
  },
  {
    "model": "core.broleacl",
    "pk": 109,
    "fields": {
      "button": 528,
      "role": 1061,
      "instance_state": 26
    }
  },
  {
    "model": "core.broleacl",
    "pk": 110,
    "fields": {
      "button": 528,
      "role": 1061,
      "instance_state": 27
    }
  },
  {
    "model": "core.broleacl",
    "pk": 111,
    "fields": {
      "button": 529,
      "role": 1061,
      "instance_state": 24
    }
  },
  {
    "model": "core.broleacl",
    "pk": 112,
    "fields": {
      "button": 548,
      "role": 1061,
      "instance_state": 22
    }
  },
  {
    "model": "core.broleacl",
    "pk": 113,
    "fields": {
      "button": 548,
      "role": 1061,
      "instance_state": 23
    }
  },
  {
    "model": "core.broleacl",
    "pk": 114,
    "fields": {
      "button": 548,
      "role": 1061,
      "instance_state": 24
    }
  },
  {
    "model": "core.broleacl",
    "pk": 115,
    "fields": {
      "button": 548,
      "role": 1061,
      "instance_state": 25
    }
  },
  {
    "model": "core.broleacl",
    "pk": 116,
    "fields": {
      "button": 548,
      "role": 1061,
      "instance_state": 26
    }
  },
  {
    "model": "core.broleacl",
    "pk": 117,
    "fields": {
      "button": 548,
      "role": 1061,
      "instance_state": 27
    }
  },
  {
    "model": "core.broleacl",
    "pk": 118,
    "fields": {
      "button": 568,
      "role": 3,
      "instance_state": 23
    }
  },
  {
    "model": "core.broleacl",
    "pk": 119,
    "fields": {
      "button": 570,
      "role": 1061,
      "instance_state": 23
    }
  },
  {
    "model": "core.broleacl",
    "pk": 121,
    "fields": {
      "button": 389,
      "role": 3,
      "instance_state": 22
    }
  },
  {
    "model": "core.broleacl",
    "pk": 122,
    "fields": {
      "button": 608,
      "role": 4,
      "instance_state": 23
    }
  },
  {
    "model": "core.broleacl",
    "pk": 124,
    "fields": {
      "button": 691,
      "role": 1101,
      "instance_state": 22
    }
  },
  {
    "model": "core.broleacl",
    "pk": 125,
    "fields": {
      "button": 714,
      "role": 1101,
      "instance_state": 22
    }
  },
  {
    "model": "core.broleacl",
    "pk": 126,
    "fields": {
      "button": 688,
      "role": 1101,
      "instance_state": 23
    }
  },
  {
    "model": "core.broleacl",
    "pk": 127,
    "fields": {
      "button": 691,
      "role": 1101,
      "instance_state": 23
    }
  },
  {
    "model": "core.broleacl",
    "pk": 128,
    "fields": {
      "button": 714,
      "role": 1101,
      "instance_state": 24
    }
  },
  {
    "model": "core.broleacl",
    "pk": 130,
    "fields": {
      "button": 688,
      "role": 1101,
      "instance_state": 22
    }
  },
  {
    "model": "core.broleacl",
    "pk": 131,
    "fields": {
      "button": 714,
      "role": 1101,
      "instance_state": 23
    }
  },
  {
    "model": "core.broleacl",
    "pk": 132,
    "fields": {
      "button": 648,
      "role": 1102,
      "instance_state": 23
    }
  },
  {
    "model": "core.broleacl",
    "pk": 134,
    "fields": {
      "button": 305,
      "role": 1102,
      "instance_state": 23
    }
  },
  {
    "model": "core.broleacl",
    "pk": 135,
    "fields": {
      "button": 628,
      "role": 4,
      "instance_state": 23
    }
  },
  {
    "model": "core.broleacl",
    "pk": 137,
    "fields": {
      "button": 692,
      "role": 1101,
      "instance_state": 23
    }
  },
  {
    "model": "core.broleacl",
    "pk": 139,
    "fields": {
      "button": 691,
      "role": 1101,
      "instance_state": 26
    }
  },
  {
    "model": "core.broleacl",
    "pk": 140,
    "fields": {
      "button": 689,
      "role": 1101,
      "instance_state": 22
    }
  },
  {
    "model": "core.broleacl",
    "pk": 141,
    "fields": {
      "button": 691,
      "role": 1101,
      "instance_state": 24
    }
  },
  {
    "model": "core.broleacl",
    "pk": 142,
    "fields": {
      "button": 721,
      "role": 1061,
      "instance_state": 26
    }
  },
  {
    "model": "core.broleacl",
    "pk": 143,
    "fields": {
      "button": 710,
      "role": 1101,
      "instance_state": 22
    }
  },
  {
    "model": "core.broleacl",
    "pk": 146,
    "fields": {
      "button": 714,
      "role": 1101,
      "instance_state": 27
    }
  },
  {
    "model": "core.broleacl",
    "pk": 148,
    "fields": {
      "button": 692,
      "role": 1101,
      "instance_state": 24
    }
  },
  {
    "model": "core.broleacl",
    "pk": 149,
    "fields": {
      "button": 304,
      "role": 1102,
      "instance_state": 23
    }
  },
  {
    "model": "core.broleacl",
    "pk": 150,
    "fields": {
      "button": 719,
      "role": 1101,
      "instance_state": 26
    }
  },
  {
    "model": "core.broleacl",
    "pk": 152,
    "fields": {
      "button": 711,
      "role": 1101,
      "instance_state": 24
    }
  },
  {
    "model": "core.broleacl",
    "pk": 156,
    "fields": {
      "button": 714,
      "role": 1101,
      "instance_state": 25
    }
  },
  {
    "model": "core.broleacl",
    "pk": 160,
    "fields": {
      "button": 690,
      "role": 1101,
      "instance_state": 23
    }
  },
  {
    "model": "core.broleacl",
    "pk": 164,
    "fields": {
      "button": 714,
      "role": 1101,
      "instance_state": 26
    }
  },
  {
    "model": "core.broleacl",
    "pk": 165,
    "fields": {
      "button": 714,
      "role": 1101,
      "instance_state": 21
    }
  },
  {
    "model": "core.broleacl",
    "pk": 166,
    "fields": {
      "button": 688,
      "role": 1101,
      "instance_state": 24
    }
  },
  {
    "model": "core.broleacl",
    "pk": 167,
    "fields": {
      "button": 689,
      "role": 1101,
      "instance_state": 24
    }
  },
  {
    "model": "core.broleacl",
    "pk": 168,
    "fields": {
      "button": 691,
      "role": 1101,
      "instance_state": 25
    }
  },
  {
    "model": "core.broleacl",
    "pk": 169,
    "fields": {
      "button": 628,
      "role": 1102,
      "instance_state": 23
    }
  },
  {
    "model": "core.broleacl",
    "pk": 170,
    "fields": {
      "button": 648,
      "role": 4,
      "instance_state": 23
    }
  },
  {
    "model": "core.broleacl",
    "pk": 177,
    "fields": {
      "button": 725,
      "role": 1101,
      "instance_state": 26
    }
  },
  {
    "model": "core.broleacl",
    "pk": 179,
    "fields": {
      "button": 724,
      "role": 1061,
      "instance_state": 25
    }
  },
  {
    "model": "core.broleacl",
    "pk": 182,
    "fields": {
      "button": 723,
      "role": 3,
      "instance_state": 26
    }
  },
  {
    "model": "core.broleacl",
    "pk": 186,
    "fields": {
      "button": 723,
      "role": 3,
      "instance_state": 25
    }
  },
  {
    "model": "core.broleacl",
    "pk": 187,
    "fields": {
      "button": 746,
      "role": 6,
      "instance_state": 30
    }
  },
  {
    "model": "core.broleacl",
    "pk": 188,
    "fields": {
      "button": 724,
      "role": 1061,
      "instance_state": 26
    }
  },
  {
    "model": "core.broleacl",
    "pk": 189,
    "fields": {
      "button": 725,
      "role": 1101,
      "instance_state": 25
    }
  },
  {
    "model": "core.broleacl",
    "pk": 190,
    "fields": {
      "button": 756,
      "role": 3,
      "instance_state": 26
    }
  },
  {
    "model": "core.broleacl",
    "pk": 192,
    "fields": {
      "button": 758,
      "role": 1101,
      "instance_state": 26
    }
  },
  {
    "model": "core.broleacl",
    "pk": 194,
    "fields": {
      "button": 784,
      "role": 1106,
      "instance_state": 24
    }
  },
  {
    "model": "core.broleacl",
    "pk": 195,
    "fields": {
      "button": 894,
      "role": 3,
      "instance_state": 25
    }
  },
  {
    "model": "core.broleacl",
    "pk": 198,
    "fields": {
      "button": 914,
      "role": 1128,
      "instance_state": 26
    }
  },
  {
    "model": "core.broleacl",
    "pk": 199,
    "fields": {
      "button": 830,
      "role": 1128,
      "instance_state": 24
    }
  },
  {
    "model": "core.broleacl",
    "pk": 200,
    "fields": {
      "button": 914,
      "role": 1128,
      "instance_state": 22
    }
  },
  {
    "model": "core.broleacl",
    "pk": 201,
    "fields": {
      "button": 769,
      "role": 1106,
      "instance_state": 26
    }
  },
  {
    "model": "core.broleacl",
    "pk": 202,
    "fields": {
      "button": 783,
      "role": 1106,
      "instance_state": 24
    }
  },
  {
    "model": "core.broleacl",
    "pk": 203,
    "fields": {
      "button": 798,
      "role": 1107,
      "instance_state": 24
    }
  },
  {
    "model": "core.broleacl",
    "pk": 205,
    "fields": {
      "button": 834,
      "role": 1021,
      "instance_state": 23
    }
  },
  {
    "model": "core.broleacl",
    "pk": 206,
    "fields": {
      "button": 770,
      "role": 1106,
      "instance_state": 23
    }
  },
  {
    "model": "core.broleacl",
    "pk": 207,
    "fields": {
      "button": 914,
      "role": 1128,
      "instance_state": 21
    }
  },
  {
    "model": "core.broleacl",
    "pk": 209,
    "fields": {
      "button": 806,
      "role": 1127,
      "instance_state": 23
    }
  },
  {
    "model": "core.broleacl",
    "pk": 210,
    "fields": {
      "button": 810,
      "role": 1127,
      "instance_state": 23
    }
  },
  {
    "model": "core.broleacl",
    "pk": 211,
    "fields": {
      "button": 811,
      "role": 1127,
      "instance_state": 22
    }
  },
  {
    "model": "core.broleacl",
    "pk": 214,
    "fields": {
      "button": 874,
      "role": 1061,
      "instance_state": 26
    }
  },
  {
    "model": "core.broleacl",
    "pk": 217,
    "fields": {
      "button": 793,
      "role": 1107,
      "instance_state": 26
    }
  },
  {
    "model": "core.broleacl",
    "pk": 219,
    "fields": {
      "button": 825,
      "role": 1128,
      "instance_state": 26
    }
  },
  {
    "model": "core.broleacl",
    "pk": 220,
    "fields": {
      "button": 797,
      "role": 1107,
      "instance_state": 24
    }
  },
  {
    "model": "core.broleacl",
    "pk": 221,
    "fields": {
      "button": 832,
      "role": 1128,
      "instance_state": 25
    }
  },
  {
    "model": "core.broleacl",
    "pk": 222,
    "fields": {
      "button": 799,
      "role": 1107,
      "instance_state": 24
    }
  },
  {
    "model": "core.broleacl",
    "pk": 223,
    "fields": {
      "button": 834,
      "role": 1102,
      "instance_state": 25
    }
  },
  {
    "model": "core.broleacl",
    "pk": 225,
    "fields": {
      "button": 834,
      "role": 4,
      "instance_state": 23
    }
  },
  {
    "model": "core.broleacl",
    "pk": 226,
    "fields": {
      "button": 783,
      "role": 1106,
      "instance_state": 25
    }
  },
  {
    "model": "core.broleacl",
    "pk": 227,
    "fields": {
      "button": 767,
      "role": 1106,
      "instance_state": 24
    }
  },
  {
    "model": "core.broleacl",
    "pk": 228,
    "fields": {
      "button": 834,
      "role": 1102,
      "instance_state": 24
    }
  },
  {
    "model": "core.broleacl",
    "pk": 229,
    "fields": {
      "button": 894,
      "role": 3,
      "instance_state": 22
    }
  },
  {
    "model": "core.broleacl",
    "pk": 230,
    "fields": {
      "button": 809,
      "role": 1127,
      "instance_state": 26
    }
  },
  {
    "model": "core.broleacl",
    "pk": 231,
    "fields": {
      "button": 834,
      "role": 6,
      "instance_state": 21
    }
  },
  {
    "model": "core.broleacl",
    "pk": 233,
    "fields": {
      "button": 917,
      "role": 1101,
      "instance_state": 24
    }
  },
  {
    "model": "core.broleacl",
    "pk": 234,
    "fields": {
      "button": 917,
      "role": 1101,
      "instance_state": 25
    }
  },
  {
    "model": "core.broleacl",
    "pk": 235,
    "fields": {
      "button": 774,
      "role": 1106,
      "instance_state": 24
    }
  },
  {
    "model": "core.broleacl",
    "pk": 236,
    "fields": {
      "button": 834,
      "role": 4,
      "instance_state": 21
    }
  },
  {
    "model": "core.broleacl",
    "pk": 237,
    "fields": {
      "button": 829,
      "role": 1128,
      "instance_state": 26
    }
  },
  {
    "model": "core.broleacl",
    "pk": 239,
    "fields": {
      "button": 799,
      "role": 1107,
      "instance_state": 27
    }
  },
  {
    "model": "core.broleacl",
    "pk": 240,
    "fields": {
      "button": 834,
      "role": 6,
      "instance_state": 23
    }
  },
  {
    "model": "core.broleacl",
    "pk": 242,
    "fields": {
      "button": 915,
      "role": 1106,
      "instance_state": 26
    }
  },
  {
    "model": "core.broleacl",
    "pk": 243,
    "fields": {
      "button": 834,
      "role": 6,
      "instance_state": 22
    }
  },
  {
    "model": "core.broleacl",
    "pk": 244,
    "fields": {
      "button": 799,
      "role": 1107,
      "instance_state": 22
    }
  },
  {
    "model": "core.broleacl",
    "pk": 245,
    "fields": {
      "button": 831,
      "role": 1128,
      "instance_state": 26
    }
  },
  {
    "model": "core.broleacl",
    "pk": 247,
    "fields": {
      "button": 804,
      "role": 1127,
      "instance_state": 24
    }
  },
  {
    "model": "core.broleacl",
    "pk": 248,
    "fields": {
      "button": 791,
      "role": 1107,
      "instance_state": 22
    }
  },
  {
    "model": "core.broleacl",
    "pk": 249,
    "fields": {
      "button": 823,
      "role": 1128,
      "instance_state": 22
    }
  },
  {
    "model": "core.broleacl",
    "pk": 250,
    "fields": {
      "button": 807,
      "role": 1127,
      "instance_state": 24
    }
  },
  {
    "model": "core.broleacl",
    "pk": 251,
    "fields": {
      "button": 792,
      "role": 1107,
      "instance_state": 24
    }
  },
  {
    "model": "core.broleacl",
    "pk": 252,
    "fields": {
      "button": 894,
      "role": 3,
      "instance_state": 23
    }
  },
  {
    "model": "core.broleacl",
    "pk": 253,
    "fields": {
      "button": 828,
      "role": 1128,
      "instance_state": 23
    }
  },
  {
    "model": "core.broleacl",
    "pk": 254,
    "fields": {
      "button": 915,
      "role": 1106,
      "instance_state": 23
    }
  },
  {
    "model": "core.broleacl",
    "pk": 255,
    "fields": {
      "button": 894,
      "role": 3,
      "instance_state": 26
    }
  },
  {
    "model": "core.broleacl",
    "pk": 257,
    "fields": {
      "button": 834,
      "role": 6,
      "instance_state": 24
    }
  },
  {
    "model": "core.broleacl",
    "pk": 258,
    "fields": {
      "button": 826,
      "role": 1128,
      "instance_state": 24
    }
  },
  {
    "model": "core.broleacl",
    "pk": 259,
    "fields": {
      "button": 797,
      "role": 1107,
      "instance_state": 26
    }
  },
  {
    "model": "core.broleacl",
    "pk": 262,
    "fields": {
      "button": 831,
      "role": 1128,
      "instance_state": 23
    }
  },
  {
    "model": "core.broleacl",
    "pk": 263,
    "fields": {
      "button": 809,
      "role": 1127,
      "instance_state": 23
    }
  },
  {
    "model": "core.broleacl",
    "pk": 264,
    "fields": {
      "button": 782,
      "role": 1106,
      "instance_state": 23
    }
  },
  {
    "model": "core.broleacl",
    "pk": 267,
    "fields": {
      "button": 834,
      "role": 4,
      "instance_state": 26
    }
  },
  {
    "model": "core.broleacl",
    "pk": 269,
    "fields": {
      "button": 795,
      "role": 1107,
      "instance_state": 22
    }
  },
  {
    "model": "core.broleacl",
    "pk": 270,
    "fields": {
      "button": 834,
      "role": 1102,
      "instance_state": 23
    }
  },
  {
    "model": "core.broleacl",
    "pk": 272,
    "fields": {
      "button": 774,
      "role": 1106,
      "instance_state": 22
    }
  },
  {
    "model": "core.broleacl",
    "pk": 273,
    "fields": {
      "button": 806,
      "role": 1127,
      "instance_state": 22
    }
  },
  {
    "model": "core.broleacl",
    "pk": 274,
    "fields": {
      "button": 812,
      "role": 1127,
      "instance_state": 26
    }
  },
  {
    "model": "core.broleacl",
    "pk": 276,
    "fields": {
      "button": 917,
      "role": 1101,
      "instance_state": 22
    }
  },
  {
    "model": "core.broleacl",
    "pk": 277,
    "fields": {
      "button": 783,
      "role": 1106,
      "instance_state": 23
    }
  },
  {
    "model": "core.broleacl",
    "pk": 278,
    "fields": {
      "button": 827,
      "role": 1128,
      "instance_state": 22
    }
  },
  {
    "model": "core.broleacl",
    "pk": 279,
    "fields": {
      "button": 874,
      "role": 1061,
      "instance_state": 22
    }
  },
  {
    "model": "core.broleacl",
    "pk": 280,
    "fields": {
      "button": 812,
      "role": 1127,
      "instance_state": 25
    }
  },
  {
    "model": "core.broleacl",
    "pk": 282,
    "fields": {
      "button": 915,
      "role": 1106,
      "instance_state": 22
    }
  },
  {
    "model": "core.broleacl",
    "pk": 283,
    "fields": {
      "button": 774,
      "role": 1106,
      "instance_state": 26
    }
  },
  {
    "model": "core.broleacl",
    "pk": 284,
    "fields": {
      "button": 811,
      "role": 1127,
      "instance_state": 25
    }
  },
  {
    "model": "core.broleacl",
    "pk": 285,
    "fields": {
      "button": 826,
      "role": 1128,
      "instance_state": 23
    }
  },
  {
    "model": "core.broleacl",
    "pk": 286,
    "fields": {
      "button": 917,
      "role": 1101,
      "instance_state": 26
    }
  },
  {
    "model": "core.broleacl",
    "pk": 287,
    "fields": {
      "button": 809,
      "role": 1127,
      "instance_state": 24
    }
  },
  {
    "model": "core.broleacl",
    "pk": 288,
    "fields": {
      "button": 783,
      "role": 1106,
      "instance_state": 22
    }
  },
  {
    "model": "core.broleacl",
    "pk": 289,
    "fields": {
      "button": 831,
      "role": 1128,
      "instance_state": 24
    }
  },
  {
    "model": "core.broleacl",
    "pk": 290,
    "fields": {
      "button": 915,
      "role": 1106,
      "instance_state": 24
    }
  },
  {
    "model": "core.broleacl",
    "pk": 292,
    "fields": {
      "button": 834,
      "role": 4,
      "instance_state": 24
    }
  },
  {
    "model": "core.broleacl",
    "pk": 293,
    "fields": {
      "button": 834,
      "role": 1102,
      "instance_state": 22
    }
  },
  {
    "model": "core.broleacl",
    "pk": 294,
    "fields": {
      "button": 776,
      "role": 1106,
      "instance_state": 24
    }
  },
  {
    "model": "core.broleacl",
    "pk": 295,
    "fields": {
      "button": 914,
      "role": 1128,
      "instance_state": 24
    }
  },
  {
    "model": "core.broleacl",
    "pk": 296,
    "fields": {
      "button": 800,
      "role": 1107,
      "instance_state": 26
    }
  },
  {
    "model": "core.broleacl",
    "pk": 298,
    "fields": {
      "button": 800,
      "role": 1107,
      "instance_state": 25
    }
  },
  {
    "model": "core.broleacl",
    "pk": 299,
    "fields": {
      "button": 799,
      "role": 1107,
      "instance_state": 25
    }
  },
  {
    "model": "core.broleacl",
    "pk": 300,
    "fields": {
      "button": 834,
      "role": 1021,
      "instance_state": 25
    }
  },
  {
    "model": "core.broleacl",
    "pk": 302,
    "fields": {
      "button": 784,
      "role": 1106,
      "instance_state": 23
    }
  },
  {
    "model": "core.broleacl",
    "pk": 303,
    "fields": {
      "button": 766,
      "role": 1106,
      "instance_state": 22
    }
  },
  {
    "model": "core.broleacl",
    "pk": 304,
    "fields": {
      "button": 805,
      "role": 1127,
      "instance_state": 26
    }
  },
  {
    "model": "core.broleacl",
    "pk": 305,
    "fields": {
      "button": 831,
      "role": 1128,
      "instance_state": 27
    }
  },
  {
    "model": "core.broleacl",
    "pk": 308,
    "fields": {
      "button": 874,
      "role": 1061,
      "instance_state": 23
    }
  },
  {
    "model": "core.broleacl",
    "pk": 309,
    "fields": {
      "button": 811,
      "role": 1127,
      "instance_state": 24
    }
  },
  {
    "model": "core.broleacl",
    "pk": 310,
    "fields": {
      "button": 774,
      "role": 1106,
      "instance_state": 25
    }
  },
  {
    "model": "core.broleacl",
    "pk": 311,
    "fields": {
      "button": 811,
      "role": 1127,
      "instance_state": 23
    }
  },
  {
    "model": "core.broleacl",
    "pk": 312,
    "fields": {
      "button": 794,
      "role": 1107,
      "instance_state": 24
    }
  },
  {
    "model": "core.broleacl",
    "pk": 314,
    "fields": {
      "button": 917,
      "role": 1101,
      "instance_state": 23
    }
  },
  {
    "model": "core.broleacl",
    "pk": 316,
    "fields": {
      "button": 914,
      "role": 1128,
      "instance_state": 25
    }
  },
  {
    "model": "core.broleacl",
    "pk": 318,
    "fields": {
      "button": 774,
      "role": 1106,
      "instance_state": 23
    }
  },
  {
    "model": "core.broleacl",
    "pk": 320,
    "fields": {
      "button": 771,
      "role": 1106,
      "instance_state": 24
    }
  },
  {
    "model": "core.broleacl",
    "pk": 321,
    "fields": {
      "button": 797,
      "role": 1107,
      "instance_state": 22
    }
  },
  {
    "model": "core.broleacl",
    "pk": 322,
    "fields": {
      "button": 775,
      "role": 1106,
      "instance_state": 25
    }
  },
  {
    "model": "core.broleacl",
    "pk": 323,
    "fields": {
      "button": 829,
      "role": 1128,
      "instance_state": 22
    }
  },
  {
    "model": "core.broleacl",
    "pk": 324,
    "fields": {
      "button": 894,
      "role": 3,
      "instance_state": 24
    }
  },
  {
    "model": "core.broleacl",
    "pk": 325,
    "fields": {
      "button": 803,
      "role": 1127,
      "instance_state": 22
    }
  },
  {
    "model": "core.broleacl",
    "pk": 326,
    "fields": {
      "button": 770,
      "role": 1106,
      "instance_state": 24
    }
  },
  {
    "model": "core.broleacl",
    "pk": 328,
    "fields": {
      "button": 915,
      "role": 1106,
      "instance_state": 21
    }
  },
  {
    "model": "core.broleacl",
    "pk": 329,
    "fields": {
      "button": 775,
      "role": 1106,
      "instance_state": 26
    }
  },
  {
    "model": "core.broleacl",
    "pk": 330,
    "fields": {
      "button": 809,
      "role": 1127,
      "instance_state": 22
    }
  },
  {
    "model": "core.broleacl",
    "pk": 332,
    "fields": {
      "button": 834,
      "role": 1021,
      "instance_state": 21
    }
  },
  {
    "model": "core.broleacl",
    "pk": 334,
    "fields": {
      "button": 797,
      "role": 1107,
      "instance_state": 23
    }
  },
  {
    "model": "core.broleacl",
    "pk": 336,
    "fields": {
      "button": 811,
      "role": 1127,
      "instance_state": 27
    }
  },
  {
    "model": "core.broleacl",
    "pk": 339,
    "fields": {
      "button": 795,
      "role": 1107,
      "instance_state": 24
    }
  },
  {
    "model": "core.broleacl",
    "pk": 340,
    "fields": {
      "button": 834,
      "role": 4,
      "instance_state": 22
    }
  },
  {
    "model": "core.broleacl",
    "pk": 341,
    "fields": {
      "button": 824,
      "role": 1128,
      "instance_state": 24
    }
  },
  {
    "model": "core.broleacl",
    "pk": 342,
    "fields": {
      "button": 799,
      "role": 1107,
      "instance_state": 26
    }
  },
  {
    "model": "core.broleacl",
    "pk": 343,
    "fields": {
      "button": 771,
      "role": 1106,
      "instance_state": 22
    }
  },
  {
    "model": "core.broleacl",
    "pk": 345,
    "fields": {
      "button": 834,
      "role": 1021,
      "instance_state": 24
    }
  },
  {
    "model": "core.broleacl",
    "pk": 347,
    "fields": {
      "button": 806,
      "role": 1127,
      "instance_state": 24
    }
  },
  {
    "model": "core.broleacl",
    "pk": 349,
    "fields": {
      "button": 799,
      "role": 1107,
      "instance_state": 23
    }
  },
  {
    "model": "core.broleacl",
    "pk": 351,
    "fields": {
      "button": 832,
      "role": 1128,
      "instance_state": 26
    }
  },
  {
    "model": "core.broleacl",
    "pk": 354,
    "fields": {
      "button": 830,
      "role": 1128,
      "instance_state": 23
    }
  },
  {
    "model": "core.broleacl",
    "pk": 355,
    "fields": {
      "button": 831,
      "role": 1128,
      "instance_state": 25
    }
  },
  {
    "model": "core.broleacl",
    "pk": 357,
    "fields": {
      "button": 829,
      "role": 1128,
      "instance_state": 23
    }
  },
  {
    "model": "core.broleacl",
    "pk": 358,
    "fields": {
      "button": 834,
      "role": 6,
      "instance_state": 25
    }
  },
  {
    "model": "core.broleacl",
    "pk": 360,
    "fields": {
      "button": 807,
      "role": 1127,
      "instance_state": 22
    }
  },
  {
    "model": "core.broleacl",
    "pk": 361,
    "fields": {
      "button": 914,
      "role": 1128,
      "instance_state": 23
    }
  },
  {
    "model": "core.broleacl",
    "pk": 362,
    "fields": {
      "button": 811,
      "role": 1127,
      "instance_state": 26
    }
  },
  {
    "model": "core.broleacl",
    "pk": 363,
    "fields": {
      "button": 827,
      "role": 1128,
      "instance_state": 24
    }
  },
  {
    "model": "core.broleacl",
    "pk": 364,
    "fields": {
      "button": 915,
      "role": 1106,
      "instance_state": 25
    }
  },
  {
    "model": "core.broleacl",
    "pk": 366,
    "fields": {
      "button": 774,
      "role": 1106,
      "instance_state": 27
    }
  },
  {
    "model": "core.broleacl",
    "pk": 367,
    "fields": {
      "button": 770,
      "role": 1106,
      "instance_state": 22
    }
  },
  {
    "model": "core.broleacl",
    "pk": 369,
    "fields": {
      "button": 810,
      "role": 1127,
      "instance_state": 24
    }
  },
  {
    "model": "core.broleacl",
    "pk": 370,
    "fields": {
      "button": 826,
      "role": 1128,
      "instance_state": 22
    }
  },
  {
    "model": "core.broleacl",
    "pk": 372,
    "fields": {
      "button": 796,
      "role": 1107,
      "instance_state": 23
    }
  },
  {
    "model": "core.broleacl",
    "pk": 373,
    "fields": {
      "button": 829,
      "role": 1128,
      "instance_state": 25
    }
  },
  {
    "model": "core.broleacl",
    "pk": 374,
    "fields": {
      "button": 809,
      "role": 1127,
      "instance_state": 25
    }
  },
  {
    "model": "core.broleacl",
    "pk": 375,
    "fields": {
      "button": 874,
      "role": 1061,
      "instance_state": 25
    }
  },
  {
    "model": "core.broleacl",
    "pk": 376,
    "fields": {
      "button": 834,
      "role": 1021,
      "instance_state": 22
    }
  },
  {
    "model": "core.broleacl",
    "pk": 378,
    "fields": {
      "button": 834,
      "role": 1102,
      "instance_state": 21
    }
  },
  {
    "model": "core.broleacl",
    "pk": 379,
    "fields": {
      "button": 776,
      "role": 1106,
      "instance_state": 23
    }
  },
  {
    "model": "core.broleacl",
    "pk": 381,
    "fields": {
      "button": 831,
      "role": 1128,
      "instance_state": 22
    }
  },
  {
    "model": "core.broleacl",
    "pk": 382,
    "fields": {
      "button": 783,
      "role": 1106,
      "instance_state": 26
    }
  },
  {
    "model": "core.broleacl",
    "pk": 384,
    "fields": {
      "button": 798,
      "role": 1107,
      "instance_state": 23
    }
  },
  {
    "model": "core.broleacl",
    "pk": 385,
    "fields": {
      "button": 808,
      "role": 1127,
      "instance_state": 23
    }
  },
  {
    "model": "core.broleacl",
    "pk": 388,
    "fields": {
      "button": 834,
      "role": 4,
      "instance_state": 25
    }
  },
  {
    "model": "core.broleacl",
    "pk": 389,
    "fields": {
      "button": 794,
      "role": 1107,
      "instance_state": 22
    }
  },
  {
    "model": "core.broleacl",
    "pk": 392,
    "fields": {
      "button": 797,
      "role": 1107,
      "instance_state": 25
    }
  },
  {
    "model": "core.broleacl",
    "pk": 393,
    "fields": {
      "button": 829,
      "role": 1128,
      "instance_state": 24
    }
  },
  {
    "model": "core.broleacl",
    "pk": 394,
    "fields": {
      "button": 874,
      "role": 1061,
      "instance_state": 24
    }
  },
  {
    "model": "core.broleacl",
    "pk": 395,
    "fields": {
      "button": 794,
      "role": 1107,
      "instance_state": 23
    }
  },
  {
    "model": "core.broleacl",
    "pk": 397,
    "fields": {
      "button": 434,
      "role": 1061,
      "instance_state": 22
    }
  },
  {
    "model": "core.broleacl",
    "pk": 398,
    "fields": {
      "button": 692,
      "role": 1101,
      "instance_state": 22
    }
  },
  {
    "model": "core.broleacl",
    "pk": 411,
    "fields": {
      "button": 823,
      "role": 1129,
      "instance_state": 22
    }
  },
  {
    "model": "core.broleacl",
    "pk": 412,
    "fields": {
      "button": 824,
      "role": 1129,
      "instance_state": 24
    }
  },
  {
    "model": "core.broleacl",
    "pk": 413,
    "fields": {
      "button": 825,
      "role": 1129,
      "instance_state": 26
    }
  },
  {
    "model": "core.broleacl",
    "pk": 420,
    "fields": {
      "button": 826,
      "role": 1129,
      "instance_state": 22
    }
  },
  {
    "model": "core.broleacl",
    "pk": 421,
    "fields": {
      "button": 826,
      "role": 1129,
      "instance_state": 23
    }
  },
  {
    "model": "core.broleacl",
    "pk": 422,
    "fields": {
      "button": 826,
      "role": 1129,
      "instance_state": 24
    }
  },
  {
    "model": "core.broleacl",
    "pk": 423,
    "fields": {
      "button": 827,
      "role": 1129,
      "instance_state": 22
    }
  },
  {
    "model": "core.broleacl",
    "pk": 424,
    "fields": {
      "button": 827,
      "role": 1129,
      "instance_state": 24
    }
  },
  {
    "model": "core.broleacl",
    "pk": 425,
    "fields": {
      "button": 828,
      "role": 1129,
      "instance_state": 23
    }
  },
  {
    "model": "core.broleacl",
    "pk": 426,
    "fields": {
      "button": 829,
      "role": 1129,
      "instance_state": 22
    }
  },
  {
    "model": "core.broleacl",
    "pk": 427,
    "fields": {
      "button": 829,
      "role": 1129,
      "instance_state": 23
    }
  },
  {
    "model": "core.broleacl",
    "pk": 428,
    "fields": {
      "button": 829,
      "role": 1129,
      "instance_state": 24
    }
  },
  {
    "model": "core.broleacl",
    "pk": 429,
    "fields": {
      "button": 829,
      "role": 1129,
      "instance_state": 25
    }
  },
  {
    "model": "core.broleacl",
    "pk": 430,
    "fields": {
      "button": 829,
      "role": 1129,
      "instance_state": 26
    }
  },
  {
    "model": "core.broleacl",
    "pk": 431,
    "fields": {
      "button": 830,
      "role": 1129,
      "instance_state": 23
    }
  },
  {
    "model": "core.broleacl",
    "pk": 432,
    "fields": {
      "button": 830,
      "role": 1129,
      "instance_state": 24
    }
  },
  {
    "model": "core.broleacl",
    "pk": 433,
    "fields": {
      "button": 919,
      "role": 1129,
      "instance_state": 22
    }
  },
  {
    "model": "core.broleacl",
    "pk": 434,
    "fields": {
      "button": 919,
      "role": 1129,
      "instance_state": 23
    }
  },
  {
    "model": "core.broleacl",
    "pk": 435,
    "fields": {
      "button": 919,
      "role": 1129,
      "instance_state": 24
    }
  },
  {
    "model": "core.broleacl",
    "pk": 436,
    "fields": {
      "button": 919,
      "role": 1129,
      "instance_state": 25
    }
  },
  {
    "model": "core.broleacl",
    "pk": 437,
    "fields": {
      "button": 919,
      "role": 1129,
      "instance_state": 26
    }
  },
  {
    "model": "core.broleacl",
    "pk": 438,
    "fields": {
      "button": 919,
      "role": 1129,
      "instance_state": 27
    }
  },
  {
    "model": "core.broleacl",
    "pk": 439,
    "fields": {
      "button": 920,
      "role": 1129,
      "instance_state": 25
    }
  },
  {
    "model": "core.broleacl",
    "pk": 440,
    "fields": {
      "button": 920,
      "role": 1129,
      "instance_state": 26
    }
  },
  {
    "model": "core.broleacl",
    "pk": 443,
    "fields": {
      "button": 921,
      "role": 6,
      "instance_state": 21
    }
  },
  {
    "model": "core.broleacl",
    "pk": 456,
    "fields": {
      "button": 762,
      "role": 3,
      "instance_state": 25
    }
  },
  {
    "model": "core.broleacl",
    "pk": 457,
    "fields": {
      "button": 762,
      "role": 3,
      "instance_state": 26
    }
  },
  {
    "model": "core.broleacl",
    "pk": 458,
    "fields": {
      "button": 762,
      "role": 3,
      "instance_state": 21
    }
  },
  {
    "model": "core.broleacl",
    "pk": 460,
    "fields": {
      "button": 762,
      "role": 3,
      "instance_state": 32
    }
  },
  {
    "model": "core.broleacl",
    "pk": 468,
    "fields": {
      "button": 923,
      "role": 6,
      "instance_state": 21
    }
  },
  {
    "model": "core.broleacl",
    "pk": 469,
    "fields": {
      "button": 923,
      "role": 6,
      "instance_state": 22
    }
  },
  {
    "model": "core.broleacl",
    "pk": 470,
    "fields": {
      "button": 923,
      "role": 6,
      "instance_state": 32
    }
  },
  {
    "model": "core.broleacl",
    "pk": 471,
    "fields": {
      "button": 923,
      "role": 6,
      "instance_state": 23
    }
  },
  {
    "model": "core.broleacl",
    "pk": 472,
    "fields": {
      "button": 923,
      "role": 6,
      "instance_state": 24
    }
  },
  {
    "model": "core.broleacl",
    "pk": 473,
    "fields": {
      "button": 923,
      "role": 6,
      "instance_state": 25
    }
  },
  {
    "model": "core.broleacl",
    "pk": 474,
    "fields": {
      "button": 922,
      "role": 6,
      "instance_state": 21
    }
  },
  {
    "model": "core.broleacl",
    "pk": 475,
    "fields": {
      "button": 922,
      "role": 6,
      "instance_state": 22
    }
  },
  {
    "model": "core.broleacl",
    "pk": 476,
    "fields": {
      "button": 922,
      "role": 6,
      "instance_state": 32
    }
  },
  {
    "model": "core.broleacl",
    "pk": 477,
    "fields": {
      "button": 922,
      "role": 6,
      "instance_state": 23
    }
  },
  {
    "model": "core.broleacl",
    "pk": 478,
    "fields": {
      "button": 922,
      "role": 6,
      "instance_state": 24
    }
  },
  {
    "model": "core.broleacl",
    "pk": 479,
    "fields": {
      "button": 922,
      "role": 6,
      "instance_state": 25
    }
  },
  {
    "model": "core.broleacl",
    "pk": 480,
    "fields": {
      "button": 924,
      "role": 6,
      "instance_state": 21
    }
  },
  {
    "model": "core.broleacl",
    "pk": 481,
    "fields": {
      "button": 924,
      "role": 6,
      "instance_state": 22
    }
  },
  {
    "model": "core.broleacl",
    "pk": 482,
    "fields": {
      "button": 924,
      "role": 6,
      "instance_state": 32
    }
  },
  {
    "model": "core.broleacl",
    "pk": 483,
    "fields": {
      "button": 924,
      "role": 6,
      "instance_state": 23
    }
  },
  {
    "model": "core.broleacl",
    "pk": 484,
    "fields": {
      "button": 924,
      "role": 6,
      "instance_state": 24
    }
  },
  {
    "model": "core.broleacl",
    "pk": 485,
    "fields": {
      "button": 924,
      "role": 6,
      "instance_state": 25
    }
  },
  {
    "model": "core.broleacl",
    "pk": 486,
    "fields": {
      "button": 925,
      "role": 6,
      "instance_state": 21
    }
  },
  {
    "model": "core.broleacl",
    "pk": 487,
    "fields": {
      "button": 925,
      "role": 6,
      "instance_state": 22
    }
  },
  {
    "model": "core.broleacl",
    "pk": 488,
    "fields": {
      "button": 925,
      "role": 6,
      "instance_state": 32
    }
  },
  {
    "model": "core.broleacl",
    "pk": 489,
    "fields": {
      "button": 925,
      "role": 6,
      "instance_state": 23
    }
  },
  {
    "model": "core.broleacl",
    "pk": 490,
    "fields": {
      "button": 925,
      "role": 6,
      "instance_state": 24
    }
  },
  {
    "model": "core.broleacl",
    "pk": 491,
    "fields": {
      "button": 925,
      "role": 6,
      "instance_state": 25
    }
  },
  {
    "model": "core.broleacl",
    "pk": 504,
    "fields": {
      "button": 926,
      "role": 1104,
      "instance_state": 21
    }
  },
  {
    "model": "core.broleacl",
    "pk": 505,
    "fields": {
      "button": 926,
      "role": 1104,
      "instance_state": 22
    }
  },
  {
    "model": "core.broleacl",
    "pk": 506,
    "fields": {
      "button": 926,
      "role": 1104,
      "instance_state": 32
    }
  },
  {
    "model": "core.broleacl",
    "pk": 507,
    "fields": {
      "button": 926,
      "role": 1104,
      "instance_state": 23
    }
  },
  {
    "model": "core.broleacl",
    "pk": 508,
    "fields": {
      "button": 926,
      "role": 1104,
      "instance_state": 24
    }
  },
  {
    "model": "core.broleacl",
    "pk": 509,
    "fields": {
      "button": 926,
      "role": 1104,
      "instance_state": 25
    }
  },
  {
    "model": "core.broleacl",
    "pk": 510,
    "fields": {
      "button": 927,
      "role": 1104,
      "instance_state": 21
    }
  },
  {
    "model": "core.broleacl",
    "pk": 511,
    "fields": {
      "button": 927,
      "role": 1104,
      "instance_state": 22
    }
  },
  {
    "model": "core.broleacl",
    "pk": 512,
    "fields": {
      "button": 927,
      "role": 1104,
      "instance_state": 32
    }
  },
  {
    "model": "core.broleacl",
    "pk": 513,
    "fields": {
      "button": 927,
      "role": 1104,
      "instance_state": 23
    }
  },
  {
    "model": "core.broleacl",
    "pk": 514,
    "fields": {
      "button": 927,
      "role": 1104,
      "instance_state": 24
    }
  },
  {
    "model": "core.broleacl",
    "pk": 515,
    "fields": {
      "button": 927,
      "role": 1104,
      "instance_state": 25
    }
  },
  {
    "model": "core.broleacl",
    "pk": 517,
    "fields": {
      "button": 931,
      "role": 1130,
      "instance_state": 21
    }
  },
  {
    "model": "core.broleacl",
    "pk": 518,
    "fields": {
      "button": 933,
      "role": 1130,
      "instance_state": 24
    }
  },
  {
    "model": "core.broleacl",
    "pk": 519,
    "fields": {
      "button": 934,
      "role": 1130,
      "instance_state": 22
    }
  },
  {
    "model": "core.broleacl",
    "pk": 520,
    "fields": {
      "button": 934,
      "role": 1130,
      "instance_state": 23
    }
  },
  {
    "model": "core.broleacl",
    "pk": 521,
    "fields": {
      "button": 934,
      "role": 1130,
      "instance_state": 24
    }
  },
  {
    "model": "core.broleacl",
    "pk": 522,
    "fields": {
      "button": 935,
      "role": 1130,
      "instance_state": 22
    }
  },
  {
    "model": "core.broleacl",
    "pk": 523,
    "fields": {
      "button": 935,
      "role": 1130,
      "instance_state": 24
    }
  },
  {
    "model": "core.broleacl",
    "pk": 524,
    "fields": {
      "button": 936,
      "role": 1130,
      "instance_state": 23
    }
  },
  {
    "model": "core.broleacl",
    "pk": 531,
    "fields": {
      "button": 938,
      "role": 1130,
      "instance_state": 22
    }
  },
  {
    "model": "core.broleacl",
    "pk": 532,
    "fields": {
      "button": 938,
      "role": 1130,
      "instance_state": 23
    }
  },
  {
    "model": "core.broleacl",
    "pk": 533,
    "fields": {
      "button": 938,
      "role": 1130,
      "instance_state": 24
    }
  },
  {
    "model": "core.broleacl",
    "pk": 535,
    "fields": {
      "button": 932,
      "role": 1130,
      "instance_state": 21
    }
  },
  {
    "model": "core.broleacl",
    "pk": 536,
    "fields": {
      "button": 934,
      "role": 1130,
      "instance_state": 21
    }
  },
  {
    "model": "core.broleacl",
    "pk": 538,
    "fields": {
      "button": 935,
      "role": 1130,
      "instance_state": 21
    }
  },
  {
    "model": "core.broleacl",
    "pk": 545,
    "fields": {
      "button": 938,
      "role": 1130,
      "instance_state": 21
    }
  },
  {
    "model": "core.broleacl",
    "pk": 546,
    "fields": {
      "button": 939,
      "role": 1102,
      "instance_state": 23
    }
  },
  {
    "model": "core.broleacl",
    "pk": 547,
    "fields": {
      "button": 939,
      "role": 4,
      "instance_state": 23
    }
  },
  {
    "model": "core.broleacl",
    "pk": 548,
    "fields": {
      "button": 939,
      "role": 1021,
      "instance_state": 23
    }
  },
  {
    "model": "core.broleacl",
    "pk": 549,
    "fields": {
      "button": 940,
      "role": 1102,
      "instance_state": 23
    }
  },
  {
    "model": "core.broleacl",
    "pk": 550,
    "fields": {
      "button": 940,
      "role": 4,
      "instance_state": 23
    }
  },
  {
    "model": "core.broleacl",
    "pk": 555,
    "fields": {
      "button": 943,
      "role": 1130,
      "instance_state": 21
    }
  },
  {
    "model": "core.broleacl",
    "pk": 556,
    "fields": {
      "button": 939,
      "role": 1102,
      "instance_state": 21
    }
  },
  {
    "model": "core.broleacl",
    "pk": 557,
    "fields": {
      "button": 939,
      "role": 1102,
      "instance_state": 22
    }
  },
  {
    "model": "core.broleacl",
    "pk": 558,
    "fields": {
      "button": 939,
      "role": 1102,
      "instance_state": 32
    }
  },
  {
    "model": "core.broleacl",
    "pk": 559,
    "fields": {
      "button": 939,
      "role": 1102,
      "instance_state": 24
    }
  },
  {
    "model": "core.broleacl",
    "pk": 560,
    "fields": {
      "button": 939,
      "role": 4,
      "instance_state": 21
    }
  },
  {
    "model": "core.broleacl",
    "pk": 561,
    "fields": {
      "button": 939,
      "role": 4,
      "instance_state": 22
    }
  },
  {
    "model": "core.broleacl",
    "pk": 562,
    "fields": {
      "button": 939,
      "role": 4,
      "instance_state": 32
    }
  },
  {
    "model": "core.broleacl",
    "pk": 563,
    "fields": {
      "button": 939,
      "role": 4,
      "instance_state": 24
    }
  },
  {
    "model": "core.broleacl",
    "pk": 564,
    "fields": {
      "button": 939,
      "role": 1021,
      "instance_state": 21
    }
  },
  {
    "model": "core.broleacl",
    "pk": 565,
    "fields": {
      "button": 939,
      "role": 1021,
      "instance_state": 22
    }
  },
  {
    "model": "core.broleacl",
    "pk": 566,
    "fields": {
      "button": 939,
      "role": 1021,
      "instance_state": 32
    }
  },
  {
    "model": "core.broleacl",
    "pk": 567,
    "fields": {
      "button": 939,
      "role": 1021,
      "instance_state": 24
    }
  },
  {
    "model": "core.broleacl",
    "pk": 568,
    "fields": {
      "button": 940,
      "role": 1102,
      "instance_state": 21
    }
  },
  {
    "model": "core.broleacl",
    "pk": 569,
    "fields": {
      "button": 940,
      "role": 1102,
      "instance_state": 22
    }
  },
  {
    "model": "core.broleacl",
    "pk": 570,
    "fields": {
      "button": 940,
      "role": 1102,
      "instance_state": 32
    }
  },
  {
    "model": "core.broleacl",
    "pk": 571,
    "fields": {
      "button": 940,
      "role": 1102,
      "instance_state": 24
    }
  },
  {
    "model": "core.broleacl",
    "pk": 572,
    "fields": {
      "button": 940,
      "role": 4,
      "instance_state": 21
    }
  },
  {
    "model": "core.broleacl",
    "pk": 573,
    "fields": {
      "button": 940,
      "role": 4,
      "instance_state": 22
    }
  },
  {
    "model": "core.broleacl",
    "pk": 574,
    "fields": {
      "button": 940,
      "role": 4,
      "instance_state": 32
    }
  },
  {
    "model": "core.broleacl",
    "pk": 575,
    "fields": {
      "button": 940,
      "role": 4,
      "instance_state": 24
    }
  },
  {
    "model": "core.broleacl",
    "pk": 576,
    "fields": {
      "button": 936,
      "role": 1130,
      "instance_state": 21
    }
  },
  {
    "model": "core.broleacl",
    "pk": 577,
    "fields": {
      "button": 936,
      "role": 1130,
      "instance_state": 22
    }
  },
  {
    "model": "core.broleacl",
    "pk": 578,
    "fields": {
      "button": 936,
      "role": 1130,
      "instance_state": 32
    }
  },
  {
    "model": "core.broleacl",
    "pk": 579,
    "fields": {
      "button": 936,
      "role": 1130,
      "instance_state": 24
    }
  },
  {
    "model": "core.broleacl",
    "pk": 581,
    "fields": {
      "button": 144,
      "role": 3,
      "instance_state": 33
    }
  },
  {
    "model": "core.broleacl",
    "pk": 587,
    "fields": {
      "button": 144,
      "role": 1101,
      "instance_state": 33
    }
  },
  {
    "model": "core.broleacl",
    "pk": 588,
    "fields": {
      "button": 144,
      "role": 1127,
      "instance_state": 33
    }
  },
  {
    "model": "core.broleacl",
    "pk": 589,
    "fields": {
      "button": 144,
      "role": 1128,
      "instance_state": 33
    }
  },
  {
    "model": "core.broleacl",
    "pk": 590,
    "fields": {
      "button": 144,
      "role": 1061,
      "instance_state": 33
    }
  },
  {
    "model": "core.broleacl",
    "pk": 591,
    "fields": {
      "button": 144,
      "role": 1129,
      "instance_state": 33
    }
  },
  {
    "model": "core.broleacl",
    "pk": 592,
    "fields": {
      "button": 144,
      "role": 1107,
      "instance_state": 33
    }
  },
  {
    "model": "core.broleacl",
    "pk": 593,
    "fields": {
      "button": 144,
      "role": 1106,
      "instance_state": 33
    }
  },
  {
    "model": "core.broleacl",
    "pk": 596,
    "fields": {
      "button": 945,
      "role": 3,
      "instance_state": 24
    }
  },
  {
    "model": "core.broleacl",
    "pk": 598,
    "fields": {
      "button": 946,
      "role": 1,
      "instance_state": 24
    }
  },
  {
    "model": "core.broleacl",
    "pk": 599,
    "fields": {
      "button": 762,
      "role": 3,
      "instance_state": 27
    }
  },
  {
    "model": "core.broleacl",
    "pk": 601,
    "fields": {
      "button": 947,
      "role": 1104,
      "instance_state": 21
    }
  },
  {
    "model": "core.broleacl",
    "pk": 602,
    "fields": {
      "button": 947,
      "role": 1104,
      "instance_state": 22
    }
  },
  {
    "model": "core.broleacl",
    "pk": 603,
    "fields": {
      "button": 947,
      "role": 1104,
      "instance_state": 32
    }
  },
  {
    "model": "core.broleacl",
    "pk": 604,
    "fields": {
      "button": 947,
      "role": 1104,
      "instance_state": 23
    }
  },
  {
    "model": "core.broleacl",
    "pk": 605,
    "fields": {
      "button": 947,
      "role": 1104,
      "instance_state": 24
    }
  },
  {
    "model": "core.broleacl",
    "pk": 606,
    "fields": {
      "button": 947,
      "role": 1104,
      "instance_state": 25
    }
  },
  {
    "model": "core.broleacl",
    "pk": 607,
    "fields": {
      "button": 948,
      "role": 1104,
      "instance_state": 21
    }
  },
  {
    "model": "core.broleacl",
    "pk": 608,
    "fields": {
      "button": 948,
      "role": 1104,
      "instance_state": 22
    }
  },
  {
    "model": "core.broleacl",
    "pk": 609,
    "fields": {
      "button": 948,
      "role": 1104,
      "instance_state": 32
    }
  },
  {
    "model": "core.broleacl",
    "pk": 610,
    "fields": {
      "button": 948,
      "role": 1104,
      "instance_state": 23
    }
  },
  {
    "model": "core.broleacl",
    "pk": 611,
    "fields": {
      "button": 948,
      "role": 1104,
      "instance_state": 24
    }
  },
  {
    "model": "core.broleacl",
    "pk": 612,
    "fields": {
      "button": 948,
      "role": 1104,
      "instance_state": 25
    }
  },
  {
    "model": "core.broleacl",
    "pk": 617,
    "fields": {
      "button": 149,
      "role": 6,
      "instance_state": 34
    }
  },
  {
    "model": "core.broleacl",
    "pk": 618,
    "fields": {
      "button": 153,
      "role": 6,
      "instance_state": 34
    }
  },
  {
    "model": "core.broleacl",
    "pk": 619,
    "fields": {
      "button": 248,
      "role": 3,
      "instance_state": 34
    }
  },
  {
    "model": "core.broleacl",
    "pk": 620,
    "fields": {
      "button": 272,
      "role": 3,
      "instance_state": 34
    }
  },
  {
    "model": "core.broleacl",
    "pk": 621,
    "fields": {
      "button": 278,
      "role": 3,
      "instance_state": 34
    }
  },
  {
    "model": "core.broleacl",
    "pk": 622,
    "fields": {
      "button": 288,
      "role": 3,
      "instance_state": 34
    }
  },
  {
    "model": "core.broleacl",
    "pk": 623,
    "fields": {
      "button": 433,
      "role": 1061,
      "instance_state": 34
    }
  },
  {
    "model": "core.broleacl",
    "pk": 625,
    "fields": {
      "button": 488,
      "role": 6,
      "instance_state": 34
    }
  },
  {
    "model": "core.broleacl",
    "pk": 627,
    "fields": {
      "button": 528,
      "role": 1061,
      "instance_state": 34
    }
  },
  {
    "model": "core.broleacl",
    "pk": 628,
    "fields": {
      "button": 548,
      "role": 1061,
      "instance_state": 34
    }
  },
  {
    "model": "core.broleacl",
    "pk": 632,
    "fields": {
      "button": 714,
      "role": 1101,
      "instance_state": 34
    }
  },
  {
    "model": "core.broleacl",
    "pk": 634,
    "fields": {
      "button": 691,
      "role": 1101,
      "instance_state": 34
    }
  },
  {
    "model": "core.broleacl",
    "pk": 635,
    "fields": {
      "button": 724,
      "role": 1061,
      "instance_state": 34
    }
  },
  {
    "model": "core.broleacl",
    "pk": 636,
    "fields": {
      "button": 723,
      "role": 3,
      "instance_state": 34
    }
  },
  {
    "model": "core.broleacl",
    "pk": 637,
    "fields": {
      "button": 725,
      "role": 1101,
      "instance_state": 34
    }
  },
  {
    "model": "core.broleacl",
    "pk": 638,
    "fields": {
      "button": 894,
      "role": 3,
      "instance_state": 34
    }
  },
  {
    "model": "core.broleacl",
    "pk": 641,
    "fields": {
      "button": 832,
      "role": 1128,
      "instance_state": 34
    }
  },
  {
    "model": "core.broleacl",
    "pk": 642,
    "fields": {
      "button": 834,
      "role": 1102,
      "instance_state": 34
    }
  },
  {
    "model": "core.broleacl",
    "pk": 643,
    "fields": {
      "button": 783,
      "role": 1106,
      "instance_state": 34
    }
  },
  {
    "model": "core.broleacl",
    "pk": 644,
    "fields": {
      "button": 917,
      "role": 1101,
      "instance_state": 34
    }
  },
  {
    "model": "core.broleacl",
    "pk": 646,
    "fields": {
      "button": 812,
      "role": 1127,
      "instance_state": 34
    }
  },
  {
    "model": "core.broleacl",
    "pk": 647,
    "fields": {
      "button": 811,
      "role": 1127,
      "instance_state": 34
    }
  },
  {
    "model": "core.broleacl",
    "pk": 648,
    "fields": {
      "button": 800,
      "role": 1107,
      "instance_state": 34
    }
  },
  {
    "model": "core.broleacl",
    "pk": 649,
    "fields": {
      "button": 799,
      "role": 1107,
      "instance_state": 34
    }
  },
  {
    "model": "core.broleacl",
    "pk": 650,
    "fields": {
      "button": 834,
      "role": 1021,
      "instance_state": 34
    }
  },
  {
    "model": "core.broleacl",
    "pk": 652,
    "fields": {
      "button": 774,
      "role": 1106,
      "instance_state": 34
    }
  },
  {
    "model": "core.broleacl",
    "pk": 653,
    "fields": {
      "button": 914,
      "role": 1128,
      "instance_state": 34
    }
  },
  {
    "model": "core.broleacl",
    "pk": 654,
    "fields": {
      "button": 775,
      "role": 1106,
      "instance_state": 34
    }
  },
  {
    "model": "core.broleacl",
    "pk": 656,
    "fields": {
      "button": 831,
      "role": 1128,
      "instance_state": 34
    }
  },
  {
    "model": "core.broleacl",
    "pk": 657,
    "fields": {
      "button": 834,
      "role": 6,
      "instance_state": 34
    }
  },
  {
    "model": "core.broleacl",
    "pk": 658,
    "fields": {
      "button": 915,
      "role": 1106,
      "instance_state": 34
    }
  },
  {
    "model": "core.broleacl",
    "pk": 660,
    "fields": {
      "button": 829,
      "role": 1128,
      "instance_state": 34
    }
  },
  {
    "model": "core.broleacl",
    "pk": 661,
    "fields": {
      "button": 809,
      "role": 1127,
      "instance_state": 34
    }
  },
  {
    "model": "core.broleacl",
    "pk": 662,
    "fields": {
      "button": 874,
      "role": 1061,
      "instance_state": 34
    }
  },
  {
    "model": "core.broleacl",
    "pk": 664,
    "fields": {
      "button": 834,
      "role": 4,
      "instance_state": 34
    }
  },
  {
    "model": "core.broleacl",
    "pk": 665,
    "fields": {
      "button": 797,
      "role": 1107,
      "instance_state": 34
    }
  },
  {
    "model": "core.broleacl",
    "pk": 668,
    "fields": {
      "button": 829,
      "role": 1129,
      "instance_state": 34
    }
  },
  {
    "model": "core.broleacl",
    "pk": 669,
    "fields": {
      "button": 919,
      "role": 1129,
      "instance_state": 34
    }
  },
  {
    "model": "core.broleacl",
    "pk": 670,
    "fields": {
      "button": 920,
      "role": 1129,
      "instance_state": 34
    }
  },
  {
    "model": "core.broleacl",
    "pk": 672,
    "fields": {
      "button": 762,
      "role": 3,
      "instance_state": 34
    }
  },
  {
    "model": "core.broleacl",
    "pk": 673,
    "fields": {
      "button": 923,
      "role": 6,
      "instance_state": 34
    }
  },
  {
    "model": "core.broleacl",
    "pk": 674,
    "fields": {
      "button": 922,
      "role": 6,
      "instance_state": 34
    }
  },
  {
    "model": "core.broleacl",
    "pk": 675,
    "fields": {
      "button": 924,
      "role": 6,
      "instance_state": 34
    }
  },
  {
    "model": "core.broleacl",
    "pk": 676,
    "fields": {
      "button": 925,
      "role": 6,
      "instance_state": 34
    }
  },
  {
    "model": "core.broleacl",
    "pk": 677,
    "fields": {
      "button": 926,
      "role": 1104,
      "instance_state": 34
    }
  },
  {
    "model": "core.broleacl",
    "pk": 678,
    "fields": {
      "button": 927,
      "role": 1104,
      "instance_state": 34
    }
  },
  {
    "model": "core.broleacl",
    "pk": 680,
    "fields": {
      "button": 947,
      "role": 1104,
      "instance_state": 34
    }
  },
  {
    "model": "core.broleacl",
    "pk": 681,
    "fields": {
      "button": 948,
      "role": 1104,
      "instance_state": 34
    }
  },
  {
    "model": "core.broleacl",
    "pk": 682,
    "fields": {
      "button": 762,
      "role": 1061,
      "instance_state": 23
    }
  },
  {
    "model": "core.broleacl",
    "pk": 684,
    "fields": {
      "button": 762,
      "role": 3,
      "instance_state": 23
    }
  },
  {
    "model": "core.broleacl",
    "pk": 686,
    "fields": {
      "button": 949,
      "role": 1061,
      "instance_state": 23
    }
  },
  {
    "model": "core.broleacl",
    "pk": 20000,
    "fields": {
      "button": 608,
      "role": 4,
      "instance_state": 24
    }
  },
  {
    "model": "core.broleacl",
    "pk": 20001,
    "fields": {
      "button": 608,
      "role": 4,
      "instance_state": 25
    }
  },
  {
    "model": "core.broleacl",
    "pk": 20002,
    "fields": {
      "button": 608,
      "role": 4,
      "instance_state": 34
    }
  },
  {
    "model": "core.broleacl",
    "pk": 12000000,
    "fields": {
      "button": 12000001,
      "role": 6,
      "instance_state": 23
    }
  },
  {
    "model": "core.broleacl",
    "pk": 12000001,
    "fields": {
      "button": 12000001,
      "role": 6,
      "instance_state": 24
    }
  },
  {
    "model": "core.broleacl",
    "pk": 12000002,
    "fields": {
      "button": 12000001,
      "role": 6,
      "instance_state": 21
    }
  },
  {
    "model": "core.broleacl",
    "pk": 12000003,
    "fields": {
      "button": 12000001,
      "role": 6,
      "instance_state": 34
    }
  },
  {
    "model": "core.broleacl",
    "pk": 12000004,
    "fields": {
      "button": 12000001,
      "role": 6,
      "instance_state": 30
    }
  },
  {
    "model": "core.broleacl",
    "pk": 12000005,
    "fields": {
      "button": 12000002,
      "role": 1,
      "instance_state": 31
    }
  },
  {
    "model": "core.broleacl",
    "pk": 12000006,
    "fields": {
      "button": 762,
      "role": 3,
      "instance_state": 22
    }
  },
  {
    "model": "core.broleacl",
    "pk": 12000007,
    "fields": {
      "button": 762,
      "role": 3,
      "instance_state": 24
    }
  },
  {
    "model": "core.broleacl",
    "pk": 12000008,
    "fields": {
      "button": 949,
      "role": 1061,
      "instance_state": 21
    }
  },
  {
    "model": "core.broleacl",
    "pk": 12000009,
    "fields": {
      "button": 949,
      "role": 1061,
      "instance_state": 22
    }
  },
  {
    "model": "core.broleacl",
    "pk": 12000010,
    "fields": {
      "button": 949,
      "role": 1061,
      "instance_state": 32
    }
  },
  {
    "model": "core.broleacl",
    "pk": 12000011,
    "fields": {
      "button": 949,
      "role": 1061,
      "instance_state": 24
    }
  },
  {
    "model": "core.broleacl",
    "pk": 12000012,
    "fields": {
      "button": 949,
      "role": 1061,
      "instance_state": 25
    }
  },
  {
    "model": "core.broleacl",
    "pk": 12000013,
    "fields": {
      "button": 949,
      "role": 1061,
      "instance_state": 34
    }
  },
  {
    "model": "core.broleacl",
    "pk": 12000015,
    "fields": {
      "button": 12000003,
      "role": 1101,
      "instance_state": 24
    }
  },
  {
    "model": "core.broleacl",
    "pk": 12000016,
    "fields": {
      "button": 12000004,
      "role": 1129,
      "instance_state": 24
    }
  },
  {
    "model": "core.broleacl",
    "pk": 12000017,
    "fields": {
      "button": 12000005,
      "role": 6,
      "instance_state": 25
    }
  },
  {
    "model": "core.broleacl",
    "pk": 12000018,
    "fields": {
      "button": 12000006,
      "role": 1061,
      "instance_state": 24
    }
  },
  {
    "model": "core.broleacl",
    "pk": 12000019,
    "fields": {
      "button": 12000007,
      "role": 3,
      "instance_state": 23
    }
  },
  {
    "model": "core.broleacl",
    "pk": 12000021,
    "fields": {
      "button": 12000008,
      "role": 6,
      "instance_state": 21
    }
  },
  {
    "model": "core.broleacl",
    "pk": 12000022,
    "fields": {
      "button": 12000009,
      "role": 1061,
      "instance_state": 23
    }
  },
  {
    "model": "core.broleacl",
    "pk": 12000023,
    "fields": {
      "button": 12000010,
      "role": 1101,
      "instance_state": 23
    }
  },
  {
    "model": "core.broleacl",
    "pk": 12000024,
    "fields": {
      "button": 12000011,
      "role": 1106,
      "instance_state": 23
    }
  },
  {
    "model": "core.broleacl",
    "pk": 12000025,
    "fields": {
      "button": 12000012,
      "role": 1107,
      "instance_state": 23
    }
  },
  {
    "model": "core.broleacl",
    "pk": 12000026,
    "fields": {
      "button": 12000013,
      "role": 1127,
      "instance_state": 23
    }
  },
  {
    "model": "core.broleacl",
    "pk": 12000028,
    "fields": {
      "button": 12000005,
      "role": 6,
      "instance_state": 26
    }
  },
  {
    "model": "core.broleacl",
    "pk": 12000029,
    "fields": {
      "button": 12000006,
      "role": 1061,
      "instance_state": 26
    }
  },
  {
    "model": "core.broleacl",
    "pk": 12000030,
    "fields": {
      "button": 12000015,
      "role": 1131,
      "instance_state": 1
    }
  },
  {
    "model": "core.broleacl",
    "pk": 12000031,
    "fields": {
      "button": 12000015,
      "role": 1131,
      "instance_state": 21
    }
  },
  {
    "model": "core.broleacl",
    "pk": 12000032,
    "fields": {
      "button": 12000015,
      "role": 1131,
      "instance_state": 22
    }
  },
  {
    "model": "core.broleacl",
    "pk": 12000033,
    "fields": {
      "button": 12000015,
      "role": 1131,
      "instance_state": 32
    }
  },
  {
    "model": "core.broleacl",
    "pk": 12000034,
    "fields": {
      "button": 12000015,
      "role": 1131,
      "instance_state": 23
    }
  },
  {
    "model": "core.broleacl",
    "pk": 12000035,
    "fields": {
      "button": 12000015,
      "role": 1131,
      "instance_state": 24
    }
  },
  {
    "model": "core.broleacl",
    "pk": 12000036,
    "fields": {
      "button": 12000015,
      "role": 1131,
      "instance_state": 25
    }
  },
  {
    "model": "core.broleacl",
    "pk": 12000037,
    "fields": {
      "button": 12000015,
      "role": 1131,
      "instance_state": 34
    }
  },
  {
    "model": "core.broleacl",
    "pk": 12000038,
    "fields": {
      "button": 12000015,
      "role": 1131,
      "instance_state": 26
    }
  },
  {
    "model": "core.broleacl",
    "pk": 12000039,
    "fields": {
      "button": 12000015,
      "role": 1131,
      "instance_state": 27
    }
  },
  {
    "model": "core.broleacl",
    "pk": 12000040,
    "fields": {
      "button": 12000015,
      "role": 1131,
      "instance_state": 28
    }
  },
  {
    "model": "core.broleacl",
    "pk": 12000041,
    "fields": {
      "button": 12000015,
      "role": 1131,
      "instance_state": 29
    }
  },
  {
    "model": "core.broleacl",
    "pk": 12000042,
    "fields": {
      "button": 12000015,
      "role": 1131,
      "instance_state": 30
    }
  },
  {
    "model": "core.broleacl",
    "pk": 12000043,
    "fields": {
      "button": 12000015,
      "role": 1131,
      "instance_state": 31
    }
  },
  {
    "model": "core.broleacl",
    "pk": 12000044,
    "fields": {
      "button": 12000015,
      "role": 1131,
      "instance_state": 33
    }
  },
  {
    "model": "core.broleacl",
    "pk": 12000045,
    "fields": {
      "button": 12000016,
      "role": 1131,
      "instance_state": 1
    }
  },
  {
    "model": "core.broleacl",
    "pk": 12000046,
    "fields": {
      "button": 12000016,
      "role": 1131,
      "instance_state": 21
    }
  },
  {
    "model": "core.broleacl",
    "pk": 12000047,
    "fields": {
      "button": 12000016,
      "role": 1131,
      "instance_state": 22
    }
  },
  {
    "model": "core.broleacl",
    "pk": 12000048,
    "fields": {
      "button": 12000016,
      "role": 1131,
      "instance_state": 32
    }
  },
  {
    "model": "core.broleacl",
    "pk": 12000049,
    "fields": {
      "button": 12000016,
      "role": 1131,
      "instance_state": 23
    }
  },
  {
    "model": "core.broleacl",
    "pk": 12000050,
    "fields": {
      "button": 12000016,
      "role": 1131,
      "instance_state": 24
    }
  },
  {
    "model": "core.broleacl",
    "pk": 12000051,
    "fields": {
      "button": 12000016,
      "role": 1131,
      "instance_state": 25
    }
  },
  {
    "model": "core.broleacl",
    "pk": 12000052,
    "fields": {
      "button": 12000016,
      "role": 1131,
      "instance_state": 34
    }
  },
  {
    "model": "core.broleacl",
    "pk": 12000053,
    "fields": {
      "button": 12000016,
      "role": 1131,
      "instance_state": 26
    }
  },
  {
    "model": "core.broleacl",
    "pk": 12000054,
    "fields": {
      "button": 12000016,
      "role": 1131,
      "instance_state": 27
    }
  },
  {
    "model": "core.broleacl",
    "pk": 12000055,
    "fields": {
      "button": 12000016,
      "role": 1131,
      "instance_state": 28
    }
  },
  {
    "model": "core.broleacl",
    "pk": 12000056,
    "fields": {
      "button": 12000016,
      "role": 1131,
      "instance_state": 29
    }
  },
  {
    "model": "core.broleacl",
    "pk": 12000057,
    "fields": {
      "button": 12000016,
      "role": 1131,
      "instance_state": 30
    }
  },
  {
    "model": "core.broleacl",
    "pk": 12000058,
    "fields": {
      "button": 12000016,
      "role": 1131,
      "instance_state": 31
    }
  },
  {
    "model": "core.broleacl",
    "pk": 12000059,
    "fields": {
      "button": 12000016,
      "role": 1131,
      "instance_state": 33
    }
  },
  {
    "model": "core.broleacl",
    "pk": 12000060,
    "fields": {
      "button": 12000017,
      "role": 1131,
      "instance_state": 1
    }
  },
  {
    "model": "core.broleacl",
    "pk": 12000061,
    "fields": {
      "button": 12000017,
      "role": 1131,
      "instance_state": 21
    }
  },
  {
    "model": "core.broleacl",
    "pk": 12000062,
    "fields": {
      "button": 12000017,
      "role": 1131,
      "instance_state": 22
    }
  },
  {
    "model": "core.broleacl",
    "pk": 12000063,
    "fields": {
      "button": 12000017,
      "role": 1131,
      "instance_state": 32
    }
  },
  {
    "model": "core.broleacl",
    "pk": 12000064,
    "fields": {
      "button": 12000017,
      "role": 1131,
      "instance_state": 23
    }
  },
  {
    "model": "core.broleacl",
    "pk": 12000065,
    "fields": {
      "button": 12000017,
      "role": 1131,
      "instance_state": 24
    }
  },
  {
    "model": "core.broleacl",
    "pk": 12000066,
    "fields": {
      "button": 12000017,
      "role": 1131,
      "instance_state": 25
    }
  },
  {
    "model": "core.broleacl",
    "pk": 12000067,
    "fields": {
      "button": 12000017,
      "role": 1131,
      "instance_state": 34
    }
  },
  {
    "model": "core.broleacl",
    "pk": 12000068,
    "fields": {
      "button": 12000017,
      "role": 1131,
      "instance_state": 26
    }
  },
  {
    "model": "core.broleacl",
    "pk": 12000069,
    "fields": {
      "button": 12000017,
      "role": 1131,
      "instance_state": 27
    }
  },
  {
    "model": "core.broleacl",
    "pk": 12000070,
    "fields": {
      "button": 12000017,
      "role": 1131,
      "instance_state": 28
    }
  },
  {
    "model": "core.broleacl",
    "pk": 12000071,
    "fields": {
      "button": 12000017,
      "role": 1131,
      "instance_state": 29
    }
  },
  {
    "model": "core.broleacl",
    "pk": 12000072,
    "fields": {
      "button": 12000017,
      "role": 1131,
      "instance_state": 30
    }
  },
  {
    "model": "core.broleacl",
    "pk": 12000073,
    "fields": {
      "button": 12000017,
      "role": 1131,
      "instance_state": 31
    }
  },
  {
    "model": "core.broleacl",
    "pk": 12000074,
    "fields": {
      "button": 12000017,
      "role": 1131,
      "instance_state": 33
    }
  },
  {
    "model": "core.broleacl",
    "pk": 12000075,
    "fields": {
      "button": 12000018,
      "role": 1131,
      "instance_state": 1
    }
  },
  {
    "model": "core.broleacl",
    "pk": 12000076,
    "fields": {
      "button": 12000018,
      "role": 1131,
      "instance_state": 21
    }
  },
  {
    "model": "core.broleacl",
    "pk": 12000077,
    "fields": {
      "button": 12000018,
      "role": 1131,
      "instance_state": 22
    }
  },
  {
    "model": "core.broleacl",
    "pk": 12000078,
    "fields": {
      "button": 12000018,
      "role": 1131,
      "instance_state": 32
    }
  },
  {
    "model": "core.broleacl",
    "pk": 12000079,
    "fields": {
      "button": 12000018,
      "role": 1131,
      "instance_state": 23
    }
  },
  {
    "model": "core.broleacl",
    "pk": 12000080,
    "fields": {
      "button": 12000018,
      "role": 1131,
      "instance_state": 24
    }
  },
  {
    "model": "core.broleacl",
    "pk": 12000081,
    "fields": {
      "button": 12000018,
      "role": 1131,
      "instance_state": 25
    }
  },
  {
    "model": "core.broleacl",
    "pk": 12000082,
    "fields": {
      "button": 12000018,
      "role": 1131,
      "instance_state": 34
    }
  },
  {
    "model": "core.broleacl",
    "pk": 12000083,
    "fields": {
      "button": 12000018,
      "role": 1131,
      "instance_state": 26
    }
  },
  {
    "model": "core.broleacl",
    "pk": 12000084,
    "fields": {
      "button": 12000018,
      "role": 1131,
      "instance_state": 27
    }
  },
  {
    "model": "core.broleacl",
    "pk": 12000085,
    "fields": {
      "button": 12000018,
      "role": 1131,
      "instance_state": 28
    }
  },
  {
    "model": "core.broleacl",
    "pk": 12000086,
    "fields": {
      "button": 12000018,
      "role": 1131,
      "instance_state": 29
    }
  },
  {
    "model": "core.broleacl",
    "pk": 12000087,
    "fields": {
      "button": 12000018,
      "role": 1131,
      "instance_state": 30
    }
  },
  {
    "model": "core.broleacl",
    "pk": 12000088,
    "fields": {
      "button": 12000018,
      "role": 1131,
      "instance_state": 31
    }
  },
  {
    "model": "core.broleacl",
    "pk": 12000089,
    "fields": {
      "button": 12000018,
      "role": 1131,
      "instance_state": 33
    }
  },
  {
    "model": "core.broleacl",
    "pk": 12000090,
    "fields": {
      "button": 12000019,
      "role": 1131,
      "instance_state": 1
    }
  },
  {
    "model": "core.broleacl",
    "pk": 12000091,
    "fields": {
      "button": 12000019,
      "role": 1131,
      "instance_state": 21
    }
  },
  {
    "model": "core.broleacl",
    "pk": 12000092,
    "fields": {
      "button": 12000019,
      "role": 1131,
      "instance_state": 22
    }
  },
  {
    "model": "core.broleacl",
    "pk": 12000093,
    "fields": {
      "button": 12000019,
      "role": 1131,
      "instance_state": 32
    }
  },
  {
    "model": "core.broleacl",
    "pk": 12000094,
    "fields": {
      "button": 12000019,
      "role": 1131,
      "instance_state": 23
    }
  },
  {
    "model": "core.broleacl",
    "pk": 12000095,
    "fields": {
      "button": 12000019,
      "role": 1131,
      "instance_state": 24
    }
  },
  {
    "model": "core.broleacl",
    "pk": 12000096,
    "fields": {
      "button": 12000019,
      "role": 1131,
      "instance_state": 25
    }
  },
  {
    "model": "core.broleacl",
    "pk": 12000097,
    "fields": {
      "button": 12000019,
      "role": 1131,
      "instance_state": 34
    }
  },
  {
    "model": "core.broleacl",
    "pk": 12000098,
    "fields": {
      "button": 12000019,
      "role": 1131,
      "instance_state": 26
    }
  },
  {
    "model": "core.broleacl",
    "pk": 12000099,
    "fields": {
      "button": 12000019,
      "role": 1131,
      "instance_state": 27
    }
  },
  {
    "model": "core.broleacl",
    "pk": 12000100,
    "fields": {
      "button": 12000019,
      "role": 1131,
      "instance_state": 28
    }
  },
  {
    "model": "core.broleacl",
    "pk": 12000101,
    "fields": {
      "button": 12000019,
      "role": 1131,
      "instance_state": 29
    }
  },
  {
    "model": "core.broleacl",
    "pk": 12000102,
    "fields": {
      "button": 12000019,
      "role": 1131,
      "instance_state": 30
    }
  },
  {
    "model": "core.broleacl",
    "pk": 12000103,
    "fields": {
      "button": 12000019,
      "role": 1131,
      "instance_state": 31
    }
  },
  {
    "model": "core.broleacl",
    "pk": 12000104,
    "fields": {
      "button": 12000019,
      "role": 1131,
      "instance_state": 33
    }
  },
  {
    "model": "core.broleacl",
    "pk": 12000105,
    "fields": {
      "button": 12000014,
      "role": 1129,
      "instance_state": 23
    }
  },
  {
    "model": "core.broleacl",
    "pk": 12000106,
    "fields": {
      "button": 4,
      "role": 6,
      "instance_state": 32
    }
  },
  {
    "model": "core.broleacl",
    "pk": 12000107,
    "fields": {
      "button": 470,
      "role": 6,
      "instance_state": 32
    }
  },
  {
    "model": "core.billingconfig",
    "pk": 1,
    "fields": {
      "name": "hourly_rate",
      "value": "100"
    }
  },
  {
    "model": "core.buildingauthoritybutton",
    "pk": 2,
    "fields": {
      "label": "Baubewilligung erstellen"
    }
  },
  {
    "model": "core.buildingauthoritybutton",
    "pk": 3,
    "fields": {
      "label": "Baubewilligung erteilt, Info an Geometer"
    }
  },
  {
    "model": "core.buildingauthoritybutton",
    "pk": 4,
    "fields": {
      "label": "Bau beendet, Info an Geometer"
    }
  },
  {
    "model": "core.buildingauthoritybutton",
    "pk": 5,
    "fields": {
      "label": "Bau beendet, Info an Liegenschaftsschätzung"
    }
  },
  {
    "model": "core.buildingauthoritybutton",
    "pk": 6,
    "fields": {
      "label": "Bau beendet, Info an Abwasser Uri"
    }
  },
  {
    "model": "core.buildingauthoritybutton",
    "pk": 7,
    "fields": {
      "label": "Grundbuchanmeldung"
    }
  },
  {
    "model": "core.buildingauthoritybutton",
    "pk": 8,
    "fields": {
      "label": "Abnahme Schnurgerüst, Info an ABM"
    }
  },
  {
    "model": "core.buildingauthoritybutton",
    "pk": 9,
    "fields": {
      "label": "Infobrief an Gesuchsteller"
    }
  },
  {
    "model": "core.buildingauthoritybutton",
    "pk": 10,
    "fields": {
      "label": "Infobrief allgemein"
    }
  },
  {
    "model": "core.buildingauthoritybutton",
    "pk": 11,
    "fields": {
      "label": "Baubewilligung erteilt, Info an Gebäudeschätzung"
    }
  },
  {
    "model": "core.buildingauthoritybutton",
    "pk": 12,
    "fields": {
      "label": "Versand Entscheiddokumente per Post"
    }
  },
  {
    "model": "core.buildingauthoritybutton",
    "pk": 13,
    "fields": {
      "label": "Versand Entscheiddokumente per Portal"
    }
  },
  {
    "model": "core.buildingauthoritybutton",
    "pk": 14,
    "fields": {
      "label": "Versand Entscheiddokumente per Mail"
    }
  },
  {
    "model": "core.buildingauthoritybutton",
    "pk": 15,
    "fields": {
      "label": "Versand Stellungnahme Vorentscheid per Mail"
    }
  },
  {
    "model": "core.buildingauthoritybutton",
    "pk": 16,
    "fields": {
      "label": "Versand Stellungnahme Vorentscheid per Post"
    }
  },
  {
    "model": "core.buildingauthoritydoc",
    "pk": 2,
    "fields": {
      "building_authority_button": 2,
      "template_class": 102,
      "template": 101
    }
  },
  {
    "model": "core.buildingauthoritydoc",
    "pk": 3,
    "fields": {
      "building_authority_button": 10,
      "template_class": 62,
      "template": 208
    }
  },
  {
    "model": "core.buildingauthoritydoc",
    "pk": 4,
    "fields": {
      "building_authority_button": 9,
      "template_class": 62,
      "template": 209
    }
  },
  {
    "model": "core.buildingauthoritydoc",
    "pk": 5,
    "fields": {
      "building_authority_button": 7,
      "template_class": 102,
      "template": 210
    }
  },
  {
    "model": "core.buildingauthorityemail",
    "pk": 2,
    "fields": {
      "building_authority_button": 3,
      "email_text": "URec Info\r\n\r\n(automatisch generierte E-Mail von URec, bitte nicht darauf  antworten)\r\n\r\nMeldung Baubewilligung erteilt\r\n\r\nDie zuständige Gemeindebaubehörde [INSTANCE_LOCATION] hat betreffend das Dossier ID [INSTANCE_ID] mit der URec Dossier Nr. [DOSSIER_NUMBER] die Baubewilligung erteilt. Die Baubewilligung wurde unter „Dokumente“ im URec hochgeladen.\r\n\r\n[INSTANCE_LOCATION], [DATE]",
      "receiver_query": "camac.ur@achtgradost.ch",
      "email_subject": "URec Dossier Nr. [DOSSIER_NUMBER]: Meldung Baubewilligung erteilt",
      "from_email": "urec@ur.ch",
      "from_name": "URec Info",
      "attachment_section": null,
      "workflow_item": null
    }
  },
  {
    "model": "core.buildingauthorityemail",
    "pk": 22,
    "fields": {
      "building_authority_button": 4,
      "email_text": "URec Info\r\n\r\n(automatisch generierte E-Mail von URec, bitte nicht darauf  antworten)\r\n\r\nMeldung Bau beendet\r\n\r\nDas Bauvorhaben mit der Dossier ID [INSTANCE_ID] / URec Dossier Nr. [DOSSIER_NUMBER] ist fertiggestellt. Wir bitten Sie, das Bauobjekt zu vermessen und die Vermarkung zu überprüfen. Allfällige Kosten gehen zu Lasten der Bauherrschaft. Die Bauherrschaft wurde im Rahmen der Baubewilligung über die Vermessungspflicht und daraus allfällig entstehenden Kosten in Kenntnis gesetzt.\r\n\r\nEGID Nr.   …………...\r\n\r\nEWID Nr.  ……………\r\n\r\nDie EGID Nr. bzw. die EWID Nummern gemäss GWR werden mitgeteilt sobald das Objekt im GWR erfasst wurde und die entsprechenden Nummern bekannt sind. \r\n\r\n(bitte nichtzutreffendes löschen, entweder Angabe der Nummern oder Hinweis).\r\n\r\n[INSTANCE_LOCATION], [DATE]",
      "receiver_query": "camac.ur@achtgradost.ch",
      "email_subject": "URec Dossier Nr. [DOSSIER_NUMBER]: Meldung Bau beendet",
      "from_email": "urec@ur.ch",
      "from_name": "URec Info",
      "attachment_section": null,
      "workflow_item": null
    }
  },
  {
    "model": "core.buildingauthorityemail",
    "pk": 42,
    "fields": {
      "building_authority_button": 5,
      "email_text": "URec Info\r\n\r\n(automatisch generierte E-Mail von URec, bitte nicht darauf antworten)\r\n\r\nMeldung Fertigstellung Bauvorhaben gestützt auf Artikel 2 Absatz 3 der Verordnung über die steueramtliche Schätzung der Grundstücke.\r\n\r\nDas Bauvorhaben mit der Dossier ID [INSTANCE_ID] / URec Dossier Nr. [DOSSIER_NUMBER] ist fertiggestellt.\r\n\r\nGemäss Schätzungsverordnung sind Zwischenschätzungen vorzunehmen, wenn der Bestand der Baute oder Anlage verändert wird. Dies ist insbesondere dann der Fall, wenn sich der Umfang des Grundstückes verändert hat, wenn Neubauten oder wesentliche Um,- Aus- oder Anbauten verwirklicht werden, wenn Gebäulichkeiten abgebrochen werden oder wenn andere Gründe zu einer wesentlichen Wertveränderung beitragen. Weiter sind Zwischenschätzungen notwendig bei wesentlichen Änderungen der Benützungsart und Änderungen der Beschaffenheit des Grundstückes.\r\n\r\nWir bitten Sie, das Erfordernis der Zwischenschätzung zu prüfen und gegebenenfalls die notwendigen Schritte einzuleiten.\r\n\r\n[INSTANCE_LOCATION], [DATE]",
      "receiver_query": "grundstueckschaetzung@ur.ch",
      "email_subject": "URec Dossier Nr. [DOSSIER_NUMBER]: Meldung Fertigstellung Bauvorhaben",
      "from_email": "urec@ur.ch",
      "from_name": "URec Info",
      "attachment_section": null,
      "workflow_item": null
    }
  },
  {
    "model": "core.buildingauthorityemail",
    "pk": 43,
    "fields": {
      "building_authority_button": 6,
      "email_text": "URec Info\r\n\r\n(automatisch generierte E-Mail von URec, bitte nicht darauf antworten)\r\n\r\nMeldung Fertigstellung Bauvorhaben\r\n\r\nDas Bauvorhaben mit der Dossier ID [INSTANCE_ID] / URec Dossier Nr. [DOSSIER_NUMBER] ist fertiggestellt und zur Endabnahme bereit.\r\n\r\n[INSTANCE_LOCATION], [DATE]",
      "receiver_query": "info@abwasser-uri.ch",
      "email_subject": "URec Dossier Nr. [DOSSIER_NUMBER]: Meldung Fertigstellung Bauvorhaben",
      "from_email": "urec@ur.ch",
      "from_name": "URec Info",
      "attachment_section": null,
      "workflow_item": null
    }
  },
  {
    "model": "core.buildingauthorityemail",
    "pk": 44,
    "fields": {
      "building_authority_button": 8,
      "email_text": "URec Info\r\n\r\n(automatisch generierte E-Mail von URec, bitte nicht darauf antworten)\r\n\r\nMeldung Abnahme Schnurgerüst\r\n\r\nBeim Bauvorhaben mit der Dossier ID [INSTANCE_ID] / URec Dossier Nr. [DOSSIER_NUMBER] ist die Abnahme Schnurgerüst erfolgt.\r\n\r\n[INSTANCE_LOCATION], [DATE]",
      "receiver_query": "gisler.martin@ur.ch",
      "email_subject": "URec Dossier Nr. [DOSSIER_NUMBER]: Meldung Abnahme Schnurgerüst",
      "from_email": "urec@ur.ch",
      "from_name": "URec Info",
      "attachment_section": null,
      "workflow_item": null
    }
  },
  {
    "model": "core.buildingauthorityemail",
    "pk": 45,
    "fields": {
      "building_authority_button": 11,
      "email_text": "URec Info\r\n\r\n(automatisch generierte E-Mail von URec, bitte nicht darauf  antworten)\r\n\r\nMeldung Baubewilligung erteilt\r\n\r\nDie zuständige Gemeindebaubehörde [INSTANCE_LOCATION] hat betreffend das Dossier ID [INSTANCE_ID] mit der URec Dossier Nr. [DOSSIER_NUMBER] die Baubewilligung erteilt. Die Baubewilligung wurde unter „Dokumente“ im URec hochgeladen.\r\n\r\n[INSTANCE_LOCATION], [DATE]",
      "receiver_query": "ds@fgs-ur.ch",
      "email_subject": "URec Dossier Nr. [DOSSIER_NUMBER]: Meldung Baubewilligung erteilt",
      "from_email": "urec@ur.ch",
      "from_name": "URec Info",
      "attachment_section": null,
      "workflow_item": null
    }
  },
  {
    "model": "core.buildingauthorityemail",
    "pk": 46,
    "fields": {
      "building_authority_button": 12,
      "email_text": "URec Info\r\n(automatisch generierte E-Mail von URec, bitte nicht darauf antworten)\r\n\r\nBAU- UND EINSPRACHE-ENTSCHEID\r\n\r\nSehr geehrte Dame\r\nSehr geehrter Herr\r\n\r\nBetreffend das Dossier mit der ID Nr. [INSTANCE_ID] bzw. der URec Nr. [DOSSIER_NUMBER] wurde der Bau- und Einsprache-Entscheid von der zuständigen Gemeindebaubehörde [INSTANCE_LOCATION] erteilt und dem Gesuchsteller zugestellt.\r\n\r\nBitte kontaktieren Sie die zuständige Gemeindebaubehörde falls diese den Bauentscheid im URec noch nicht hochgeladen hat.\r\n\r\nAmt für Raumentwicklung \r\nKoordinationsstelle für Baueingaben\r\nRathausplatz 5\r\n6460 Altdorf\r\n\r\nTel. 041 875 24 29\r\nE-Mail: raumplanung@ur.ch",
      "receiver_query": "[fachstellen]",
      "email_subject": "URec Dossier Nr. [DOSSIER_NUMBER]: Bau- und Einsprache-Entscheid",
      "from_email": "urec@ur.ch",
      "from_name": "URec Info",
      "attachment_section": null,
      "workflow_item": null
    }
  },
  {
    "model": "core.buildingauthorityemail",
    "pk": 66,
    "fields": {
      "building_authority_button": 12,
      "email_text": "URec Info\r\n(automatisch generierte E-Mail von URec, bitte nicht darauf antworten)\r\n\r\nStatusmeldung zum Stand des Bewilligungsverfahrens\r\nBAU- UND EINSPRACHEENTSCHEID\r\n\r\nSehr geehrte Dame\r\nSehr geehrter Herr\r\n\r\nDer Bau- und Einspracheentscheid der Gemeindebaubehörde [INSTANCE_LOCATION] zum Dossier mit der ID Nr. [INSTANCE_ID] (URec Dossiernummer [DOSSIER_NUMBER]) wurde verschickt.\r\n\r\nMit freundlichen Grüssen\r\nGemeindebaubehörde [INSTANCE_LOCATION]",
      "receiver_query": "[gesuchsteller]",
      "email_subject": "URec Dossier Nr. [DOSSIER_NUMBER]: Bau- und Einsprache-Entscheid",
      "from_email": "urec@ur.ch",
      "from_name": "URec Info",
      "attachment_section": null,
      "workflow_item": null
    }
  },
  {
    "model": "core.buildingauthorityemail",
    "pk": 67,
    "fields": {
      "building_authority_button": 14,
      "email_text": "URec Info (automatisch generierte E-Mail von URec, bitte nicht darauf antworten) Statusmeldung zum Stand des Verfahrens\r\n\r\nERÖFFNUNG STELLUNGNAHME / VORENTSCHEID\r\n\r\nSehr geehrte Dame Sehr geehrter Herr\r\n\r\nZum Dossier mit der ID Nr. [INSTANCE_ID], (URec Dossiernummer [DOSSIER_NUMBER]) wird Ihnen hiermit eine Stellungnahme / Vorentscheid via Gemeindebaubehörde [INSTANCE_LOCATION] zugestellt. Die Originaldokumente bleiben bei der ausstellenden Behörde und können bei Bedarf angefordert werden. Sie können die relevanten Dokumente über den folgenden Link herunterladen:\r\n\r\n[PORTAL_LINK]\r\n\r\nFalls der Link nicht funktioniert, stellen Sie bitte sicher, dass Sie sich im URec Portal mit der E-Mail-Adresse [APPLICANT_EMAIL] registriert und angemeldet haben. Unter folgendem Link können Sie sich registrieren: https://urec-portal.ur.ch/.\r\n\r\nMit dem Öffnen eines Dokuments beginnt gleichzeitig die in der Stellungnahme / Vorentscheid erwähnte Frist für das rechtliche Gehör. Das aktuelle Datum beim Anklicken des Links wurde im System gespeichert und gilt als Eröffnungsdatum.\r\n\r\nMit freundlichen Grüssen\r\nGemeindebaubehörde [INSTANCE_LOCATION]\r\n",
      "receiver_query": "[gesuchsteller]",
      "email_subject": "URec Dossier Nr. [DOSSIER_NUMBER]: Bau- und Einsprache-Entscheid",
      "from_email": "urec@ur.ch",
      "from_name": "URec Info",
      "attachment_section": 12000004,
      "workflow_item": 87
    }
  },
  {
    "model": "core.buildingauthorityemail",
    "pk": 68,
    "fields": {
      "building_authority_button": 13,
      "email_text": "URec Info (automatisch generierte E-Mail von URec, bitte nicht darauf antworten) Statusmeldung zum Stand des Verfahrens\r\n\r\nERÖFFNUNG STELLUNGNAHME / VORENTSCHEID\r\n\r\nSehr geehrte Dame Sehr geehrter Herr\r\n\r\nZum Dossier mit der ID Nr. [INSTANCE_ID], (URec Dossiernummer [DOSSIER_NUMBER]) wird Ihnen hiermit eine Stellungnahme / Vorentscheid via Gemeindebaubehörde [INSTANCE_LOCATION] zugestellt. Die Originaldokumente bleiben bei der ausstellenden Behörde und können bei Bedarf angefordert werden. Sie können die relevanten Dokumente über den folgenden Link herunterladen:\r\n\r\n[PORTAL_LINK]\r\n\r\nFalls der Link nicht funktioniert, stellen Sie bitte sicher, dass Sie sich im URec Portal mit der E-Mail-Adresse [APPLICANT_EMAIL] registriert und angemeldet haben. Unter folgendem Link können Sie sich registrieren: https://urec-portal.ur.ch/.\r\n\r\nMit dem Öffnen eines Dokuments beginnt gleichzeitig die in der Stellungnahme / Vorentscheid erwähnte Frist für das rechtliche Gehör. Das aktuelle Datum beim Anklicken des Links wurde im System gespeichert und gilt als Eröffnungsdatum.\r\n\r\nMit freundlichen Grüssen\r\nGemeindebaubehörde [INSTANCE_LOCATION]\r\n",
      "receiver_query": "[gesuchsteller]",
      "email_subject": "URec Dossier Nr. [DOSSIER_NUMBER]: Bau- und Einsprache-Entscheid",
      "from_email": "urec@ur.ch",
      "from_name": "URec Info",
      "attachment_section": 12000004,
      "workflow_item": 87
    }
  },
  {
    "model": "core.buildingauthorityemail",
    "pk": 69,
    "fields": {
      "building_authority_button": 15,
      "email_text": "URec Info (automatisch generierte E-Mail von URec, bitte nicht darauf antworten) Statusmeldung zum Stand des Verfahrens\r\n\r\nERÖFFNUNG STELLUNGNAHME / VORENTSCHEID\r\n\r\nSehr geehrte Dame Sehr geehrter Herr\r\n\r\nZum Dossier mit der ID Nr. [INSTANCE_ID], (URec Dossiernummer [DOSSIER_NUMBER]) wird Ihnen hiermit eine Stellungnahme / Vorentscheid via Gemeindebaubehörde [INSTANCE_LOCATION] zugestellt. Die Originaldokumente bleiben bei der ausstellenden Behörde und können bei Bedarf angefordert werden. Sie können die relevanten Dokumente über den folgenden Link herunterladen:\r\n\r\n[PORTAL_LINK]\r\n\r\nFalls der Link nicht funktioniert, stellen Sie bitte sicher, dass Sie sich im URec Portal mit der E-Mail-Adresse [APPLICANT_EMAIL] registriert und angemeldet haben. Unter folgendem Link können Sie sich registrieren: https://urec-portal.ur.ch/.\r\n\r\nMit dem Öffnen eines Dokuments beginnt gleichzeitig die in der Stellungnahme / Vorentscheid erwähnte Frist für das rechtliche Gehör. Das aktuelle Datum beim Anklicken des Links wurde im System gespeichert und gilt als Eröffnungsdatum.\r\n\r\nMit freundlichen Grüssen\r\nGemeindebaubehörde [INSTANCE_LOCATION]\r\n",
      "receiver_query": "[gesuchsteller]",
      "email_subject": "URec Dossier Nr. [DOSSIER_NUMBER]: Bau- und Einsprache-Entscheid",
      "from_email": "urec@ur.ch",
      "from_name": "URec Info",
      "attachment_section": 12000004,
      "workflow_item": 130000
    }
  },
  {
    "model": "core.buildingauthorityemail",
    "pk": 70,
    "fields": {
      "building_authority_button": 16,
      "email_text": "URec Info\r\n(automatisch generierte E-Mail von URec, bitte nicht darauf antworten)\r\n\r\nBAU- UND EINSPRACHE-ENTSCHEID\r\n\r\nSehr geehrte Dame\r\nSehr geehrter Herr\r\n\r\nBetreffend das Dossier mit der ID Nr. [INSTANCE_ID] bzw. der URec Nr. [DOSSIER_NUMBER] wurde der Bau- und Einsprache-Entscheid von der zuständigen Gemeindebaubehörde [INSTANCE_LOCATION] erteilt und dem Gesuchsteller zugestellt.\r\n\r\nBitte kontaktieren Sie die zuständige Gemeindebaubehörde falls diese den Bauentscheid im URec noch nicht hochgeladen hat.\r\n\r\nAmt für Raumentwicklung \r\nKoordinationsstelle für Baueingaben\r\nRathausplatz 5\r\n6460 Altdorf\r\n\r\nTel. 041 875 24 29\r\nE-Mail: raumplanung@ur.ch",
      "receiver_query": "[fachstellen]",
      "email_subject": "URec Dossier Nr. [DOSSIER_NUMBER]: Bau- und Einsprache-Entscheid",
      "from_email": "urec@ur.ch",
      "from_name": "URec Info",
      "attachment_section": null,
      "workflow_item": null
    }
  },
  {
    "model": "core.buildingauthorityemail",
    "pk": 71,
    "fields": {
      "building_authority_button": 16,
      "email_text": "URec Info\r\n(automatisch generierte E-Mail von URec, bitte nicht darauf antworten)\r\n\r\nStatusmeldung zum Stand des Bewilligungsverfahrens\r\nBAU- UND EINSPRACHEENTSCHEID\r\n\r\nSehr geehrte Dame\r\nSehr geehrter Herr\r\n\r\nDer Bau- und Einspracheentscheid der Gemeindebaubehörde [INSTANCE_LOCATION] zum Dossier mit der ID Nr. [INSTANCE_ID] (URec Dossiernummer [DOSSIER_NUMBER]) wurde verschickt.\r\n\r\nMit freundlichen Grüssen\r\nGemeindebaubehörde [INSTANCE_LOCATION]",
      "receiver_query": "[gesuchsteller]",
      "email_subject": "URec Dossier Nr. [DOSSIER_NUMBER]: Bau- und Einsprache-Entscheid",
      "from_email": "urec@ur.ch",
      "from_name": "URec Info",
      "attachment_section": null,
      "workflow_item": null
    }
  },
  {
    "model": "core.buildingauthoritysection",
    "pk": 1,
    "fields": {
      "name": "Ordentliches Verfahren"
    }
  },
  {
    "model": "core.buildingauthoritysection",
    "pk": 2,
    "fields": {
      "name": "Rechtsmittelverfahren"
    }
  },
  {
    "model": "core.buildingauthoritysection",
    "pk": 3,
    "fields": {
      "name": "Realisierungsphase"
    }
  },
  {
    "model": "core.buildingauthoritysection",
    "pk": 4,
    "fields": {
      "name": "Meldungen / Dokumente"
    }
  },
  {
    "model": "core.button",
    "pk": 2,
    "fields": {
      "instance_resource": 1,
      "name": "Erstellen",
      "description": "",
      "class_field": "",
      "hidden": 0,
      "sort": 0
    }
  },
  {
    "model": "core.button",
    "pk": 4,
    "fields": {
      "instance_resource": 180000,
      "name": "Freigeben für Koordinationsstelle",
      "description": "Freigeben für KOOR BG",
      "class_field": "release_koor in_form_group:31",
      "hidden": 0,
      "sort": 2
    }
  },
  {
    "model": "core.button",
    "pk": 124,
    "fields": {
      "instance_resource": 180002,
      "name": "Zurück an Gemeinde",
      "description": "ext zu comm",
      "class_field": "return_to_community no-animation in_form_group:81",
      "hidden": 0,
      "sort": 0
    }
  },
  {
    "model": "core.button",
    "pk": 144,
    "fields": {
      "instance_resource": 180002,
      "name": "Löschen",
      "description": "",
      "class_field": " in_form_group:32",
      "hidden": 0,
      "sort": 2
    }
  },
  {
    "model": "core.button",
    "pk": 146,
    "fields": {
      "instance_resource": 180000,
      "name": "Löschen",
      "description": "",
      "class_field": "",
      "hidden": 0,
      "sort": 6
    }
  },
  {
    "model": "core.button",
    "pk": 147,
    "fields": {
      "instance_resource": 180002,
      "name": "Zurück an Gemeinde",
      "description": "redac zu done",
      "class_field": "return_to_community  no-animation in_form_group:81",
      "hidden": 0,
      "sort": 2
    }
  },
  {
    "model": "core.button",
    "pk": 148,
    "fields": {
      "instance_resource": 180002,
      "name": "Archivieren",
      "description": "",
      "class_field": " in_form_group:32",
      "hidden": 0,
      "sort": 3
    }
  },
  {
    "model": "core.button",
    "pk": 149,
    "fields": {
      "instance_resource": 180000,
      "name": "Archivieren",
      "description": "Gemeinde COMM und DONE",
      "class_field": "",
      "hidden": 0,
      "sort": 7
    }
  },
  {
    "model": "core.button",
    "pk": 153,
    "fields": {
      "instance_resource": 180000,
      "name": "Verfahren ändern",
      "description": null,
      "class_field": "in_form_group:221 change_form_title",
      "hidden": 0,
      "sort": 9
    }
  },
  {
    "model": "core.button",
    "pk": 215,
    "fields": {
      "instance_resource": 315,
      "name": "Speichern",
      "description": "",
      "class_field": "",
      "hidden": 0,
      "sort": 0
    }
  },
  {
    "model": "core.button",
    "pk": 216,
    "fields": {
      "instance_resource": 315,
      "name": "Zirkulation starten",
      "description": "",
      "class_field": "circ_start",
      "hidden": 0,
      "sort": 1
    }
  },
  {
    "model": "core.button",
    "pk": 248,
    "fields": {
      "instance_resource": 314,
      "name": "Entscheid / Stellungnahme öffnen",
      "description": "",
      "class_field": "downloady trigger-modal",
      "hidden": 0,
      "sort": 1
    }
  },
  {
    "model": "core.button",
    "pk": 272,
    "fields": {
      "instance_resource": 314,
      "name": "Rechnung erstellen",
      "description": "",
      "class_field": "downloady",
      "hidden": 0,
      "sort": 2
    }
  },
  {
    "model": "core.button",
    "pk": 278,
    "fields": {
      "instance_resource": 315,
      "name": "Laufzettel generieren",
      "description": "",
      "class_field": "tracerbutton",
      "hidden": 0,
      "sort": 3
    }
  },
  {
    "model": "core.button",
    "pk": 288,
    "fields": {
      "instance_resource": 314,
      "name": "Brief an GesuchstellerIn",
      "description": "",
      "class_field": "downloady",
      "hidden": 0,
      "sort": 0
    }
  },
  {
    "model": "core.button",
    "pk": 304,
    "fields": {
      "instance_resource": 367,
      "name": "Antwort Speichern",
      "description": "Antwort speichern Button",
      "class_field": "circ_save_button",
      "hidden": 0,
      "sort": 0
    }
  },
  {
    "model": "core.button",
    "pk": 305,
    "fields": {
      "instance_resource": 367,
      "name": "Antwort senden",
      "description": null,
      "class_field": "circ_send_button no-animation",
      "hidden": 0,
      "sort": 1
    }
  },
  {
    "model": "core.button",
    "pk": 324,
    "fields": {
      "instance_resource": 387,
      "name": "Zirkulation starten",
      "description": "",
      "class_field": "",
      "hidden": 0,
      "sort": 0
    }
  },
  {
    "model": "core.button",
    "pk": 325,
    "fields": {
      "instance_resource": 389,
      "name": "Antwort Speichern",
      "description": "",
      "class_field": "",
      "hidden": 0,
      "sort": 0
    }
  },
  {
    "model": "core.button",
    "pk": 326,
    "fields": {
      "instance_resource": 389,
      "name": "Antwort senden",
      "description": "",
      "class_field": "",
      "hidden": 0,
      "sort": 1
    }
  },
  {
    "model": "core.button",
    "pk": 389,
    "fields": {
      "instance_resource": 315,
      "name": "Wiedereröffnen",
      "description": "",
      "class_field": "reopen_button",
      "hidden": 0,
      "sort": 4
    }
  },
  {
    "model": "core.button",
    "pk": 408,
    "fields": {
      "instance_resource": 447,
      "name": "Speichern",
      "description": "",
      "class_field": "",
      "hidden": 0,
      "sort": 0
    }
  },
  {
    "model": "core.button",
    "pk": 429,
    "fields": {
      "instance_resource": 180003,
      "name": "Löschen",
      "description": "",
      "class_field": " in_form_group:141",
      "hidden": 0,
      "sort": 1
    }
  },
  {
    "model": "core.button",
    "pk": 430,
    "fields": {
      "instance_resource": 180003,
      "name": "Archivieren",
      "description": "",
      "class_field": " in_form_group:141",
      "hidden": 0,
      "sort": 3
    }
  },
  {
    "model": "core.button",
    "pk": 431,
    "fields": {
      "instance_resource": 467,
      "name": "Speichern",
      "description": "",
      "class_field": "",
      "hidden": 0,
      "sort": 0
    }
  },
  {
    "model": "core.button",
    "pk": 432,
    "fields": {
      "instance_resource": 467,
      "name": "Zirkulation starten",
      "description": "",
      "class_field": "circ_start",
      "hidden": 0,
      "sort": 1
    }
  },
  {
    "model": "core.button",
    "pk": 433,
    "fields": {
      "instance_resource": 467,
      "name": "Laufzettel generieren",
      "description": "",
      "class_field": "tracerbutton",
      "hidden": 0,
      "sort": 3
    }
  },
  {
    "model": "core.button",
    "pk": 434,
    "fields": {
      "instance_resource": 467,
      "name": "Wiedereröffnen",
      "description": "",
      "class_field": "reopen_button",
      "hidden": 0,
      "sort": 4
    }
  },
  {
    "model": "core.button",
    "pk": 448,
    "fields": {
      "instance_resource": 487,
      "name": "Speichern",
      "description": "",
      "class_field": "",
      "hidden": 0,
      "sort": 0
    }
  },
  {
    "model": "core.button",
    "pk": 470,
    "fields": {
      "instance_resource": 180000,
      "name": "Freigeben für Koordinationsstelle",
      "description": "Freigeben für KOOR NP",
      "class_field": "release_koor in_form_group:141",
      "hidden": 0,
      "sort": 3
    }
  },
  {
    "model": "core.button",
    "pk": 488,
    "fields": {
      "instance_resource": 180000,
      "name": "Wiedereröffnen",
      "description": "",
      "class_field": "",
      "hidden": 0,
      "sort": 1
    }
  },
  {
    "model": "core.button",
    "pk": 528,
    "fields": {
      "instance_resource": 486,
      "name": "Rechnung / Gebühren",
      "description": "",
      "class_field": "downloady",
      "hidden": 0,
      "sort": 0
    }
  },
  {
    "model": "core.button",
    "pk": 529,
    "fields": {
      "instance_resource": 180003,
      "name": "Zurück an Gemeinde",
      "description": null,
      "class_field": "return_to_community no-animation in_form_group:141",
      "hidden": 0,
      "sort": 4
    }
  },
  {
    "model": "core.button",
    "pk": 548,
    "fields": {
      "instance_resource": 486,
      "name": "Entscheid / Stellungnahme öffnen",
      "description": "",
      "class_field": "downloady trigger-modal",
      "hidden": 0,
      "sort": 1
    }
  },
  {
    "model": "core.button",
    "pk": 568,
    "fields": {
      "instance_resource": 315,
      "name": "Zur Zirkulation hinzufügen",
      "description": null,
      "class_field": "add_to_circ",
      "hidden": 0,
      "sort": 2
    }
  },
  {
    "model": "core.button",
    "pk": 570,
    "fields": {
      "instance_resource": 467,
      "name": "Zur Zirkulation hinzufügen",
      "description": "",
      "class_field": "add_to_circ",
      "hidden": 0,
      "sort": 2
    }
  },
  {
    "model": "core.button",
    "pk": 608,
    "fields": {
      "instance_resource": 586,
      "name": "Speichern",
      "description": "",
      "class_field": "",
      "hidden": 0,
      "sort": 0
    }
  },
  {
    "model": "core.button",
    "pk": 628,
    "fields": {
      "instance_resource": 367,
      "name": "Nachforderung",
      "description": "Button, der die Zirkulation in Nachforderung setzt für diese Vernehmlassungsstelle",
      "class_field": "circ_nfd_button",
      "hidden": 0,
      "sort": 2
    }
  },
  {
    "model": "core.button",
    "pk": 648,
    "fields": {
      "instance_resource": 367,
      "name": "Dossier vollständig",
      "description": "Button, wenn die Nachforderung erledigt ist",
      "class_field": "circ_complete_button",
      "hidden": 0,
      "sort": 3
    }
  },
  {
    "model": "core.button",
    "pk": 688,
    "fields": {
      "instance_resource": 625,
      "name": "Speichern",
      "description": "",
      "class_field": "",
      "hidden": 0,
      "sort": 0
    }
  },
  {
    "model": "core.button",
    "pk": 689,
    "fields": {
      "instance_resource": 625,
      "name": "Zirkulation starten",
      "description": "",
      "class_field": "circ_start",
      "hidden": 0,
      "sort": 1
    }
  },
  {
    "model": "core.button",
    "pk": 690,
    "fields": {
      "instance_resource": 625,
      "name": "Zur Zirkulation hinzufügen",
      "description": "",
      "class_field": "add_to_circ",
      "hidden": 0,
      "sort": 2
    }
  },
  {
    "model": "core.button",
    "pk": 691,
    "fields": {
      "instance_resource": 625,
      "name": "Laufzettel generieren",
      "description": "",
      "class_field": "tracerbutton",
      "hidden": 0,
      "sort": 3
    }
  },
  {
    "model": "core.button",
    "pk": 692,
    "fields": {
      "instance_resource": 625,
      "name": "Wiedereröffnen",
      "description": "",
      "class_field": "reopen_button",
      "hidden": 0,
      "sort": 4
    }
  },
  {
    "model": "core.button",
    "pk": 710,
    "fields": {
      "instance_resource": 180004,
      "name": "Löschen",
      "description": "",
      "class_field": "",
      "hidden": 0,
      "sort": 1
    }
  },
  {
    "model": "core.button",
    "pk": 711,
    "fields": {
      "instance_resource": 180004,
      "name": "Archivieren",
      "description": "",
      "class_field": "",
      "hidden": 0,
      "sort": 2
    }
  },
  {
    "model": "core.button",
    "pk": 714,
    "fields": {
      "instance_resource": 646,
      "name": "Rechnung / Gebühren",
      "description": "",
      "class_field": "downloady",
      "hidden": 0,
      "sort": 2
    }
  },
  {
    "model": "core.button",
    "pk": 719,
    "fields": {
      "instance_resource": 180004,
      "name": "Wiedereröffnen (COMM)",
      "description": "",
      "class_field": "button_reopen",
      "hidden": 0,
      "sort": 3
    }
  },
  {
    "model": "core.button",
    "pk": 721,
    "fields": {
      "instance_resource": 180003,
      "name": "Wiedereröffnen (COMM)",
      "description": "",
      "class_field": "button_reopen in_form_group:141",
      "hidden": 0,
      "sort": 0
    }
  },
  {
    "model": "core.button",
    "pk": 723,
    "fields": {
      "instance_resource": 314,
      "name": "Rechnung Baubegleitung",
      "description": "",
      "class_field": "downloady",
      "hidden": 0,
      "sort": 3
    }
  },
  {
    "model": "core.button",
    "pk": 724,
    "fields": {
      "instance_resource": 486,
      "name": "Rechnung Baubegleitung",
      "description": "",
      "class_field": "downloady",
      "hidden": 0,
      "sort": 1
    }
  },
  {
    "model": "core.button",
    "pk": 725,
    "fields": {
      "instance_resource": 646,
      "name": "Rechnung Baubegleitung",
      "description": "",
      "class_field": "downloady",
      "hidden": 0,
      "sort": 1
    }
  },
  {
    "model": "core.button",
    "pk": 746,
    "fields": {
      "instance_resource": 180000,
      "name": "Dossier annehmen",
      "description": "Akzeptieren vom Dossier, d.h., in den echten Workflow übernehmen",
      "class_field": "button_accept",
      "hidden": 0,
      "sort": 0
    }
  },
  {
    "model": "core.button",
    "pk": 756,
    "fields": {
      "instance_resource": 180002,
      "name": "Wiedereröffnen (COMM)",
      "description": null,
      "class_field": null,
      "hidden": 0,
      "sort": 3
    }
  },
  {
    "model": "core.button",
    "pk": 757,
    "fields": {
      "instance_resource": 180003,
      "name": "Wiedereröffnen (EXT)",
      "description": "",
      "class_field": " in_form_group:141",
      "hidden": 0,
      "sort": 2
    }
  },
  {
    "model": "core.button",
    "pk": 758,
    "fields": {
      "instance_resource": 180004,
      "name": "Wiedereröffnen (EXT)",
      "description": "",
      "class_field": "",
      "hidden": 0,
      "sort": 4
    }
  },
  {
    "model": "core.button",
    "pk": 760,
    "fields": {
      "instance_resource": 180002,
      "name": "Wiedereröffnen (EXT)",
      "description": null,
      "class_field": null,
      "hidden": 0,
      "sort": 4
    }
  },
  {
    "model": "core.button",
    "pk": 762,
    "fields": {
      "instance_resource": 180002,
      "name": "Statusänderung",
      "description": "Ändert den Status des Dossiers",
      "class_field": null,
      "hidden": 0,
      "sort": 5
    }
  },
  {
    "model": "core.button",
    "pk": 766,
    "fields": {
      "instance_resource": 180005,
      "name": "Löschen",
      "description": "",
      "class_field": "",
      "hidden": 0,
      "sort": 1
    }
  },
  {
    "model": "core.button",
    "pk": 767,
    "fields": {
      "instance_resource": 180005,
      "name": "Archivieren",
      "description": "",
      "class_field": "",
      "hidden": 0,
      "sort": 2
    }
  },
  {
    "model": "core.button",
    "pk": 769,
    "fields": {
      "instance_resource": 180005,
      "name": "Wiedereröffnen (EXT)",
      "description": "Von Arch zurück zu Redac",
      "class_field": "",
      "hidden": 0,
      "sort": 3
    }
  },
  {
    "model": "core.button",
    "pk": 770,
    "fields": {
      "instance_resource": 702,
      "name": "Speichern",
      "description": "",
      "class_field": "",
      "hidden": 0,
      "sort": 0
    }
  },
  {
    "model": "core.button",
    "pk": 771,
    "fields": {
      "instance_resource": 702,
      "name": "Zirkulation starten",
      "description": "",
      "class_field": "circ_start",
      "hidden": 0,
      "sort": 1
    }
  },
  {
    "model": "core.button",
    "pk": 774,
    "fields": {
      "instance_resource": 704,
      "name": "Rechnung / Gebühren",
      "description": "",
      "class_field": "downloady",
      "hidden": 0,
      "sort": 2
    }
  },
  {
    "model": "core.button",
    "pk": 775,
    "fields": {
      "instance_resource": 704,
      "name": "Rechnung Baubegleitung",
      "description": "",
      "class_field": "downloady",
      "hidden": 0,
      "sort": 3
    }
  },
  {
    "model": "core.button",
    "pk": 776,
    "fields": {
      "instance_resource": 705,
      "name": "Speichern",
      "description": "",
      "class_field": "",
      "hidden": 0,
      "sort": 0
    }
  },
  {
    "model": "core.button",
    "pk": 782,
    "fields": {
      "instance_resource": 702,
      "name": "Zur Zirkulation hinzufügen",
      "description": "",
      "class_field": "add_to_circ",
      "hidden": 0,
      "sort": 2
    }
  },
  {
    "model": "core.button",
    "pk": 783,
    "fields": {
      "instance_resource": 702,
      "name": "Laufzettel generieren",
      "description": "",
      "class_field": "tracerbutton",
      "hidden": 0,
      "sort": 3
    }
  },
  {
    "model": "core.button",
    "pk": 784,
    "fields": {
      "instance_resource": 702,
      "name": "Wiedereröffnen",
      "description": "",
      "class_field": "reopen_button",
      "hidden": 0,
      "sort": 4
    }
  },
  {
    "model": "core.button",
    "pk": 791,
    "fields": {
      "instance_resource": 180006,
      "name": "Löschen",
      "description": "",
      "class_field": "",
      "hidden": 0,
      "sort": 1
    }
  },
  {
    "model": "core.button",
    "pk": 792,
    "fields": {
      "instance_resource": 180006,
      "name": "Archivieren",
      "description": "",
      "class_field": "",
      "hidden": 0,
      "sort": 2
    }
  },
  {
    "model": "core.button",
    "pk": 793,
    "fields": {
      "instance_resource": 180006,
      "name": "Wiedereröffnen (EXT)",
      "description": "Von Arch zurück zu Redac",
      "class_field": "",
      "hidden": 0,
      "sort": 3
    }
  },
  {
    "model": "core.button",
    "pk": 794,
    "fields": {
      "instance_resource": 717,
      "name": "Speichern",
      "description": "",
      "class_field": "",
      "hidden": 0,
      "sort": 0
    }
  },
  {
    "model": "core.button",
    "pk": 795,
    "fields": {
      "instance_resource": 717,
      "name": "Zirkulation starten",
      "description": "",
      "class_field": "",
      "hidden": 0,
      "sort": 1
    }
  },
  {
    "model": "core.button",
    "pk": 796,
    "fields": {
      "instance_resource": 717,
      "name": "Zur Zirkulation hinzufügen",
      "description": "",
      "class_field": "add_to_circ",
      "hidden": 0,
      "sort": 2
    }
  },
  {
    "model": "core.button",
    "pk": 797,
    "fields": {
      "instance_resource": 717,
      "name": "Laufzettel generieren",
      "description": "",
      "class_field": "tracerbutton",
      "hidden": 0,
      "sort": 3
    }
  },
  {
    "model": "core.button",
    "pk": 798,
    "fields": {
      "instance_resource": 717,
      "name": "Wiedereröffnen",
      "description": "",
      "class_field": "reopen_button",
      "hidden": 0,
      "sort": 4
    }
  },
  {
    "model": "core.button",
    "pk": 799,
    "fields": {
      "instance_resource": 719,
      "name": "Rechnung / Gebühren",
      "description": "",
      "class_field": "downloady",
      "hidden": 0,
      "sort": 0
    }
  },
  {
    "model": "core.button",
    "pk": 800,
    "fields": {
      "instance_resource": 719,
      "name": "Rechnung Baubegleitung",
      "description": "",
      "class_field": "downloady",
      "hidden": 0,
      "sort": 1
    }
  },
  {
    "model": "core.button",
    "pk": 803,
    "fields": {
      "instance_resource": 180007,
      "name": "Löschen",
      "description": "",
      "class_field": "",
      "hidden": 0,
      "sort": 1
    }
  },
  {
    "model": "core.button",
    "pk": 804,
    "fields": {
      "instance_resource": 180007,
      "name": "Archivieren",
      "description": "",
      "class_field": "",
      "hidden": 0,
      "sort": 2
    }
  },
  {
    "model": "core.button",
    "pk": 805,
    "fields": {
      "instance_resource": 180007,
      "name": "Wiedereröffnen (EXT)",
      "description": "Von Arch zurück zu Redac",
      "class_field": "",
      "hidden": 0,
      "sort": 3
    }
  },
  {
    "model": "core.button",
    "pk": 806,
    "fields": {
      "instance_resource": 726,
      "name": "Speichern",
      "description": "",
      "class_field": "",
      "hidden": 0,
      "sort": 0
    }
  },
  {
    "model": "core.button",
    "pk": 807,
    "fields": {
      "instance_resource": 726,
      "name": "Zirkulation starten",
      "description": "",
      "class_field": "",
      "hidden": 0,
      "sort": 1
    }
  },
  {
    "model": "core.button",
    "pk": 808,
    "fields": {
      "instance_resource": 726,
      "name": "Zur Zirkulation hinzufügen",
      "description": "",
      "class_field": "add_to_circ",
      "hidden": 0,
      "sort": 2
    }
  },
  {
    "model": "core.button",
    "pk": 809,
    "fields": {
      "instance_resource": 726,
      "name": "Laufzettel generieren",
      "description": "",
      "class_field": "tracerbutton",
      "hidden": 0,
      "sort": 3
    }
  },
  {
    "model": "core.button",
    "pk": 810,
    "fields": {
      "instance_resource": 726,
      "name": "Wiedereröffnen",
      "description": "",
      "class_field": "reopen_button",
      "hidden": 0,
      "sort": 4
    }
  },
  {
    "model": "core.button",
    "pk": 811,
    "fields": {
      "instance_resource": 727,
      "name": "Rechnung / Gebühren",
      "description": "",
      "class_field": "downloady",
      "hidden": 0,
      "sort": 0
    }
  },
  {
    "model": "core.button",
    "pk": 812,
    "fields": {
      "instance_resource": 727,
      "name": "Rechnung Baubegleitung",
      "description": "",
      "class_field": "downloady",
      "hidden": 0,
      "sort": 1
    }
  },
  {
    "model": "core.button",
    "pk": 823,
    "fields": {
      "instance_resource": 180008,
      "name": "Löschen",
      "description": "",
      "class_field": "",
      "hidden": 0,
      "sort": 0
    }
  },
  {
    "model": "core.button",
    "pk": 824,
    "fields": {
      "instance_resource": 180008,
      "name": "Archivieren",
      "description": "",
      "class_field": "",
      "hidden": 0,
      "sort": 1
    }
  },
  {
    "model": "core.button",
    "pk": 825,
    "fields": {
      "instance_resource": 180008,
      "name": "Wiedereröffnen (EXT)",
      "description": "Von Arch zurück zu Redac",
      "class_field": "",
      "hidden": 0,
      "sort": 2
    }
  },
  {
    "model": "core.button",
    "pk": 826,
    "fields": {
      "instance_resource": 738,
      "name": "Speichern",
      "description": "",
      "class_field": "",
      "hidden": 0,
      "sort": 0
    }
  },
  {
    "model": "core.button",
    "pk": 827,
    "fields": {
      "instance_resource": 738,
      "name": "Zirkulation starten",
      "description": "",
      "class_field": "",
      "hidden": 0,
      "sort": 1
    }
  },
  {
    "model": "core.button",
    "pk": 828,
    "fields": {
      "instance_resource": 738,
      "name": "Zur Zirkulation hinzufügen",
      "description": "",
      "class_field": "add_to_circ",
      "hidden": 0,
      "sort": 2
    }
  },
  {
    "model": "core.button",
    "pk": 829,
    "fields": {
      "instance_resource": 738,
      "name": "Laufzettel generieren",
      "description": "",
      "class_field": "tracerbutton",
      "hidden": 0,
      "sort": 3
    }
  },
  {
    "model": "core.button",
    "pk": 830,
    "fields": {
      "instance_resource": 738,
      "name": "Wiedereröffnen",
      "description": "",
      "class_field": "reopen_button",
      "hidden": 0,
      "sort": 4
    }
  },
  {
    "model": "core.button",
    "pk": 831,
    "fields": {
      "instance_resource": 739,
      "name": "Rechnung / Gebühren",
      "description": "",
      "class_field": "downloady",
      "hidden": 0,
      "sort": 0
    }
  },
  {
    "model": "core.button",
    "pk": 832,
    "fields": {
      "instance_resource": 739,
      "name": "Rechnung Baubegleitung",
      "description": "",
      "class_field": "downloady",
      "hidden": 0,
      "sort": 1
    }
  },
  {
    "model": "core.button",
    "pk": 834,
    "fields": {
      "instance_resource": 180000,
      "name": "ÖREB Meldung",
      "description": null,
      "class_field": "oereb",
      "hidden": 1,
      "sort": 5
    }
  },
  {
    "model": "core.button",
    "pk": 874,
    "fields": {
      "instance_resource": 180003,
      "name": "ÖREB Meldung",
      "description": "",
      "class_field": "oereb in_form_group:141",
      "hidden": 0,
      "sort": 5
    }
  },
  {
    "model": "core.button",
    "pk": 894,
    "fields": {
      "instance_resource": 180002,
      "name": "ÖREB Meldung",
      "description": "",
      "class_field": "oereb in_form_group:81",
      "hidden": 0,
      "sort": 6
    }
  },
  {
    "model": "core.button",
    "pk": 914,
    "fields": {
      "instance_resource": 180008,
      "name": "ÖREB Meldung",
      "description": "",
      "class_field": "oereb",
      "hidden": 0,
      "sort": 3
    }
  },
  {
    "model": "core.button",
    "pk": 915,
    "fields": {
      "instance_resource": 180005,
      "name": "ÖREB Meldung",
      "description": "",
      "class_field": "oereb",
      "hidden": 0,
      "sort": 4
    }
  },
  {
    "model": "core.button",
    "pk": 917,
    "fields": {
      "instance_resource": 180004,
      "name": "ÖREB Meldung",
      "description": "",
      "class_field": "oereb",
      "hidden": 0,
      "sort": 5
    }
  },
  {
    "model": "core.button",
    "pk": 919,
    "fields": {
      "instance_resource": 752,
      "name": "Rechnung / Gebühren",
      "description": null,
      "class_field": "downloady",
      "hidden": 0,
      "sort": 0
    }
  },
  {
    "model": "core.button",
    "pk": 920,
    "fields": {
      "instance_resource": 752,
      "name": "Rechnung Baubegleitung",
      "description": null,
      "class_field": "downloady",
      "hidden": 0,
      "sort": 1
    }
  },
  {
    "model": "core.button",
    "pk": 921,
    "fields": {
      "instance_resource": 180000,
      "name": "Freigeben für Gemeindebaubehörde",
      "description": null,
      "class_field": "release_buildingauthority in_form_group:61,12000000",
      "hidden": 0,
      "sort": 4
    }
  },
  {
    "model": "core.button",
    "pk": 922,
    "fields": {
      "instance_resource": 753,
      "name": "Speichern",
      "description": null,
      "class_field": null,
      "hidden": 0,
      "sort": 0
    }
  },
  {
    "model": "core.button",
    "pk": 923,
    "fields": {
      "instance_resource": 753,
      "name": "Zirkulation starten",
      "description": null,
      "class_field": "circ_start",
      "hidden": 0,
      "sort": 1
    }
  },
  {
    "model": "core.button",
    "pk": 924,
    "fields": {
      "instance_resource": 753,
      "name": "Zur Zirkulation hinzufügen",
      "description": null,
      "class_field": "add_to_circ",
      "hidden": 0,
      "sort": 2
    }
  },
  {
    "model": "core.button",
    "pk": 925,
    "fields": {
      "instance_resource": 753,
      "name": "Wiedereröffnen",
      "description": null,
      "class_field": "reopen_button",
      "hidden": 0,
      "sort": 3
    }
  },
  {
    "model": "core.button",
    "pk": 926,
    "fields": {
      "instance_resource": 757,
      "name": "Antwort speichern",
      "description": null,
      "class_field": "circ_save_button",
      "hidden": 0,
      "sort": 0
    }
  },
  {
    "model": "core.button",
    "pk": 927,
    "fields": {
      "instance_resource": 757,
      "name": "Antwort senden",
      "description": null,
      "class_field": "circ_send_button no-animation",
      "hidden": 0,
      "sort": 1
    }
  },
  {
    "model": "core.button",
    "pk": 931,
    "fields": {
      "instance_resource": 180001,
      "name": "Speichern",
      "description": null,
      "class_field": null,
      "hidden": 0,
      "sort": 1
    }
  },
  {
    "model": "core.button",
    "pk": 932,
    "fields": {
      "instance_resource": 180001,
      "name": "Löschen",
      "description": null,
      "class_field": null,
      "hidden": 0,
      "sort": 2
    }
  },
  {
    "model": "core.button",
    "pk": 933,
    "fields": {
      "instance_resource": 180001,
      "name": "Archivieren",
      "description": null,
      "class_field": "archive_btn",
      "hidden": 0,
      "sort": 3
    }
  },
  {
    "model": "core.button",
    "pk": 934,
    "fields": {
      "instance_resource": 763,
      "name": "Speichern",
      "description": null,
      "class_field": null,
      "hidden": 0,
      "sort": 0
    }
  },
  {
    "model": "core.button",
    "pk": 935,
    "fields": {
      "instance_resource": 763,
      "name": "Zirkulation starten",
      "description": null,
      "class_field": "circ_start",
      "hidden": 0,
      "sort": 1
    }
  },
  {
    "model": "core.button",
    "pk": 936,
    "fields": {
      "instance_resource": 763,
      "name": "Zur Zirkulation hinzufügen",
      "description": null,
      "class_field": "add_to_circ",
      "hidden": 0,
      "sort": 2
    }
  },
  {
    "model": "core.button",
    "pk": 938,
    "fields": {
      "instance_resource": 763,
      "name": "Wiedereröffnen",
      "description": null,
      "class_field": "reopen_button",
      "hidden": 0,
      "sort": 4
    }
  },
  {
    "model": "core.button",
    "pk": 939,
    "fields": {
      "instance_resource": 764,
      "name": "Antwort Speichern",
      "description": null,
      "class_field": "circ_save_button",
      "hidden": 0,
      "sort": 0
    }
  },
  {
    "model": "core.button",
    "pk": 940,
    "fields": {
      "instance_resource": 764,
      "name": "Antwort Senden",
      "description": null,
      "class_field": "circ_send_button no-animation",
      "hidden": 0,
      "sort": 1
    }
  },
  {
    "model": "core.button",
    "pk": 943,
    "fields": {
      "instance_resource": 180001,
      "name": "Freigeben für Koordinationsstelle",
      "description": null,
      "class_field": "release_koor",
      "hidden": 0,
      "sort": 0
    }
  },
  {
    "model": "core.button",
    "pk": 945,
    "fields": {
      "instance_resource": 180002,
      "name": "Zurück an Leitbehörde",
      "description": null,
      "class_field": "in_form_group:32",
      "hidden": 0,
      "sort": 1
    }
  },
  {
    "model": "core.button",
    "pk": 946,
    "fields": {
      "instance_resource": 180004,
      "name": "Zurück an Leitbehörde",
      "description": null,
      "class_field": null,
      "hidden": 0,
      "sort": 0
    }
  },
  {
    "model": "core.button",
    "pk": 947,
    "fields": {
      "instance_resource": 769,
      "name": "Antwort speichern",
      "description": null,
      "class_field": "circ_save_button",
      "hidden": 0,
      "sort": 0
    }
  },
  {
    "model": "core.button",
    "pk": 948,
    "fields": {
      "instance_resource": 769,
      "name": "Antwort senden",
      "description": null,
      "class_field": "circ_send_button no-animation",
      "hidden": 0,
      "sort": 1
    }
  },
  {
    "model": "core.button",
    "pk": 949,
    "fields": {
      "instance_resource": 180003,
      "name": "Statusänderung",
      "description": "Ändert den Status des Dossiers",
      "class_field": " in_form_group:141",
      "hidden": 0,
      "sort": 6
    }
  },
  {
    "model": "core.button",
    "pk": 12000000,
    "fields": {
      "instance_resource": 12000000,
      "name": "Speichern",
      "description": null,
      "class_field": null,
      "hidden": 0,
      "sort": 0
    }
  },
  {
    "model": "core.button",
    "pk": 12000001,
    "fields": {
      "instance_resource": 12000000,
      "name": "Dossier zurückweisen",
      "description": null,
      "class_field": null,
      "hidden": 0,
      "sort": 1
    }
  },
  {
    "model": "core.button",
    "pk": 12000002,
    "fields": {
      "instance_resource": 12000000,
      "name": "Rückweisung aufheben",
      "description": null,
      "class_field": null,
      "hidden": 0,
      "sort": 2
    }
  },
  {
    "model": "core.button",
    "pk": 12000003,
    "fields": {
      "instance_resource": 180004,
      "name": "Entscheid zustellen",
      "description": null,
      "class_field": null,
      "hidden": 0,
      "sort": 6
    }
  },
  {
    "model": "core.button",
    "pk": 12000004,
    "fields": {
      "instance_resource": 180008,
      "name": "Entscheid zustellen",
      "description": null,
      "class_field": null,
      "hidden": 0,
      "sort": 4
    }
  },
  {
    "model": "core.button",
    "pk": 12000005,
    "fields": {
      "instance_resource": 180000,
      "name": "Dossier kopieren",
      "description": null,
      "class_field": "in_form_group:12000001",
      "hidden": 0,
      "sort": 8
    }
  },
  {
    "model": "core.button",
    "pk": 12000006,
    "fields": {
      "instance_resource": 180003,
      "name": "Dossier kopieren",
      "description": null,
      "class_field": "in_form_group:12000001",
      "hidden": 0,
      "sort": 7
    }
  },
  {
    "model": "core.button",
    "pk": 12000007,
    "fields": {
      "instance_resource": 315,
      "name": "Zirkulation abschliessen",
      "description": "KOOR BG",
      "class_field": null,
      "hidden": 0,
      "sort": 5
    }
  },
  {
    "model": "core.button",
    "pk": 12000008,
    "fields": {
      "instance_resource": 753,
      "name": "Zirkulation abschliessen",
      "description": "Gemeinde",
      "class_field": "circ_end",
      "hidden": 0,
      "sort": 4
    }
  },
  {
    "model": "core.button",
    "pk": 12000009,
    "fields": {
      "instance_resource": 467,
      "name": "Zirkulation abschliessen",
      "description": "KOOR NP",
      "class_field": null,
      "hidden": 0,
      "sort": 5
    }
  },
  {
    "model": "core.button",
    "pk": 12000010,
    "fields": {
      "instance_resource": 625,
      "name": "Zirkulation abschliessen",
      "description": "KOOR BD",
      "class_field": null,
      "hidden": 0,
      "sort": 5
    }
  },
  {
    "model": "core.button",
    "pk": 12000011,
    "fields": {
      "instance_resource": 702,
      "name": "Zirkulation abschliessen",
      "description": "KOOR AfU",
      "class_field": null,
      "hidden": 0,
      "sort": 5
    }
  },
  {
    "model": "core.button",
    "pk": 12000012,
    "fields": {
      "instance_resource": 717,
      "name": "Zirkulation abschliessen",
      "description": "KOOR ALA",
      "class_field": null,
      "hidden": 0,
      "sort": 5
    }
  },
  {
    "model": "core.button",
    "pk": 12000013,
    "fields": {
      "instance_resource": 726,
      "name": "Zirkulation abschliessen",
      "description": "KOOR AfE",
      "class_field": null,
      "hidden": 0,
      "sort": 5
    }
  },
  {
    "model": "core.button",
    "pk": 12000014,
    "fields": {
      "instance_resource": 738,
      "name": "Zirkulation abschliessen",
      "description": "KOOR SD",
      "class_field": null,
      "hidden": 0,
      "sort": 5
    }
  },
  {
    "model": "core.button",
    "pk": 12000015,
    "fields": {
      "instance_resource": 2000003,
      "name": "Status zu COMM",
      "description": "Ändert den Status des Dossiers",
      "class_field": null,
      "hidden": 0,
      "sort": 0
    }
  },
  {
    "model": "core.button",
    "pk": 12000016,
    "fields": {
      "instance_resource": 2000003,
      "name": "Status zu CIRC",
      "description": null,
      "class_field": null,
      "hidden": 0,
      "sort": 1
    }
  },
  {
    "model": "core.button",
    "pk": 12000017,
    "fields": {
      "instance_resource": 2000003,
      "name": "Status zu EXT-GEM",
      "description": null,
      "class_field": null,
      "hidden": 0,
      "sort": 2
    }
  },
  {
    "model": "core.button",
    "pk": 12000018,
    "fields": {
      "instance_resource": 2000003,
      "name": "Status zu REDAC",
      "description": null,
      "class_field": null,
      "hidden": 0,
      "sort": 3
    }
  },
  {
    "model": "core.button",
    "pk": 12000019,
    "fields": {
      "instance_resource": 2000003,
      "name": "Status zu DONE",
      "description": null,
      "class_field": null,
      "hidden": 0,
      "sort": 4
    }
  },
  {
    "model": "core.button",
    "pk": 12000020,
    "fields": {
      "instance_resource": 2000004,
      "name": "Antwort Speichern",
      "description": null,
      "class_field": null,
      "hidden": 0,
      "sort": 0
    }
  },
  {
    "model": "core.button",
    "pk": 12000021,
    "fields": {
      "instance_resource": 2000004,
      "name": "Antwort senden",
      "description": null,
      "class_field": null,
      "hidden": 0,
      "sort": 1
    }
  },
  {
    "model": "core.chapter",
    "pk": 1,
    "fields": {
      "name": "Personendaten",
      "description": "Alle Daten der beteiligten Personen",
      "javascript": ""
    }
  },
  {
    "model": "core.chapter",
    "pk": 2,
    "fields": {
      "name": "Generell",
      "description": "Alle Allgemeinen Daten wie Leitbehorde, Dossier-NR",
      "javascript": ""
    }
  },
  {
    "model": "core.chapter",
    "pk": 3,
    "fields": {
      "name": "Erstellung",
      "description": "Die Daten, die im ersten Schritt erledigt werden",
      "javascript": ""
    }
  },
  {
    "model": "core.chapter",
    "pk": 21,
    "fields": {
      "name": "Objektdaten",
      "description": "",
      "javascript": ""
    }
  },
  {
    "model": "core.chapter",
    "pk": 41,
    "fields": {
      "name": "Stellungnahme",
      "description": "",
      "javascript": ""
    }
  },
  {
    "model": "core.chapter",
    "pk": 61,
    "fields": {
      "name": "User information",
      "description": "",
      "javascript": ""
    }
  },
  {
    "model": "core.chapter",
    "pk": 101,
    "fields": {
      "name": "Objektdaten",
      "description": "Der Nutzungsplanung",
      "javascript": ""
    }
  },
  {
    "model": "core.chapter",
    "pk": 102,
    "fields": {
      "name": "Objektdaten",
      "description": "",
      "javascript": ""
    }
  },
  {
    "model": "core.chapter",
    "pk": 103,
    "fields": {
      "name": "Meta",
      "description": "",
      "javascript": ""
    }
  },
  {
    "model": "core.chapter",
    "pk": 104,
    "fields": {
      "name": "BaB Daten",
      "description": "",
      "javascript": ""
    }
  },
  {
    "model": "core.chapter",
    "pk": 105,
    "fields": {
      "name": "Stellungsnahme für Gemeindeservicestellen",
      "description": null,
      "javascript": null
    }
  },
  {
    "model": "core.chapter",
    "pk": 106,
    "fields": {
      "name": "Stellungsnahme (Gemeinde)",
      "description": null,
      "javascript": null
    }
  },
  {
    "model": "core.chapter",
    "pk": 12000000,
    "fields": {
      "name": "Rückmeldungen für Gesuchsteller/in",
      "description": null,
      "javascript": null
    }
  },
  {
    "model": "core.chapterpage",
    "pk": 1,
    "fields": {
      "chapter": 1,
      "page": 1,
      "sort": 2
    }
  },
  {
    "model": "core.chapterpage",
    "pk": 2,
    "fields": {
      "chapter": 2,
      "page": 1,
      "sort": 1
    }
  },
  {
    "model": "core.chapterpage",
    "pk": 3,
    "fields": {
      "chapter": 3,
      "page": 1,
      "sort": 0
    }
  },
  {
    "model": "core.chapterpage",
    "pk": 4,
    "fields": {
      "chapter": 21,
      "page": 1,
      "sort": 3
    }
  },
  {
    "model": "core.chapterpage",
    "pk": 5,
    "fields": {
      "chapter": 3,
      "page": 21,
      "sort": 0
    }
  },
  {
    "model": "core.chapterpage",
    "pk": 6,
    "fields": {
      "chapter": 2,
      "page": 21,
      "sort": 0
    }
  },
  {
    "model": "core.chapterpage",
    "pk": 7,
    "fields": {
      "chapter": 21,
      "page": 21,
      "sort": 1
    }
  },
  {
    "model": "core.chapterpage",
    "pk": 8,
    "fields": {
      "chapter": 1,
      "page": 21,
      "sort": 2
    }
  },
  {
    "model": "core.chapterpage",
    "pk": 9,
    "fields": {
      "chapter": 41,
      "page": 41,
      "sort": 0
    }
  },
  {
    "model": "core.chapterpage",
    "pk": 10,
    "fields": {
      "chapter": 3,
      "page": 81,
      "sort": 0
    }
  },
  {
    "model": "core.chapterpage",
    "pk": 11,
    "fields": {
      "chapter": 2,
      "page": 81,
      "sort": 1
    }
  },
  {
    "model": "core.chapterpage",
    "pk": 12,
    "fields": {
      "chapter": 1,
      "page": 81,
      "sort": 2
    }
  },
  {
    "model": "core.chapterpage",
    "pk": 13,
    "fields": {
      "chapter": 101,
      "page": 81,
      "sort": 3
    }
  },
  {
    "model": "core.chapterpage",
    "pk": 14,
    "fields": {
      "chapter": 102,
      "page": 82,
      "sort": 3
    }
  },
  {
    "model": "core.chapterpage",
    "pk": 15,
    "fields": {
      "chapter": 1,
      "page": 82,
      "sort": 2
    }
  },
  {
    "model": "core.chapterpage",
    "pk": 16,
    "fields": {
      "chapter": 2,
      "page": 82,
      "sort": 1
    }
  },
  {
    "model": "core.chapterpage",
    "pk": 17,
    "fields": {
      "chapter": 3,
      "page": 82,
      "sort": 0
    }
  },
  {
    "model": "core.chapterpage",
    "pk": 18,
    "fields": {
      "chapter": 103,
      "page": 83,
      "sort": 0
    }
  },
  {
    "model": "core.chapterpage",
    "pk": 19,
    "fields": {
      "chapter": 104,
      "page": 1,
      "sort": 4
    }
  },
  {
    "model": "core.chapterpage",
    "pk": 12000000,
    "fields": {
      "chapter": 12000000,
      "page": 12000000,
      "sort": 0
    }
  },
  {
    "model": "core.circulationanswer",
    "pk": 61,
    "fields": {
      "circulation_type": 41,
      "circulation_answer_type": 1,
      "name": "Nein",
      "sort": 15
    }
  },
  {
    "model": "core.circulationanswer",
    "pk": 62,
    "fields": {
      "circulation_type": 41,
      "circulation_answer_type": 1,
      "name": "Ja",
      "sort": 16
    }
  },
  {
    "model": "core.circulationanswer",
    "pk": 63,
    "fields": {
      "circulation_type": 41,
      "circulation_answer_type": 1,
      "name": "Ja mit Auflagen",
      "sort": 17
    }
  },
  {
    "model": "core.circulationanswer",
    "pk": 64,
    "fields": {
      "circulation_type": 41,
      "circulation_answer_type": 1,
      "name": "Fachstelle nicht betroffen",
      "sort": 18
    }
  },
  {
    "model": "core.circulationanswer",
    "pk": 65,
    "fields": {
      "circulation_type": 61,
      "circulation_answer_type": 1,
      "name": "Nein",
      "sort": 9
    }
  },
  {
    "model": "core.circulationanswer",
    "pk": 66,
    "fields": {
      "circulation_type": 61,
      "circulation_answer_type": 1,
      "name": "Ja",
      "sort": 10
    }
  },
  {
    "model": "core.circulationanswer",
    "pk": 67,
    "fields": {
      "circulation_type": 61,
      "circulation_answer_type": 1,
      "name": "Ja mit Auflagen",
      "sort": 4
    }
  },
  {
    "model": "core.circulationanswer",
    "pk": 68,
    "fields": {
      "circulation_type": 61,
      "circulation_answer_type": 1,
      "name": "Fachstelle nicht betroffen",
      "sort": 5
    }
  },
  {
    "model": "core.circulationanswer",
    "pk": 69,
    "fields": {
      "circulation_type": 61,
      "circulation_answer_type": 1,
      "name": "-",
      "sort": 0
    }
  },
  {
    "model": "core.circulationanswer",
    "pk": 70,
    "fields": {
      "circulation_type": 41,
      "circulation_answer_type": 1,
      "name": "-",
      "sort": 6
    }
  },
  {
    "model": "core.circulationanswer",
    "pk": 71,
    "fields": {
      "circulation_type": 61,
      "circulation_answer_type": 1,
      "name": "Keine Stellungnahme",
      "sort": 1
    }
  },
  {
    "model": "core.circulationanswer",
    "pk": 72,
    "fields": {
      "circulation_type": 41,
      "circulation_answer_type": 1,
      "name": "Keine Stellungnahme",
      "sort": 7
    }
  },
  {
    "model": "core.circulationanswer",
    "pk": 73,
    "fields": {
      "circulation_type": 41,
      "circulation_answer_type": 1,
      "name": "Keine Rückmeldung",
      "sort": 12
    }
  },
  {
    "model": "core.circulationanswer",
    "pk": 74,
    "fields": {
      "circulation_type": 61,
      "circulation_answer_type": 1,
      "name": "Keine Rückmeldung",
      "sort": 13
    }
  },
  {
    "model": "core.circulationanswer",
    "pk": 75,
    "fields": {
      "circulation_type": 62,
      "circulation_answer_type": 1,
      "name": "Keine Rückmeldung",
      "sort": 7
    }
  },
  {
    "model": "core.circulationanswer",
    "pk": 76,
    "fields": {
      "circulation_type": 62,
      "circulation_answer_type": 1,
      "name": "Fachstelle nicht betroffen",
      "sort": 6
    }
  },
  {
    "model": "core.circulationanswer",
    "pk": 77,
    "fields": {
      "circulation_type": 62,
      "circulation_answer_type": 1,
      "name": "Ja mit Auflagen",
      "sort": 5
    }
  },
  {
    "model": "core.circulationanswer",
    "pk": 78,
    "fields": {
      "circulation_type": 62,
      "circulation_answer_type": 1,
      "name": "Ja",
      "sort": 4
    }
  },
  {
    "model": "core.circulationanswer",
    "pk": 79,
    "fields": {
      "circulation_type": 62,
      "circulation_answer_type": 1,
      "name": "Nein",
      "sort": 3
    }
  },
  {
    "model": "core.circulationanswer",
    "pk": 80,
    "fields": {
      "circulation_type": 62,
      "circulation_answer_type": 1,
      "name": "Keine Stellungnahme",
      "sort": 2
    }
  },
  {
    "model": "core.circulationanswer",
    "pk": 81,
    "fields": {
      "circulation_type": 62,
      "circulation_answer_type": 1,
      "name": "-",
      "sort": 1
    }
  },
  {
    "model": "core.circulationanswertype",
    "pk": 1,
    "fields": {
      "name": "Response"
    }
  },
  {
    "model": "core.circulationanswertype",
    "pk": 2,
    "fields": {
      "name": "Delay"
    }
  },
  {
    "model": "core.circulationreason",
    "pk": 41,
    "fields": {
      "circulation_type": 41,
      "name": "E-Dossier",
      "sort": 3
    }
  },
  {
    "model": "core.circulationreason",
    "pk": 42,
    "fields": {
      "circulation_type": 41,
      "name": "kein E-Dossier",
      "sort": 4
    }
  },
  {
    "model": "core.circulationreason",
    "pk": 43,
    "fields": {
      "circulation_type": 61,
      "name": "E-Dossier",
      "sort": 1
    }
  },
  {
    "model": "core.circulationreason",
    "pk": 44,
    "fields": {
      "circulation_type": 61,
      "name": "kein E-Dossier",
      "sort": 2
    }
  },
  {
    "model": "core.circulationreason",
    "pk": 45,
    "fields": {
      "circulation_type": 62,
      "name": "E-Dossier",
      "sort": 1
    }
  },
  {
    "model": "core.circulationreason",
    "pk": 46,
    "fields": {
      "circulation_type": 62,
      "name": "kein E-Dossier",
      "sort": 2
    }
  },
  {
    "model": "core.circulationstate",
    "pk": 1,
    "fields": {
      "name": "RUN",
      "sort": 0
    }
  },
  {
    "model": "core.circulationstate",
    "pk": 2,
    "fields": {
      "name": "OK",
      "sort": 1
    }
  },
  {
    "model": "core.circulationstate",
    "pk": 21,
    "fields": {
      "name": "IDLE",
      "sort": 2
    }
  },
  {
    "model": "core.circulationstate",
    "pk": 41,
    "fields": {
      "name": "NFD",
      "sort": 3
    }
  },
  {
    "model": "core.circulationtype",
    "pk": 41,
    "fields": {
      "name": "Zirkulation Dossiers von der Koordinationsstelle",
      "page_id": 41,
      "parent_specific_activations": 0
    }
  },
  {
    "model": "core.circulationtype",
    "pk": 61,
    "fields": {
      "name": "Zirkulation Dossiers von der Gemeinde",
      "page_id": 41,
      "parent_specific_activations": 0
    }
  },
  {
    "model": "core.circulationtype",
    "pk": 62,
    "fields": {
      "name": "Zirkulation Dossiers von der Bundesstelle",
      "page_id": 41,
      "parent_specific_activations": 0
    }
  },
  {
    "model": "core.docgenactivationaction",
    "pk": 1,
    "fields": {
      "name": "Savedocketcomment"
    }
  },
  {
    "model": "core.docgenactivationaction",
    "pk": 21,
    "fields": {
      "name": "Saveinstancecomment"
    }
  },
  {
    "model": "core.docgenactivationactionaction",
    "pk": 1,
    "fields": {
      "docgen_activation_action": 1,
      "action": 660
    }
  },
  {
    "model": "core.docgenactivationactionaction",
    "pk": 2,
    "fields": {
      "docgen_activation_action": 21,
      "action": 811
    }
  },
  {
    "model": "core.docgenactivationactionaction",
    "pk": 3,
    "fields": {
      "docgen_activation_action": 21,
      "action": 441
    }
  },
  {
    "model": "core.docgenactivationactionaction",
    "pk": 4,
    "fields": {
      "docgen_activation_action": 1,
      "action": 452
    }
  },
  {
    "model": "core.docgenactivationactionaction",
    "pk": 5,
    "fields": {
      "docgen_activation_action": 1,
      "action": 980
    }
  },
  {
    "model": "core.docgenactivationactionaction",
    "pk": 6,
    "fields": {
      "docgen_activation_action": 1,
      "action": 1238
    }
  },
  {
    "model": "core.docgenactivationactionaction",
    "pk": 7,
    "fields": {
      "docgen_activation_action": 1,
      "action": 1288
    }
  },
  {
    "model": "core.docgenactivationactionaction",
    "pk": 8,
    "fields": {
      "docgen_activation_action": 1,
      "action": 1214
    }
  },
  {
    "model": "core.docgenactivationactionaction",
    "pk": 9,
    "fields": {
      "docgen_activation_action": 1,
      "action": 1182
    }
  },
  {
    "model": "core.docgendocxaction",
    "pk": 1293,
    "fields": {
      "docgen_template": 121,
      "docgen_template_class": 208,
      "action": 438
    }
  },
  {
    "model": "core.docgendocxaction",
    "pk": 1294,
    "fields": {
      "docgen_template": 61,
      "docgen_template_class": 62,
      "action": 473
    }
  },
  {
    "model": "core.docgendocxaction",
    "pk": 1296,
    "fields": {
      "docgen_template": 204,
      "docgen_template_class": 208,
      "action": 998
    }
  },
  {
    "model": "core.docgendocxaction",
    "pk": 1297,
    "fields": {
      "docgen_template": 202,
      "docgen_template_class": 208,
      "action": 790
    }
  },
  {
    "model": "core.docgendocxaction",
    "pk": 1298,
    "fields": {
      "docgen_template": 206,
      "docgen_template_class": 225,
      "action": 1011
    }
  },
  {
    "model": "core.docgendocxaction",
    "pk": 1299,
    "fields": {
      "docgen_template": 207,
      "docgen_template_class": 225,
      "action": 1009
    }
  },
  {
    "model": "core.docgendocxaction",
    "pk": 1300,
    "fields": {
      "docgen_template": 205,
      "docgen_template_class": 225,
      "action": 1010
    }
  },
  {
    "model": "core.docgendocxaction",
    "pk": 1301,
    "fields": {
      "docgen_template": 212,
      "docgen_template_class": 208,
      "action": 1217
    }
  },
  {
    "model": "core.docgendocxaction",
    "pk": 1302,
    "fields": {
      "docgen_template": 214,
      "docgen_template_class": 225,
      "action": 1292
    }
  },
  {
    "model": "core.docgendocxaction",
    "pk": 1303,
    "fields": {
      "docgen_template": 212,
      "docgen_template_class": 225,
      "action": 1218
    }
  },
  {
    "model": "core.docgendocxaction",
    "pk": 1304,
    "fields": {
      "docgen_template": 211,
      "docgen_template_class": 208,
      "action": 1291
    }
  },
  {
    "model": "core.docgendocxaction",
    "pk": 1305,
    "fields": {
      "docgen_template": 214,
      "docgen_template_class": 225,
      "action": 1156
    }
  },
  {
    "model": "core.docgendocxaction",
    "pk": 1306,
    "fields": {
      "docgen_template": 213,
      "docgen_template_class": 225,
      "action": 1242
    }
  },
  {
    "model": "core.docgendocxaction",
    "pk": 1307,
    "fields": {
      "docgen_template": 214,
      "docgen_template_class": 208,
      "action": 1155
    }
  },
  {
    "model": "core.docgendocxaction",
    "pk": 1308,
    "fields": {
      "docgen_template": 213,
      "docgen_template_class": 208,
      "action": 1241
    }
  },
  {
    "model": "core.docgendocxaction",
    "pk": 1309,
    "fields": {
      "docgen_template": 219,
      "docgen_template_class": 208,
      "action": 1372
    }
  },
  {
    "model": "core.docgendocxaction",
    "pk": 1310,
    "fields": {
      "docgen_template": 214,
      "docgen_template_class": 225,
      "action": 1373
    }
  },
  {
    "model": "core.docgenpdfaction",
    "pk": 1,
    "fields": {
      "docgen_template": 181,
      "docgen_template_class": 84,
      "action": 810
    }
  },
  {
    "model": "core.docgenpdfaction",
    "pk": 2,
    "fields": {
      "docgen_template": 83,
      "docgen_template_class": 84,
      "action": 374
    }
  },
  {
    "model": "core.docgenpdfaction",
    "pk": 3,
    "fields": {
      "docgen_template": 81,
      "docgen_template_class": 82,
      "action": 453
    }
  },
  {
    "model": "core.docgenpdfaction",
    "pk": 4,
    "fields": {
      "docgen_template": 81,
      "docgen_template_class": 82,
      "action": 661
    }
  },
  {
    "model": "core.docgenpdfaction",
    "pk": 5,
    "fields": {
      "docgen_template": 81,
      "docgen_template_class": 82,
      "action": 981
    }
  },
  {
    "model": "core.docgenpdfaction",
    "pk": 6,
    "fields": {
      "docgen_template": 81,
      "docgen_template_class": 82,
      "action": 1183
    }
  },
  {
    "model": "core.docgenpdfaction",
    "pk": 7,
    "fields": {
      "docgen_template": 81,
      "docgen_template_class": 82,
      "action": 1215
    }
  },
  {
    "model": "core.docgenpdfaction",
    "pk": 8,
    "fields": {
      "docgen_template": 81,
      "docgen_template_class": 82,
      "action": 1239
    }
  },
  {
    "model": "core.docgenpdfaction",
    "pk": 9,
    "fields": {
      "docgen_template": 81,
      "docgen_template_class": 82,
      "action": 1289
    }
  },
  {
    "model": "core.docgentemplate",
    "pk": 61,
    "fields": {
      "name": "Brief an Gesuchsteller",
      "path": "letterKOORBG_ps.docx",
      "type": 1.0
    }
  },
  {
    "model": "core.docgentemplate",
    "pk": 63,
    "fields": {
      "name": "Test File",
      "path": "test.zip",
      "type": 2.0
    }
  },
  {
    "model": "core.docgentemplate",
    "pk": 81,
    "fields": {
      "name": "Laufzettel",
      "path": "laufzettel.zip",
      "type": 2.0
    }
  },
  {
    "model": "core.docgentemplate",
    "pk": 83,
    "fields": {
      "name": "Rückmeldung",
      "path": "rueckmeldung.zip",
      "type": 2.0
    }
  },
  {
    "model": "core.docgentemplate",
    "pk": 101,
    "fields": {
      "name": "Baubewilligung",
      "path": "building_permit.docx",
      "type": 1.0
    }
  },
  {
    "model": "core.docgentemplate",
    "pk": 121,
    "fields": {
      "name": "Rechnung",
      "path": "billKOORBG_ps.docx",
      "type": 1.0
    }
  },
  {
    "model": "core.docgentemplate",
    "pk": 141,
    "fields": {
      "name": "Publikation BG",
      "path": "publish_print_bg.docx",
      "type": 1.0
    }
  },
  {
    "model": "core.docgentemplate",
    "pk": 161,
    "fields": {
      "name": "Laufzettel Nutzungsplanung",
      "path": "laufzettelnp.zip",
      "type": 2.0
    }
  },
  {
    "model": "core.docgentemplate",
    "pk": 181,
    "fields": {
      "name": "Rückmeldung Nutzungsplanung",
      "path": "rueckmeldungNP.zip",
      "type": 2.0
    }
  },
  {
    "model": "core.docgentemplate",
    "pk": 202,
    "fields": {
      "name": "Rechnung NP",
      "path": "billKOORNP_ps.docx",
      "type": 1.0
    }
  },
  {
    "model": "core.docgentemplate",
    "pk": 203,
    "fields": {
      "name": "Laufzettel Baudirektion",
      "path": "laufzettelBD.zip",
      "type": 2.0
    }
  },
  {
    "model": "core.docgentemplate",
    "pk": 204,
    "fields": {
      "name": "Rechnung BD",
      "path": "bill2KOORBD_ps.docx",
      "type": 1.0
    }
  },
  {
    "model": "core.docgentemplate",
    "pk": 205,
    "fields": {
      "name": "Rechnung NP BGL",
      "path": "billKOORNP_BGL.docx",
      "type": 1.0
    }
  },
  {
    "model": "core.docgentemplate",
    "pk": 206,
    "fields": {
      "name": "Rechnung BD BGL",
      "path": "billKOORBD_BGL.docx",
      "type": 1.0
    }
  },
  {
    "model": "core.docgentemplate",
    "pk": 207,
    "fields": {
      "name": "Rechnung BG BGL",
      "path": "billKOORBG_BGL.docx",
      "type": 1.0
    }
  },
  {
    "model": "core.docgentemplate",
    "pk": 208,
    "fields": {
      "name": "Brief Gemeindebaubehörde an Diverse",
      "path": "letterGemeindebaubehoerdeDiverse.docx",
      "type": 1.0
    }
  },
  {
    "model": "core.docgentemplate",
    "pk": 209,
    "fields": {
      "name": "Brief Gemeindebaubehörde an Gesuchsteller",
      "path": "letterGemeindebaubehoerdeGesuchsteller.docx",
      "type": 1.0
    }
  },
  {
    "model": "core.docgentemplate",
    "pk": 210,
    "fields": {
      "name": "Grundbuchanmeldung Bauverwalter",
      "path": "grundbuchanmeldungBauverwalter.docx",
      "type": 1.0
    }
  },
  {
    "model": "core.docgentemplate",
    "pk": 211,
    "fields": {
      "name": "Rechnung AFJ",
      "path": "billKOORAFJ.docx",
      "type": 1.0
    }
  },
  {
    "model": "core.docgentemplate",
    "pk": 212,
    "fields": {
      "name": "Rechnung ALA",
      "path": "billKOORALA.docx",
      "type": 1.0
    }
  },
  {
    "model": "core.docgentemplate",
    "pk": 213,
    "fields": {
      "name": "Rechnung AfE",
      "path": "billKOORAfE.docx",
      "type": 1.0
    }
  },
  {
    "model": "core.docgentemplate",
    "pk": 214,
    "fields": {
      "name": "Rechnung AfU",
      "path": "billKOORAfU.docx",
      "type": 1.0
    }
  },
  {
    "model": "core.docgentemplate",
    "pk": 215,
    "fields": {
      "name": "Rechnung AFJ BGL",
      "path": "Rechnung AFJ BGL.docx",
      "type": 1.0
    }
  },
  {
    "model": "core.docgentemplate",
    "pk": 216,
    "fields": {
      "name": "Rechnung ALA BGL",
      "path": "Rechnung ALA BGL.docx",
      "type": 1.0
    }
  },
  {
    "model": "core.docgentemplate",
    "pk": 217,
    "fields": {
      "name": "Rechnung AfE BGL",
      "path": "Rechnung AfE BGL.docx",
      "type": 1.0
    }
  },
  {
    "model": "core.docgentemplate",
    "pk": 218,
    "fields": {
      "name": "Rechnung AfU BGL",
      "path": "Rechnung AfU BGL.docx",
      "type": 1.0
    }
  },
  {
    "model": "core.docgentemplate",
    "pk": 219,
    "fields": {
      "name": "Rechnung SD",
      "path": "Rechnung SD.docx",
      "type": 1.0
    }
  },
  {
    "model": "core.docgentemplate",
    "pk": 220,
    "fields": {
      "name": "Rechnung SD BGL",
      "path": "Rechnung SD BGL.docx",
      "type": 1.0
    }
  },
  {
    "model": "core.docgentemplate",
    "pk": 221,
    "fields": {
      "name": "Publikation NP",
      "path": "publish_print_np.docx",
      "type": 1.0
    }
  },
  {
    "model": "core.docgentemplate",
    "pk": 222,
    "fields": {
      "name": "Publikation SNP",
      "path": "publish_print_snp.docx",
      "type": 1.0
    }
  },
  {
    "model": "core.docgentemplateclass",
    "pk": 42,
    "fields": {
      "name": "TestDocxClass",
      "path": "TestDocxClass.php",
      "type": 1.0
    }
  },
  {
    "model": "core.docgentemplateclass",
    "pk": 62,
    "fields": {
      "name": "Brief an Gesuchsteller",
      "path": "letterClass.php",
      "type": 1.0
    }
  },
  {
    "model": "core.docgentemplateclass",
    "pk": 64,
    "fields": {
      "name": "Test PDF Class",
      "path": "testPdfClass.php",
      "type": 2.0
    }
  },
  {
    "model": "core.docgentemplateclass",
    "pk": 82,
    "fields": {
      "name": "Laufzettel",
      "path": "Laufzettel.php",
      "type": 2.0
    }
  },
  {
    "model": "core.docgentemplateclass",
    "pk": 84,
    "fields": {
      "name": "Rückmeldung",
      "path": "Rueckmeldung.php",
      "type": 2.0
    }
  },
  {
    "model": "core.docgentemplateclass",
    "pk": 102,
    "fields": {
      "name": "Baubewilligung",
      "path": "buildingPermitClass.php",
      "type": 1.0
    }
  },
  {
    "model": "core.docgentemplateclass",
    "pk": 122,
    "fields": {
      "name": "Rechnung",
      "path": "Rechnung.php",
      "type": 1.0
    }
  },
  {
    "model": "core.docgentemplateclass",
    "pk": 142,
    "fields": {
      "name": "Publikation",
      "path": "Publikation.php",
      "type": 1.0
    }
  },
  {
    "model": "core.docgentemplateclass",
    "pk": 208,
    "fields": {
      "name": "Rechnung Baubewilligung",
      "path": "RechnungBew.php",
      "type": 1.0
    }
  },
  {
    "model": "core.docgentemplateclass",
    "pk": 225,
    "fields": {
      "name": "Rechnung Baubegleitung",
      "path": "RechnungBgl.php",
      "type": 1.0
    }
  },
  {
    "model": "core.formgroup",
    "pk": 30,
    "fields": {
      "name": "Alle Dossiers Baukoordination",
      "description": ""
    }
  },
  {
    "model": "core.formgroup",
    "pk": 31,
    "fields": {
      "name": "Alle Dossiers von der Gemeinde mit Kantonaler Beteiligung für BG",
      "description": ""
    }
  },
  {
    "model": "core.formgroup",
    "pk": 32,
    "fields": {
      "name": "Alle Dossiers von der Koordinationsstelle BG",
      "description": ""
    }
  },
  {
    "model": "core.formgroup",
    "pk": 61,
    "fields": {
      "name": "Alle Dossiers von der Gemeinde ohne Kantonale Beteiligung",
      "description": ""
    }
  },
  {
    "model": "core.formgroup",
    "pk": 81,
    "fields": {
      "name": "Alle Dossiers von der Gemeinde BG",
      "description": "Alle Dossiers, die von der Gemeinde erstellt werden"
    }
  },
  {
    "model": "core.formgroup",
    "pk": 141,
    "fields": {
      "name": "Alle Dossiers Nutzungsplanung",
      "description": ""
    }
  },
  {
    "model": "core.formgroup",
    "pk": 161,
    "fields": {
      "name": "Alle Dossiers",
      "description": ""
    }
  },
  {
    "model": "core.formgroup",
    "pk": 181,
    "fields": {
      "name": "Alle Dossiers von der Gemeinde mit Kantonaler Beteiligung (BG und NP)",
      "description": ""
    }
  },
  {
    "model": "core.formgroup",
    "pk": 182,
    "fields": {
      "name": "Baubewilligungen",
      "description": "Beide Baubewilligungen. Nötig für die Publikation"
    }
  },
  {
    "model": "core.formgroup",
    "pk": 221,
    "fields": {
      "name": "Alle Dossiers von der Gemeinde umwandelbar",
      "description": "Betrifft z.B. Reklame-Gesuche und Meldungen Solaranlagen"
    }
  },
  {
    "model": "core.formgroup",
    "pk": 241,
    "fields": {
      "name": "Alle Dossiers Koordinationsstelle Baudirektion BD",
      "description": "Alle Dossiers, die bei der Koordinationsstelle Baudirektion BD abgehandelt werden"
    }
  },
  {
    "model": "core.formgroup",
    "pk": 242,
    "fields": {
      "name": "Alle Dossiers Koordinationsstelle Baudirektion BD ohne Bewilligungsverfahren für die Beanspruchung von Kantonsgebiet",
      "description": "Um die \"Bearbeiten\" Seite anzeigen zu können, die bei genanntem Verfahren anders ist"
    }
  },
  {
    "model": "core.formgroup",
    "pk": 243,
    "fields": {
      "name": "Nur Dossier Bewilligungsverfahren für die Beanspruchung von Kantonsgebiet",
      "description": "Weil dieses Dossier eine andere Seite hat"
    }
  },
  {
    "model": "core.formgroup",
    "pk": 244,
    "fields": {
      "name": "Alle Dossiers von der Koordinationsstelle BG und BD",
      "description": "Alle Dossiers von Koor BG und BD erstellt"
    }
  },
  {
    "model": "core.formgroup",
    "pk": 245,
    "fields": {
      "name": "Alle Dossiers von der Koordinationsstelle BG und BD, auch die von der Gemeinde, ohne das Verfahren mit kantonalem Gebiet",
      "description": ""
    }
  },
  {
    "model": "core.formgroup",
    "pk": 246,
    "fields": {
      "name": "Alle Dossiers von der Koordinationsstelle BG und BD egal wer dass erstellt",
      "description": ""
    }
  },
  {
    "model": "core.formgroup",
    "pk": 247,
    "fields": {
      "name": "Alle Dossiers Portal",
      "description": "Alle Dossiers, die von Nutzern des öffentlichen Portals erstellt werden können"
    }
  },
  {
    "model": "core.formgroup",
    "pk": 248,
    "fields": {
      "name": "Alle Dossiers Portal mit Umwandlung",
      "description": "Alle Dossiers vom Portal mit denen, die umgewandelt wurden"
    }
  },
  {
    "model": "core.formgroup",
    "pk": 249,
    "fields": {
      "name": "Alle Dossiers von der Koordinationsstelle Umweltschutz AfU",
      "description": ""
    }
  },
  {
    "model": "core.formgroup",
    "pk": 250,
    "fields": {
      "name": "Alle Dossiers von der Koordinationsstelle Landwirtschaft ALA",
      "description": ""
    }
  },
  {
    "model": "core.formgroup",
    "pk": 251,
    "fields": {
      "name": "Alle Dossiers von der Koordinationsstelle Energie AfE",
      "description": ""
    }
  },
  {
    "model": "core.formgroup",
    "pk": 252,
    "fields": {
      "name": "Alle Dossiers von der Koordinationsstelle Forst und Jagd AFJ",
      "description": ""
    }
  },
  {
    "model": "core.formgroup",
    "pk": 253,
    "fields": {
      "name": "Alle Dossiers von Organisation mit Leserechten",
      "description": ""
    }
  },
  {
    "model": "core.formgroup",
    "pk": 254,
    "fields": {
      "name": "Alle Dossiers von der Koordinationsstelle SD",
      "description": null
    }
  },
  {
    "model": "core.formgroup",
    "pk": 255,
    "fields": {
      "name": "Alle Dossiers KOOR (AFJ SD)",
      "description": null
    }
  },
  {
    "model": "core.formgroup",
    "pk": 256,
    "fields": {
      "name": "Alle Dossiers Bundesstelle",
      "description": null
    }
  },
  {
    "model": "core.formgroup",
    "pk": 257,
    "fields": {
      "name": "Alle Dossiers mit Publikation",
      "description": "Alle Dossiers bei welchen eine Form von Publikation möglich ist"
    }
  },
  {
    "model": "core.formgroup",
    "pk": 12000000,
    "fields": {
      "name": "Solargesuche, Meldung Vorhaben, Reklamegesuche und Meldung Gebäudetechnik von der Gemeinde",
      "description": "Wird für die Anzeige des Buttons \"Freigabe an Gemeindebaubehörde\" benutzt"
    }
  },
  {
    "model": "core.formgroup",
    "pk": 12000001,
    "fields": {
      "name": "Dossier kopieren",
      "description": "Forms die kopiert werden können"
    }
  },
  {
    "model": "core.formgroupform",
    "pk": 1,
    "fields": {
      "form_group": 244,
      "form": 41
    }
  },
  {
    "model": "core.formgroupform",
    "pk": 2,
    "fields": {
      "form_group": 246,
      "form": 141
    }
  },
  {
    "model": "core.formgroupform",
    "pk": 3,
    "fields": {
      "form_group": 242,
      "form": 221
    }
  },
  {
    "model": "core.formgroupform",
    "pk": 4,
    "fields": {
      "form_group": 242,
      "form": 248
    }
  },
  {
    "model": "core.formgroupform",
    "pk": 5,
    "fields": {
      "form_group": 241,
      "form": 221
    }
  },
  {
    "model": "core.formgroupform",
    "pk": 6,
    "fields": {
      "form_group": 246,
      "form": 244
    }
  },
  {
    "model": "core.formgroupform",
    "pk": 7,
    "fields": {
      "form_group": 161,
      "form": 222
    }
  },
  {
    "model": "core.formgroupform",
    "pk": 8,
    "fields": {
      "form_group": 245,
      "form": 41
    }
  },
  {
    "model": "core.formgroupform",
    "pk": 11,
    "fields": {
      "form_group": 30,
      "form": 41
    }
  },
  {
    "model": "core.formgroupform",
    "pk": 12,
    "fields": {
      "form_group": 30,
      "form": 42
    }
  },
  {
    "model": "core.formgroupform",
    "pk": 13,
    "fields": {
      "form_group": 30,
      "form": 43
    }
  },
  {
    "model": "core.formgroupform",
    "pk": 15,
    "fields": {
      "form_group": 30,
      "form": 45
    }
  },
  {
    "model": "core.formgroupform",
    "pk": 16,
    "fields": {
      "form_group": 30,
      "form": 46
    }
  },
  {
    "model": "core.formgroupform",
    "pk": 19,
    "fields": {
      "form_group": 30,
      "form": 121
    }
  },
  {
    "model": "core.formgroupform",
    "pk": 20,
    "fields": {
      "form_group": 30,
      "form": 141
    }
  },
  {
    "model": "core.formgroupform",
    "pk": 23,
    "fields": {
      "form_group": 31,
      "form": 121
    }
  },
  {
    "model": "core.formgroupform",
    "pk": 24,
    "fields": {
      "form_group": 31,
      "form": 141
    }
  },
  {
    "model": "core.formgroupform",
    "pk": 25,
    "fields": {
      "form_group": 32,
      "form": 41
    }
  },
  {
    "model": "core.formgroupform",
    "pk": 26,
    "fields": {
      "form_group": 32,
      "form": 42
    }
  },
  {
    "model": "core.formgroupform",
    "pk": 27,
    "fields": {
      "form_group": 32,
      "form": 43
    }
  },
  {
    "model": "core.formgroupform",
    "pk": 28,
    "fields": {
      "form_group": 32,
      "form": 45
    }
  },
  {
    "model": "core.formgroupform",
    "pk": 29,
    "fields": {
      "form_group": 32,
      "form": 46
    }
  },
  {
    "model": "core.formgroupform",
    "pk": 36,
    "fields": {
      "form_group": 81,
      "form": 121
    }
  },
  {
    "model": "core.formgroupform",
    "pk": 37,
    "fields": {
      "form_group": 81,
      "form": 141
    }
  },
  {
    "model": "core.formgroupform",
    "pk": 46,
    "fields": {
      "form_group": 141,
      "form": 161
    }
  },
  {
    "model": "core.formgroupform",
    "pk": 48,
    "fields": {
      "form_group": 161,
      "form": 41
    }
  },
  {
    "model": "core.formgroupform",
    "pk": 49,
    "fields": {
      "form_group": 161,
      "form": 42
    }
  },
  {
    "model": "core.formgroupform",
    "pk": 50,
    "fields": {
      "form_group": 161,
      "form": 43
    }
  },
  {
    "model": "core.formgroupform",
    "pk": 52,
    "fields": {
      "form_group": 161,
      "form": 45
    }
  },
  {
    "model": "core.formgroupform",
    "pk": 53,
    "fields": {
      "form_group": 161,
      "form": 46
    }
  },
  {
    "model": "core.formgroupform",
    "pk": 64,
    "fields": {
      "form_group": 161,
      "form": 121
    }
  },
  {
    "model": "core.formgroupform",
    "pk": 65,
    "fields": {
      "form_group": 161,
      "form": 141
    }
  },
  {
    "model": "core.formgroupform",
    "pk": 66,
    "fields": {
      "form_group": 161,
      "form": 161
    }
  },
  {
    "model": "core.formgroupform",
    "pk": 77,
    "fields": {
      "form_group": 181,
      "form": 121
    }
  },
  {
    "model": "core.formgroupform",
    "pk": 78,
    "fields": {
      "form_group": 181,
      "form": 141
    }
  },
  {
    "model": "core.formgroupform",
    "pk": 79,
    "fields": {
      "form_group": 181,
      "form": 161
    }
  },
  {
    "model": "core.formgroupform",
    "pk": 82,
    "fields": {
      "form_group": 161,
      "form": 221
    }
  },
  {
    "model": "core.formgroupform",
    "pk": 83,
    "fields": {
      "form_group": 245,
      "form": 245
    }
  },
  {
    "model": "core.formgroupform",
    "pk": 84,
    "fields": {
      "form_group": 246,
      "form": 201
    }
  },
  {
    "model": "core.formgroupform",
    "pk": 85,
    "fields": {
      "form_group": 245,
      "form": 221
    }
  },
  {
    "model": "core.formgroupform",
    "pk": 86,
    "fields": {
      "form_group": 246,
      "form": 43
    }
  },
  {
    "model": "core.formgroupform",
    "pk": 88,
    "fields": {
      "form_group": 244,
      "form": 242
    }
  },
  {
    "model": "core.formgroupform",
    "pk": 89,
    "fields": {
      "form_group": 242,
      "form": 201
    }
  },
  {
    "model": "core.formgroupform",
    "pk": 90,
    "fields": {
      "form_group": 245,
      "form": 249
    }
  },
  {
    "model": "core.formgroupform",
    "pk": 91,
    "fields": {
      "form_group": 244,
      "form": 223
    }
  },
  {
    "model": "core.formgroupform",
    "pk": 92,
    "fields": {
      "form_group": 244,
      "form": 243
    }
  },
  {
    "model": "core.formgroupform",
    "pk": 95,
    "fields": {
      "form_group": 244,
      "form": 241
    }
  },
  {
    "model": "core.formgroupform",
    "pk": 101,
    "fields": {
      "form_group": 245,
      "form": 225
    }
  },
  {
    "model": "core.formgroupform",
    "pk": 102,
    "fields": {
      "form_group": 244,
      "form": 247
    }
  },
  {
    "model": "core.formgroupform",
    "pk": 103,
    "fields": {
      "form_group": 245,
      "form": 201
    }
  },
  {
    "model": "core.formgroupform",
    "pk": 104,
    "fields": {
      "form_group": 246,
      "form": 42
    }
  },
  {
    "model": "core.formgroupform",
    "pk": 105,
    "fields": {
      "form_group": 246,
      "form": 247
    }
  },
  {
    "model": "core.formgroupform",
    "pk": 106,
    "fields": {
      "form_group": 161,
      "form": 225
    }
  },
  {
    "model": "core.formgroupform",
    "pk": 107,
    "fields": {
      "form_group": 245,
      "form": 42
    }
  },
  {
    "model": "core.formgroupform",
    "pk": 108,
    "fields": {
      "form_group": 241,
      "form": 224
    }
  },
  {
    "model": "core.formgroupform",
    "pk": 109,
    "fields": {
      "form_group": 242,
      "form": 243
    }
  },
  {
    "model": "core.formgroupform",
    "pk": 110,
    "fields": {
      "form_group": 241,
      "form": 225
    }
  },
  {
    "model": "core.formgroupform",
    "pk": 111,
    "fields": {
      "form_group": 245,
      "form": 43
    }
  },
  {
    "model": "core.formgroupform",
    "pk": 112,
    "fields": {
      "form_group": 246,
      "form": 224
    }
  },
  {
    "model": "core.formgroupform",
    "pk": 113,
    "fields": {
      "form_group": 244,
      "form": 224
    }
  },
  {
    "model": "core.formgroupform",
    "pk": 114,
    "fields": {
      "form_group": 244,
      "form": 225
    }
  },
  {
    "model": "core.formgroupform",
    "pk": 115,
    "fields": {
      "form_group": 245,
      "form": 45
    }
  },
  {
    "model": "core.formgroupform",
    "pk": 116,
    "fields": {
      "form_group": 246,
      "form": 181
    }
  },
  {
    "model": "core.formgroupform",
    "pk": 117,
    "fields": {
      "form_group": 246,
      "form": 241
    }
  },
  {
    "model": "core.formgroupform",
    "pk": 118,
    "fields": {
      "form_group": 161,
      "form": 242
    }
  },
  {
    "model": "core.formgroupform",
    "pk": 119,
    "fields": {
      "form_group": 246,
      "form": 246
    }
  },
  {
    "model": "core.formgroupform",
    "pk": 120,
    "fields": {
      "form_group": 245,
      "form": 46
    }
  },
  {
    "model": "core.formgroupform",
    "pk": 121,
    "fields": {
      "form_group": 161,
      "form": 241
    }
  },
  {
    "model": "core.formgroupform",
    "pk": 122,
    "fields": {
      "form_group": 241,
      "form": 247
    }
  },
  {
    "model": "core.formgroupform",
    "pk": 123,
    "fields": {
      "form_group": 245,
      "form": 242
    }
  },
  {
    "model": "core.formgroupform",
    "pk": 124,
    "fields": {
      "form_group": 241,
      "form": 241
    }
  },
  {
    "model": "core.formgroupform",
    "pk": 125,
    "fields": {
      "form_group": 241,
      "form": 249
    }
  },
  {
    "model": "core.formgroupform",
    "pk": 126,
    "fields": {
      "form_group": 244,
      "form": 221
    }
  },
  {
    "model": "core.formgroupform",
    "pk": 129,
    "fields": {
      "form_group": 241,
      "form": 246
    }
  },
  {
    "model": "core.formgroupform",
    "pk": 130,
    "fields": {
      "form_group": 244,
      "form": 222
    }
  },
  {
    "model": "core.formgroupform",
    "pk": 131,
    "fields": {
      "form_group": 161,
      "form": 248
    }
  },
  {
    "model": "core.formgroupform",
    "pk": 132,
    "fields": {
      "form_group": 246,
      "form": 248
    }
  },
  {
    "model": "core.formgroupform",
    "pk": 133,
    "fields": {
      "form_group": 241,
      "form": 245
    }
  },
  {
    "model": "core.formgroupform",
    "pk": 134,
    "fields": {
      "form_group": 242,
      "form": 246
    }
  },
  {
    "model": "core.formgroupform",
    "pk": 135,
    "fields": {
      "form_group": 242,
      "form": 241
    }
  },
  {
    "model": "core.formgroupform",
    "pk": 136,
    "fields": {
      "form_group": 246,
      "form": 223
    }
  },
  {
    "model": "core.formgroupform",
    "pk": 137,
    "fields": {
      "form_group": 242,
      "form": 222
    }
  },
  {
    "model": "core.formgroupform",
    "pk": 138,
    "fields": {
      "form_group": 246,
      "form": 41
    }
  },
  {
    "model": "core.formgroupform",
    "pk": 139,
    "fields": {
      "form_group": 161,
      "form": 201
    }
  },
  {
    "model": "core.formgroupform",
    "pk": 140,
    "fields": {
      "form_group": 245,
      "form": 224
    }
  },
  {
    "model": "core.formgroupform",
    "pk": 141,
    "fields": {
      "form_group": 245,
      "form": 248
    }
  },
  {
    "model": "core.formgroupform",
    "pk": 142,
    "fields": {
      "form_group": 246,
      "form": 222
    }
  },
  {
    "model": "core.formgroupform",
    "pk": 143,
    "fields": {
      "form_group": 161,
      "form": 224
    }
  },
  {
    "model": "core.formgroupform",
    "pk": 145,
    "fields": {
      "form_group": 161,
      "form": 243
    }
  },
  {
    "model": "core.formgroupform",
    "pk": 146,
    "fields": {
      "form_group": 241,
      "form": 242
    }
  },
  {
    "model": "core.formgroupform",
    "pk": 147,
    "fields": {
      "form_group": 242,
      "form": 223
    }
  },
  {
    "model": "core.formgroupform",
    "pk": 148,
    "fields": {
      "form_group": 242,
      "form": 224
    }
  },
  {
    "model": "core.formgroupform",
    "pk": 149,
    "fields": {
      "form_group": 161,
      "form": 249
    }
  },
  {
    "model": "core.formgroupform",
    "pk": 150,
    "fields": {
      "form_group": 245,
      "form": 243
    }
  },
  {
    "model": "core.formgroupform",
    "pk": 151,
    "fields": {
      "form_group": 242,
      "form": 181
    }
  },
  {
    "model": "core.formgroupform",
    "pk": 152,
    "fields": {
      "form_group": 245,
      "form": 222
    }
  },
  {
    "model": "core.formgroupform",
    "pk": 153,
    "fields": {
      "form_group": 245,
      "form": 141
    }
  },
  {
    "model": "core.formgroupform",
    "pk": 154,
    "fields": {
      "form_group": 161,
      "form": 246
    }
  },
  {
    "model": "core.formgroupform",
    "pk": 155,
    "fields": {
      "form_group": 161,
      "form": 223
    }
  },
  {
    "model": "core.formgroupform",
    "pk": 156,
    "fields": {
      "form_group": 246,
      "form": 221
    }
  },
  {
    "model": "core.formgroupform",
    "pk": 157,
    "fields": {
      "form_group": 161,
      "form": 245
    }
  },
  {
    "model": "core.formgroupform",
    "pk": 158,
    "fields": {
      "form_group": 245,
      "form": 223
    }
  },
  {
    "model": "core.formgroupform",
    "pk": 159,
    "fields": {
      "form_group": 246,
      "form": 45
    }
  },
  {
    "model": "core.formgroupform",
    "pk": 160,
    "fields": {
      "form_group": 241,
      "form": 223
    }
  },
  {
    "model": "core.formgroupform",
    "pk": 161,
    "fields": {
      "form_group": 244,
      "form": 45
    }
  },
  {
    "model": "core.formgroupform",
    "pk": 162,
    "fields": {
      "form_group": 244,
      "form": 46
    }
  },
  {
    "model": "core.formgroupform",
    "pk": 163,
    "fields": {
      "form_group": 245,
      "form": 181
    }
  },
  {
    "model": "core.formgroupform",
    "pk": 164,
    "fields": {
      "form_group": 246,
      "form": 121
    }
  },
  {
    "model": "core.formgroupform",
    "pk": 165,
    "fields": {
      "form_group": 244,
      "form": 42
    }
  },
  {
    "model": "core.formgroupform",
    "pk": 166,
    "fields": {
      "form_group": 244,
      "form": 43
    }
  },
  {
    "model": "core.formgroupform",
    "pk": 167,
    "fields": {
      "form_group": 241,
      "form": 222
    }
  },
  {
    "model": "core.formgroupform",
    "pk": 168,
    "fields": {
      "form_group": 241,
      "form": 243
    }
  },
  {
    "model": "core.formgroupform",
    "pk": 169,
    "fields": {
      "form_group": 246,
      "form": 245
    }
  },
  {
    "model": "core.formgroupform",
    "pk": 170,
    "fields": {
      "form_group": 161,
      "form": 181
    }
  },
  {
    "model": "core.formgroupform",
    "pk": 171,
    "fields": {
      "form_group": 246,
      "form": 242
    }
  },
  {
    "model": "core.formgroupform",
    "pk": 172,
    "fields": {
      "form_group": 245,
      "form": 246
    }
  },
  {
    "model": "core.formgroupform",
    "pk": 173,
    "fields": {
      "form_group": 246,
      "form": 46
    }
  },
  {
    "model": "core.formgroupform",
    "pk": 174,
    "fields": {
      "form_group": 244,
      "form": 181
    }
  },
  {
    "model": "core.formgroupform",
    "pk": 175,
    "fields": {
      "form_group": 242,
      "form": 245
    }
  },
  {
    "model": "core.formgroupform",
    "pk": 176,
    "fields": {
      "form_group": 244,
      "form": 201
    }
  },
  {
    "model": "core.formgroupform",
    "pk": 177,
    "fields": {
      "form_group": 241,
      "form": 181
    }
  },
  {
    "model": "core.formgroupform",
    "pk": 178,
    "fields": {
      "form_group": 245,
      "form": 241
    }
  },
  {
    "model": "core.formgroupform",
    "pk": 179,
    "fields": {
      "form_group": 245,
      "form": 244
    }
  },
  {
    "model": "core.formgroupform",
    "pk": 180,
    "fields": {
      "form_group": 161,
      "form": 247
    }
  },
  {
    "model": "core.formgroupform",
    "pk": 181,
    "fields": {
      "form_group": 241,
      "form": 248
    }
  },
  {
    "model": "core.formgroupform",
    "pk": 182,
    "fields": {
      "form_group": 242,
      "form": 249
    }
  },
  {
    "model": "core.formgroupform",
    "pk": 183,
    "fields": {
      "form_group": 242,
      "form": 242
    }
  },
  {
    "model": "core.formgroupform",
    "pk": 184,
    "fields": {
      "form_group": 246,
      "form": 225
    }
  },
  {
    "model": "core.formgroupform",
    "pk": 185,
    "fields": {
      "form_group": 244,
      "form": 248
    }
  },
  {
    "model": "core.formgroupform",
    "pk": 186,
    "fields": {
      "form_group": 244,
      "form": 249
    }
  },
  {
    "model": "core.formgroupform",
    "pk": 187,
    "fields": {
      "form_group": 241,
      "form": 201
    }
  },
  {
    "model": "core.formgroupform",
    "pk": 188,
    "fields": {
      "form_group": 161,
      "form": 244
    }
  },
  {
    "model": "core.formgroupform",
    "pk": 189,
    "fields": {
      "form_group": 244,
      "form": 244
    }
  },
  {
    "model": "core.formgroupform",
    "pk": 190,
    "fields": {
      "form_group": 246,
      "form": 249
    }
  },
  {
    "model": "core.formgroupform",
    "pk": 191,
    "fields": {
      "form_group": 245,
      "form": 121
    }
  },
  {
    "model": "core.formgroupform",
    "pk": 192,
    "fields": {
      "form_group": 246,
      "form": 243
    }
  },
  {
    "model": "core.formgroupform",
    "pk": 193,
    "fields": {
      "form_group": 244,
      "form": 245
    }
  },
  {
    "model": "core.formgroupform",
    "pk": 194,
    "fields": {
      "form_group": 242,
      "form": 244
    }
  },
  {
    "model": "core.formgroupform",
    "pk": 195,
    "fields": {
      "form_group": 241,
      "form": 244
    }
  },
  {
    "model": "core.formgroupform",
    "pk": 196,
    "fields": {
      "form_group": 244,
      "form": 246
    }
  },
  {
    "model": "core.formgroupform",
    "pk": 197,
    "fields": {
      "form_group": 242,
      "form": 225
    }
  },
  {
    "model": "core.formgroupform",
    "pk": 198,
    "fields": {
      "form_group": 243,
      "form": 247
    }
  },
  {
    "model": "core.formgroupform",
    "pk": 200,
    "fields": {
      "form_group": 247,
      "form": 121
    }
  },
  {
    "model": "core.formgroupform",
    "pk": 206,
    "fields": {
      "form_group": 248,
      "form": 121
    }
  },
  {
    "model": "core.formgroupform",
    "pk": 207,
    "fields": {
      "form_group": 247,
      "form": 141
    }
  },
  {
    "model": "core.formgroupform",
    "pk": 208,
    "fields": {
      "form_group": 248,
      "form": 141
    }
  },
  {
    "model": "core.formgroupform",
    "pk": 209,
    "fields": {
      "form_group": 249,
      "form": 253
    }
  },
  {
    "model": "core.formgroupform",
    "pk": 210,
    "fields": {
      "form_group": 161,
      "form": 250
    }
  },
  {
    "model": "core.formgroupform",
    "pk": 213,
    "fields": {
      "form_group": 251,
      "form": 259
    }
  },
  {
    "model": "core.formgroupform",
    "pk": 216,
    "fields": {
      "form_group": 161,
      "form": 252
    }
  },
  {
    "model": "core.formgroupform",
    "pk": 218,
    "fields": {
      "form_group": 251,
      "form": 257
    }
  },
  {
    "model": "core.formgroupform",
    "pk": 219,
    "fields": {
      "form_group": 30,
      "form": 250
    }
  },
  {
    "model": "core.formgroupform",
    "pk": 220,
    "fields": {
      "form_group": 161,
      "form": 256
    }
  },
  {
    "model": "core.formgroupform",
    "pk": 221,
    "fields": {
      "form_group": 249,
      "form": 252
    }
  },
  {
    "model": "core.formgroupform",
    "pk": 222,
    "fields": {
      "form_group": 250,
      "form": 255
    }
  },
  {
    "model": "core.formgroupform",
    "pk": 226,
    "fields": {
      "form_group": 251,
      "form": 256
    }
  },
  {
    "model": "core.formgroupform",
    "pk": 227,
    "fields": {
      "form_group": 161,
      "form": 255
    }
  },
  {
    "model": "core.formgroupform",
    "pk": 229,
    "fields": {
      "form_group": 249,
      "form": 251
    }
  },
  {
    "model": "core.formgroupform",
    "pk": 230,
    "fields": {
      "form_group": 161,
      "form": 253
    }
  },
  {
    "model": "core.formgroupform",
    "pk": 231,
    "fields": {
      "form_group": 141,
      "form": 46
    }
  },
  {
    "model": "core.formgroupform",
    "pk": 232,
    "fields": {
      "form_group": 141,
      "form": 250
    }
  },
  {
    "model": "core.formgroupform",
    "pk": 234,
    "fields": {
      "form_group": 244,
      "form": 250
    }
  },
  {
    "model": "core.formgroupform",
    "pk": 236,
    "fields": {
      "form_group": 141,
      "form": 45
    }
  },
  {
    "model": "core.formgroupform",
    "pk": 238,
    "fields": {
      "form_group": 161,
      "form": 254
    }
  },
  {
    "model": "core.formgroupform",
    "pk": 240,
    "fields": {
      "form_group": 252,
      "form": 260
    }
  },
  {
    "model": "core.formgroupform",
    "pk": 241,
    "fields": {
      "form_group": 251,
      "form": 258
    }
  },
  {
    "model": "core.formgroupform",
    "pk": 242,
    "fields": {
      "form_group": 161,
      "form": 260
    }
  },
  {
    "model": "core.formgroupform",
    "pk": 243,
    "fields": {
      "form_group": 32,
      "form": 250
    }
  },
  {
    "model": "core.formgroupform",
    "pk": 244,
    "fields": {
      "form_group": 250,
      "form": 254
    }
  },
  {
    "model": "core.formgroupform",
    "pk": 247,
    "fields": {
      "form_group": 161,
      "form": 251
    }
  },
  {
    "model": "core.formgroupform",
    "pk": 253,
    "fields": {
      "form_group": 161,
      "form": 259
    }
  },
  {
    "model": "core.formgroupform",
    "pk": 254,
    "fields": {
      "form_group": 161,
      "form": 258
    }
  },
  {
    "model": "core.formgroupform",
    "pk": 255,
    "fields": {
      "form_group": 161,
      "form": 257
    }
  },
  {
    "model": "core.formgroupform",
    "pk": 256,
    "fields": {
      "form_group": 161,
      "form": 286
    }
  },
  {
    "model": "core.formgroupform",
    "pk": 257,
    "fields": {
      "form_group": 241,
      "form": 286
    }
  },
  {
    "model": "core.formgroupform",
    "pk": 258,
    "fields": {
      "form_group": 243,
      "form": 286
    }
  },
  {
    "model": "core.formgroupform",
    "pk": 259,
    "fields": {
      "form_group": 244,
      "form": 286
    }
  },
  {
    "model": "core.formgroupform",
    "pk": 260,
    "fields": {
      "form_group": 246,
      "form": 286
    }
  },
  {
    "model": "core.formgroupform",
    "pk": 262,
    "fields": {
      "form_group": 254,
      "form": 288
    }
  },
  {
    "model": "core.formgroupform",
    "pk": 263,
    "fields": {
      "form_group": 254,
      "form": 287
    }
  },
  {
    "model": "core.formgroupform",
    "pk": 264,
    "fields": {
      "form_group": 255,
      "form": 260
    }
  },
  {
    "model": "core.formgroupform",
    "pk": 267,
    "fields": {
      "form_group": 255,
      "form": 288
    }
  },
  {
    "model": "core.formgroupform",
    "pk": 268,
    "fields": {
      "form_group": 255,
      "form": 287
    }
  },
  {
    "model": "core.formgroupform",
    "pk": 269,
    "fields": {
      "form_group": 161,
      "form": 288
    }
  },
  {
    "model": "core.formgroupform",
    "pk": 270,
    "fields": {
      "form_group": 161,
      "form": 287
    }
  },
  {
    "model": "core.formgroupform",
    "pk": 271,
    "fields": {
      "form_group": 161,
      "form": 289
    }
  },
  {
    "model": "core.formgroupform",
    "pk": 272,
    "fields": {
      "form_group": 251,
      "form": 289
    }
  },
  {
    "model": "core.formgroupform",
    "pk": 276,
    "fields": {
      "form_group": 161,
      "form": 290
    }
  },
  {
    "model": "core.formgroupform",
    "pk": 277,
    "fields": {
      "form_group": 30,
      "form": 290
    }
  },
  {
    "model": "core.formgroupform",
    "pk": 278,
    "fields": {
      "form_group": 31,
      "form": 290
    }
  },
  {
    "model": "core.formgroupform",
    "pk": 279,
    "fields": {
      "form_group": 81,
      "form": 290
    }
  },
  {
    "model": "core.formgroupform",
    "pk": 280,
    "fields": {
      "form_group": 181,
      "form": 290
    }
  },
  {
    "model": "core.formgroupform",
    "pk": 282,
    "fields": {
      "form_group": 245,
      "form": 290
    }
  },
  {
    "model": "core.formgroupform",
    "pk": 283,
    "fields": {
      "form_group": 246,
      "form": 290
    }
  },
  {
    "model": "core.formgroupform",
    "pk": 284,
    "fields": {
      "form_group": 247,
      "form": 290
    }
  },
  {
    "model": "core.formgroupform",
    "pk": 285,
    "fields": {
      "form_group": 248,
      "form": 290
    }
  },
  {
    "model": "core.formgroupform",
    "pk": 286,
    "fields": {
      "form_group": 256,
      "form": 244
    }
  },
  {
    "model": "core.formgroupform",
    "pk": 287,
    "fields": {
      "form_group": 256,
      "form": 250
    }
  },
  {
    "model": "core.formgroupform",
    "pk": 288,
    "fields": {
      "form_group": 256,
      "form": 292
    }
  },
  {
    "model": "core.formgroupform",
    "pk": 289,
    "fields": {
      "form_group": 161,
      "form": 293
    }
  },
  {
    "model": "core.formgroupform",
    "pk": 290,
    "fields": {
      "form_group": 161,
      "form": 292
    }
  },
  {
    "model": "core.formgroupform",
    "pk": 292,
    "fields": {
      "form_group": 32,
      "form": 293
    }
  },
  {
    "model": "core.formgroupform",
    "pk": 301,
    "fields": {
      "form_group": 30,
      "form": 293
    }
  },
  {
    "model": "core.formgroupform",
    "pk": 302,
    "fields": {
      "form_group": 61,
      "form": 293
    }
  },
  {
    "model": "core.formgroupform",
    "pk": 303,
    "fields": {
      "form_group": 241,
      "form": 293
    }
  },
  {
    "model": "core.formgroupform",
    "pk": 304,
    "fields": {
      "form_group": 242,
      "form": 293
    }
  },
  {
    "model": "core.formgroupform",
    "pk": 305,
    "fields": {
      "form_group": 81,
      "form": 293
    }
  },
  {
    "model": "core.formgroupform",
    "pk": 307,
    "fields": {
      "form_group": 30,
      "form": 292
    }
  },
  {
    "model": "core.formgroupform",
    "pk": 308,
    "fields": {
      "form_group": 32,
      "form": 292
    }
  },
  {
    "model": "core.formgroupform",
    "pk": 20000,
    "fields": {
      "form_group": 255,
      "form": 293
    }
  },
  {
    "model": "core.formgroupform",
    "pk": 20001,
    "fields": {
      "form_group": 255,
      "form": 290
    }
  },
  {
    "model": "core.formgroupform",
    "pk": 20004,
    "fields": {
      "form_group": 255,
      "form": 294
    }
  },
  {
    "model": "core.formgroupform",
    "pk": 20005,
    "fields": {
      "form_group": 255,
      "form": 295
    }
  },
  {
    "model": "core.formgroupform",
    "pk": 20006,
    "fields": {
      "form_group": 252,
      "form": 294
    }
  },
  {
    "model": "core.formgroupform",
    "pk": 20007,
    "fields": {
      "form_group": 252,
      "form": 295
    }
  },
  {
    "model": "core.formgroupform",
    "pk": 20008,
    "fields": {
      "form_group": 161,
      "form": 294
    }
  },
  {
    "model": "core.formgroupform",
    "pk": 20009,
    "fields": {
      "form_group": 161,
      "form": 295
    }
  },
  {
    "model": "core.formgroupform",
    "pk": 2000000,
    "fields": {
      "form_group": 250,
      "form": 41
    }
  },
  {
    "model": "core.formgroupform",
    "pk": 12000003,
    "fields": {
      "form_group": 12000000,
      "form": 141
    }
  },
  {
    "model": "core.formgroupform",
    "pk": 12000004,
    "fields": {
      "form_group": 12000000,
      "form": 121
    }
  },
  {
    "model": "core.formgroupform",
    "pk": 12000005,
    "fields": {
      "form_group": 12000000,
      "form": 290
    }
  },
  {
    "model": "core.formgroupform",
    "pk": 12000009,
    "fields": {
      "form_group": 255,
      "form": 247
    }
  },
  {
    "model": "core.formgroupform",
    "pk": 12000010,
    "fields": {
      "form_group": 161,
      "form": 296
    }
  },
  {
    "model": "core.formgroupform",
    "pk": 12000011,
    "fields": {
      "form_group": 141,
      "form": 296
    }
  },
  {
    "model": "core.formgroupform",
    "pk": 12000012,
    "fields": {
      "form_group": 181,
      "form": 296
    }
  },
  {
    "model": "core.formgroupform",
    "pk": 12000013,
    "fields": {
      "form_group": 257,
      "form": 296
    }
  },
  {
    "model": "core.formgroupform",
    "pk": 12000014,
    "fields": {
      "form_group": 12000001,
      "form": 296
    }
  },
  {
    "model": "core.formgroupform",
    "pk": 12000015,
    "fields": {
      "form_group": 161,
      "form": 297
    }
  },
  {
    "model": "core.formgroupform",
    "pk": 12000016,
    "fields": {
      "form_group": 30,
      "form": 298
    }
  },
  {
    "model": "core.formgroupform",
    "pk": 12000017,
    "fields": {
      "form_group": 61,
      "form": 298
    }
  },
  {
    "model": "core.formgroupform",
    "pk": 12000018,
    "fields": {
      "form_group": 81,
      "form": 298
    }
  },
  {
    "model": "core.formgroupform",
    "pk": 12000019,
    "fields": {
      "form_group": 161,
      "form": 298
    }
  },
  {
    "model": "core.formgroupform",
    "pk": 12000020,
    "fields": {
      "form_group": 182,
      "form": 298
    }
  },
  {
    "model": "core.formgroupform",
    "pk": 12000021,
    "fields": {
      "form_group": 245,
      "form": 298
    }
  },
  {
    "model": "core.formgroupform",
    "pk": 12000022,
    "fields": {
      "form_group": 247,
      "form": 298
    }
  },
  {
    "model": "core.formgroupform",
    "pk": 12000023,
    "fields": {
      "form_group": 248,
      "form": 298
    }
  },
  {
    "model": "core.formgroupform",
    "pk": 12000024,
    "fields": {
      "form_group": 253,
      "form": 298
    }
  },
  {
    "model": "core.formgroupform",
    "pk": 12000025,
    "fields": {
      "form_group": 257,
      "form": 298
    }
  },
  {
    "model": "core.formgroupform",
    "pk": 12000026,
    "fields": {
      "form_group": 181,
      "form": 298
    }
  },
  {
    "model": "core.formgroupform",
    "pk": 12000027,
    "fields": {
      "form_group": 31,
      "form": 298
    }
  },
  {
    "model": "core.formgroupform",
    "pk": 12000028,
    "fields": {
      "form_group": 246,
      "form": 298
    }
  },
  {
    "model": "core.formgroupform",
    "pk": 12000029,
    "fields": {
      "form_group": 30,
      "form": 299
    }
  },
  {
    "model": "core.formgroupform",
    "pk": 12000030,
    "fields": {
      "form_group": 61,
      "form": 299
    }
  },
  {
    "model": "core.formgroupform",
    "pk": 12000031,
    "fields": {
      "form_group": 81,
      "form": 299
    }
  },
  {
    "model": "core.formgroupform",
    "pk": 12000032,
    "fields": {
      "form_group": 161,
      "form": 299
    }
  },
  {
    "model": "core.formgroupform",
    "pk": 12000033,
    "fields": {
      "form_group": 221,
      "form": 299
    }
  },
  {
    "model": "core.formgroupform",
    "pk": 12000034,
    "fields": {
      "form_group": 245,
      "form": 299
    }
  },
  {
    "model": "core.formgroupform",
    "pk": 12000035,
    "fields": {
      "form_group": 246,
      "form": 299
    }
  },
  {
    "model": "core.formgroupform",
    "pk": 12000036,
    "fields": {
      "form_group": 247,
      "form": 299
    }
  },
  {
    "model": "core.formgroupform",
    "pk": 12000037,
    "fields": {
      "form_group": 248,
      "form": 299
    }
  },
  {
    "model": "core.formgroupform",
    "pk": 12000038,
    "fields": {
      "form_group": 253,
      "form": 299
    }
  },
  {
    "model": "core.formgroupform",
    "pk": 12000039,
    "fields": {
      "form_group": 31,
      "form": 299
    }
  },
  {
    "model": "core.formgroupform",
    "pk": 12000040,
    "fields": {
      "form_group": 181,
      "form": 299
    }
  },
  {
    "model": "core.formgroupform",
    "pk": 12000041,
    "fields": {
      "form_group": 254,
      "form": 247
    }
  },
  {
    "model": "core.formgroupform",
    "pk": 12000042,
    "fields": {
      "form_group": 12000000,
      "form": 297
    }
  },
  {
    "model": "core.formgroupform",
    "pk": 12000043,
    "fields": {
      "form_group": 31,
      "form": 297
    }
  },
  {
    "model": "core.grouppermission",
    "pk": 130195,
    "fields": {
      "group": 1,
      "permission_id": "menu_account"
    }
  },
  {
    "model": "core.grouppermission",
    "pk": 130196,
    "fields": {
      "group": 1,
      "permission_id": "account_user"
    }
  },
  {
    "model": "core.grouppermission",
    "pk": 130197,
    "fields": {
      "group": 1,
      "permission_id": "account_group"
    }
  },
  {
    "model": "core.grouppermission",
    "pk": 130198,
    "fields": {
      "group": 1,
      "permission_id": "account_role"
    }
  },
  {
    "model": "core.grouppermission",
    "pk": 130199,
    "fields": {
      "group": 1,
      "permission_id": "account_service-group"
    }
  },
  {
    "model": "core.grouppermission",
    "pk": 130200,
    "fields": {
      "group": 1,
      "permission_id": "account_service"
    }
  },
  {
    "model": "core.grouppermission",
    "pk": 130201,
    "fields": {
      "group": 1,
      "permission_id": "menu_form"
    }
  },
  {
    "model": "core.grouppermission",
    "pk": 130202,
    "fields": {
      "group": 1,
      "permission_id": "form_form"
    }
  },
  {
    "model": "core.grouppermission",
    "pk": 130203,
    "fields": {
      "group": 1,
      "permission_id": "form_page"
    }
  },
  {
    "model": "core.grouppermission",
    "pk": 130204,
    "fields": {
      "group": 1,
      "permission_id": "form_chapter"
    }
  },
  {
    "model": "core.grouppermission",
    "pk": 130205,
    "fields": {
      "group": 1,
      "permission_id": "form_question"
    }
  },
  {
    "model": "core.grouppermission",
    "pk": 130206,
    "fields": {
      "group": 1,
      "permission_id": "form_form-group"
    }
  },
  {
    "model": "core.grouppermission",
    "pk": 130207,
    "fields": {
      "group": 1,
      "permission_id": "form_answer-query"
    }
  },
  {
    "model": "core.grouppermission",
    "pk": 130208,
    "fields": {
      "group": 1,
      "permission_id": "form_answer-list"
    }
  },
  {
    "model": "core.grouppermission",
    "pk": 130209,
    "fields": {
      "group": 1,
      "permission_id": "form_service-answer-activation"
    }
  },
  {
    "model": "core.grouppermission",
    "pk": 130210,
    "fields": {
      "group": 1,
      "permission_id": "form_page-answer-activation"
    }
  },
  {
    "model": "core.grouppermission",
    "pk": 130211,
    "fields": {
      "group": 1,
      "permission_id": "form_mapping"
    }
  },
  {
    "model": "core.grouppermission",
    "pk": 130212,
    "fields": {
      "group": 1,
      "permission_id": "form_page-form-group"
    }
  },
  {
    "model": "core.grouppermission",
    "pk": 130213,
    "fields": {
      "group": 1,
      "permission_id": "menu_resource"
    }
  },
  {
    "model": "core.grouppermission",
    "pk": 130214,
    "fields": {
      "group": 1,
      "permission_id": "resource_tree"
    }
  },
  {
    "model": "core.grouppermission",
    "pk": 130215,
    "fields": {
      "group": 1,
      "permission_id": "resource_resource"
    }
  },
  {
    "model": "core.grouppermission",
    "pk": 130216,
    "fields": {
      "group": 1,
      "permission_id": "resource_instance-resource"
    }
  },
  {
    "model": "core.grouppermission",
    "pk": 130217,
    "fields": {
      "group": 1,
      "permission_id": "resource_button"
    }
  },
  {
    "model": "core.grouppermission",
    "pk": 130218,
    "fields": {
      "group": 1,
      "permission_id": "resource_action"
    }
  },
  {
    "model": "core.grouppermission",
    "pk": 130219,
    "fields": {
      "group": 1,
      "permission_id": "resource_instance-state"
    }
  },
  {
    "model": "core.grouppermission",
    "pk": 130220,
    "fields": {
      "group": 1,
      "permission_id": "resource_search-filter"
    }
  },
  {
    "model": "core.grouppermission",
    "pk": 130221,
    "fields": {
      "group": 1,
      "permission_id": "resource_resource-loader"
    }
  },
  {
    "model": "core.grouppermission",
    "pk": 130222,
    "fields": {
      "group": 1,
      "permission_id": "resource_instance-resource-loader"
    }
  },
  {
    "model": "core.grouppermission",
    "pk": 130223,
    "fields": {
      "group": 1,
      "permission_id": "resource_action-loader"
    }
  },
  {
    "model": "core.grouppermission",
    "pk": 130224,
    "fields": {
      "group": 1,
      "permission_id": "menu_circulation"
    }
  },
  {
    "model": "core.grouppermission",
    "pk": 130225,
    "fields": {
      "group": 1,
      "permission_id": "circulation_type"
    }
  },
  {
    "model": "core.grouppermission",
    "pk": 130226,
    "fields": {
      "group": 1,
      "permission_id": "circulation_state"
    }
  },
  {
    "model": "core.grouppermission",
    "pk": 130227,
    "fields": {
      "group": 1,
      "permission_id": "circulation_answer-type"
    }
  },
  {
    "model": "core.grouppermission",
    "pk": 130228,
    "fields": {
      "group": 1,
      "permission_id": "circulation_answer"
    }
  },
  {
    "model": "core.grouppermission",
    "pk": 130229,
    "fields": {
      "group": 1,
      "permission_id": "circulation_reason"
    }
  },
  {
    "model": "core.grouppermission",
    "pk": 130230,
    "fields": {
      "group": 1,
      "permission_id": "circulation_notice-type"
    }
  },
  {
    "model": "core.grouppermission",
    "pk": 130231,
    "fields": {
      "group": 1,
      "permission_id": "menu_module"
    }
  },
  {
    "model": "core.grouppermission",
    "pk": 130232,
    "fields": {
      "group": 1,
      "permission_id": "module_module"
    }
  },
  {
    "model": "core.grouppermission",
    "pk": 130233,
    "fields": {
      "group": 1,
      "permission_id": "module_data-loader"
    }
  },
  {
    "model": "core.instanceresource",
    "pk": 1,
    "fields": {
      "available_instance_resource": "newform",
      "resource": 22,
      "name": "Dossier erstellen",
      "description": null,
      "template": null,
      "class_field": null,
      "hidden": 1,
      "sort": 0,
      "form_group": 161
    }
  },
  {
    "model": "core.instanceresource",
    "pk": 4,
    "fields": {
      "available_instance_resource": "page",
      "resource": 267,
      "name": "Formular",
      "description": "Formular von der Gemeinde",
      "template": "/ember/instance.phtml",
      "class_field": null,
      "hidden": 0,
      "sort": 1,
      "form_group": 161
    }
  },
  {
    "model": "core.instanceresource",
    "pk": 46,
    "fields": {
      "available_instance_resource": "apidocuments",
      "resource": 301,
      "name": "Dokumente",
      "description": "",
      "template": "",
      "class_field": "",
      "hidden": 0,
      "sort": 2,
      "form_group": 161
    }
  },
  {
    "model": "core.instanceresource",
    "pk": 85,
    "fields": {
      "available_instance_resource": "formpage",
      "resource": 267,
      "name": "Personen- und Projektdaten",
      "description": "Personen- und Projektdaten KOOR BG",
      "template": "/form/form-read.phtml",
      "class_field": "",
      "hidden": 1,
      "sort": 2,
      "form_group": 30
    }
  },
  {
    "model": "core.instanceresource",
    "pk": 145,
    "fields": {
      "available_instance_resource": "apidocuments",
      "resource": 267,
      "name": "Dokumente",
      "description": "Dokumente fur Baubewilligungsverfahren mit kantonaler Beteiligung",
      "template": "",
      "class_field": "",
      "hidden": 0,
      "sort": 3,
      "form_group": 30
    }
  },
  {
    "model": "core.instanceresource",
    "pk": 165,
    "fields": {
      "available_instance_resource": "workflow",
      "resource": 267,
      "name": "Workflow",
      "description": "",
      "template": "",
      "class_field": "",
      "hidden": 0,
      "sort": 9,
      "form_group": 30
    }
  },
  {
    "model": "core.instanceresource",
    "pk": 185,
    "fields": {
      "available_instance_resource": "billing",
      "resource": 302,
      "name": "Gebührenerfassung",
      "description": "",
      "template": "",
      "class_field": "",
      "hidden": 0,
      "sort": 4,
      "form_group": 161
    }
  },
  {
    "model": "core.instanceresource",
    "pk": 205,
    "fields": {
      "available_instance_resource": "billing",
      "resource": 267,
      "name": "Gebühren verwalten",
      "description": "Gebühren verwalten  Koor BG",
      "template": "",
      "class_field": "",
      "hidden": 0,
      "sort": 6,
      "form_group": 30
    }
  },
  {
    "model": "core.instanceresource",
    "pk": 225,
    "fields": {
      "available_instance_resource": "formpage",
      "resource": 42,
      "name": "Personen- und Projektdaten",
      "description": "Personen- und Projektdaten KOOR BG & Gemeindebaubehörde",
      "template": "/form/form-read.phtml",
      "class_field": null,
      "hidden": 0,
      "sort": 0,
      "form_group": 30
    }
  },
  {
    "model": "core.instanceresource",
    "pk": 265,
    "fields": {
      "available_instance_resource": "publication",
      "resource": 301,
      "name": "Publikation",
      "description": null,
      "template": null,
      "class_field": null,
      "hidden": 0,
      "sort": 8,
      "form_group": 257
    }
  },
  {
    "model": "core.instanceresource",
    "pk": 285,
    "fields": {
      "available_instance_resource": "page",
      "resource": 301,
      "name": "Beteiligte Fachstellen",
      "description": "",
      "template": "/global/involved-department.phtml",
      "class_field": "",
      "hidden": 0,
      "sort": 6,
      "form_group": 181
    }
  },
  {
    "model": "core.instanceresource",
    "pk": 314,
    "fields": {
      "available_instance_resource": "circulation",
      "resource": 267,
      "name": "Dossier abschliessen",
      "description": "Zirkulation Koord ARE BG",
      "template": "",
      "class_field": "",
      "hidden": 0,
      "sort": 7,
      "form_group": 30
    }
  },
  {
    "model": "core.instanceresource",
    "pk": 315,
    "fields": {
      "available_instance_resource": "editcirculation",
      "resource": 267,
      "name": "Zirkulation",
      "description": "Zirkulation BG Dossiers",
      "template": null,
      "class_field": null,
      "hidden": 0,
      "sort": 5,
      "form_group": 30
    }
  },
  {
    "model": "core.instanceresource",
    "pk": 327,
    "fields": {
      "available_instance_resource": "page",
      "resource": 302,
      "name": "Beteiligte Fachstellen",
      "description": null,
      "template": "/global/involved-department.phtml",
      "class_field": null,
      "hidden": 0,
      "sort": 8,
      "form_group": 161
    }
  },
  {
    "model": "core.instanceresource",
    "pk": 367,
    "fields": {
      "available_instance_resource": "editnotice",
      "resource": 302,
      "name": "Rückmeldung Kanton",
      "description": "Rückmeldung der Koodinationsstelle",
      "template": null,
      "class_field": null,
      "hidden": 0,
      "sort": 6,
      "form_group": 161
    }
  },
  {
    "model": "core.instanceresource",
    "pk": 387,
    "fields": {
      "available_instance_resource": "editcirculation",
      "resource": 302,
      "name": "Subfachstellen miteinbeziehen",
      "description": "Dossiers von der Koordinationsstelle",
      "template": "",
      "class_field": "",
      "hidden": 1,
      "sort": 7,
      "form_group": 30
    }
  },
  {
    "model": "core.instanceresource",
    "pk": 388,
    "fields": {
      "available_instance_resource": "formpage",
      "resource": 122,
      "name": "Personen- und Projektdaten",
      "description": "",
      "template": "/form/form-read.phtml",
      "class_field": "",
      "hidden": 0,
      "sort": 0,
      "form_group": 161
    }
  },
  {
    "model": "core.instanceresource",
    "pk": 389,
    "fields": {
      "available_instance_resource": "editnotice",
      "resource": 122,
      "name": "Rückmeldung",
      "description": "Rückmeldung Dossiers von der Koordinationsstelle",
      "template": "",
      "class_field": null,
      "hidden": 0,
      "sort": 1,
      "form_group": 32
    }
  },
  {
    "model": "core.instanceresource",
    "pk": 405,
    "fields": {
      "available_instance_resource": "workflow",
      "resource": 301,
      "name": "Workflow",
      "description": "",
      "template": "",
      "class_field": "",
      "hidden": 0,
      "sort": 11,
      "form_group": 161
    }
  },
  {
    "model": "core.instanceresource",
    "pk": 445,
    "fields": {
      "available_instance_resource": "page",
      "resource": 288,
      "name": "Formular",
      "description": null,
      "template": "/ember/instance.phtml",
      "class_field": null,
      "hidden": 0,
      "sort": 1,
      "form_group": 161
    }
  },
  {
    "model": "core.instanceresource",
    "pk": 447,
    "fields": {
      "available_instance_resource": "page",
      "resource": 267,
      "name": "Stellungnahme bearbeiten",
      "description": "",
      "template": "/koord/edit-notice.phtml",
      "class_field": "",
      "hidden": 1,
      "sort": 8,
      "form_group": 161
    }
  },
  {
    "model": "core.instanceresource",
    "pk": 466,
    "fields": {
      "available_instance_resource": "apidocuments",
      "resource": 288,
      "name": "Dokumente",
      "description": "",
      "template": "",
      "class_field": "",
      "hidden": 0,
      "sort": 3,
      "form_group": 141
    }
  },
  {
    "model": "core.instanceresource",
    "pk": 467,
    "fields": {
      "available_instance_resource": "editcirculation",
      "resource": 288,
      "name": "Zirkulation",
      "description": "Zirkulation der Dossiers Nutzungsplanung",
      "template": null,
      "class_field": null,
      "hidden": 0,
      "sort": 4,
      "form_group": 141
    }
  },
  {
    "model": "core.instanceresource",
    "pk": 485,
    "fields": {
      "available_instance_resource": "billing",
      "resource": 288,
      "name": "Gebühren verwalten",
      "description": "Gebühren verwalten Koor NP",
      "template": "",
      "class_field": null,
      "hidden": 0,
      "sort": 5,
      "form_group": 141
    }
  },
  {
    "model": "core.instanceresource",
    "pk": 486,
    "fields": {
      "available_instance_resource": "circulation",
      "resource": 288,
      "name": "Dossier abschliessen",
      "description": "Zirkulation Koor ARE NP",
      "template": "",
      "class_field": "",
      "hidden": 0,
      "sort": 6,
      "form_group": 141
    }
  },
  {
    "model": "core.instanceresource",
    "pk": 487,
    "fields": {
      "available_instance_resource": "page",
      "resource": 288,
      "name": "Stellungnahme bearbeiten",
      "description": "",
      "template": "/koord/edit-notice.phtml",
      "class_field": "",
      "hidden": 1,
      "sort": 7,
      "form_group": 141
    }
  },
  {
    "model": "core.instanceresource",
    "pk": 488,
    "fields": {
      "available_instance_resource": "workflow",
      "resource": 288,
      "name": "Workflow",
      "description": "",
      "template": "",
      "class_field": "",
      "hidden": 0,
      "sort": 8,
      "form_group": 141
    }
  },
  {
    "model": "core.instanceresource",
    "pk": 525,
    "fields": {
      "available_instance_resource": "apidocuments",
      "resource": 302,
      "name": "Dokumente",
      "description": "",
      "template": "",
      "class_field": "",
      "hidden": 0,
      "sort": 2,
      "form_group": 161
    }
  },
  {
    "model": "core.instanceresource",
    "pk": 526,
    "fields": {
      "available_instance_resource": "formpage",
      "resource": 42,
      "name": "Personen- und Projektdaten",
      "description": "Dossieransicht für Amt Fachstelle OHNE Koordination bei der Dossiersuche für BG Dossiers",
      "template": "/form/form-read.phtml",
      "class_field": "",
      "hidden": 0,
      "sort": 1,
      "form_group": 30
    }
  },
  {
    "model": "core.instanceresource",
    "pk": 527,
    "fields": {
      "available_instance_resource": "formpage",
      "resource": 42,
      "name": "Personen- und Projektdaten",
      "description": "Anschauen für Amt Fachstelle für die Dossiersuche für NP",
      "template": "/form/form-read.phtml",
      "class_field": "",
      "hidden": 0,
      "sort": 2,
      "form_group": 141
    }
  },
  {
    "model": "core.instanceresource",
    "pk": 545,
    "fields": {
      "available_instance_resource": "apidocuments",
      "resource": 42,
      "name": "Dokumente",
      "description": "Dokumente anschauen für Dossier, die nicht in der Pendenzenliste sind",
      "template": "",
      "class_field": "",
      "hidden": 0,
      "sort": 4,
      "form_group": 161
    }
  },
  {
    "model": "core.instanceresource",
    "pk": 585,
    "fields": {
      "available_instance_resource": "apidocuments",
      "resource": 309,
      "name": "Dokumente",
      "description": "Dokumentenauflistung für die Kommissionsmitglieder",
      "template": "",
      "class_field": "",
      "hidden": 0,
      "sort": 4,
      "form_group": 161
    }
  },
  {
    "model": "core.instanceresource",
    "pk": 586,
    "fields": {
      "available_instance_resource": "page",
      "resource": 302,
      "name": "Dossier für Fachbereich freischalten",
      "description": "Verwalten der Kommissionsmitglieder",
      "template": "/dept/commissioners.phtml",
      "class_field": "commissioners",
      "hidden": 0,
      "sort": 9,
      "form_group": 161
    }
  },
  {
    "model": "core.instanceresource",
    "pk": 605,
    "fields": {
      "available_instance_resource": "page",
      "resource": 264,
      "name": "Formular",
      "description": "Formular für alle Dossiers KOOR BD",
      "template": "/ember/instance.phtml",
      "class_field": null,
      "hidden": 0,
      "sort": 1,
      "form_group": 161
    }
  },
  {
    "model": "core.instanceresource",
    "pk": 607,
    "fields": {
      "available_instance_resource": "apidocuments",
      "resource": 264,
      "name": "Dokumente",
      "description": "",
      "template": "",
      "class_field": "",
      "hidden": 0,
      "sort": 2,
      "form_group": 161
    }
  },
  {
    "model": "core.instanceresource",
    "pk": 625,
    "fields": {
      "available_instance_resource": "editcirculation",
      "resource": 264,
      "name": "Zirkulation",
      "description": "Zirkulation machen für die Dossiers BD",
      "template": null,
      "class_field": null,
      "hidden": 0,
      "sort": 4,
      "form_group": 241
    }
  },
  {
    "model": "core.instanceresource",
    "pk": 645,
    "fields": {
      "available_instance_resource": "billing",
      "resource": 264,
      "name": "Gebühren verwalten",
      "description": "Gebühren verwalten Koor BD",
      "template": "",
      "class_field": null,
      "hidden": 0,
      "sort": 5,
      "form_group": 241
    }
  },
  {
    "model": "core.instanceresource",
    "pk": 646,
    "fields": {
      "available_instance_resource": "circulation",
      "resource": 264,
      "name": "Dossier abschliessen",
      "description": "Zirkulation Koord BD",
      "template": "",
      "class_field": "",
      "hidden": 0,
      "sort": 6,
      "form_group": 241
    }
  },
  {
    "model": "core.instanceresource",
    "pk": 647,
    "fields": {
      "available_instance_resource": "page",
      "resource": 264,
      "name": "Stellungnahme bearbeiten",
      "description": "",
      "template": "/koord/edit-notice.phtml",
      "class_field": "",
      "hidden": 1,
      "sort": 7,
      "form_group": 161
    }
  },
  {
    "model": "core.instanceresource",
    "pk": 648,
    "fields": {
      "available_instance_resource": "workflow",
      "resource": 264,
      "name": "Workflow",
      "description": "",
      "template": "",
      "class_field": "",
      "hidden": 0,
      "sort": 8,
      "form_group": 161
    }
  },
  {
    "model": "core.instanceresource",
    "pk": 683,
    "fields": {
      "available_instance_resource": "sanction",
      "resource": 267,
      "name": "Erfasste Auflagen bewirtschaften",
      "description": "Erfasste Auflagen bewirtschaften für KOOR BG",
      "template": null,
      "class_field": null,
      "hidden": 0,
      "sort": 10,
      "form_group": 161
    }
  },
  {
    "model": "core.instanceresource",
    "pk": 684,
    "fields": {
      "available_instance_resource": "sanction",
      "resource": 288,
      "name": "Erfasste Auflagen bewirtschaften",
      "description": "Erfasste Auflagen bewirtschaften für KOOR NP",
      "template": null,
      "class_field": null,
      "hidden": 0,
      "sort": 9,
      "form_group": 161
    }
  },
  {
    "model": "core.instanceresource",
    "pk": 685,
    "fields": {
      "available_instance_resource": "sanction",
      "resource": 301,
      "name": "Auflagen bewirtschaften",
      "description": "Auflagen bewirtschaften Gemeindebaubehörde",
      "template": null,
      "class_field": null,
      "hidden": 0,
      "sort": 10,
      "form_group": 161
    }
  },
  {
    "model": "core.instanceresource",
    "pk": 690,
    "fields": {
      "available_instance_resource": "sanction",
      "resource": 264,
      "name": "Erfasste Auflagen bewirtschaften",
      "description": "Erfasste Auflagen bewirtschaften für KOOR BD",
      "template": null,
      "class_field": null,
      "hidden": 0,
      "sort": 9,
      "form_group": 161
    }
  },
  {
    "model": "core.instanceresource",
    "pk": 691,
    "fields": {
      "available_instance_resource": "sanction",
      "resource": 302,
      "name": "Auflagen bewirtschaften",
      "description": "Auflagen bewirtschaften für Vernehmlassungsstellen",
      "template": "",
      "class_field": null,
      "hidden": 0,
      "sort": 10,
      "form_group": 161
    }
  },
  {
    "model": "core.instanceresource",
    "pk": 692,
    "fields": {
      "available_instance_resource": "buildingauthority",
      "resource": 301,
      "name": "Bauverwaltung",
      "description": null,
      "template": null,
      "class_field": null,
      "hidden": 0,
      "sort": 12,
      "form_group": 161
    }
  },
  {
    "model": "core.instanceresource",
    "pk": 696,
    "fields": {
      "available_instance_resource": "apidocuments",
      "resource": 307,
      "name": "Dokumente",
      "description": null,
      "template": null,
      "class_field": null,
      "hidden": 0,
      "sort": 2,
      "form_group": 161
    }
  },
  {
    "model": "core.instanceresource",
    "pk": 699,
    "fields": {
      "available_instance_resource": "page",
      "resource": 289,
      "name": "Formular",
      "description": "Personen- und Projektdaten von der Koordinationsstelle Umweltschutz AfU",
      "template": "/ember/instance.phtml",
      "class_field": null,
      "hidden": 0,
      "sort": 1,
      "form_group": 249
    }
  },
  {
    "model": "core.instanceresource",
    "pk": 701,
    "fields": {
      "available_instance_resource": "apidocuments",
      "resource": 289,
      "name": "Dokumente",
      "description": "Dokumente fur Baubewilligungsverfahren",
      "template": "",
      "class_field": "",
      "hidden": 0,
      "sort": 2,
      "form_group": 161
    }
  },
  {
    "model": "core.instanceresource",
    "pk": 702,
    "fields": {
      "available_instance_resource": "editcirculation",
      "resource": 289,
      "name": "Zirkulation",
      "description": "Zirkulation Dossiers von der Koordinationsstelle AfU",
      "template": null,
      "class_field": null,
      "hidden": 0,
      "sort": 4,
      "form_group": 249
    }
  },
  {
    "model": "core.instanceresource",
    "pk": 704,
    "fields": {
      "available_instance_resource": "circulation",
      "resource": 289,
      "name": "Dossier abschliessen",
      "description": "Zirkulation Koord AfU",
      "template": "",
      "class_field": "",
      "hidden": 0,
      "sort": 6,
      "form_group": 249
    }
  },
  {
    "model": "core.instanceresource",
    "pk": 705,
    "fields": {
      "available_instance_resource": "page",
      "resource": 289,
      "name": "Stellungnahme bearbeiten",
      "description": "",
      "template": "/koord/edit-notice.phtml",
      "class_field": "",
      "hidden": 1,
      "sort": 7,
      "form_group": 161
    }
  },
  {
    "model": "core.instanceresource",
    "pk": 706,
    "fields": {
      "available_instance_resource": "workflow",
      "resource": 289,
      "name": "Workflow",
      "description": "",
      "template": "",
      "class_field": "",
      "hidden": 0,
      "sort": 8,
      "form_group": 249
    }
  },
  {
    "model": "core.instanceresource",
    "pk": 707,
    "fields": {
      "available_instance_resource": "sanction",
      "resource": 289,
      "name": "Erfasste Auflagen bewirtschaften",
      "description": "Erfasste Auflagen bewirtschaften für KOOR AfU",
      "template": null,
      "class_field": null,
      "hidden": 0,
      "sort": 9,
      "form_group": 161
    }
  },
  {
    "model": "core.instanceresource",
    "pk": 714,
    "fields": {
      "available_instance_resource": "page",
      "resource": 296,
      "name": "Formular",
      "description": "Personen- und Projektdaten von der Koordinationsstelle Landwirtschaft ALA",
      "template": "/ember/instance.phtml",
      "class_field": null,
      "hidden": 0,
      "sort": 1,
      "form_group": 250
    }
  },
  {
    "model": "core.instanceresource",
    "pk": 716,
    "fields": {
      "available_instance_resource": "apidocuments",
      "resource": 296,
      "name": "Dokumente",
      "description": "Dokumente fur Baubewilligungsverfahren",
      "template": "",
      "class_field": "",
      "hidden": 0,
      "sort": 2,
      "form_group": 161
    }
  },
  {
    "model": "core.instanceresource",
    "pk": 717,
    "fields": {
      "available_instance_resource": "editcirculation",
      "resource": 296,
      "name": "Zirkulation",
      "description": "Zirkulation Dossiers von der Koordinationsstelle ALA",
      "template": "",
      "class_field": "",
      "hidden": 0,
      "sort": 4,
      "form_group": 250
    }
  },
  {
    "model": "core.instanceresource",
    "pk": 719,
    "fields": {
      "available_instance_resource": "circulation",
      "resource": 296,
      "name": "Dossier abschliessen",
      "description": "Zirkulation Koord ALA",
      "template": "",
      "class_field": "",
      "hidden": 0,
      "sort": 6,
      "form_group": 250
    }
  },
  {
    "model": "core.instanceresource",
    "pk": 720,
    "fields": {
      "available_instance_resource": "workflow",
      "resource": 296,
      "name": "Workflow",
      "description": "",
      "template": "",
      "class_field": "",
      "hidden": 0,
      "sort": 7,
      "form_group": 250
    }
  },
  {
    "model": "core.instanceresource",
    "pk": 721,
    "fields": {
      "available_instance_resource": "sanction",
      "resource": 296,
      "name": "Erfasste Auflagen bewirtschaften",
      "description": "Erfasste Auflagen bewirtschaften für KOOR ALA",
      "template": "",
      "class_field": null,
      "hidden": 0,
      "sort": 8,
      "form_group": 250
    }
  },
  {
    "model": "core.instanceresource",
    "pk": 723,
    "fields": {
      "available_instance_resource": "page",
      "resource": 297,
      "name": "Formular",
      "description": "Personen- und Projektdaten von der Koordinationsstelle Energie AfE",
      "template": "/ember/instance.phtml",
      "class_field": null,
      "hidden": 0,
      "sort": 1,
      "form_group": 251
    }
  },
  {
    "model": "core.instanceresource",
    "pk": 725,
    "fields": {
      "available_instance_resource": "apidocuments",
      "resource": 297,
      "name": "Dokumente",
      "description": "Dokumente fur Baubewilligungsverfahren",
      "template": "",
      "class_field": "",
      "hidden": 0,
      "sort": 2,
      "form_group": 161
    }
  },
  {
    "model": "core.instanceresource",
    "pk": 726,
    "fields": {
      "available_instance_resource": "editcirculation",
      "resource": 297,
      "name": "Zirkulation",
      "description": "Zirkulation Dossiers von der Koordinationsstelle AfE",
      "template": "",
      "class_field": "",
      "hidden": 0,
      "sort": 4,
      "form_group": 251
    }
  },
  {
    "model": "core.instanceresource",
    "pk": 727,
    "fields": {
      "available_instance_resource": "circulation",
      "resource": 297,
      "name": "Dossier abschliessen",
      "description": "Zirkulation Koord AfE",
      "template": "",
      "class_field": "",
      "hidden": 0,
      "sort": 6,
      "form_group": 161
    }
  },
  {
    "model": "core.instanceresource",
    "pk": 728,
    "fields": {
      "available_instance_resource": "workflow",
      "resource": 297,
      "name": "Workflow",
      "description": "",
      "template": "",
      "class_field": "",
      "hidden": 0,
      "sort": 7,
      "form_group": 251
    }
  },
  {
    "model": "core.instanceresource",
    "pk": 729,
    "fields": {
      "available_instance_resource": "sanction",
      "resource": 297,
      "name": "Erfasste Auflagen bewirtschaften",
      "description": "Erfasste Auflagen bewirtschaften für KOOR AfE",
      "template": null,
      "class_field": null,
      "hidden": 0,
      "sort": 8,
      "form_group": 251
    }
  },
  {
    "model": "core.instanceresource",
    "pk": 735,
    "fields": {
      "available_instance_resource": "page",
      "resource": 298,
      "name": "Formular",
      "description": "Personen- und Projektdaten von der Koordinationsstelle AFJ SD",
      "template": "/ember/instance.phtml",
      "class_field": null,
      "hidden": 0,
      "sort": 1,
      "form_group": 255
    }
  },
  {
    "model": "core.instanceresource",
    "pk": 737,
    "fields": {
      "available_instance_resource": "apidocuments",
      "resource": 298,
      "name": "Dokumente",
      "description": "Dokumente fur Baubewilligungsverfahren",
      "template": "",
      "class_field": "",
      "hidden": 0,
      "sort": 2,
      "form_group": 161
    }
  },
  {
    "model": "core.instanceresource",
    "pk": 738,
    "fields": {
      "available_instance_resource": "editcirculation",
      "resource": 298,
      "name": "Zirkulation",
      "description": "Zirkulation Dossiers von der Koordinationsstelle AFJ und SD",
      "template": null,
      "class_field": null,
      "hidden": 0,
      "sort": 4,
      "form_group": 255
    }
  },
  {
    "model": "core.instanceresource",
    "pk": 739,
    "fields": {
      "available_instance_resource": "circulation",
      "resource": 298,
      "name": "Dossier abschliessen",
      "description": "Zirkulation Koord AFJ",
      "template": "",
      "class_field": "",
      "hidden": 0,
      "sort": 6,
      "form_group": 252
    }
  },
  {
    "model": "core.instanceresource",
    "pk": 740,
    "fields": {
      "available_instance_resource": "workflow",
      "resource": 298,
      "name": "Workflow",
      "description": null,
      "template": null,
      "class_field": null,
      "hidden": 0,
      "sort": 8,
      "form_group": 255
    }
  },
  {
    "model": "core.instanceresource",
    "pk": 741,
    "fields": {
      "available_instance_resource": "sanction",
      "resource": 298,
      "name": "Erfasste Auflagen bewirtschaften",
      "description": "Erfasste Auflagen bewirtschaften für KOOR AJF und SD",
      "template": null,
      "class_field": null,
      "hidden": 0,
      "sort": 9,
      "form_group": 255
    }
  },
  {
    "model": "core.instanceresource",
    "pk": 744,
    "fields": {
      "available_instance_resource": "bab",
      "resource": 302,
      "name": "BaB Datenerfassung",
      "description": null,
      "template": "",
      "class_field": null,
      "hidden": 0,
      "sort": 11,
      "form_group": 161
    }
  },
  {
    "model": "core.instanceresource",
    "pk": 746,
    "fields": {
      "available_instance_resource": "bab",
      "resource": 267,
      "name": "BaB Datenerfassung",
      "description": "BaB Daten erfassen KOOR BG",
      "template": "",
      "class_field": null,
      "hidden": 0,
      "sort": 11,
      "form_group": 161
    }
  },
  {
    "model": "core.instanceresource",
    "pk": 747,
    "fields": {
      "available_instance_resource": "billing",
      "resource": 289,
      "name": "Gebühren verwalten",
      "description": "Gebühren verwalten Koor Afu",
      "template": null,
      "class_field": null,
      "hidden": 0,
      "sort": 5,
      "form_group": 249
    }
  },
  {
    "model": "core.instanceresource",
    "pk": 748,
    "fields": {
      "available_instance_resource": "billing",
      "resource": 296,
      "name": "Gebühren verwalten",
      "description": "Gebühren verwalten Koor ALA",
      "template": null,
      "class_field": null,
      "hidden": 0,
      "sort": 5,
      "form_group": 250
    }
  },
  {
    "model": "core.instanceresource",
    "pk": 749,
    "fields": {
      "available_instance_resource": "billing",
      "resource": 297,
      "name": "Gebühren verwalten",
      "description": "Gebühren verwalten AfE",
      "template": null,
      "class_field": null,
      "hidden": 0,
      "sort": 5,
      "form_group": 251
    }
  },
  {
    "model": "core.instanceresource",
    "pk": 750,
    "fields": {
      "available_instance_resource": "billing",
      "resource": 298,
      "name": "Gebühren verwalten",
      "description": "Gebühren verwalten Koor AFJ SD",
      "template": null,
      "class_field": null,
      "hidden": 0,
      "sort": 5,
      "form_group": 255
    }
  },
  {
    "model": "core.instanceresource",
    "pk": 752,
    "fields": {
      "available_instance_resource": "circulation",
      "resource": 298,
      "name": "Dossier abschliessen",
      "description": "Zirkulation Koor SD",
      "template": null,
      "class_field": null,
      "hidden": 0,
      "sort": 7,
      "form_group": 254
    }
  },
  {
    "model": "core.instanceresource",
    "pk": 753,
    "fields": {
      "available_instance_resource": "editcirculation",
      "resource": 301,
      "name": "Zirkulation Gemeindeservice",
      "description": "Gemeindezirkulation Dossiers",
      "template": null,
      "class_field": null,
      "hidden": 0,
      "sort": 4,
      "form_group": 161
    }
  },
  {
    "model": "core.instanceresource",
    "pk": 755,
    "fields": {
      "available_instance_resource": "formpage",
      "resource": 314,
      "name": "Personen- und Projektdaten",
      "description": null,
      "template": "/form/form-read.phtml",
      "class_field": null,
      "hidden": 0,
      "sort": 0,
      "form_group": 161
    }
  },
  {
    "model": "core.instanceresource",
    "pk": 756,
    "fields": {
      "available_instance_resource": "apidocuments",
      "resource": 314,
      "name": "Dokumente",
      "description": null,
      "template": null,
      "class_field": null,
      "hidden": 0,
      "sort": 1,
      "form_group": 161
    }
  },
  {
    "model": "core.instanceresource",
    "pk": 757,
    "fields": {
      "available_instance_resource": "editnotice",
      "resource": 314,
      "name": "Rückmeldung",
      "description": "Rückmeldung von Dossier Gemeinde",
      "template": null,
      "class_field": null,
      "hidden": 0,
      "sort": 3,
      "form_group": 161
    }
  },
  {
    "model": "core.instanceresource",
    "pk": 758,
    "fields": {
      "available_instance_resource": "page",
      "resource": 316,
      "name": "Formular",
      "description": "Formular von der Bundesstelle",
      "template": "/ember/instance.phtml",
      "class_field": null,
      "hidden": 0,
      "sort": 1,
      "form_group": 256
    }
  },
  {
    "model": "core.instanceresource",
    "pk": 760,
    "fields": {
      "available_instance_resource": "circulation",
      "resource": 316,
      "name": "Dossier Abschliessen",
      "description": null,
      "template": null,
      "class_field": null,
      "hidden": 0,
      "sort": 4,
      "form_group": 256
    }
  },
  {
    "model": "core.instanceresource",
    "pk": 761,
    "fields": {
      "available_instance_resource": "apidocuments",
      "resource": 316,
      "name": "Dokumente",
      "description": "Dokumente Bundesstelle",
      "template": null,
      "class_field": null,
      "hidden": 0,
      "sort": 2,
      "form_group": 256
    }
  },
  {
    "model": "core.instanceresource",
    "pk": 763,
    "fields": {
      "available_instance_resource": "editcirculation",
      "resource": 316,
      "name": "Zirkulation",
      "description": "Zirkulation Dossier Bundesstelle",
      "template": null,
      "class_field": null,
      "hidden": 0,
      "sort": 3,
      "form_group": 256
    }
  },
  {
    "model": "core.instanceresource",
    "pk": 764,
    "fields": {
      "available_instance_resource": "editnotice",
      "resource": 302,
      "name": "Rückmeldung Bundesstelle",
      "description": "Rückmeldung Dossiers der Bundesstelle",
      "template": null,
      "class_field": null,
      "hidden": 0,
      "sort": 5,
      "form_group": 256
    }
  },
  {
    "model": "core.instanceresource",
    "pk": 765,
    "fields": {
      "available_instance_resource": "circulation",
      "resource": 301,
      "name": "Rückmeldungen",
      "description": "Einsehen von Resultaten der Gemeindezirkulation",
      "template": null,
      "class_field": null,
      "hidden": 0,
      "sort": 5,
      "form_group": 161
    }
  },
  {
    "model": "core.instanceresource",
    "pk": 768,
    "fields": {
      "available_instance_resource": "formpage",
      "resource": 317,
      "name": "Formular",
      "description": null,
      "template": null,
      "class_field": null,
      "hidden": 0,
      "sort": 1,
      "form_group": 161
    }
  },
  {
    "model": "core.instanceresource",
    "pk": 769,
    "fields": {
      "available_instance_resource": "editnotice",
      "resource": 317,
      "name": "Rückmeldung",
      "description": "Rückmeldung an das Gemeinde Sekretariat",
      "template": null,
      "class_field": null,
      "hidden": 0,
      "sort": 3,
      "form_group": 161
    }
  },
  {
    "model": "core.instanceresource",
    "pk": 770,
    "fields": {
      "available_instance_resource": "apidocuments",
      "resource": 317,
      "name": "Dokumente",
      "description": null,
      "template": null,
      "class_field": null,
      "hidden": 0,
      "sort": 2,
      "form_group": 161
    }
  },
  {
    "model": "core.instanceresource",
    "pk": 771,
    "fields": {
      "available_instance_resource": "page",
      "resource": 301,
      "name": "Formular",
      "description": null,
      "template": "/ember/instance.phtml",
      "class_field": null,
      "hidden": 0,
      "sort": 1,
      "form_group": 161
    }
  },
  {
    "model": "core.instanceresource",
    "pk": 772,
    "fields": {
      "available_instance_resource": "page",
      "resource": 267,
      "name": "Journal",
      "description": null,
      "template": "/ember-camac-ng/journal.phtml",
      "class_field": null,
      "hidden": 0,
      "sort": 4,
      "form_group": 161
    }
  },
  {
    "model": "core.instanceresource",
    "pk": 20000,
    "fields": {
      "available_instance_resource": "history",
      "resource": 301,
      "name": "History",
      "description": null,
      "template": null,
      "class_field": null,
      "hidden": 0,
      "sort": 13,
      "form_group": 161
    }
  },
  {
    "model": "core.instanceresource",
    "pk": 20001,
    "fields": {
      "available_instance_resource": "page",
      "resource": 301,
      "name": "Journal",
      "description": null,
      "template": "/ember-camac-ng/journal.phtml",
      "class_field": null,
      "hidden": 0,
      "sort": 3,
      "form_group": 161
    }
  },
  {
    "model": "core.instanceresource",
    "pk": 20003,
    "fields": {
      "available_instance_resource": "history",
      "resource": 267,
      "name": "History",
      "description": null,
      "template": null,
      "class_field": null,
      "hidden": 0,
      "sort": 12,
      "form_group": 161
    }
  },
  {
    "model": "core.instanceresource",
    "pk": 180000,
    "fields": {
      "available_instance_resource": "dashboard",
      "resource": 301,
      "name": "Dashboard",
      "description": null,
      "template": null,
      "class_field": null,
      "hidden": 0,
      "sort": 0,
      "form_group": 161
    }
  },
  {
    "model": "core.instanceresource",
    "pk": 180001,
    "fields": {
      "available_instance_resource": "dashboard",
      "resource": 316,
      "name": "Dashboard",
      "description": null,
      "template": null,
      "class_field": null,
      "hidden": 0,
      "sort": 0,
      "form_group": 161
    }
  },
  {
    "model": "core.instanceresource",
    "pk": 180002,
    "fields": {
      "available_instance_resource": "dashboard",
      "resource": 267,
      "name": "Dashboard",
      "description": null,
      "template": null,
      "class_field": null,
      "hidden": 0,
      "sort": 0,
      "form_group": 161
    }
  },
  {
    "model": "core.instanceresource",
    "pk": 180003,
    "fields": {
      "available_instance_resource": "dashboard",
      "resource": 288,
      "name": "Dashboard",
      "description": null,
      "template": null,
      "class_field": null,
      "hidden": 0,
      "sort": 0,
      "form_group": 161
    }
  },
  {
    "model": "core.instanceresource",
    "pk": 180004,
    "fields": {
      "available_instance_resource": "dashboard",
      "resource": 264,
      "name": "Dashboard",
      "description": null,
      "template": null,
      "class_field": null,
      "hidden": 0,
      "sort": 0,
      "form_group": 161
    }
  },
  {
    "model": "core.instanceresource",
    "pk": 180005,
    "fields": {
      "available_instance_resource": "dashboard",
      "resource": 289,
      "name": "Dashboard",
      "description": null,
      "template": null,
      "class_field": null,
      "hidden": 0,
      "sort": 0,
      "form_group": 161
    }
  },
  {
    "model": "core.instanceresource",
    "pk": 180006,
    "fields": {
      "available_instance_resource": "dashboard",
      "resource": 296,
      "name": "Dashboard",
      "description": null,
      "template": null,
      "class_field": null,
      "hidden": 0,
      "sort": 0,
      "form_group": 161
    }
  },
  {
    "model": "core.instanceresource",
    "pk": 180007,
    "fields": {
      "available_instance_resource": "dashboard",
      "resource": 297,
      "name": "Dashboard",
      "description": null,
      "template": null,
      "class_field": null,
      "hidden": 0,
      "sort": 0,
      "form_group": 161
    }
  },
  {
    "model": "core.instanceresource",
    "pk": 180008,
    "fields": {
      "available_instance_resource": "dashboard",
      "resource": 298,
      "name": "Dashboard",
      "description": null,
      "template": null,
      "class_field": null,
      "hidden": 0,
      "sort": 0,
      "form_group": 161
    }
  },
  {
    "model": "core.instanceresource",
    "pk": 180009,
    "fields": {
      "available_instance_resource": "dashboard",
      "resource": 309,
      "name": "Dashboard",
      "description": null,
      "template": null,
      "class_field": null,
      "hidden": 0,
      "sort": 0,
      "form_group": 161
    }
  },
  {
    "model": "core.instanceresource",
    "pk": 180010,
    "fields": {
      "available_instance_resource": "dashboard",
      "resource": 302,
      "name": "Dashboard",
      "description": null,
      "template": null,
      "class_field": null,
      "hidden": 0,
      "sort": 0,
      "form_group": 161
    }
  },
  {
    "model": "core.instanceresource",
    "pk": 180011,
    "fields": {
      "available_instance_resource": "dashboard",
      "resource": 317,
      "name": "Dashboard",
      "description": null,
      "template": null,
      "class_field": null,
      "hidden": 0,
      "sort": 0,
      "form_group": 161
    }
  },
  {
    "model": "core.instanceresource",
    "pk": 2000000,
    "fields": {
      "available_instance_resource": "page",
      "resource": 302,
      "name": "Formular",
      "description": null,
      "template": "/ember/instance.phtml",
      "class_field": null,
      "hidden": 0,
      "sort": 1,
      "form_group": 161
    }
  },
  {
    "model": "core.instanceresource",
    "pk": 2000001,
    "fields": {
      "available_instance_resource": "page",
      "resource": 309,
      "name": "Formular",
      "description": null,
      "template": "/ember/instance.phtml",
      "class_field": null,
      "hidden": 0,
      "sort": 1,
      "form_group": 161
    }
  },
  {
    "model": "core.instanceresource",
    "pk": 2000002,
    "fields": {
      "available_instance_resource": "page",
      "resource": 307,
      "name": "Formular",
      "description": null,
      "template": "/ember/instance.phtml",
      "class_field": null,
      "hidden": 0,
      "sort": 1,
      "form_group": 161
    }
  },
  {
    "model": "core.instanceresource",
    "pk": 2000003,
    "fields": {
      "available_instance_resource": "page",
      "resource": 42,
      "name": "Formular",
      "description": null,
      "template": "/ember/instance.phtml",
      "class_field": null,
      "hidden": 0,
      "sort": 3,
      "form_group": 161
    }
  },
  {
    "model": "core.instanceresource",
    "pk": 2000004,
    "fields": {
      "available_instance_resource": "editnotice",
      "resource": 302,
      "name": "Rückmeldung Gemeinde",
      "description": null,
      "template": null,
      "class_field": null,
      "hidden": 0,
      "sort": 7,
      "form_group": 161
    }
  },
  {
    "model": "core.instanceresource",
    "pk": 12000000,
    "fields": {
      "available_instance_resource": "editformpage",
      "resource": 301,
      "name": "Dossier zurückweisen",
      "description": null,
      "template": null,
      "class_field": null,
      "hidden": 0,
      "sort": 9,
      "form_group": 161
    }
  },
  {
    "model": "core.instanceresource",
    "pk": 12000001,
    "fields": {
      "available_instance_resource": "page",
      "resource": 302,
      "name": "Journal",
      "description": null,
      "template": "/ember-camac-ng/journal.phtml",
      "class_field": null,
      "hidden": 0,
      "sort": 3,
      "form_group": 161
    }
  },
  {
    "model": "core.instanceresource",
    "pk": 12000002,
    "fields": {
      "available_instance_resource": "history",
      "resource": 302,
      "name": "History",
      "description": null,
      "template": null,
      "class_field": null,
      "hidden": 0,
      "sort": 12,
      "form_group": 161
    }
  },
  {
    "model": "core.instanceresource",
    "pk": 12000003,
    "fields": {
      "available_instance_resource": "dashboard",
      "resource": 307,
      "name": "Dashboard",
      "description": null,
      "template": null,
      "class_field": null,
      "hidden": 0,
      "sort": 0,
      "form_group": 161
    }
  },
  {
    "model": "core.instanceresource",
    "pk": 12000004,
    "fields": {
      "available_instance_resource": "page",
      "resource": 288,
      "name": "Journal",
      "description": null,
      "template": "/ember-camac-ng/journal.phtml",
      "class_field": null,
      "hidden": 0,
      "sort": 2,
      "form_group": 161
    }
  },
  {
    "model": "core.instanceresource",
    "pk": 12000005,
    "fields": {
      "available_instance_resource": "page",
      "resource": 264,
      "name": "Journal",
      "description": null,
      "template": "/ember-camac-ng/journal.phtml",
      "class_field": null,
      "hidden": 0,
      "sort": 3,
      "form_group": 161
    }
  },
  {
    "model": "core.instanceresource",
    "pk": 12000006,
    "fields": {
      "available_instance_resource": "page",
      "resource": 296,
      "name": "Journal",
      "description": null,
      "template": "/ember-camac-ng/journal.phtml",
      "class_field": null,
      "hidden": 0,
      "sort": 3,
      "form_group": 161
    }
  },
  {
    "model": "core.instanceresource",
    "pk": 12000007,
    "fields": {
      "available_instance_resource": "page",
      "resource": 297,
      "name": "Journal",
      "description": null,
      "template": "/ember-camac-ng/journal.phtml",
      "class_field": null,
      "hidden": 0,
      "sort": 3,
      "form_group": 161
    }
  },
  {
    "model": "core.instanceresource",
    "pk": 12000008,
    "fields": {
      "available_instance_resource": "page",
      "resource": 289,
      "name": "Journal",
      "description": null,
      "template": "/ember-camac-ng/journal.phtml",
      "class_field": null,
      "hidden": 0,
      "sort": 3,
      "form_group": 161
    }
  },
  {
    "model": "core.instanceresource",
    "pk": 12000009,
    "fields": {
      "available_instance_resource": "page",
      "resource": 298,
      "name": "Journal",
      "description": null,
      "template": "/ember-camac-ng/journal.phtml",
      "class_field": null,
      "hidden": 0,
      "sort": 3,
      "form_group": 161
    }
  },
  {
    "model": "core.instanceresource",
    "pk": 12000010,
    "fields": {
      "available_instance_resource": "page",
      "resource": 301,
      "name": "Zuständigkeit",
      "description": null,
      "template": "/ember-camac-ng/responsible.phtml",
      "class_field": "menu-category-primary",
      "hidden": 0,
      "sort": 15,
      "form_group": 161
    }
  },
  {
    "model": "core.instanceresource",
    "pk": 12000011,
    "fields": {
      "available_instance_resource": "page",
      "resource": 316,
      "name": "Zuständigkeit",
      "description": null,
      "template": "/ember-camac-ng/responsible.phtml",
      "class_field": "menu-category-primary",
      "hidden": 0,
      "sort": 5,
      "form_group": 161
    }
  },
  {
    "model": "core.instanceresource",
    "pk": 12000012,
    "fields": {
      "available_instance_resource": "page",
      "resource": 267,
      "name": "Zuständigkeit",
      "description": null,
      "template": "/ember-camac-ng/responsible.phtml",
      "class_field": "menu-category-primary",
      "hidden": 0,
      "sort": 13,
      "form_group": 161
    }
  },
  {
    "model": "core.instanceresource",
    "pk": 12000013,
    "fields": {
      "available_instance_resource": "page",
      "resource": 288,
      "name": "Zuständigkeit",
      "description": null,
      "template": "/ember-camac-ng/responsible.phtml",
      "class_field": "menu-category-primary",
      "hidden": 0,
      "sort": 10,
      "form_group": 161
    }
  },
  {
    "model": "core.instanceresource",
    "pk": 12000014,
    "fields": {
      "available_instance_resource": "page",
      "resource": 264,
      "name": "Zuständigkeit",
      "description": null,
      "template": "/ember-camac-ng/responsible.phtml",
      "class_field": "menu-category-primary",
      "hidden": 0,
      "sort": 10,
      "form_group": 161
    }
  },
  {
    "model": "core.instanceresource",
    "pk": 12000015,
    "fields": {
      "available_instance_resource": "page",
      "resource": 289,
      "name": "Zuständigkeit",
      "description": null,
      "template": "/ember-camac-ng/responsible.phtml",
      "class_field": "menu-category-primary",
      "hidden": 0,
      "sort": 10,
      "form_group": 161
    }
  },
  {
    "model": "core.instanceresource",
    "pk": 12000016,
    "fields": {
      "available_instance_resource": "page",
      "resource": 296,
      "name": "Zuständigkeit",
      "description": null,
      "template": "/ember-camac-ng/responsible.phtml",
      "class_field": "menu-category-primary",
      "hidden": 0,
      "sort": 9,
      "form_group": 161
    }
  },
  {
    "model": "core.instanceresource",
    "pk": 12000017,
    "fields": {
      "available_instance_resource": "page",
      "resource": 297,
      "name": "Zuständigkeit",
      "description": null,
      "template": "/ember-camac-ng/responsible.phtml",
      "class_field": "menu-category-primary",
      "hidden": 0,
      "sort": 9,
      "form_group": 161
    }
  },
  {
    "model": "core.instanceresource",
    "pk": 12000018,
    "fields": {
      "available_instance_resource": "page",
      "resource": 298,
      "name": "Zuständigkeit",
      "description": null,
      "template": "/ember-camac-ng/responsible.phtml",
      "class_field": "menu-category-primary",
      "hidden": 0,
      "sort": 10,
      "form_group": 161
    }
  },
  {
    "model": "core.instanceresource",
    "pk": 12000019,
    "fields": {
      "available_instance_resource": "page",
      "resource": 302,
      "name": "Zuständigkeit",
      "description": null,
      "template": "/ember-camac-ng/responsible.phtml",
      "class_field": "menu-category-primary",
      "hidden": 0,
      "sort": 13,
      "form_group": 161
    }
  },
  {
    "model": "core.instanceresource",
    "pk": 12000020,
    "fields": {
      "available_instance_resource": "page",
      "resource": 317,
      "name": "Zuständigkeit",
      "description": null,
      "template": "/ember-camac-ng/responsible.phtml",
      "class_field": "menu-category-primary",
      "hidden": 0,
      "sort": 4,
      "form_group": 161
    }
  },
  {
    "model": "core.instanceresource",
    "pk": 14000000,
    "fields": {
      "available_instance_resource": "page",
      "resource": 301,
      "name": "GWR",
      "description": null,
      "template": "/ember-camac-ng/gwr.phtml",
      "class_field": null,
      "hidden": 0,
      "sort": 14,
      "form_group": 161
    }
  },
  {
    "model": "core.instanceresourceaction",
    "pk": 1,
    "fields": {
      "available_instance_resource": "allformpages",
      "available_action": "activation"
    }
  },
  {
    "model": "core.instanceresourceaction",
    "pk": 2,
    "fields": {
      "available_instance_resource": "allformpages",
      "available_action": "checkquery"
    }
  },
  {
    "model": "core.instanceresourceaction",
    "pk": 3,
    "fields": {
      "available_instance_resource": "allformpages",
      "available_action": "copydata"
    }
  },
  {
    "model": "core.instanceresourceaction",
    "pk": 4,
    "fields": {
      "available_instance_resource": "allformpages",
      "available_action": "docx"
    }
  },
  {
    "model": "core.instanceresourceaction",
    "pk": 5,
    "fields": {
      "available_instance_resource": "allformpages",
      "available_action": "email"
    }
  },
  {
    "model": "core.instanceresourceaction",
    "pk": 6,
    "fields": {
      "available_instance_resource": "allformpages",
      "available_action": "formtransition"
    }
  },
  {
    "model": "core.instanceresourceaction",
    "pk": 7,
    "fields": {
      "available_instance_resource": "allformpages",
      "available_action": "location"
    }
  },
  {
    "model": "core.instanceresourceaction",
    "pk": 8,
    "fields": {
      "available_instance_resource": "allformpages",
      "available_action": "pageredirect"
    }
  },
  {
    "model": "core.instanceresourceaction",
    "pk": 9,
    "fields": {
      "available_instance_resource": "allformpages",
      "available_action": "pdf"
    }
  },
  {
    "model": "core.instanceresourceaction",
    "pk": 10,
    "fields": {
      "available_instance_resource": "allformpages",
      "available_action": "php"
    }
  },
  {
    "model": "core.instanceresourceaction",
    "pk": 11,
    "fields": {
      "available_instance_resource": "allformpages",
      "available_action": "proposal"
    }
  },
  {
    "model": "core.instanceresourceaction",
    "pk": 12,
    "fields": {
      "available_instance_resource": "allformpages",
      "available_action": "savepdf"
    }
  },
  {
    "model": "core.instanceresourceaction",
    "pk": 13,
    "fields": {
      "available_instance_resource": "allformpages",
      "available_action": "validate"
    }
  },
  {
    "model": "core.instanceresourceaction",
    "pk": 14,
    "fields": {
      "available_instance_resource": "allformpages",
      "available_action": "workflow"
    }
  },
  {
    "model": "core.instanceresourceaction",
    "pk": 15,
    "fields": {
      "available_instance_resource": "allformpages",
      "available_action": "wsgeocode"
    }
  },
  {
    "model": "core.instanceresourceaction",
    "pk": 16,
    "fields": {
      "available_instance_resource": "circulation",
      "available_action": "activation"
    }
  },
  {
    "model": "core.instanceresourceaction",
    "pk": 17,
    "fields": {
      "available_instance_resource": "circulation",
      "available_action": "checkquery"
    }
  },
  {
    "model": "core.instanceresourceaction",
    "pk": 18,
    "fields": {
      "available_instance_resource": "circulation",
      "available_action": "notification"
    }
  },
  {
    "model": "core.instanceresourceaction",
    "pk": 19,
    "fields": {
      "available_instance_resource": "circulation",
      "available_action": "docx"
    }
  },
  {
    "model": "core.instanceresourceaction",
    "pk": 20,
    "fields": {
      "available_instance_resource": "circulation",
      "available_action": "email"
    }
  },
  {
    "model": "core.instanceresourceaction",
    "pk": 21,
    "fields": {
      "available_instance_resource": "circulation",
      "available_action": "formtransition"
    }
  },
  {
    "model": "core.instanceresourceaction",
    "pk": 22,
    "fields": {
      "available_instance_resource": "circulation",
      "available_action": "pageredirect"
    }
  },
  {
    "model": "core.instanceresourceaction",
    "pk": 23,
    "fields": {
      "available_instance_resource": "circulation",
      "available_action": "pdf"
    }
  },
  {
    "model": "core.instanceresourceaction",
    "pk": 24,
    "fields": {
      "available_instance_resource": "circulation",
      "available_action": "php"
    }
  },
  {
    "model": "core.instanceresourceaction",
    "pk": 25,
    "fields": {
      "available_instance_resource": "circulation",
      "available_action": "proposal"
    }
  },
  {
    "model": "core.instanceresourceaction",
    "pk": 26,
    "fields": {
      "available_instance_resource": "circulation",
      "available_action": "savepdf"
    }
  },
  {
    "model": "core.instanceresourceaction",
    "pk": 27,
    "fields": {
      "available_instance_resource": "circulation",
      "available_action": "validate"
    }
  },
  {
    "model": "core.instanceresourceaction",
    "pk": 28,
    "fields": {
      "available_instance_resource": "circulation",
      "available_action": "workflow"
    }
  },
  {
    "model": "core.instanceresourceaction",
    "pk": 29,
    "fields": {
      "available_instance_resource": "circulation",
      "available_action": "wsgeocode"
    }
  },
  {
    "model": "core.instanceresourceaction",
    "pk": 30,
    "fields": {
      "available_instance_resource": "editcirculation",
      "available_action": "activation"
    }
  },
  {
    "model": "core.instanceresourceaction",
    "pk": 31,
    "fields": {
      "available_instance_resource": "editcirculation",
      "available_action": "checkquery"
    }
  },
  {
    "model": "core.instanceresourceaction",
    "pk": 32,
    "fields": {
      "available_instance_resource": "editcirculation",
      "available_action": "notification"
    }
  },
  {
    "model": "core.instanceresourceaction",
    "pk": 33,
    "fields": {
      "available_instance_resource": "editcirculation",
      "available_action": "docx"
    }
  },
  {
    "model": "core.instanceresourceaction",
    "pk": 34,
    "fields": {
      "available_instance_resource": "editcirculation",
      "available_action": "email"
    }
  },
  {
    "model": "core.instanceresourceaction",
    "pk": 35,
    "fields": {
      "available_instance_resource": "editcirculation",
      "available_action": "formtransition"
    }
  },
  {
    "model": "core.instanceresourceaction",
    "pk": 36,
    "fields": {
      "available_instance_resource": "editcirculation",
      "available_action": "pageredirect"
    }
  },
  {
    "model": "core.instanceresourceaction",
    "pk": 37,
    "fields": {
      "available_instance_resource": "editcirculation",
      "available_action": "pdf"
    }
  },
  {
    "model": "core.instanceresourceaction",
    "pk": 38,
    "fields": {
      "available_instance_resource": "editcirculation",
      "available_action": "php"
    }
  },
  {
    "model": "core.instanceresourceaction",
    "pk": 39,
    "fields": {
      "available_instance_resource": "editcirculation",
      "available_action": "proposal"
    }
  },
  {
    "model": "core.instanceresourceaction",
    "pk": 40,
    "fields": {
      "available_instance_resource": "editcirculation",
      "available_action": "save"
    }
  },
  {
    "model": "core.instanceresourceaction",
    "pk": 41,
    "fields": {
      "available_instance_resource": "editcirculation",
      "available_action": "savepdf"
    }
  },
  {
    "model": "core.instanceresourceaction",
    "pk": 42,
    "fields": {
      "available_instance_resource": "editcirculation",
      "available_action": "validate"
    }
  },
  {
    "model": "core.instanceresourceaction",
    "pk": 43,
    "fields": {
      "available_instance_resource": "editcirculation",
      "available_action": "workflow"
    }
  },
  {
    "model": "core.instanceresourceaction",
    "pk": 44,
    "fields": {
      "available_instance_resource": "editcirculation",
      "available_action": "wsgeocode"
    }
  },
  {
    "model": "core.instanceresourceaction",
    "pk": 45,
    "fields": {
      "available_instance_resource": "editformpage",
      "available_action": "activation"
    }
  },
  {
    "model": "core.instanceresourceaction",
    "pk": 46,
    "fields": {
      "available_instance_resource": "editformpage",
      "available_action": "checkquery"
    }
  },
  {
    "model": "core.instanceresourceaction",
    "pk": 47,
    "fields": {
      "available_instance_resource": "editformpage",
      "available_action": "copydata"
    }
  },
  {
    "model": "core.instanceresourceaction",
    "pk": 48,
    "fields": {
      "available_instance_resource": "editformpage",
      "available_action": "docx"
    }
  },
  {
    "model": "core.instanceresourceaction",
    "pk": 49,
    "fields": {
      "available_instance_resource": "editformpage",
      "available_action": "email"
    }
  },
  {
    "model": "core.instanceresourceaction",
    "pk": 50,
    "fields": {
      "available_instance_resource": "editformpage",
      "available_action": "formtransition"
    }
  },
  {
    "model": "core.instanceresourceaction",
    "pk": 51,
    "fields": {
      "available_instance_resource": "editformpage",
      "available_action": "location"
    }
  },
  {
    "model": "core.instanceresourceaction",
    "pk": 52,
    "fields": {
      "available_instance_resource": "editformpage",
      "available_action": "pageredirect"
    }
  },
  {
    "model": "core.instanceresourceaction",
    "pk": 53,
    "fields": {
      "available_instance_resource": "editformpage",
      "available_action": "pdf"
    }
  },
  {
    "model": "core.instanceresourceaction",
    "pk": 54,
    "fields": {
      "available_instance_resource": "editformpage",
      "available_action": "php"
    }
  },
  {
    "model": "core.instanceresourceaction",
    "pk": 55,
    "fields": {
      "available_instance_resource": "editformpage",
      "available_action": "proposal"
    }
  },
  {
    "model": "core.instanceresourceaction",
    "pk": 56,
    "fields": {
      "available_instance_resource": "editformpage",
      "available_action": "save"
    }
  },
  {
    "model": "core.instanceresourceaction",
    "pk": 57,
    "fields": {
      "available_instance_resource": "editformpage",
      "available_action": "savepdf"
    }
  },
  {
    "model": "core.instanceresourceaction",
    "pk": 58,
    "fields": {
      "available_instance_resource": "editformpage",
      "available_action": "validate"
    }
  },
  {
    "model": "core.instanceresourceaction",
    "pk": 59,
    "fields": {
      "available_instance_resource": "editformpage",
      "available_action": "workflow"
    }
  },
  {
    "model": "core.instanceresourceaction",
    "pk": 60,
    "fields": {
      "available_instance_resource": "editformpage",
      "available_action": "wsgeocode"
    }
  },
  {
    "model": "core.instanceresourceaction",
    "pk": 61,
    "fields": {
      "available_instance_resource": "editformpages",
      "available_action": "activation"
    }
  },
  {
    "model": "core.instanceresourceaction",
    "pk": 62,
    "fields": {
      "available_instance_resource": "editformpages",
      "available_action": "checkquery"
    }
  },
  {
    "model": "core.instanceresourceaction",
    "pk": 63,
    "fields": {
      "available_instance_resource": "editformpages",
      "available_action": "copydata"
    }
  },
  {
    "model": "core.instanceresourceaction",
    "pk": 64,
    "fields": {
      "available_instance_resource": "editformpages",
      "available_action": "docx"
    }
  },
  {
    "model": "core.instanceresourceaction",
    "pk": 65,
    "fields": {
      "available_instance_resource": "editformpages",
      "available_action": "email"
    }
  },
  {
    "model": "core.instanceresourceaction",
    "pk": 66,
    "fields": {
      "available_instance_resource": "editformpages",
      "available_action": "formtransition"
    }
  },
  {
    "model": "core.instanceresourceaction",
    "pk": 67,
    "fields": {
      "available_instance_resource": "editformpages",
      "available_action": "location"
    }
  },
  {
    "model": "core.instanceresourceaction",
    "pk": 68,
    "fields": {
      "available_instance_resource": "editformpages",
      "available_action": "pageredirect"
    }
  },
  {
    "model": "core.instanceresourceaction",
    "pk": 69,
    "fields": {
      "available_instance_resource": "editformpages",
      "available_action": "pdf"
    }
  },
  {
    "model": "core.instanceresourceaction",
    "pk": 70,
    "fields": {
      "available_instance_resource": "editformpages",
      "available_action": "php"
    }
  },
  {
    "model": "core.instanceresourceaction",
    "pk": 71,
    "fields": {
      "available_instance_resource": "editformpages",
      "available_action": "proposal"
    }
  },
  {
    "model": "core.instanceresourceaction",
    "pk": 72,
    "fields": {
      "available_instance_resource": "editformpages",
      "available_action": "save"
    }
  },
  {
    "model": "core.instanceresourceaction",
    "pk": 73,
    "fields": {
      "available_instance_resource": "editformpages",
      "available_action": "savepdf"
    }
  },
  {
    "model": "core.instanceresourceaction",
    "pk": 74,
    "fields": {
      "available_instance_resource": "editformpages",
      "available_action": "validate"
    }
  },
  {
    "model": "core.instanceresourceaction",
    "pk": 75,
    "fields": {
      "available_instance_resource": "editformpages",
      "available_action": "workflow"
    }
  },
  {
    "model": "core.instanceresourceaction",
    "pk": 76,
    "fields": {
      "available_instance_resource": "editformpages",
      "available_action": "wsgeocode"
    }
  },
  {
    "model": "core.instanceresourceaction",
    "pk": 77,
    "fields": {
      "available_instance_resource": "editletter",
      "available_action": "checkquery"
    }
  },
  {
    "model": "core.instanceresourceaction",
    "pk": 78,
    "fields": {
      "available_instance_resource": "editletter",
      "available_action": "email"
    }
  },
  {
    "model": "core.instanceresourceaction",
    "pk": 79,
    "fields": {
      "available_instance_resource": "editletter",
      "available_action": "formtransition"
    }
  },
  {
    "model": "core.instanceresourceaction",
    "pk": 80,
    "fields": {
      "available_instance_resource": "editletter",
      "available_action": "pageredirect"
    }
  },
  {
    "model": "core.instanceresourceaction",
    "pk": 81,
    "fields": {
      "available_instance_resource": "editletter",
      "available_action": "php"
    }
  },
  {
    "model": "core.instanceresourceaction",
    "pk": 82,
    "fields": {
      "available_instance_resource": "editletter",
      "available_action": "save"
    }
  },
  {
    "model": "core.instanceresourceaction",
    "pk": 83,
    "fields": {
      "available_instance_resource": "editletter",
      "available_action": "savepdf"
    }
  },
  {
    "model": "core.instanceresourceaction",
    "pk": 84,
    "fields": {
      "available_instance_resource": "editletter",
      "available_action": "validate"
    }
  },
  {
    "model": "core.instanceresourceaction",
    "pk": 85,
    "fields": {
      "available_instance_resource": "editletter",
      "available_action": "wsgeocode"
    }
  },
  {
    "model": "core.instanceresourceaction",
    "pk": 86,
    "fields": {
      "available_instance_resource": "editnotice",
      "available_action": "activation"
    }
  },
  {
    "model": "core.instanceresourceaction",
    "pk": 87,
    "fields": {
      "available_instance_resource": "editnotice",
      "available_action": "checkquery"
    }
  },
  {
    "model": "core.instanceresourceaction",
    "pk": 88,
    "fields": {
      "available_instance_resource": "editnotice",
      "available_action": "circulationtransition"
    }
  },
  {
    "model": "core.instanceresourceaction",
    "pk": 89,
    "fields": {
      "available_instance_resource": "editnotice",
      "available_action": "docx"
    }
  },
  {
    "model": "core.instanceresourceaction",
    "pk": 90,
    "fields": {
      "available_instance_resource": "editnotice",
      "available_action": "email"
    }
  },
  {
    "model": "core.instanceresourceaction",
    "pk": 91,
    "fields": {
      "available_instance_resource": "editnotice",
      "available_action": "formtransition"
    }
  },
  {
    "model": "core.instanceresourceaction",
    "pk": 92,
    "fields": {
      "available_instance_resource": "editnotice",
      "available_action": "notice"
    }
  },
  {
    "model": "core.instanceresourceaction",
    "pk": 93,
    "fields": {
      "available_instance_resource": "editnotice",
      "available_action": "pageredirect"
    }
  },
  {
    "model": "core.instanceresourceaction",
    "pk": 94,
    "fields": {
      "available_instance_resource": "editnotice",
      "available_action": "pdf"
    }
  },
  {
    "model": "core.instanceresourceaction",
    "pk": 95,
    "fields": {
      "available_instance_resource": "editnotice",
      "available_action": "php"
    }
  },
  {
    "model": "core.instanceresourceaction",
    "pk": 96,
    "fields": {
      "available_instance_resource": "editnotice",
      "available_action": "proposal"
    }
  },
  {
    "model": "core.instanceresourceaction",
    "pk": 97,
    "fields": {
      "available_instance_resource": "editnotice",
      "available_action": "save"
    }
  },
  {
    "model": "core.instanceresourceaction",
    "pk": 98,
    "fields": {
      "available_instance_resource": "editnotice",
      "available_action": "savepdf"
    }
  },
  {
    "model": "core.instanceresourceaction",
    "pk": 99,
    "fields": {
      "available_instance_resource": "editnotice",
      "available_action": "validate"
    }
  },
  {
    "model": "core.instanceresourceaction",
    "pk": 100,
    "fields": {
      "available_instance_resource": "editnotice",
      "available_action": "workflow"
    }
  },
  {
    "model": "core.instanceresourceaction",
    "pk": 101,
    "fields": {
      "available_instance_resource": "editnotice",
      "available_action": "wsgeocode"
    }
  },
  {
    "model": "core.instanceresourceaction",
    "pk": 102,
    "fields": {
      "available_instance_resource": "formpage",
      "available_action": "checkquery"
    }
  },
  {
    "model": "core.instanceresourceaction",
    "pk": 103,
    "fields": {
      "available_instance_resource": "formpage",
      "available_action": "copydata"
    }
  },
  {
    "model": "core.instanceresourceaction",
    "pk": 104,
    "fields": {
      "available_instance_resource": "formpage",
      "available_action": "email"
    }
  },
  {
    "model": "core.instanceresourceaction",
    "pk": 105,
    "fields": {
      "available_instance_resource": "formpage",
      "available_action": "formtransition"
    }
  },
  {
    "model": "core.instanceresourceaction",
    "pk": 106,
    "fields": {
      "available_instance_resource": "formpage",
      "available_action": "location"
    }
  },
  {
    "model": "core.instanceresourceaction",
    "pk": 107,
    "fields": {
      "available_instance_resource": "formpage",
      "available_action": "pageredirect"
    }
  },
  {
    "model": "core.instanceresourceaction",
    "pk": 108,
    "fields": {
      "available_instance_resource": "formpage",
      "available_action": "php"
    }
  },
  {
    "model": "core.instanceresourceaction",
    "pk": 109,
    "fields": {
      "available_instance_resource": "formpage",
      "available_action": "proposal"
    }
  },
  {
    "model": "core.instanceresourceaction",
    "pk": 110,
    "fields": {
      "available_instance_resource": "formpage",
      "available_action": "savepdf"
    }
  },
  {
    "model": "core.instanceresourceaction",
    "pk": 111,
    "fields": {
      "available_instance_resource": "formpage",
      "available_action": "validate"
    }
  },
  {
    "model": "core.instanceresourceaction",
    "pk": 112,
    "fields": {
      "available_instance_resource": "formpage",
      "available_action": "wsgeocode"
    }
  },
  {
    "model": "core.instanceresourceaction",
    "pk": 113,
    "fields": {
      "available_instance_resource": "formpages",
      "available_action": "activation"
    }
  },
  {
    "model": "core.instanceresourceaction",
    "pk": 114,
    "fields": {
      "available_instance_resource": "formpages",
      "available_action": "checkquery"
    }
  },
  {
    "model": "core.instanceresourceaction",
    "pk": 115,
    "fields": {
      "available_instance_resource": "formpages",
      "available_action": "copydata"
    }
  },
  {
    "model": "core.instanceresourceaction",
    "pk": 116,
    "fields": {
      "available_instance_resource": "formpages",
      "available_action": "docx"
    }
  },
  {
    "model": "core.instanceresourceaction",
    "pk": 117,
    "fields": {
      "available_instance_resource": "formpages",
      "available_action": "email"
    }
  },
  {
    "model": "core.instanceresourceaction",
    "pk": 118,
    "fields": {
      "available_instance_resource": "formpages",
      "available_action": "formtransition"
    }
  },
  {
    "model": "core.instanceresourceaction",
    "pk": 119,
    "fields": {
      "available_instance_resource": "formpages",
      "available_action": "location"
    }
  },
  {
    "model": "core.instanceresourceaction",
    "pk": 120,
    "fields": {
      "available_instance_resource": "formpages",
      "available_action": "pageredirect"
    }
  },
  {
    "model": "core.instanceresourceaction",
    "pk": 121,
    "fields": {
      "available_instance_resource": "formpages",
      "available_action": "pdf"
    }
  },
  {
    "model": "core.instanceresourceaction",
    "pk": 122,
    "fields": {
      "available_instance_resource": "formpages",
      "available_action": "php"
    }
  },
  {
    "model": "core.instanceresourceaction",
    "pk": 123,
    "fields": {
      "available_instance_resource": "formpages",
      "available_action": "proposal"
    }
  },
  {
    "model": "core.instanceresourceaction",
    "pk": 124,
    "fields": {
      "available_instance_resource": "formpages",
      "available_action": "savepdf"
    }
  },
  {
    "model": "core.instanceresourceaction",
    "pk": 125,
    "fields": {
      "available_instance_resource": "formpages",
      "available_action": "validate"
    }
  },
  {
    "model": "core.instanceresourceaction",
    "pk": 126,
    "fields": {
      "available_instance_resource": "formpages",
      "available_action": "workflow"
    }
  },
  {
    "model": "core.instanceresourceaction",
    "pk": 127,
    "fields": {
      "available_instance_resource": "formpages",
      "available_action": "wsgeocode"
    }
  },
  {
    "model": "core.instanceresourceaction",
    "pk": 128,
    "fields": {
      "available_instance_resource": "formwizard",
      "available_action": "checkquery"
    }
  },
  {
    "model": "core.instanceresourceaction",
    "pk": 129,
    "fields": {
      "available_instance_resource": "formwizard",
      "available_action": "copydata"
    }
  },
  {
    "model": "core.instanceresourceaction",
    "pk": 130,
    "fields": {
      "available_instance_resource": "formwizard",
      "available_action": "email"
    }
  },
  {
    "model": "core.instanceresourceaction",
    "pk": 131,
    "fields": {
      "available_instance_resource": "formwizard",
      "available_action": "formtransition"
    }
  },
  {
    "model": "core.instanceresourceaction",
    "pk": 132,
    "fields": {
      "available_instance_resource": "formwizard",
      "available_action": "location"
    }
  },
  {
    "model": "core.instanceresourceaction",
    "pk": 133,
    "fields": {
      "available_instance_resource": "formwizard",
      "available_action": "pageredirect"
    }
  },
  {
    "model": "core.instanceresourceaction",
    "pk": 134,
    "fields": {
      "available_instance_resource": "formwizard",
      "available_action": "php"
    }
  },
  {
    "model": "core.instanceresourceaction",
    "pk": 135,
    "fields": {
      "available_instance_resource": "formwizard",
      "available_action": "proposal"
    }
  },
  {
    "model": "core.instanceresourceaction",
    "pk": 136,
    "fields": {
      "available_instance_resource": "formwizard",
      "available_action": "wsgeocode"
    }
  },
  {
    "model": "core.instanceresourceaction",
    "pk": 137,
    "fields": {
      "available_instance_resource": "history",
      "available_action": "checkquery"
    }
  },
  {
    "model": "core.instanceresourceaction",
    "pk": 138,
    "fields": {
      "available_instance_resource": "history",
      "available_action": "email"
    }
  },
  {
    "model": "core.instanceresourceaction",
    "pk": 139,
    "fields": {
      "available_instance_resource": "history",
      "available_action": "php"
    }
  },
  {
    "model": "core.instanceresourceaction",
    "pk": 140,
    "fields": {
      "available_instance_resource": "history",
      "available_action": "wsgeocode"
    }
  },
  {
    "model": "core.instanceresourceaction",
    "pk": 141,
    "fields": {
      "available_instance_resource": "letter",
      "available_action": "checkquery"
    }
  },
  {
    "model": "core.instanceresourceaction",
    "pk": 142,
    "fields": {
      "available_instance_resource": "letter",
      "available_action": "email"
    }
  },
  {
    "model": "core.instanceresourceaction",
    "pk": 143,
    "fields": {
      "available_instance_resource": "letter",
      "available_action": "formtransition"
    }
  },
  {
    "model": "core.instanceresourceaction",
    "pk": 144,
    "fields": {
      "available_instance_resource": "letter",
      "available_action": "pageredirect"
    }
  },
  {
    "model": "core.instanceresourceaction",
    "pk": 145,
    "fields": {
      "available_instance_resource": "letter",
      "available_action": "php"
    }
  },
  {
    "model": "core.instanceresourceaction",
    "pk": 146,
    "fields": {
      "available_instance_resource": "letter",
      "available_action": "savepdf"
    }
  },
  {
    "model": "core.instanceresourceaction",
    "pk": 147,
    "fields": {
      "available_instance_resource": "letter",
      "available_action": "validate"
    }
  },
  {
    "model": "core.instanceresourceaction",
    "pk": 148,
    "fields": {
      "available_instance_resource": "letter",
      "available_action": "wsgeocode"
    }
  },
  {
    "model": "core.instanceresourceaction",
    "pk": 149,
    "fields": {
      "available_instance_resource": "newform",
      "available_action": "activation"
    }
  },
  {
    "model": "core.instanceresourceaction",
    "pk": 150,
    "fields": {
      "available_instance_resource": "newform",
      "available_action": "checkquery"
    }
  },
  {
    "model": "core.instanceresourceaction",
    "pk": 151,
    "fields": {
      "available_instance_resource": "newform",
      "available_action": "copydata"
    }
  },
  {
    "model": "core.instanceresourceaction",
    "pk": 152,
    "fields": {
      "available_instance_resource": "newform",
      "available_action": "docx"
    }
  },
  {
    "model": "core.instanceresourceaction",
    "pk": 153,
    "fields": {
      "available_instance_resource": "newform",
      "available_action": "email"
    }
  },
  {
    "model": "core.instanceresourceaction",
    "pk": 154,
    "fields": {
      "available_instance_resource": "newform",
      "available_action": "location"
    }
  },
  {
    "model": "core.instanceresourceaction",
    "pk": 155,
    "fields": {
      "available_instance_resource": "newform",
      "available_action": "pdf"
    }
  },
  {
    "model": "core.instanceresourceaction",
    "pk": 156,
    "fields": {
      "available_instance_resource": "newform",
      "available_action": "php"
    }
  },
  {
    "model": "core.instanceresourceaction",
    "pk": 157,
    "fields": {
      "available_instance_resource": "newform",
      "available_action": "proposal"
    }
  },
  {
    "model": "core.instanceresourceaction",
    "pk": 158,
    "fields": {
      "available_instance_resource": "newform",
      "available_action": "save"
    }
  },
  {
    "model": "core.instanceresourceaction",
    "pk": 159,
    "fields": {
      "available_instance_resource": "newform",
      "available_action": "savepdf"
    }
  },
  {
    "model": "core.instanceresourceaction",
    "pk": 160,
    "fields": {
      "available_instance_resource": "newform",
      "available_action": "workflow"
    }
  },
  {
    "model": "core.instanceresourceaction",
    "pk": 161,
    "fields": {
      "available_instance_resource": "newform",
      "available_action": "wsgeocode"
    }
  },
  {
    "model": "core.instanceresourceaction",
    "pk": 162,
    "fields": {
      "available_instance_resource": "page",
      "available_action": "activation"
    }
  },
  {
    "model": "core.instanceresourceaction",
    "pk": 163,
    "fields": {
      "available_instance_resource": "page",
      "available_action": "checkquery"
    }
  },
  {
    "model": "core.instanceresourceaction",
    "pk": 164,
    "fields": {
      "available_instance_resource": "page",
      "available_action": "docx"
    }
  },
  {
    "model": "core.instanceresourceaction",
    "pk": 165,
    "fields": {
      "available_instance_resource": "page",
      "available_action": "email"
    }
  },
  {
    "model": "core.instanceresourceaction",
    "pk": 166,
    "fields": {
      "available_instance_resource": "page",
      "available_action": "formtransition"
    }
  },
  {
    "model": "core.instanceresourceaction",
    "pk": 167,
    "fields": {
      "available_instance_resource": "page",
      "available_action": "pageredirect"
    }
  },
  {
    "model": "core.instanceresourceaction",
    "pk": 168,
    "fields": {
      "available_instance_resource": "page",
      "available_action": "pdf"
    }
  },
  {
    "model": "core.instanceresourceaction",
    "pk": 169,
    "fields": {
      "available_instance_resource": "page",
      "available_action": "php"
    }
  },
  {
    "model": "core.instanceresourceaction",
    "pk": 170,
    "fields": {
      "available_instance_resource": "page",
      "available_action": "proposal"
    }
  },
  {
    "model": "core.instanceresourceaction",
    "pk": 171,
    "fields": {
      "available_instance_resource": "page",
      "available_action": "savepdf"
    }
  },
  {
    "model": "core.instanceresourceaction",
    "pk": 172,
    "fields": {
      "available_instance_resource": "page",
      "available_action": "validate"
    }
  },
  {
    "model": "core.instanceresourceaction",
    "pk": 173,
    "fields": {
      "available_instance_resource": "page",
      "available_action": "workflow"
    }
  },
  {
    "model": "core.instanceresourceaction",
    "pk": 174,
    "fields": {
      "available_instance_resource": "page",
      "available_action": "wsgeocode"
    }
  },
  {
    "model": "core.instanceresourceaction",
    "pk": 175,
    "fields": {
      "available_instance_resource": "publication",
      "available_action": "docx"
    }
  },
  {
    "model": "core.instanceresourceaction",
    "pk": 176,
    "fields": {
      "available_instance_resource": "newform",
      "available_action": "copyanswer"
    }
  },
  {
    "model": "core.instanceresourceaction",
    "pk": 177,
    "fields": {
      "available_instance_resource": "editformpage",
      "available_action": "copyanswer"
    }
  },
  {
    "model": "core.instanceresourceaction",
    "pk": 178,
    "fields": {
      "available_instance_resource": "editformpages",
      "available_action": "copyanswer"
    }
  },
  {
    "model": "core.instanceresourceaction",
    "pk": 179,
    "fields": {
      "available_instance_resource": "formpage",
      "available_action": "copyanswer"
    }
  },
  {
    "model": "core.instanceresourceaction",
    "pk": 180,
    "fields": {
      "available_instance_resource": "formpages",
      "available_action": "copyanswer"
    }
  },
  {
    "model": "core.instanceresourceaction",
    "pk": 181,
    "fields": {
      "available_instance_resource": "allformpages",
      "available_action": "copyanswer"
    }
  },
  {
    "model": "core.instanceresourceaction",
    "pk": 182,
    "fields": {
      "available_instance_resource": "editcirculation",
      "available_action": "copyanswer"
    }
  },
  {
    "model": "core.instanceresourceaction",
    "pk": 183,
    "fields": {
      "available_instance_resource": "formwizard",
      "available_action": "copyanswer"
    }
  },
  {
    "model": "core.instanceresourceaction",
    "pk": 184,
    "fields": {
      "available_instance_resource": "editformpage",
      "available_action": "deletecirculation"
    }
  },
  {
    "model": "core.instanceresourceaction",
    "pk": 185,
    "fields": {
      "available_instance_resource": "editformpages",
      "available_action": "deletecirculation"
    }
  },
  {
    "model": "core.instanceresourceaction",
    "pk": 186,
    "fields": {
      "available_instance_resource": "formpage",
      "available_action": "deletecirculation"
    }
  },
  {
    "model": "core.instanceresourceaction",
    "pk": 187,
    "fields": {
      "available_instance_resource": "formpages",
      "available_action": "deletecirculation"
    }
  },
  {
    "model": "core.instanceresourceaction",
    "pk": 188,
    "fields": {
      "available_instance_resource": "allformpages",
      "available_action": "deletecirculation"
    }
  },
  {
    "model": "core.instanceresourceaction",
    "pk": 189,
    "fields": {
      "available_instance_resource": "formerror",
      "available_action": "deletecirculation"
    }
  },
  {
    "model": "core.instanceresourceaction",
    "pk": 190,
    "fields": {
      "available_instance_resource": "formwizard",
      "available_action": "deletecirculation"
    }
  },
  {
    "model": "core.instanceresourceaction",
    "pk": 191,
    "fields": {
      "available_instance_resource": "editcirculation",
      "available_action": "deletecirculation"
    }
  },
  {
    "model": "core.instanceresourceaction",
    "pk": 192,
    "fields": {
      "available_instance_resource": "circulation",
      "available_action": "deletecirculation"
    }
  },
  {
    "model": "core.instanceresourceaction",
    "pk": 193,
    "fields": {
      "available_instance_resource": "editnotice",
      "available_action": "deletecirculation"
    }
  },
  {
    "model": "core.instanceresourceaction",
    "pk": 194,
    "fields": {
      "available_instance_resource": "letter",
      "available_action": "deletecirculation"
    }
  },
  {
    "model": "core.instanceresourceaction",
    "pk": 195,
    "fields": {
      "available_instance_resource": "editletter",
      "available_action": "deletecirculation"
    }
  },
  {
    "model": "core.instanceresourceaction",
    "pk": 196,
    "fields": {
      "available_instance_resource": "page",
      "available_action": "deletecirculation"
    }
  },
  {
    "model": "core.instanceresourceaction",
    "pk": 197,
    "fields": {
      "available_instance_resource": "editformpage",
      "available_action": "circulationemail"
    }
  },
  {
    "model": "core.instanceresourceaction",
    "pk": 198,
    "fields": {
      "available_instance_resource": "editformpages",
      "available_action": "circulationemail"
    }
  },
  {
    "model": "core.instanceresourceaction",
    "pk": 199,
    "fields": {
      "available_instance_resource": "formpage",
      "available_action": "circulationemail"
    }
  },
  {
    "model": "core.instanceresourceaction",
    "pk": 200,
    "fields": {
      "available_instance_resource": "formpages",
      "available_action": "circulationemail"
    }
  },
  {
    "model": "core.instanceresourceaction",
    "pk": 201,
    "fields": {
      "available_instance_resource": "allformpages",
      "available_action": "circulationemail"
    }
  },
  {
    "model": "core.instanceresourceaction",
    "pk": 202,
    "fields": {
      "available_instance_resource": "formerror",
      "available_action": "circulationemail"
    }
  },
  {
    "model": "core.instanceresourceaction",
    "pk": 203,
    "fields": {
      "available_instance_resource": "formwizard",
      "available_action": "circulationemail"
    }
  },
  {
    "model": "core.instanceresourceaction",
    "pk": 204,
    "fields": {
      "available_instance_resource": "editcirculation",
      "available_action": "circulationemail"
    }
  },
  {
    "model": "core.instanceresourceaction",
    "pk": 205,
    "fields": {
      "available_instance_resource": "circulation",
      "available_action": "circulationemail"
    }
  },
  {
    "model": "core.instanceresourceaction",
    "pk": 206,
    "fields": {
      "available_instance_resource": "editnotice",
      "available_action": "circulationemail"
    }
  },
  {
    "model": "core.instanceresourceaction",
    "pk": 207,
    "fields": {
      "available_instance_resource": "letter",
      "available_action": "circulationemail"
    }
  },
  {
    "model": "core.instanceresourceaction",
    "pk": 208,
    "fields": {
      "available_instance_resource": "editletter",
      "available_action": "circulationemail"
    }
  },
  {
    "model": "core.instanceresourceaction",
    "pk": 209,
    "fields": {
      "available_instance_resource": "page",
      "available_action": "circulationemail"
    }
  },
  {
    "model": "core.instanceresourceaction",
    "pk": 20000,
    "fields": {
      "available_instance_resource": "page",
      "available_action": "addhistory"
    }
  },
  {
    "model": "core.instanceresourceaction",
    "pk": 20001,
    "fields": {
      "available_instance_resource": "publication",
      "available_action": "addhistory"
    }
  },
  {
    "model": "core.instanceresourceaction",
    "pk": 20002,
    "fields": {
      "available_instance_resource": "workflow",
      "available_action": "addhistory"
    }
  },
  {
    "model": "core.instanceresourceaction",
    "pk": 20003,
    "fields": {
      "available_instance_resource": "editformpages",
      "available_action": "addhistory"
    }
  },
  {
    "model": "core.instanceresourceaction",
    "pk": 20004,
    "fields": {
      "available_instance_resource": "sanction",
      "available_action": "addhistory"
    }
  },
  {
    "model": "core.instanceresourceaction",
    "pk": 20005,
    "fields": {
      "available_instance_resource": "documents_portal",
      "available_action": "addhistory"
    }
  },
  {
    "model": "core.instanceresourceaction",
    "pk": 20006,
    "fields": {
      "available_instance_resource": "circulation",
      "available_action": "addhistory"
    }
  },
  {
    "model": "core.instanceresourceaction",
    "pk": 20007,
    "fields": {
      "available_instance_resource": "billing",
      "available_action": "addhistory"
    }
  },
  {
    "model": "core.instanceresourceaction",
    "pk": 20008,
    "fields": {
      "available_instance_resource": "documents_portal_submit",
      "available_action": "addhistory"
    }
  },
  {
    "model": "core.instanceresourceaction",
    "pk": 20009,
    "fields": {
      "available_instance_resource": "editletter",
      "available_action": "addhistory"
    }
  },
  {
    "model": "core.instanceresourceaction",
    "pk": 20010,
    "fields": {
      "available_instance_resource": "formerror",
      "available_action": "addhistory"
    }
  },
  {
    "model": "core.instanceresourceaction",
    "pk": 20011,
    "fields": {
      "available_instance_resource": "formpages",
      "available_action": "addhistory"
    }
  },
  {
    "model": "core.instanceresourceaction",
    "pk": 20012,
    "fields": {
      "available_instance_resource": "formwizard",
      "available_action": "addhistory"
    }
  },
  {
    "model": "core.instanceresourceaction",
    "pk": 20013,
    "fields": {
      "available_instance_resource": "history",
      "available_action": "addhistory"
    }
  },
  {
    "model": "core.instanceresourceaction",
    "pk": 20014,
    "fields": {
      "available_instance_resource": "editformpage",
      "available_action": "addhistory"
    }
  },
  {
    "model": "core.instanceresourceaction",
    "pk": 20015,
    "fields": {
      "available_instance_resource": "bab",
      "available_action": "addhistory"
    }
  },
  {
    "model": "core.instanceresourceaction",
    "pk": 20016,
    "fields": {
      "available_instance_resource": "allformpages",
      "available_action": "addhistory"
    }
  },
  {
    "model": "core.instanceresourceaction",
    "pk": 20017,
    "fields": {
      "available_instance_resource": "newform",
      "available_action": "addhistory"
    }
  },
  {
    "model": "core.instanceresourceaction",
    "pk": 20018,
    "fields": {
      "available_instance_resource": "letter",
      "available_action": "addhistory"
    }
  },
  {
    "model": "core.instanceresourceaction",
    "pk": 20019,
    "fields": {
      "available_instance_resource": "editcirculation",
      "available_action": "addhistory"
    }
  },
  {
    "model": "core.instanceresourceaction",
    "pk": 20020,
    "fields": {
      "available_instance_resource": "editnotice",
      "available_action": "addhistory"
    }
  },
  {
    "model": "core.instanceresourceaction",
    "pk": 20021,
    "fields": {
      "available_instance_resource": "formpage",
      "available_action": "addhistory"
    }
  },
  {
    "model": "core.instanceresourceaction",
    "pk": 20022,
    "fields": {
      "available_instance_resource": "buildingauthority",
      "available_action": "addhistory"
    }
  },
  {
    "model": "core.instanceresourceaction",
    "pk": 20023,
    "fields": {
      "available_instance_resource": "documents",
      "available_action": "addhistory"
    }
  },
  {
    "model": "core.instanceresourceaction",
    "pk": 12000000,
    "fields": {
      "available_instance_resource": "editformpage",
      "available_action": "notification"
    }
  },
  {
    "model": "core.instanceresourceaction",
    "pk": 12000001,
    "fields": {
      "available_instance_resource": "dashboard",
      "available_action": "activation"
    }
  },
  {
    "model": "core.instanceresourceaction",
    "pk": 12000002,
    "fields": {
      "available_instance_resource": "dashboard",
      "available_action": "checkquery"
    }
  },
  {
    "model": "core.instanceresourceaction",
    "pk": 12000003,
    "fields": {
      "available_instance_resource": "dashboard",
      "available_action": "copydata"
    }
  },
  {
    "model": "core.instanceresourceaction",
    "pk": 12000004,
    "fields": {
      "available_instance_resource": "dashboard",
      "available_action": "docx"
    }
  },
  {
    "model": "core.instanceresourceaction",
    "pk": 12000005,
    "fields": {
      "available_instance_resource": "dashboard",
      "available_action": "email"
    }
  },
  {
    "model": "core.instanceresourceaction",
    "pk": 12000006,
    "fields": {
      "available_instance_resource": "dashboard",
      "available_action": "formtransition"
    }
  },
  {
    "model": "core.instanceresourceaction",
    "pk": 12000007,
    "fields": {
      "available_instance_resource": "dashboard",
      "available_action": "location"
    }
  },
  {
    "model": "core.instanceresourceaction",
    "pk": 12000008,
    "fields": {
      "available_instance_resource": "dashboard",
      "available_action": "pageredirect"
    }
  },
  {
    "model": "core.instanceresourceaction",
    "pk": 12000009,
    "fields": {
      "available_instance_resource": "dashboard",
      "available_action": "pdf"
    }
  },
  {
    "model": "core.instanceresourceaction",
    "pk": 12000010,
    "fields": {
      "available_instance_resource": "dashboard",
      "available_action": "php"
    }
  },
  {
    "model": "core.instanceresourceaction",
    "pk": 12000011,
    "fields": {
      "available_instance_resource": "dashboard",
      "available_action": "proposal"
    }
  },
  {
    "model": "core.instanceresourceaction",
    "pk": 12000012,
    "fields": {
      "available_instance_resource": "dashboard",
      "available_action": "savepdf"
    }
  },
  {
    "model": "core.instanceresourceaction",
    "pk": 12000013,
    "fields": {
      "available_instance_resource": "dashboard",
      "available_action": "validate"
    }
  },
  {
    "model": "core.instanceresourceaction",
    "pk": 12000014,
    "fields": {
      "available_instance_resource": "dashboard",
      "available_action": "workflow"
    }
  },
  {
    "model": "core.instanceresourceaction",
    "pk": 12000015,
    "fields": {
      "available_instance_resource": "dashboard",
      "available_action": "wsgeocode"
    }
  },
  {
    "model": "core.instanceresourceaction",
    "pk": 12000016,
    "fields": {
      "available_instance_resource": "dashboard",
      "available_action": "notification"
    }
  },
  {
    "model": "core.ircirculation",
    "pk": 314,
    "fields": {
      "circulation_type": 41,
      "service": 1,
      "draft_circulation_answer": null,
      "show_notice": 2,
      "show_history": 0,
      "show_all_children": 1,
      "read_notice_template": "",
      "pdf_class": "",
      "service_to_be_interpreted": ""
    }
  },
  {
    "model": "core.ircirculation",
    "pk": 486,
    "fields": {
      "circulation_type": 41,
      "service": 87,
      "draft_circulation_answer": null,
      "show_notice": 2,
      "show_history": 0,
      "show_all_children": 1,
      "read_notice_template": "",
      "pdf_class": "",
      "service_to_be_interpreted": ""
    }
  },
  {
    "model": "core.ircirculation",
    "pk": 646,
    "fields": {
      "circulation_type": 41,
      "service": 302,
      "draft_circulation_answer": null,
      "show_notice": 2,
      "show_history": 0,
      "show_all_children": 1,
      "read_notice_template": "",
      "pdf_class": "",
      "service_to_be_interpreted": ""
    }
  },
  {
    "model": "core.ircirculation",
    "pk": 704,
    "fields": {
      "circulation_type": 41,
      "service": 524,
      "draft_circulation_answer": null,
      "show_notice": 2,
      "show_history": 0,
      "show_all_children": 1,
      "read_notice_template": "",
      "pdf_class": "",
      "service_to_be_interpreted": ""
    }
  },
  {
    "model": "core.ircirculation",
    "pk": 719,
    "fields": {
      "circulation_type": 41,
      "service": 525,
      "draft_circulation_answer": null,
      "show_notice": 2,
      "show_history": 0,
      "show_all_children": 1,
      "read_notice_template": "",
      "pdf_class": "",
      "service_to_be_interpreted": ""
    }
  },
  {
    "model": "core.ircirculation",
    "pk": 727,
    "fields": {
      "circulation_type": 41,
      "service": 545,
      "draft_circulation_answer": null,
      "show_notice": 2,
      "show_history": 0,
      "show_all_children": 1,
      "read_notice_template": "",
      "pdf_class": "",
      "service_to_be_interpreted": ""
    }
  },
  {
    "model": "core.ircirculation",
    "pk": 739,
    "fields": {
      "circulation_type": 41,
      "service": 546,
      "draft_circulation_answer": null,
      "show_notice": 2,
      "show_history": 0,
      "show_all_children": 1,
      "read_notice_template": "",
      "pdf_class": "",
      "service_to_be_interpreted": ""
    }
  },
  {
    "model": "core.ircirculation",
    "pk": 752,
    "fields": {
      "circulation_type": 41,
      "service": 590,
      "draft_circulation_answer": null,
      "show_notice": 2,
      "show_history": 0,
      "show_all_children": 1,
      "read_notice_template": null,
      "pdf_class": null,
      "service_to_be_interpreted": null
    }
  },
  {
    "model": "core.ircirculation",
    "pk": 760,
    "fields": {
      "circulation_type": 62,
      "service": 309,
      "draft_circulation_answer": null,
      "show_notice": 2,
      "show_history": 0,
      "show_all_children": 1,
      "read_notice_template": null,
      "pdf_class": null,
      "service_to_be_interpreted": null
    }
  },
  {
    "model": "core.ircirculation",
    "pk": 765,
    "fields": {
      "circulation_type": 61,
      "service": 301,
      "draft_circulation_answer": null,
      "show_notice": 2,
      "show_history": 0,
      "show_all_children": 1,
      "read_notice_template": null,
      "pdf_class": null,
      "service_to_be_interpreted": null
    }
  },
  {
    "model": "core.ireditcirculation",
    "pk": 315,
    "fields": {
      "circulation_type": 41,
      "draft_circulation_answer": null,
      "show_notice": 1,
      "add_template": null,
      "add_activation_template": null,
      "read_notice_template": null,
      "pdf_class": null,
      "default_circulation_name": "Erste Zirkulation",
      "single_circulation": 1,
      "inherit_notices": 0,
      "display_first_circulation": 1,
      "circulation_email_action_id": null
    }
  },
  {
    "model": "core.ireditcirculation",
    "pk": 387,
    "fields": {
      "circulation_type": 41,
      "draft_circulation_answer": null,
      "show_notice": 1,
      "add_template": "",
      "add_activation_template": "",
      "read_notice_template": "",
      "pdf_class": "",
      "default_circulation_name": "Erste Zirkulation",
      "single_circulation": 0,
      "inherit_notices": 1,
      "display_first_circulation": 0,
      "circulation_email_action_id": null
    }
  },
  {
    "model": "core.ireditcirculation",
    "pk": 467,
    "fields": {
      "circulation_type": 41,
      "draft_circulation_answer": null,
      "show_notice": 1,
      "add_template": null,
      "add_activation_template": null,
      "read_notice_template": null,
      "pdf_class": null,
      "default_circulation_name": "Erste Zirkulation",
      "single_circulation": 1,
      "inherit_notices": 0,
      "display_first_circulation": 1,
      "circulation_email_action_id": null
    }
  },
  {
    "model": "core.ireditcirculation",
    "pk": 625,
    "fields": {
      "circulation_type": 41,
      "draft_circulation_answer": null,
      "show_notice": 1,
      "add_template": null,
      "add_activation_template": null,
      "read_notice_template": null,
      "pdf_class": null,
      "default_circulation_name": "Erste Zirkulation",
      "single_circulation": 1,
      "inherit_notices": 0,
      "display_first_circulation": 1,
      "circulation_email_action_id": null
    }
  },
  {
    "model": "core.ireditcirculation",
    "pk": 702,
    "fields": {
      "circulation_type": 41,
      "draft_circulation_answer": null,
      "show_notice": 1,
      "add_template": null,
      "add_activation_template": null,
      "read_notice_template": null,
      "pdf_class": null,
      "default_circulation_name": "Erste Zirkulation",
      "single_circulation": 1,
      "inherit_notices": 0,
      "display_first_circulation": 1,
      "circulation_email_action_id": null
    }
  },
  {
    "model": "core.ireditcirculation",
    "pk": 717,
    "fields": {
      "circulation_type": 41,
      "draft_circulation_answer": null,
      "show_notice": 1,
      "add_template": "",
      "add_activation_template": "",
      "read_notice_template": "",
      "pdf_class": "",
      "default_circulation_name": "Erste Zirkulation",
      "single_circulation": 1,
      "inherit_notices": 0,
      "display_first_circulation": 1,
      "circulation_email_action_id": null
    }
  },
  {
    "model": "core.ireditcirculation",
    "pk": 726,
    "fields": {
      "circulation_type": 41,
      "draft_circulation_answer": null,
      "show_notice": 1,
      "add_template": "",
      "add_activation_template": "",
      "read_notice_template": "",
      "pdf_class": "",
      "default_circulation_name": "Erste Zirkulation",
      "single_circulation": 1,
      "inherit_notices": 0,
      "display_first_circulation": 1,
      "circulation_email_action_id": null
    }
  },
  {
    "model": "core.ireditcirculation",
    "pk": 738,
    "fields": {
      "circulation_type": 41,
      "draft_circulation_answer": null,
      "show_notice": 1,
      "add_template": "",
      "add_activation_template": "",
      "read_notice_template": "",
      "pdf_class": "",
      "default_circulation_name": "Erste Zirkulation",
      "single_circulation": 1,
      "inherit_notices": 0,
      "display_first_circulation": 1,
      "circulation_email_action_id": null
    }
  },
  {
    "model": "core.ireditcirculation",
    "pk": 753,
    "fields": {
      "circulation_type": 61,
      "draft_circulation_answer": null,
      "show_notice": 1,
      "add_template": null,
      "add_activation_template": null,
      "read_notice_template": null,
      "pdf_class": null,
      "default_circulation_name": "Erste Zirkulation",
      "single_circulation": 1,
      "inherit_notices": 0,
      "display_first_circulation": 1,
      "circulation_email_action_id": null
    }
  },
  {
    "model": "core.ireditcirculation",
    "pk": 763,
    "fields": {
      "circulation_type": 62,
      "draft_circulation_answer": null,
      "show_notice": 1,
      "add_template": null,
      "add_activation_template": null,
      "read_notice_template": null,
      "pdf_class": null,
      "default_circulation_name": "Erste Zirkulation",
      "single_circulation": 1,
      "inherit_notices": 0,
      "display_first_circulation": 1,
      "circulation_email_action_id": null
    }
  },
  {
    "model": "core.ireditcirculationsg",
    "pk": 47,
    "fields": {
      "instance_resource": 315,
      "service_group": 2,
      "localized": 0
    }
  },
  {
    "model": "core.ireditcirculationsg",
    "pk": 122,
    "fields": {
      "instance_resource": 315,
      "service_group": 21,
      "localized": 0
    }
  },
  {
    "model": "core.ireditcirculationsg",
    "pk": 142,
    "fields": {
      "instance_resource": 467,
      "service_group": 21,
      "localized": 0
    }
  },
  {
    "model": "core.ireditcirculationsg",
    "pk": 143,
    "fields": {
      "instance_resource": 467,
      "service_group": 2,
      "localized": 0
    }
  },
  {
    "model": "core.ireditcirculationsg",
    "pk": 163,
    "fields": {
      "instance_resource": 315,
      "service_group": 41,
      "localized": 0
    }
  },
  {
    "model": "core.ireditcirculationsg",
    "pk": 164,
    "fields": {
      "instance_resource": 467,
      "service_group": 41,
      "localized": 0
    }
  },
  {
    "model": "core.ireditcirculationsg",
    "pk": 188,
    "fields": {
      "instance_resource": 467,
      "service_group": 61,
      "localized": 0
    }
  },
  {
    "model": "core.ireditcirculationsg",
    "pk": 189,
    "fields": {
      "instance_resource": 467,
      "service_group": 64,
      "localized": 0
    }
  },
  {
    "model": "core.ireditcirculationsg",
    "pk": 190,
    "fields": {
      "instance_resource": 467,
      "service_group": 65,
      "localized": 0
    }
  },
  {
    "model": "core.ireditcirculationsg",
    "pk": 191,
    "fields": {
      "instance_resource": 467,
      "service_group": 62,
      "localized": 0
    }
  },
  {
    "model": "core.ireditcirculationsg",
    "pk": 192,
    "fields": {
      "instance_resource": 467,
      "service_group": 63,
      "localized": 0
    }
  },
  {
    "model": "core.ireditcirculationsg",
    "pk": 193,
    "fields": {
      "instance_resource": 467,
      "service_group": 66,
      "localized": 0
    }
  },
  {
    "model": "core.ireditcirculationsg",
    "pk": 194,
    "fields": {
      "instance_resource": 315,
      "service_group": 61,
      "localized": 0
    }
  },
  {
    "model": "core.ireditcirculationsg",
    "pk": 195,
    "fields": {
      "instance_resource": 315,
      "service_group": 64,
      "localized": 0
    }
  },
  {
    "model": "core.ireditcirculationsg",
    "pk": 196,
    "fields": {
      "instance_resource": 315,
      "service_group": 65,
      "localized": 0
    }
  },
  {
    "model": "core.ireditcirculationsg",
    "pk": 197,
    "fields": {
      "instance_resource": 315,
      "service_group": 62,
      "localized": 0
    }
  },
  {
    "model": "core.ireditcirculationsg",
    "pk": 198,
    "fields": {
      "instance_resource": 315,
      "service_group": 63,
      "localized": 0
    }
  },
  {
    "model": "core.ireditcirculationsg",
    "pk": 199,
    "fields": {
      "instance_resource": 315,
      "service_group": 66,
      "localized": 0
    }
  },
  {
    "model": "core.ireditcirculationsg",
    "pk": 202,
    "fields": {
      "instance_resource": 625,
      "service_group": 61,
      "localized": 0
    }
  },
  {
    "model": "core.ireditcirculationsg",
    "pk": 203,
    "fields": {
      "instance_resource": 625,
      "service_group": 64,
      "localized": 0
    }
  },
  {
    "model": "core.ireditcirculationsg",
    "pk": 205,
    "fields": {
      "instance_resource": 625,
      "service_group": 41,
      "localized": 0
    }
  },
  {
    "model": "core.ireditcirculationsg",
    "pk": 206,
    "fields": {
      "instance_resource": 625,
      "service_group": 65,
      "localized": 0
    }
  },
  {
    "model": "core.ireditcirculationsg",
    "pk": 207,
    "fields": {
      "instance_resource": 625,
      "service_group": 2,
      "localized": 0
    }
  },
  {
    "model": "core.ireditcirculationsg",
    "pk": 208,
    "fields": {
      "instance_resource": 625,
      "service_group": 21,
      "localized": 0
    }
  },
  {
    "model": "core.ireditcirculationsg",
    "pk": 209,
    "fields": {
      "instance_resource": 625,
      "service_group": 62,
      "localized": 0
    }
  },
  {
    "model": "core.ireditcirculationsg",
    "pk": 210,
    "fields": {
      "instance_resource": 625,
      "service_group": 63,
      "localized": 0
    }
  },
  {
    "model": "core.ireditcirculationsg",
    "pk": 211,
    "fields": {
      "instance_resource": 625,
      "service_group": 66,
      "localized": 0
    }
  },
  {
    "model": "core.ireditcirculationsg",
    "pk": 212,
    "fields": {
      "instance_resource": 702,
      "service_group": 61,
      "localized": 0
    }
  },
  {
    "model": "core.ireditcirculationsg",
    "pk": 213,
    "fields": {
      "instance_resource": 702,
      "service_group": 64,
      "localized": 0
    }
  },
  {
    "model": "core.ireditcirculationsg",
    "pk": 215,
    "fields": {
      "instance_resource": 702,
      "service_group": 2,
      "localized": 0
    }
  },
  {
    "model": "core.ireditcirculationsg",
    "pk": 216,
    "fields": {
      "instance_resource": 702,
      "service_group": 63,
      "localized": 0
    }
  },
  {
    "model": "core.ireditcirculationsg",
    "pk": 217,
    "fields": {
      "instance_resource": 702,
      "service_group": 66,
      "localized": 0
    }
  },
  {
    "model": "core.ireditcirculationsg",
    "pk": 218,
    "fields": {
      "instance_resource": 702,
      "service_group": 65,
      "localized": 0
    }
  },
  {
    "model": "core.ireditcirculationsg",
    "pk": 219,
    "fields": {
      "instance_resource": 702,
      "service_group": 21,
      "localized": 0
    }
  },
  {
    "model": "core.ireditcirculationsg",
    "pk": 220,
    "fields": {
      "instance_resource": 702,
      "service_group": 62,
      "localized": 0
    }
  },
  {
    "model": "core.ireditcirculationsg",
    "pk": 221,
    "fields": {
      "instance_resource": 702,
      "service_group": 41,
      "localized": 0
    }
  },
  {
    "model": "core.ireditcirculationsg",
    "pk": 222,
    "fields": {
      "instance_resource": 717,
      "service_group": 21,
      "localized": 0
    }
  },
  {
    "model": "core.ireditcirculationsg",
    "pk": 223,
    "fields": {
      "instance_resource": 717,
      "service_group": 2,
      "localized": 0
    }
  },
  {
    "model": "core.ireditcirculationsg",
    "pk": 224,
    "fields": {
      "instance_resource": 717,
      "service_group": 65,
      "localized": 0
    }
  },
  {
    "model": "core.ireditcirculationsg",
    "pk": 225,
    "fields": {
      "instance_resource": 717,
      "service_group": 66,
      "localized": 0
    }
  },
  {
    "model": "core.ireditcirculationsg",
    "pk": 226,
    "fields": {
      "instance_resource": 717,
      "service_group": 62,
      "localized": 0
    }
  },
  {
    "model": "core.ireditcirculationsg",
    "pk": 227,
    "fields": {
      "instance_resource": 717,
      "service_group": 61,
      "localized": 0
    }
  },
  {
    "model": "core.ireditcirculationsg",
    "pk": 228,
    "fields": {
      "instance_resource": 717,
      "service_group": 63,
      "localized": 0
    }
  },
  {
    "model": "core.ireditcirculationsg",
    "pk": 229,
    "fields": {
      "instance_resource": 717,
      "service_group": 64,
      "localized": 0
    }
  },
  {
    "model": "core.ireditcirculationsg",
    "pk": 230,
    "fields": {
      "instance_resource": 717,
      "service_group": 41,
      "localized": 0
    }
  },
  {
    "model": "core.ireditcirculationsg",
    "pk": 231,
    "fields": {
      "instance_resource": 726,
      "service_group": 21,
      "localized": 0
    }
  },
  {
    "model": "core.ireditcirculationsg",
    "pk": 232,
    "fields": {
      "instance_resource": 726,
      "service_group": 2,
      "localized": 0
    }
  },
  {
    "model": "core.ireditcirculationsg",
    "pk": 233,
    "fields": {
      "instance_resource": 726,
      "service_group": 65,
      "localized": 0
    }
  },
  {
    "model": "core.ireditcirculationsg",
    "pk": 234,
    "fields": {
      "instance_resource": 726,
      "service_group": 66,
      "localized": 0
    }
  },
  {
    "model": "core.ireditcirculationsg",
    "pk": 235,
    "fields": {
      "instance_resource": 726,
      "service_group": 62,
      "localized": 0
    }
  },
  {
    "model": "core.ireditcirculationsg",
    "pk": 236,
    "fields": {
      "instance_resource": 726,
      "service_group": 61,
      "localized": 0
    }
  },
  {
    "model": "core.ireditcirculationsg",
    "pk": 237,
    "fields": {
      "instance_resource": 726,
      "service_group": 63,
      "localized": 0
    }
  },
  {
    "model": "core.ireditcirculationsg",
    "pk": 238,
    "fields": {
      "instance_resource": 726,
      "service_group": 64,
      "localized": 0
    }
  },
  {
    "model": "core.ireditcirculationsg",
    "pk": 239,
    "fields": {
      "instance_resource": 726,
      "service_group": 41,
      "localized": 0
    }
  },
  {
    "model": "core.ireditcirculationsg",
    "pk": 240,
    "fields": {
      "instance_resource": 738,
      "service_group": 21,
      "localized": 0
    }
  },
  {
    "model": "core.ireditcirculationsg",
    "pk": 241,
    "fields": {
      "instance_resource": 738,
      "service_group": 2,
      "localized": 0
    }
  },
  {
    "model": "core.ireditcirculationsg",
    "pk": 242,
    "fields": {
      "instance_resource": 738,
      "service_group": 65,
      "localized": 0
    }
  },
  {
    "model": "core.ireditcirculationsg",
    "pk": 243,
    "fields": {
      "instance_resource": 738,
      "service_group": 66,
      "localized": 0
    }
  },
  {
    "model": "core.ireditcirculationsg",
    "pk": 244,
    "fields": {
      "instance_resource": 738,
      "service_group": 62,
      "localized": 0
    }
  },
  {
    "model": "core.ireditcirculationsg",
    "pk": 245,
    "fields": {
      "instance_resource": 738,
      "service_group": 61,
      "localized": 0
    }
  },
  {
    "model": "core.ireditcirculationsg",
    "pk": 246,
    "fields": {
      "instance_resource": 738,
      "service_group": 63,
      "localized": 0
    }
  },
  {
    "model": "core.ireditcirculationsg",
    "pk": 247,
    "fields": {
      "instance_resource": 738,
      "service_group": 64,
      "localized": 0
    }
  },
  {
    "model": "core.ireditcirculationsg",
    "pk": 248,
    "fields": {
      "instance_resource": 738,
      "service_group": 41,
      "localized": 0
    }
  },
  {
    "model": "core.ireditcirculationsg",
    "pk": 249,
    "fields": {
      "instance_resource": 753,
      "service_group": 69,
      "localized": 1
    }
  },
  {
    "model": "core.ireditcirculationsg",
    "pk": 250,
    "fields": {
      "instance_resource": 763,
      "service_group": 41,
      "localized": 0
    }
  },
  {
    "model": "core.ireditcirculationsg",
    "pk": 254,
    "fields": {
      "instance_resource": 315,
      "service_group": 70,
      "localized": 0
    }
  },
  {
    "model": "core.ireditcirculationsg",
    "pk": 255,
    "fields": {
      "instance_resource": 625,
      "service_group": 70,
      "localized": 0
    }
  },
  {
    "model": "core.ireditcirculationsg",
    "pk": 256,
    "fields": {
      "instance_resource": 467,
      "service_group": 70,
      "localized": 0
    }
  },
  {
    "model": "core.ireditcirculationsg",
    "pk": 257,
    "fields": {
      "instance_resource": 702,
      "service_group": 70,
      "localized": 0
    }
  },
  {
    "model": "core.ireditcirculationsg",
    "pk": 258,
    "fields": {
      "instance_resource": 717,
      "service_group": 70,
      "localized": 0
    }
  },
  {
    "model": "core.ireditcirculationsg",
    "pk": 259,
    "fields": {
      "instance_resource": 726,
      "service_group": 70,
      "localized": 0
    }
  },
  {
    "model": "core.ireditcirculationsg",
    "pk": 260,
    "fields": {
      "instance_resource": 738,
      "service_group": 70,
      "localized": 0
    }
  },
  {
    "model": "core.ireditcirculationsg",
    "pk": 261,
    "fields": {
      "instance_resource": 763,
      "service_group": 70,
      "localized": 0
    }
  },
  {
    "model": "core.ireditcirculationsg",
    "pk": 262,
    "fields": {
      "instance_resource": 315,
      "service_group": 71,
      "localized": 0
    }
  },
  {
    "model": "core.ireditcirculationsg",
    "pk": 263,
    "fields": {
      "instance_resource": 625,
      "service_group": 71,
      "localized": 0
    }
  },
  {
    "model": "core.ireditcirculationsg",
    "pk": 264,
    "fields": {
      "instance_resource": 738,
      "service_group": 71,
      "localized": 0
    }
  },
  {
    "model": "core.ireditcirculationsg",
    "pk": 265,
    "fields": {
      "instance_resource": 726,
      "service_group": 71,
      "localized": 0
    }
  },
  {
    "model": "core.ireditcirculationsg",
    "pk": 267,
    "fields": {
      "instance_resource": 467,
      "service_group": 71,
      "localized": 0
    }
  },
  {
    "model": "core.ireditcirculationsg",
    "pk": 268,
    "fields": {
      "instance_resource": 702,
      "service_group": 71,
      "localized": 0
    }
  },
  {
    "model": "core.ireditcirculationsg",
    "pk": 269,
    "fields": {
      "instance_resource": 763,
      "service_group": 71,
      "localized": 0
    }
  },
  {
    "model": "core.ireditcirculationsg",
    "pk": 270,
    "fields": {
      "instance_resource": 753,
      "service_group": 72,
      "localized": 0
    }
  },
  {
    "model": "core.ireditcirculationsg",
    "pk": 12000000,
    "fields": {
      "instance_resource": 753,
      "service_group": 41,
      "localized": 1
    }
  },
  {
    "model": "core.ireditformpage",
    "pk": 12000000,
    "fields": {
      "page": 12000000,
      "pdf_class": null
    }
  },
  {
    "model": "core.ireditnotice",
    "pk": 367,
    "fields": {
      "circulation_type": 41,
      "editable_after_deadline": 1,
      "pdf_class": null,
      "edit_notice_template": null,
      "hide_answered_notices": 0,
      "is_always_editable": 1
    }
  },
  {
    "model": "core.ireditnotice",
    "pk": 389,
    "fields": {
      "circulation_type": 41,
      "editable_after_deadline": 0,
      "pdf_class": null,
      "edit_notice_template": null,
      "hide_answered_notices": 1,
      "is_always_editable": 0
    }
  },
  {
    "model": "core.ireditnotice",
    "pk": 757,
    "fields": {
      "circulation_type": 61,
      "editable_after_deadline": 1,
      "pdf_class": null,
      "edit_notice_template": null,
      "hide_answered_notices": 0,
      "is_always_editable": 1
    }
  },
  {
    "model": "core.ireditnotice",
    "pk": 764,
    "fields": {
      "circulation_type": 62,
      "editable_after_deadline": 1,
      "pdf_class": null,
      "edit_notice_template": null,
      "hide_answered_notices": 0,
      "is_always_editable": 1
    }
  },
  {
    "model": "core.ireditnotice",
    "pk": 769,
    "fields": {
      "circulation_type": 61,
      "editable_after_deadline": 1,
      "pdf_class": null,
      "edit_notice_template": null,
      "hide_answered_notices": 0,
      "is_always_editable": 1
    }
  },
  {
    "model": "core.ireditnotice",
    "pk": 2000004,
    "fields": {
      "circulation_type": 61,
      "editable_after_deadline": 1,
      "pdf_class": null,
      "edit_notice_template": null,
      "hide_answered_notices": 0,
      "is_always_editable": 1
    }
  },
  {
    "model": "core.irformpage",
    "pk": 85,
    "fields": {
      "page": 1,
      "pdf_class": null
    }
  },
  {
    "model": "core.irformpage",
    "pk": 225,
    "fields": {
      "page": 1,
      "pdf_class": null
    }
  },
  {
    "model": "core.irformpage",
    "pk": 388,
    "fields": {
      "page": 1,
      "pdf_class": ""
    }
  },
  {
    "model": "core.irformpage",
    "pk": 526,
    "fields": {
      "page": 1,
      "pdf_class": ""
    }
  },
  {
    "model": "core.irformpage",
    "pk": 527,
    "fields": {
      "page": 1,
      "pdf_class": ""
    }
  },
  {
    "model": "core.irformpage",
    "pk": 755,
    "fields": {
      "page": 1,
      "pdf_class": null
    }
  },
  {
    "model": "core.irformpage",
    "pk": 768,
    "fields": {
      "page": 1,
      "pdf_class": null
    }
  },
  {
    "model": "core.irnewform",
    "pk": 1,
    "fields": {
      "instance_state": 21,
      "page_form_group": null
    }
  },
  {
    "model": "core.irpage",
    "pk": 4,
    "fields": {
      "pdf_class": null
    }
  },
  {
    "model": "core.irpage",
    "pk": 285,
    "fields": {
      "pdf_class": ""
    }
  },
  {
    "model": "core.irpage",
    "pk": 327,
    "fields": {
      "pdf_class": null
    }
  },
  {
    "model": "core.irpage",
    "pk": 445,
    "fields": {
      "pdf_class": null
    }
  },
  {
    "model": "core.irpage",
    "pk": 447,
    "fields": {
      "pdf_class": ""
    }
  },
  {
    "model": "core.irpage",
    "pk": 487,
    "fields": {
      "pdf_class": ""
    }
  },
  {
    "model": "core.irpage",
    "pk": 586,
    "fields": {
      "pdf_class": null
    }
  },
  {
    "model": "core.irpage",
    "pk": 605,
    "fields": {
      "pdf_class": null
    }
  },
  {
    "model": "core.irpage",
    "pk": 647,
    "fields": {
      "pdf_class": ""
    }
  },
  {
    "model": "core.irpage",
    "pk": 699,
    "fields": {
      "pdf_class": null
    }
  },
  {
    "model": "core.irpage",
    "pk": 705,
    "fields": {
      "pdf_class": ""
    }
  },
  {
    "model": "core.irpage",
    "pk": 714,
    "fields": {
      "pdf_class": null
    }
  },
  {
    "model": "core.irpage",
    "pk": 723,
    "fields": {
      "pdf_class": null
    }
  },
  {
    "model": "core.irpage",
    "pk": 735,
    "fields": {
      "pdf_class": null
    }
  },
  {
    "model": "core.irpage",
    "pk": 758,
    "fields": {
      "pdf_class": null
    }
  },
  {
    "model": "core.irpage",
    "pk": 771,
    "fields": {
      "pdf_class": null
    }
  },
  {
    "model": "core.irpage",
    "pk": 772,
    "fields": {
      "pdf_class": null
    }
  },
  {
    "model": "core.irpage",
    "pk": 20001,
    "fields": {
      "pdf_class": null
    }
  },
  {
    "model": "core.irpage",
    "pk": 2000000,
    "fields": {
      "pdf_class": null
    }
  },
  {
    "model": "core.irpage",
    "pk": 2000001,
    "fields": {
      "pdf_class": null
    }
  },
  {
    "model": "core.irpage",
    "pk": 2000002,
    "fields": {
      "pdf_class": null
    }
  },
  {
    "model": "core.irpage",
    "pk": 2000003,
    "fields": {
      "pdf_class": null
    }
  },
  {
    "model": "core.irpage",
    "pk": 12000001,
    "fields": {
      "pdf_class": null
    }
  },
  {
    "model": "core.irpage",
    "pk": 12000004,
    "fields": {
      "pdf_class": null
    }
  },
  {
    "model": "core.irpage",
    "pk": 12000005,
    "fields": {
      "pdf_class": null
    }
  },
  {
    "model": "core.irpage",
    "pk": 12000006,
    "fields": {
      "pdf_class": null
    }
  },
  {
    "model": "core.irpage",
    "pk": 12000007,
    "fields": {
      "pdf_class": null
    }
  },
  {
    "model": "core.irpage",
    "pk": 12000008,
    "fields": {
      "pdf_class": null
    }
  },
  {
    "model": "core.irpage",
    "pk": 12000009,
    "fields": {
      "pdf_class": null
    }
  },
  {
    "model": "core.irpage",
    "pk": 12000010,
    "fields": {
      "pdf_class": null
    }
  },
  {
    "model": "core.irpage",
    "pk": 12000011,
    "fields": {
      "pdf_class": null
    }
  },
  {
    "model": "core.irpage",
    "pk": 12000012,
    "fields": {
      "pdf_class": null
    }
  },
  {
    "model": "core.irpage",
    "pk": 12000013,
    "fields": {
      "pdf_class": null
    }
  },
  {
    "model": "core.irpage",
    "pk": 12000014,
    "fields": {
      "pdf_class": null
    }
  },
  {
    "model": "core.irpage",
    "pk": 12000015,
    "fields": {
      "pdf_class": null
    }
  },
  {
    "model": "core.irpage",
    "pk": 12000016,
    "fields": {
      "pdf_class": null
    }
  },
  {
    "model": "core.irpage",
    "pk": 12000017,
    "fields": {
      "pdf_class": null
    }
  },
  {
    "model": "core.irpage",
    "pk": 12000018,
    "fields": {
      "pdf_class": null
    }
  },
  {
    "model": "core.irpage",
    "pk": 12000019,
    "fields": {
      "pdf_class": null
    }
  },
  {
    "model": "core.irpage",
    "pk": 12000020,
    "fields": {
      "pdf_class": null
    }
  },
  {
    "model": "core.irpage",
    "pk": 14000000,
    "fields": {
      "pdf_class": null
    }
  },
  {
    "model": "core.irroleacl",
    "pk": 1,
    "fields": {
      "instance_resource": 1,
      "role": 6,
      "instance_state": 1
    }
  },
  {
    "model": "core.irroleacl",
    "pk": 14,
    "fields": {
      "instance_resource": 4,
      "role": 3,
      "instance_state": 21
    }
  },
  {
    "model": "core.irroleacl",
    "pk": 15,
    "fields": {
      "instance_resource": 4,
      "role": 3,
      "instance_state": 22
    }
  },
  {
    "model": "core.irroleacl",
    "pk": 16,
    "fields": {
      "instance_resource": 4,
      "role": 3,
      "instance_state": 23
    }
  },
  {
    "model": "core.irroleacl",
    "pk": 17,
    "fields": {
      "instance_resource": 4,
      "role": 3,
      "instance_state": 24
    }
  },
  {
    "model": "core.irroleacl",
    "pk": 18,
    "fields": {
      "instance_resource": 4,
      "role": 3,
      "instance_state": 25
    }
  },
  {
    "model": "core.irroleacl",
    "pk": 19,
    "fields": {
      "instance_resource": 4,
      "role": 3,
      "instance_state": 26
    }
  },
  {
    "model": "core.irroleacl",
    "pk": 20,
    "fields": {
      "instance_resource": 4,
      "role": 3,
      "instance_state": 27
    }
  },
  {
    "model": "core.irroleacl",
    "pk": 25,
    "fields": {
      "instance_resource": 46,
      "role": 4,
      "instance_state": 21
    }
  },
  {
    "model": "core.irroleacl",
    "pk": 26,
    "fields": {
      "instance_resource": 46,
      "role": 4,
      "instance_state": 22
    }
  },
  {
    "model": "core.irroleacl",
    "pk": 27,
    "fields": {
      "instance_resource": 46,
      "role": 4,
      "instance_state": 23
    }
  },
  {
    "model": "core.irroleacl",
    "pk": 28,
    "fields": {
      "instance_resource": 46,
      "role": 4,
      "instance_state": 24
    }
  },
  {
    "model": "core.irroleacl",
    "pk": 29,
    "fields": {
      "instance_resource": 46,
      "role": 4,
      "instance_state": 25
    }
  },
  {
    "model": "core.irroleacl",
    "pk": 30,
    "fields": {
      "instance_resource": 46,
      "role": 4,
      "instance_state": 26
    }
  },
  {
    "model": "core.irroleacl",
    "pk": 31,
    "fields": {
      "instance_resource": 46,
      "role": 4,
      "instance_state": 27
    }
  },
  {
    "model": "core.irroleacl",
    "pk": 32,
    "fields": {
      "instance_resource": 46,
      "role": 6,
      "instance_state": 21
    }
  },
  {
    "model": "core.irroleacl",
    "pk": 33,
    "fields": {
      "instance_resource": 46,
      "role": 6,
      "instance_state": 22
    }
  },
  {
    "model": "core.irroleacl",
    "pk": 34,
    "fields": {
      "instance_resource": 46,
      "role": 6,
      "instance_state": 23
    }
  },
  {
    "model": "core.irroleacl",
    "pk": 35,
    "fields": {
      "instance_resource": 46,
      "role": 6,
      "instance_state": 24
    }
  },
  {
    "model": "core.irroleacl",
    "pk": 36,
    "fields": {
      "instance_resource": 46,
      "role": 6,
      "instance_state": 25
    }
  },
  {
    "model": "core.irroleacl",
    "pk": 37,
    "fields": {
      "instance_resource": 46,
      "role": 6,
      "instance_state": 26
    }
  },
  {
    "model": "core.irroleacl",
    "pk": 38,
    "fields": {
      "instance_resource": 46,
      "role": 6,
      "instance_state": 27
    }
  },
  {
    "model": "core.irroleacl",
    "pk": 39,
    "fields": {
      "instance_resource": 46,
      "role": 7,
      "instance_state": 21
    }
  },
  {
    "model": "core.irroleacl",
    "pk": 40,
    "fields": {
      "instance_resource": 46,
      "role": 7,
      "instance_state": 22
    }
  },
  {
    "model": "core.irroleacl",
    "pk": 41,
    "fields": {
      "instance_resource": 46,
      "role": 7,
      "instance_state": 23
    }
  },
  {
    "model": "core.irroleacl",
    "pk": 42,
    "fields": {
      "instance_resource": 46,
      "role": 7,
      "instance_state": 24
    }
  },
  {
    "model": "core.irroleacl",
    "pk": 43,
    "fields": {
      "instance_resource": 46,
      "role": 7,
      "instance_state": 25
    }
  },
  {
    "model": "core.irroleacl",
    "pk": 44,
    "fields": {
      "instance_resource": 46,
      "role": 7,
      "instance_state": 26
    }
  },
  {
    "model": "core.irroleacl",
    "pk": 45,
    "fields": {
      "instance_resource": 85,
      "role": 3,
      "instance_state": 21
    }
  },
  {
    "model": "core.irroleacl",
    "pk": 46,
    "fields": {
      "instance_resource": 85,
      "role": 3,
      "instance_state": 23
    }
  },
  {
    "model": "core.irroleacl",
    "pk": 47,
    "fields": {
      "instance_resource": 85,
      "role": 3,
      "instance_state": 25
    }
  },
  {
    "model": "core.irroleacl",
    "pk": 48,
    "fields": {
      "instance_resource": 85,
      "role": 3,
      "instance_state": 26
    }
  },
  {
    "model": "core.irroleacl",
    "pk": 49,
    "fields": {
      "instance_resource": 85,
      "role": 3,
      "instance_state": 27
    }
  },
  {
    "model": "core.irroleacl",
    "pk": 58,
    "fields": {
      "instance_resource": 145,
      "role": 3,
      "instance_state": 21
    }
  },
  {
    "model": "core.irroleacl",
    "pk": 59,
    "fields": {
      "instance_resource": 145,
      "role": 3,
      "instance_state": 22
    }
  },
  {
    "model": "core.irroleacl",
    "pk": 60,
    "fields": {
      "instance_resource": 145,
      "role": 3,
      "instance_state": 23
    }
  },
  {
    "model": "core.irroleacl",
    "pk": 61,
    "fields": {
      "instance_resource": 145,
      "role": 3,
      "instance_state": 24
    }
  },
  {
    "model": "core.irroleacl",
    "pk": 62,
    "fields": {
      "instance_resource": 145,
      "role": 3,
      "instance_state": 25
    }
  },
  {
    "model": "core.irroleacl",
    "pk": 63,
    "fields": {
      "instance_resource": 145,
      "role": 3,
      "instance_state": 26
    }
  },
  {
    "model": "core.irroleacl",
    "pk": 64,
    "fields": {
      "instance_resource": 145,
      "role": 3,
      "instance_state": 27
    }
  },
  {
    "model": "core.irroleacl",
    "pk": 65,
    "fields": {
      "instance_resource": 145,
      "role": 6,
      "instance_state": 21
    }
  },
  {
    "model": "core.irroleacl",
    "pk": 66,
    "fields": {
      "instance_resource": 145,
      "role": 6,
      "instance_state": 22
    }
  },
  {
    "model": "core.irroleacl",
    "pk": 67,
    "fields": {
      "instance_resource": 145,
      "role": 6,
      "instance_state": 23
    }
  },
  {
    "model": "core.irroleacl",
    "pk": 68,
    "fields": {
      "instance_resource": 145,
      "role": 6,
      "instance_state": 24
    }
  },
  {
    "model": "core.irroleacl",
    "pk": 69,
    "fields": {
      "instance_resource": 145,
      "role": 6,
      "instance_state": 25
    }
  },
  {
    "model": "core.irroleacl",
    "pk": 70,
    "fields": {
      "instance_resource": 145,
      "role": 6,
      "instance_state": 26
    }
  },
  {
    "model": "core.irroleacl",
    "pk": 71,
    "fields": {
      "instance_resource": 145,
      "role": 6,
      "instance_state": 27
    }
  },
  {
    "model": "core.irroleacl",
    "pk": 72,
    "fields": {
      "instance_resource": 165,
      "role": 3,
      "instance_state": 21
    }
  },
  {
    "model": "core.irroleacl",
    "pk": 73,
    "fields": {
      "instance_resource": 165,
      "role": 3,
      "instance_state": 22
    }
  },
  {
    "model": "core.irroleacl",
    "pk": 74,
    "fields": {
      "instance_resource": 165,
      "role": 3,
      "instance_state": 23
    }
  },
  {
    "model": "core.irroleacl",
    "pk": 75,
    "fields": {
      "instance_resource": 165,
      "role": 3,
      "instance_state": 24
    }
  },
  {
    "model": "core.irroleacl",
    "pk": 76,
    "fields": {
      "instance_resource": 165,
      "role": 3,
      "instance_state": 25
    }
  },
  {
    "model": "core.irroleacl",
    "pk": 77,
    "fields": {
      "instance_resource": 165,
      "role": 3,
      "instance_state": 26
    }
  },
  {
    "model": "core.irroleacl",
    "pk": 78,
    "fields": {
      "instance_resource": 165,
      "role": 3,
      "instance_state": 27
    }
  },
  {
    "model": "core.irroleacl",
    "pk": 79,
    "fields": {
      "instance_resource": 185,
      "role": 4,
      "instance_state": 23
    }
  },
  {
    "model": "core.irroleacl",
    "pk": 80,
    "fields": {
      "instance_resource": 185,
      "role": 4,
      "instance_state": 24
    }
  },
  {
    "model": "core.irroleacl",
    "pk": 81,
    "fields": {
      "instance_resource": 185,
      "role": 1021,
      "instance_state": 23
    }
  },
  {
    "model": "core.irroleacl",
    "pk": 82,
    "fields": {
      "instance_resource": 205,
      "role": 3,
      "instance_state": 22
    }
  },
  {
    "model": "core.irroleacl",
    "pk": 83,
    "fields": {
      "instance_resource": 205,
      "role": 3,
      "instance_state": 23
    }
  },
  {
    "model": "core.irroleacl",
    "pk": 84,
    "fields": {
      "instance_resource": 205,
      "role": 3,
      "instance_state": 24
    }
  },
  {
    "model": "core.irroleacl",
    "pk": 85,
    "fields": {
      "instance_resource": 205,
      "role": 3,
      "instance_state": 25
    }
  },
  {
    "model": "core.irroleacl",
    "pk": 86,
    "fields": {
      "instance_resource": 205,
      "role": 3,
      "instance_state": 26
    }
  },
  {
    "model": "core.irroleacl",
    "pk": 87,
    "fields": {
      "instance_resource": 205,
      "role": 3,
      "instance_state": 27
    }
  },
  {
    "model": "core.irroleacl",
    "pk": 91,
    "fields": {
      "instance_resource": 265,
      "role": 6,
      "instance_state": 21
    }
  },
  {
    "model": "core.irroleacl",
    "pk": 92,
    "fields": {
      "instance_resource": 265,
      "role": 6,
      "instance_state": 22
    }
  },
  {
    "model": "core.irroleacl",
    "pk": 93,
    "fields": {
      "instance_resource": 265,
      "role": 6,
      "instance_state": 23
    }
  },
  {
    "model": "core.irroleacl",
    "pk": 94,
    "fields": {
      "instance_resource": 265,
      "role": 6,
      "instance_state": 24
    }
  },
  {
    "model": "core.irroleacl",
    "pk": 95,
    "fields": {
      "instance_resource": 265,
      "role": 6,
      "instance_state": 25
    }
  },
  {
    "model": "core.irroleacl",
    "pk": 96,
    "fields": {
      "instance_resource": 265,
      "role": 6,
      "instance_state": 26
    }
  },
  {
    "model": "core.irroleacl",
    "pk": 97,
    "fields": {
      "instance_resource": 285,
      "role": 6,
      "instance_state": 23
    }
  },
  {
    "model": "core.irroleacl",
    "pk": 98,
    "fields": {
      "instance_resource": 285,
      "role": 6,
      "instance_state": 24
    }
  },
  {
    "model": "core.irroleacl",
    "pk": 99,
    "fields": {
      "instance_resource": 285,
      "role": 6,
      "instance_state": 25
    }
  },
  {
    "model": "core.irroleacl",
    "pk": 100,
    "fields": {
      "instance_resource": 285,
      "role": 6,
      "instance_state": 26
    }
  },
  {
    "model": "core.irroleacl",
    "pk": 101,
    "fields": {
      "instance_resource": 314,
      "role": 3,
      "instance_state": 22
    }
  },
  {
    "model": "core.irroleacl",
    "pk": 102,
    "fields": {
      "instance_resource": 314,
      "role": 3,
      "instance_state": 23
    }
  },
  {
    "model": "core.irroleacl",
    "pk": 103,
    "fields": {
      "instance_resource": 314,
      "role": 3,
      "instance_state": 24
    }
  },
  {
    "model": "core.irroleacl",
    "pk": 104,
    "fields": {
      "instance_resource": 314,
      "role": 3,
      "instance_state": 25
    }
  },
  {
    "model": "core.irroleacl",
    "pk": 105,
    "fields": {
      "instance_resource": 314,
      "role": 3,
      "instance_state": 26
    }
  },
  {
    "model": "core.irroleacl",
    "pk": 106,
    "fields": {
      "instance_resource": 314,
      "role": 3,
      "instance_state": 27
    }
  },
  {
    "model": "core.irroleacl",
    "pk": 107,
    "fields": {
      "instance_resource": 315,
      "role": 3,
      "instance_state": 22
    }
  },
  {
    "model": "core.irroleacl",
    "pk": 108,
    "fields": {
      "instance_resource": 315,
      "role": 3,
      "instance_state": 23
    }
  },
  {
    "model": "core.irroleacl",
    "pk": 109,
    "fields": {
      "instance_resource": 315,
      "role": 3,
      "instance_state": 24
    }
  },
  {
    "model": "core.irroleacl",
    "pk": 110,
    "fields": {
      "instance_resource": 315,
      "role": 3,
      "instance_state": 25
    }
  },
  {
    "model": "core.irroleacl",
    "pk": 111,
    "fields": {
      "instance_resource": 315,
      "role": 3,
      "instance_state": 26
    }
  },
  {
    "model": "core.irroleacl",
    "pk": 112,
    "fields": {
      "instance_resource": 315,
      "role": 3,
      "instance_state": 27
    }
  },
  {
    "model": "core.irroleacl",
    "pk": 113,
    "fields": {
      "instance_resource": 327,
      "role": 4,
      "instance_state": 23
    }
  },
  {
    "model": "core.irroleacl",
    "pk": 114,
    "fields": {
      "instance_resource": 327,
      "role": 4,
      "instance_state": 24
    }
  },
  {
    "model": "core.irroleacl",
    "pk": 115,
    "fields": {
      "instance_resource": 367,
      "role": 4,
      "instance_state": 23
    }
  },
  {
    "model": "core.irroleacl",
    "pk": 116,
    "fields": {
      "instance_resource": 367,
      "role": 4,
      "instance_state": 24
    }
  },
  {
    "model": "core.irroleacl",
    "pk": 117,
    "fields": {
      "instance_resource": 367,
      "role": 1021,
      "instance_state": 23
    }
  },
  {
    "model": "core.irroleacl",
    "pk": 118,
    "fields": {
      "instance_resource": 367,
      "role": 1021,
      "instance_state": 24
    }
  },
  {
    "model": "core.irroleacl",
    "pk": 119,
    "fields": {
      "instance_resource": 387,
      "role": 4,
      "instance_state": 23
    }
  },
  {
    "model": "core.irroleacl",
    "pk": 120,
    "fields": {
      "instance_resource": 388,
      "role": 1021,
      "instance_state": 21
    }
  },
  {
    "model": "core.irroleacl",
    "pk": 121,
    "fields": {
      "instance_resource": 388,
      "role": 1021,
      "instance_state": 22
    }
  },
  {
    "model": "core.irroleacl",
    "pk": 122,
    "fields": {
      "instance_resource": 388,
      "role": 1021,
      "instance_state": 23
    }
  },
  {
    "model": "core.irroleacl",
    "pk": 123,
    "fields": {
      "instance_resource": 388,
      "role": 1021,
      "instance_state": 24
    }
  },
  {
    "model": "core.irroleacl",
    "pk": 124,
    "fields": {
      "instance_resource": 388,
      "role": 1021,
      "instance_state": 25
    }
  },
  {
    "model": "core.irroleacl",
    "pk": 125,
    "fields": {
      "instance_resource": 388,
      "role": 1021,
      "instance_state": 26
    }
  },
  {
    "model": "core.irroleacl",
    "pk": 126,
    "fields": {
      "instance_resource": 388,
      "role": 1021,
      "instance_state": 27
    }
  },
  {
    "model": "core.irroleacl",
    "pk": 127,
    "fields": {
      "instance_resource": 389,
      "role": 4,
      "instance_state": 23
    }
  },
  {
    "model": "core.irroleacl",
    "pk": 128,
    "fields": {
      "instance_resource": 389,
      "role": 4,
      "instance_state": 24
    }
  },
  {
    "model": "core.irroleacl",
    "pk": 129,
    "fields": {
      "instance_resource": 389,
      "role": 1021,
      "instance_state": 23
    }
  },
  {
    "model": "core.irroleacl",
    "pk": 130,
    "fields": {
      "instance_resource": 389,
      "role": 1021,
      "instance_state": 24
    }
  },
  {
    "model": "core.irroleacl",
    "pk": 131,
    "fields": {
      "instance_resource": 405,
      "role": 6,
      "instance_state": 21
    }
  },
  {
    "model": "core.irroleacl",
    "pk": 132,
    "fields": {
      "instance_resource": 405,
      "role": 6,
      "instance_state": 22
    }
  },
  {
    "model": "core.irroleacl",
    "pk": 133,
    "fields": {
      "instance_resource": 405,
      "role": 6,
      "instance_state": 23
    }
  },
  {
    "model": "core.irroleacl",
    "pk": 134,
    "fields": {
      "instance_resource": 405,
      "role": 6,
      "instance_state": 24
    }
  },
  {
    "model": "core.irroleacl",
    "pk": 135,
    "fields": {
      "instance_resource": 405,
      "role": 6,
      "instance_state": 25
    }
  },
  {
    "model": "core.irroleacl",
    "pk": 136,
    "fields": {
      "instance_resource": 405,
      "role": 6,
      "instance_state": 26
    }
  },
  {
    "model": "core.irroleacl",
    "pk": 137,
    "fields": {
      "instance_resource": 445,
      "role": 1061,
      "instance_state": 22
    }
  },
  {
    "model": "core.irroleacl",
    "pk": 138,
    "fields": {
      "instance_resource": 445,
      "role": 1061,
      "instance_state": 24
    }
  },
  {
    "model": "core.irroleacl",
    "pk": 139,
    "fields": {
      "instance_resource": 447,
      "role": 3,
      "instance_state": 23
    }
  },
  {
    "model": "core.irroleacl",
    "pk": 140,
    "fields": {
      "instance_resource": 447,
      "role": 3,
      "instance_state": 24
    }
  },
  {
    "model": "core.irroleacl",
    "pk": 146,
    "fields": {
      "instance_resource": 466,
      "role": 6,
      "instance_state": 21
    }
  },
  {
    "model": "core.irroleacl",
    "pk": 147,
    "fields": {
      "instance_resource": 466,
      "role": 6,
      "instance_state": 22
    }
  },
  {
    "model": "core.irroleacl",
    "pk": 148,
    "fields": {
      "instance_resource": 466,
      "role": 6,
      "instance_state": 23
    }
  },
  {
    "model": "core.irroleacl",
    "pk": 149,
    "fields": {
      "instance_resource": 466,
      "role": 6,
      "instance_state": 24
    }
  },
  {
    "model": "core.irroleacl",
    "pk": 150,
    "fields": {
      "instance_resource": 466,
      "role": 6,
      "instance_state": 25
    }
  },
  {
    "model": "core.irroleacl",
    "pk": 151,
    "fields": {
      "instance_resource": 466,
      "role": 6,
      "instance_state": 26
    }
  },
  {
    "model": "core.irroleacl",
    "pk": 152,
    "fields": {
      "instance_resource": 466,
      "role": 6,
      "instance_state": 27
    }
  },
  {
    "model": "core.irroleacl",
    "pk": 153,
    "fields": {
      "instance_resource": 466,
      "role": 1061,
      "instance_state": 21
    }
  },
  {
    "model": "core.irroleacl",
    "pk": 154,
    "fields": {
      "instance_resource": 466,
      "role": 1061,
      "instance_state": 22
    }
  },
  {
    "model": "core.irroleacl",
    "pk": 155,
    "fields": {
      "instance_resource": 466,
      "role": 1061,
      "instance_state": 23
    }
  },
  {
    "model": "core.irroleacl",
    "pk": 156,
    "fields": {
      "instance_resource": 466,
      "role": 1061,
      "instance_state": 24
    }
  },
  {
    "model": "core.irroleacl",
    "pk": 157,
    "fields": {
      "instance_resource": 466,
      "role": 1061,
      "instance_state": 25
    }
  },
  {
    "model": "core.irroleacl",
    "pk": 158,
    "fields": {
      "instance_resource": 466,
      "role": 1061,
      "instance_state": 26
    }
  },
  {
    "model": "core.irroleacl",
    "pk": 159,
    "fields": {
      "instance_resource": 466,
      "role": 1061,
      "instance_state": 27
    }
  },
  {
    "model": "core.irroleacl",
    "pk": 160,
    "fields": {
      "instance_resource": 467,
      "role": 1061,
      "instance_state": 22
    }
  },
  {
    "model": "core.irroleacl",
    "pk": 161,
    "fields": {
      "instance_resource": 467,
      "role": 1061,
      "instance_state": 23
    }
  },
  {
    "model": "core.irroleacl",
    "pk": 162,
    "fields": {
      "instance_resource": 467,
      "role": 1061,
      "instance_state": 24
    }
  },
  {
    "model": "core.irroleacl",
    "pk": 163,
    "fields": {
      "instance_resource": 467,
      "role": 1061,
      "instance_state": 25
    }
  },
  {
    "model": "core.irroleacl",
    "pk": 164,
    "fields": {
      "instance_resource": 467,
      "role": 1061,
      "instance_state": 26
    }
  },
  {
    "model": "core.irroleacl",
    "pk": 165,
    "fields": {
      "instance_resource": 467,
      "role": 1061,
      "instance_state": 27
    }
  },
  {
    "model": "core.irroleacl",
    "pk": 166,
    "fields": {
      "instance_resource": 485,
      "role": 1061,
      "instance_state": 22
    }
  },
  {
    "model": "core.irroleacl",
    "pk": 167,
    "fields": {
      "instance_resource": 485,
      "role": 1061,
      "instance_state": 23
    }
  },
  {
    "model": "core.irroleacl",
    "pk": 168,
    "fields": {
      "instance_resource": 485,
      "role": 1061,
      "instance_state": 24
    }
  },
  {
    "model": "core.irroleacl",
    "pk": 169,
    "fields": {
      "instance_resource": 485,
      "role": 1061,
      "instance_state": 25
    }
  },
  {
    "model": "core.irroleacl",
    "pk": 170,
    "fields": {
      "instance_resource": 485,
      "role": 1061,
      "instance_state": 26
    }
  },
  {
    "model": "core.irroleacl",
    "pk": 171,
    "fields": {
      "instance_resource": 485,
      "role": 1061,
      "instance_state": 27
    }
  },
  {
    "model": "core.irroleacl",
    "pk": 172,
    "fields": {
      "instance_resource": 486,
      "role": 1061,
      "instance_state": 22
    }
  },
  {
    "model": "core.irroleacl",
    "pk": 173,
    "fields": {
      "instance_resource": 486,
      "role": 1061,
      "instance_state": 23
    }
  },
  {
    "model": "core.irroleacl",
    "pk": 174,
    "fields": {
      "instance_resource": 486,
      "role": 1061,
      "instance_state": 24
    }
  },
  {
    "model": "core.irroleacl",
    "pk": 175,
    "fields": {
      "instance_resource": 486,
      "role": 1061,
      "instance_state": 25
    }
  },
  {
    "model": "core.irroleacl",
    "pk": 176,
    "fields": {
      "instance_resource": 486,
      "role": 1061,
      "instance_state": 26
    }
  },
  {
    "model": "core.irroleacl",
    "pk": 177,
    "fields": {
      "instance_resource": 486,
      "role": 1061,
      "instance_state": 27
    }
  },
  {
    "model": "core.irroleacl",
    "pk": 178,
    "fields": {
      "instance_resource": 487,
      "role": 1061,
      "instance_state": 23
    }
  },
  {
    "model": "core.irroleacl",
    "pk": 179,
    "fields": {
      "instance_resource": 487,
      "role": 1061,
      "instance_state": 24
    }
  },
  {
    "model": "core.irroleacl",
    "pk": 180,
    "fields": {
      "instance_resource": 488,
      "role": 1061,
      "instance_state": 21
    }
  },
  {
    "model": "core.irroleacl",
    "pk": 181,
    "fields": {
      "instance_resource": 488,
      "role": 1061,
      "instance_state": 22
    }
  },
  {
    "model": "core.irroleacl",
    "pk": 182,
    "fields": {
      "instance_resource": 488,
      "role": 1061,
      "instance_state": 23
    }
  },
  {
    "model": "core.irroleacl",
    "pk": 183,
    "fields": {
      "instance_resource": 488,
      "role": 1061,
      "instance_state": 24
    }
  },
  {
    "model": "core.irroleacl",
    "pk": 184,
    "fields": {
      "instance_resource": 488,
      "role": 1061,
      "instance_state": 25
    }
  },
  {
    "model": "core.irroleacl",
    "pk": 185,
    "fields": {
      "instance_resource": 488,
      "role": 1061,
      "instance_state": 26
    }
  },
  {
    "model": "core.irroleacl",
    "pk": 186,
    "fields": {
      "instance_resource": 488,
      "role": 1061,
      "instance_state": 27
    }
  },
  {
    "model": "core.irroleacl",
    "pk": 204,
    "fields": {
      "instance_resource": 525,
      "role": 4,
      "instance_state": 23
    }
  },
  {
    "model": "core.irroleacl",
    "pk": 205,
    "fields": {
      "instance_resource": 525,
      "role": 1021,
      "instance_state": 23
    }
  },
  {
    "model": "core.irroleacl",
    "pk": 206,
    "fields": {
      "instance_resource": 526,
      "role": 4,
      "instance_state": 21
    }
  },
  {
    "model": "core.irroleacl",
    "pk": 207,
    "fields": {
      "instance_resource": 526,
      "role": 4,
      "instance_state": 22
    }
  },
  {
    "model": "core.irroleacl",
    "pk": 208,
    "fields": {
      "instance_resource": 526,
      "role": 4,
      "instance_state": 23
    }
  },
  {
    "model": "core.irroleacl",
    "pk": 209,
    "fields": {
      "instance_resource": 526,
      "role": 4,
      "instance_state": 24
    }
  },
  {
    "model": "core.irroleacl",
    "pk": 210,
    "fields": {
      "instance_resource": 526,
      "role": 4,
      "instance_state": 25
    }
  },
  {
    "model": "core.irroleacl",
    "pk": 211,
    "fields": {
      "instance_resource": 526,
      "role": 4,
      "instance_state": 26
    }
  },
  {
    "model": "core.irroleacl",
    "pk": 212,
    "fields": {
      "instance_resource": 526,
      "role": 1021,
      "instance_state": 21
    }
  },
  {
    "model": "core.irroleacl",
    "pk": 213,
    "fields": {
      "instance_resource": 526,
      "role": 1021,
      "instance_state": 22
    }
  },
  {
    "model": "core.irroleacl",
    "pk": 214,
    "fields": {
      "instance_resource": 526,
      "role": 1021,
      "instance_state": 23
    }
  },
  {
    "model": "core.irroleacl",
    "pk": 215,
    "fields": {
      "instance_resource": 526,
      "role": 1021,
      "instance_state": 24
    }
  },
  {
    "model": "core.irroleacl",
    "pk": 216,
    "fields": {
      "instance_resource": 526,
      "role": 1021,
      "instance_state": 25
    }
  },
  {
    "model": "core.irroleacl",
    "pk": 217,
    "fields": {
      "instance_resource": 526,
      "role": 1021,
      "instance_state": 26
    }
  },
  {
    "model": "core.irroleacl",
    "pk": 218,
    "fields": {
      "instance_resource": 527,
      "role": 4,
      "instance_state": 21
    }
  },
  {
    "model": "core.irroleacl",
    "pk": 219,
    "fields": {
      "instance_resource": 527,
      "role": 4,
      "instance_state": 22
    }
  },
  {
    "model": "core.irroleacl",
    "pk": 220,
    "fields": {
      "instance_resource": 527,
      "role": 4,
      "instance_state": 23
    }
  },
  {
    "model": "core.irroleacl",
    "pk": 221,
    "fields": {
      "instance_resource": 527,
      "role": 4,
      "instance_state": 24
    }
  },
  {
    "model": "core.irroleacl",
    "pk": 222,
    "fields": {
      "instance_resource": 527,
      "role": 4,
      "instance_state": 25
    }
  },
  {
    "model": "core.irroleacl",
    "pk": 223,
    "fields": {
      "instance_resource": 527,
      "role": 4,
      "instance_state": 26
    }
  },
  {
    "model": "core.irroleacl",
    "pk": 224,
    "fields": {
      "instance_resource": 527,
      "role": 1021,
      "instance_state": 21
    }
  },
  {
    "model": "core.irroleacl",
    "pk": 225,
    "fields": {
      "instance_resource": 527,
      "role": 1021,
      "instance_state": 22
    }
  },
  {
    "model": "core.irroleacl",
    "pk": 226,
    "fields": {
      "instance_resource": 527,
      "role": 1021,
      "instance_state": 23
    }
  },
  {
    "model": "core.irroleacl",
    "pk": 227,
    "fields": {
      "instance_resource": 527,
      "role": 1021,
      "instance_state": 24
    }
  },
  {
    "model": "core.irroleacl",
    "pk": 228,
    "fields": {
      "instance_resource": 527,
      "role": 1021,
      "instance_state": 25
    }
  },
  {
    "model": "core.irroleacl",
    "pk": 229,
    "fields": {
      "instance_resource": 527,
      "role": 1021,
      "instance_state": 26
    }
  },
  {
    "model": "core.irroleacl",
    "pk": 230,
    "fields": {
      "instance_resource": 545,
      "role": 4,
      "instance_state": 21
    }
  },
  {
    "model": "core.irroleacl",
    "pk": 231,
    "fields": {
      "instance_resource": 545,
      "role": 4,
      "instance_state": 22
    }
  },
  {
    "model": "core.irroleacl",
    "pk": 232,
    "fields": {
      "instance_resource": 545,
      "role": 4,
      "instance_state": 23
    }
  },
  {
    "model": "core.irroleacl",
    "pk": 233,
    "fields": {
      "instance_resource": 545,
      "role": 4,
      "instance_state": 24
    }
  },
  {
    "model": "core.irroleacl",
    "pk": 234,
    "fields": {
      "instance_resource": 545,
      "role": 4,
      "instance_state": 25
    }
  },
  {
    "model": "core.irroleacl",
    "pk": 235,
    "fields": {
      "instance_resource": 545,
      "role": 4,
      "instance_state": 26
    }
  },
  {
    "model": "core.irroleacl",
    "pk": 236,
    "fields": {
      "instance_resource": 545,
      "role": 1021,
      "instance_state": 21
    }
  },
  {
    "model": "core.irroleacl",
    "pk": 237,
    "fields": {
      "instance_resource": 545,
      "role": 1021,
      "instance_state": 22
    }
  },
  {
    "model": "core.irroleacl",
    "pk": 238,
    "fields": {
      "instance_resource": 545,
      "role": 1021,
      "instance_state": 23
    }
  },
  {
    "model": "core.irroleacl",
    "pk": 239,
    "fields": {
      "instance_resource": 545,
      "role": 1021,
      "instance_state": 24
    }
  },
  {
    "model": "core.irroleacl",
    "pk": 240,
    "fields": {
      "instance_resource": 545,
      "role": 1021,
      "instance_state": 25
    }
  },
  {
    "model": "core.irroleacl",
    "pk": 241,
    "fields": {
      "instance_resource": 545,
      "role": 1021,
      "instance_state": 26
    }
  },
  {
    "model": "core.irroleacl",
    "pk": 242,
    "fields": {
      "instance_resource": 447,
      "role": 3,
      "instance_state": 21
    }
  },
  {
    "model": "core.irroleacl",
    "pk": 243,
    "fields": {
      "instance_resource": 447,
      "role": 3,
      "instance_state": 22
    }
  },
  {
    "model": "core.irroleacl",
    "pk": 244,
    "fields": {
      "instance_resource": 447,
      "role": 3,
      "instance_state": 25
    }
  },
  {
    "model": "core.irroleacl",
    "pk": 245,
    "fields": {
      "instance_resource": 447,
      "role": 3,
      "instance_state": 26
    }
  },
  {
    "model": "core.irroleacl",
    "pk": 246,
    "fields": {
      "instance_resource": 447,
      "role": 1061,
      "instance_state": 22
    }
  },
  {
    "model": "core.irroleacl",
    "pk": 247,
    "fields": {
      "instance_resource": 447,
      "role": 1061,
      "instance_state": 23
    }
  },
  {
    "model": "core.irroleacl",
    "pk": 248,
    "fields": {
      "instance_resource": 447,
      "role": 1061,
      "instance_state": 24
    }
  },
  {
    "model": "core.irroleacl",
    "pk": 249,
    "fields": {
      "instance_resource": 447,
      "role": 1061,
      "instance_state": 25
    }
  },
  {
    "model": "core.irroleacl",
    "pk": 250,
    "fields": {
      "instance_resource": 327,
      "role": 1021,
      "instance_state": 23
    }
  },
  {
    "model": "core.irroleacl",
    "pk": 251,
    "fields": {
      "instance_resource": 327,
      "role": 1021,
      "instance_state": 24
    }
  },
  {
    "model": "core.irroleacl",
    "pk": 252,
    "fields": {
      "instance_resource": 327,
      "role": 4,
      "instance_state": 26
    }
  },
  {
    "model": "core.irroleacl",
    "pk": 253,
    "fields": {
      "instance_resource": 525,
      "role": 4,
      "instance_state": 26
    }
  },
  {
    "model": "core.irroleacl",
    "pk": 254,
    "fields": {
      "instance_resource": 327,
      "role": 1021,
      "instance_state": 26
    }
  },
  {
    "model": "core.irroleacl",
    "pk": 255,
    "fields": {
      "instance_resource": 525,
      "role": 1021,
      "instance_state": 26
    }
  },
  {
    "model": "core.irroleacl",
    "pk": 260,
    "fields": {
      "instance_resource": 327,
      "role": 4,
      "instance_state": 25
    }
  },
  {
    "model": "core.irroleacl",
    "pk": 261,
    "fields": {
      "instance_resource": 327,
      "role": 1021,
      "instance_state": 25
    }
  },
  {
    "model": "core.irroleacl",
    "pk": 264,
    "fields": {
      "instance_resource": 525,
      "role": 4,
      "instance_state": 24
    }
  },
  {
    "model": "core.irroleacl",
    "pk": 265,
    "fields": {
      "instance_resource": 525,
      "role": 4,
      "instance_state": 25
    }
  },
  {
    "model": "core.irroleacl",
    "pk": 266,
    "fields": {
      "instance_resource": 525,
      "role": 1021,
      "instance_state": 24
    }
  },
  {
    "model": "core.irroleacl",
    "pk": 267,
    "fields": {
      "instance_resource": 525,
      "role": 1021,
      "instance_state": 25
    }
  },
  {
    "model": "core.irroleacl",
    "pk": 268,
    "fields": {
      "instance_resource": 445,
      "role": 1061,
      "instance_state": 23
    }
  },
  {
    "model": "core.irroleacl",
    "pk": 269,
    "fields": {
      "instance_resource": 586,
      "role": 4,
      "instance_state": 23
    }
  },
  {
    "model": "core.irroleacl",
    "pk": 270,
    "fields": {
      "instance_resource": 625,
      "role": 1101,
      "instance_state": 23
    }
  },
  {
    "model": "core.irroleacl",
    "pk": 271,
    "fields": {
      "instance_resource": 645,
      "role": 1101,
      "instance_state": 23
    }
  },
  {
    "model": "core.irroleacl",
    "pk": 272,
    "fields": {
      "instance_resource": 645,
      "role": 1101,
      "instance_state": 22
    }
  },
  {
    "model": "core.irroleacl",
    "pk": 273,
    "fields": {
      "instance_resource": 225,
      "role": 6,
      "instance_state": 25
    }
  },
  {
    "model": "core.irroleacl",
    "pk": 274,
    "fields": {
      "instance_resource": 225,
      "role": 3,
      "instance_state": 27
    }
  },
  {
    "model": "core.irroleacl",
    "pk": 275,
    "fields": {
      "instance_resource": 647,
      "role": 1101,
      "instance_state": 22
    }
  },
  {
    "model": "core.irroleacl",
    "pk": 276,
    "fields": {
      "instance_resource": 225,
      "role": 3,
      "instance_state": 25
    }
  },
  {
    "model": "core.irroleacl",
    "pk": 280,
    "fields": {
      "instance_resource": 525,
      "role": 1102,
      "instance_state": 23
    }
  },
  {
    "model": "core.irroleacl",
    "pk": 283,
    "fields": {
      "instance_resource": 646,
      "role": 1101,
      "instance_state": 23
    }
  },
  {
    "model": "core.irroleacl",
    "pk": 286,
    "fields": {
      "instance_resource": 645,
      "role": 1101,
      "instance_state": 26
    }
  },
  {
    "model": "core.irroleacl",
    "pk": 287,
    "fields": {
      "instance_resource": 367,
      "role": 1102,
      "instance_state": 23
    }
  },
  {
    "model": "core.irroleacl",
    "pk": 288,
    "fields": {
      "instance_resource": 648,
      "role": 1101,
      "instance_state": 25
    }
  },
  {
    "model": "core.irroleacl",
    "pk": 289,
    "fields": {
      "instance_resource": 225,
      "role": 3,
      "instance_state": 26
    }
  },
  {
    "model": "core.irroleacl",
    "pk": 290,
    "fields": {
      "instance_resource": 646,
      "role": 1101,
      "instance_state": 25
    }
  },
  {
    "model": "core.irroleacl",
    "pk": 291,
    "fields": {
      "instance_resource": 225,
      "role": 6,
      "instance_state": 26
    }
  },
  {
    "model": "core.irroleacl",
    "pk": 292,
    "fields": {
      "instance_resource": 607,
      "role": 1101,
      "instance_state": 24
    }
  },
  {
    "model": "core.irroleacl",
    "pk": 293,
    "fields": {
      "instance_resource": 625,
      "role": 1101,
      "instance_state": 22
    }
  },
  {
    "model": "core.irroleacl",
    "pk": 294,
    "fields": {
      "instance_resource": 645,
      "role": 1101,
      "instance_state": 25
    }
  },
  {
    "model": "core.irroleacl",
    "pk": 295,
    "fields": {
      "instance_resource": 646,
      "role": 1101,
      "instance_state": 22
    }
  },
  {
    "model": "core.irroleacl",
    "pk": 297,
    "fields": {
      "instance_resource": 225,
      "role": 6,
      "instance_state": 27
    }
  },
  {
    "model": "core.irroleacl",
    "pk": 298,
    "fields": {
      "instance_resource": 647,
      "role": 1101,
      "instance_state": 23
    }
  },
  {
    "model": "core.irroleacl",
    "pk": 302,
    "fields": {
      "instance_resource": 607,
      "role": 1101,
      "instance_state": 25
    }
  },
  {
    "model": "core.irroleacl",
    "pk": 303,
    "fields": {
      "instance_resource": 586,
      "role": 4,
      "instance_state": 26
    }
  },
  {
    "model": "core.irroleacl",
    "pk": 305,
    "fields": {
      "instance_resource": 648,
      "role": 1101,
      "instance_state": 23
    }
  },
  {
    "model": "core.irroleacl",
    "pk": 308,
    "fields": {
      "instance_resource": 225,
      "role": 3,
      "instance_state": 1
    }
  },
  {
    "model": "core.irroleacl",
    "pk": 309,
    "fields": {
      "instance_resource": 586,
      "role": 4,
      "instance_state": 25
    }
  },
  {
    "model": "core.irroleacl",
    "pk": 310,
    "fields": {
      "instance_resource": 646,
      "role": 1101,
      "instance_state": 24
    }
  },
  {
    "model": "core.irroleacl",
    "pk": 311,
    "fields": {
      "instance_resource": 645,
      "role": 1101,
      "instance_state": 24
    }
  },
  {
    "model": "core.irroleacl",
    "pk": 313,
    "fields": {
      "instance_resource": 647,
      "role": 1101,
      "instance_state": 24
    }
  },
  {
    "model": "core.irroleacl",
    "pk": 314,
    "fields": {
      "instance_resource": 648,
      "role": 1101,
      "instance_state": 24
    }
  },
  {
    "model": "core.irroleacl",
    "pk": 315,
    "fields": {
      "instance_resource": 605,
      "role": 1101,
      "instance_state": 26
    }
  },
  {
    "model": "core.irroleacl",
    "pk": 316,
    "fields": {
      "instance_resource": 625,
      "role": 1101,
      "instance_state": 26
    }
  },
  {
    "model": "core.irroleacl",
    "pk": 319,
    "fields": {
      "instance_resource": 225,
      "role": 6,
      "instance_state": 21
    }
  },
  {
    "model": "core.irroleacl",
    "pk": 320,
    "fields": {
      "instance_resource": 225,
      "role": 3,
      "instance_state": 22
    }
  },
  {
    "model": "core.irroleacl",
    "pk": 321,
    "fields": {
      "instance_resource": 648,
      "role": 1101,
      "instance_state": 27
    }
  },
  {
    "model": "core.irroleacl",
    "pk": 322,
    "fields": {
      "instance_resource": 647,
      "role": 1101,
      "instance_state": 21
    }
  },
  {
    "model": "core.irroleacl",
    "pk": 323,
    "fields": {
      "instance_resource": 607,
      "role": 1101,
      "instance_state": 22
    }
  },
  {
    "model": "core.irroleacl",
    "pk": 324,
    "fields": {
      "instance_resource": 647,
      "role": 1101,
      "instance_state": 25
    }
  },
  {
    "model": "core.irroleacl",
    "pk": 325,
    "fields": {
      "instance_resource": 607,
      "role": 1101,
      "instance_state": 23
    }
  },
  {
    "model": "core.irroleacl",
    "pk": 326,
    "fields": {
      "instance_resource": 586,
      "role": 4,
      "instance_state": 24
    }
  },
  {
    "model": "core.irroleacl",
    "pk": 328,
    "fields": {
      "instance_resource": 605,
      "role": 1101,
      "instance_state": 23
    }
  },
  {
    "model": "core.irroleacl",
    "pk": 329,
    "fields": {
      "instance_resource": 605,
      "role": 1101,
      "instance_state": 22
    }
  },
  {
    "model": "core.irroleacl",
    "pk": 331,
    "fields": {
      "instance_resource": 225,
      "role": 6,
      "instance_state": 22
    }
  },
  {
    "model": "core.irroleacl",
    "pk": 332,
    "fields": {
      "instance_resource": 225,
      "role": 3,
      "instance_state": 24
    }
  },
  {
    "model": "core.irroleacl",
    "pk": 334,
    "fields": {
      "instance_resource": 647,
      "role": 1101,
      "instance_state": 26
    }
  },
  {
    "model": "core.irroleacl",
    "pk": 336,
    "fields": {
      "instance_resource": 185,
      "role": 1102,
      "instance_state": 23
    }
  },
  {
    "model": "core.irroleacl",
    "pk": 340,
    "fields": {
      "instance_resource": 625,
      "role": 1101,
      "instance_state": 25
    }
  },
  {
    "model": "core.irroleacl",
    "pk": 341,
    "fields": {
      "instance_resource": 605,
      "role": 1101,
      "instance_state": 25
    }
  },
  {
    "model": "core.irroleacl",
    "pk": 342,
    "fields": {
      "instance_resource": 225,
      "role": 3,
      "instance_state": 23
    }
  },
  {
    "model": "core.irroleacl",
    "pk": 343,
    "fields": {
      "instance_resource": 225,
      "role": 6,
      "instance_state": 23
    }
  },
  {
    "model": "core.irroleacl",
    "pk": 344,
    "fields": {
      "instance_resource": 607,
      "role": 1101,
      "instance_state": 27
    }
  },
  {
    "model": "core.irroleacl",
    "pk": 345,
    "fields": {
      "instance_resource": 648,
      "role": 1101,
      "instance_state": 22
    }
  },
  {
    "model": "core.irroleacl",
    "pk": 346,
    "fields": {
      "instance_resource": 625,
      "role": 1101,
      "instance_state": 24
    }
  },
  {
    "model": "core.irroleacl",
    "pk": 347,
    "fields": {
      "instance_resource": 648,
      "role": 1101,
      "instance_state": 26
    }
  },
  {
    "model": "core.irroleacl",
    "pk": 348,
    "fields": {
      "instance_resource": 225,
      "role": 3,
      "instance_state": 21
    }
  },
  {
    "model": "core.irroleacl",
    "pk": 349,
    "fields": {
      "instance_resource": 646,
      "role": 1101,
      "instance_state": 26
    }
  },
  {
    "model": "core.irroleacl",
    "pk": 351,
    "fields": {
      "instance_resource": 225,
      "role": 6,
      "instance_state": 24
    }
  },
  {
    "model": "core.irroleacl",
    "pk": 353,
    "fields": {
      "instance_resource": 646,
      "role": 1101,
      "instance_state": 27
    }
  },
  {
    "model": "core.irroleacl",
    "pk": 355,
    "fields": {
      "instance_resource": 607,
      "role": 1101,
      "instance_state": 26
    }
  },
  {
    "model": "core.irroleacl",
    "pk": 357,
    "fields": {
      "instance_resource": 605,
      "role": 1101,
      "instance_state": 24
    }
  },
  {
    "model": "core.irroleacl",
    "pk": 362,
    "fields": {
      "instance_resource": 185,
      "role": 1021,
      "instance_state": 25
    }
  },
  {
    "model": "core.irroleacl",
    "pk": 366,
    "fields": {
      "instance_resource": 185,
      "role": 1021,
      "instance_state": 26
    }
  },
  {
    "model": "core.irroleacl",
    "pk": 367,
    "fields": {
      "instance_resource": 185,
      "role": 1102,
      "instance_state": 25
    }
  },
  {
    "model": "core.irroleacl",
    "pk": 382,
    "fields": {
      "instance_resource": 185,
      "role": 4,
      "instance_state": 26
    }
  },
  {
    "model": "core.irroleacl",
    "pk": 383,
    "fields": {
      "instance_resource": 185,
      "role": 1102,
      "instance_state": 26
    }
  },
  {
    "model": "core.irroleacl",
    "pk": 384,
    "fields": {
      "instance_resource": 185,
      "role": 4,
      "instance_state": 25
    }
  },
  {
    "model": "core.irroleacl",
    "pk": 385,
    "fields": {
      "instance_resource": 447,
      "role": 1101,
      "instance_state": 21
    }
  },
  {
    "model": "core.irroleacl",
    "pk": 386,
    "fields": {
      "instance_resource": 447,
      "role": 1101,
      "instance_state": 22
    }
  },
  {
    "model": "core.irroleacl",
    "pk": 387,
    "fields": {
      "instance_resource": 447,
      "role": 1101,
      "instance_state": 23
    }
  },
  {
    "model": "core.irroleacl",
    "pk": 388,
    "fields": {
      "instance_resource": 447,
      "role": 1101,
      "instance_state": 24
    }
  },
  {
    "model": "core.irroleacl",
    "pk": 389,
    "fields": {
      "instance_resource": 447,
      "role": 1101,
      "instance_state": 26
    }
  },
  {
    "model": "core.irroleacl",
    "pk": 390,
    "fields": {
      "instance_resource": 692,
      "role": 6,
      "instance_state": 22
    }
  },
  {
    "model": "core.irroleacl",
    "pk": 391,
    "fields": {
      "instance_resource": 690,
      "role": 1101,
      "instance_state": 27
    }
  },
  {
    "model": "core.irroleacl",
    "pk": 392,
    "fields": {
      "instance_resource": 684,
      "role": 1061,
      "instance_state": 21
    }
  },
  {
    "model": "core.irroleacl",
    "pk": 393,
    "fields": {
      "instance_resource": 692,
      "role": 6,
      "instance_state": 21
    }
  },
  {
    "model": "core.irroleacl",
    "pk": 394,
    "fields": {
      "instance_resource": 683,
      "role": 3,
      "instance_state": 21
    }
  },
  {
    "model": "core.irroleacl",
    "pk": 395,
    "fields": {
      "instance_resource": 691,
      "role": 4,
      "instance_state": 25
    }
  },
  {
    "model": "core.irroleacl",
    "pk": 396,
    "fields": {
      "instance_resource": 683,
      "role": 3,
      "instance_state": 22
    }
  },
  {
    "model": "core.irroleacl",
    "pk": 397,
    "fields": {
      "instance_resource": 685,
      "role": 6,
      "instance_state": 26
    }
  },
  {
    "model": "core.irroleacl",
    "pk": 398,
    "fields": {
      "instance_resource": 690,
      "role": 1101,
      "instance_state": 25
    }
  },
  {
    "model": "core.irroleacl",
    "pk": 399,
    "fields": {
      "instance_resource": 692,
      "role": 6,
      "instance_state": 26
    }
  },
  {
    "model": "core.irroleacl",
    "pk": 400,
    "fields": {
      "instance_resource": 685,
      "role": 6,
      "instance_state": 1
    }
  },
  {
    "model": "core.irroleacl",
    "pk": 401,
    "fields": {
      "instance_resource": 691,
      "role": 4,
      "instance_state": 24
    }
  },
  {
    "model": "core.irroleacl",
    "pk": 402,
    "fields": {
      "instance_resource": 691,
      "role": 4,
      "instance_state": 26
    }
  },
  {
    "model": "core.irroleacl",
    "pk": 403,
    "fields": {
      "instance_resource": 690,
      "role": 1101,
      "instance_state": 23
    }
  },
  {
    "model": "core.irroleacl",
    "pk": 404,
    "fields": {
      "instance_resource": 685,
      "role": 6,
      "instance_state": 27
    }
  },
  {
    "model": "core.irroleacl",
    "pk": 405,
    "fields": {
      "instance_resource": 690,
      "role": 1101,
      "instance_state": 26
    }
  },
  {
    "model": "core.irroleacl",
    "pk": 406,
    "fields": {
      "instance_resource": 683,
      "role": 3,
      "instance_state": 25
    }
  },
  {
    "model": "core.irroleacl",
    "pk": 407,
    "fields": {
      "instance_resource": 690,
      "role": 1101,
      "instance_state": 22
    }
  },
  {
    "model": "core.irroleacl",
    "pk": 408,
    "fields": {
      "instance_resource": 684,
      "role": 1061,
      "instance_state": 27
    }
  },
  {
    "model": "core.irroleacl",
    "pk": 409,
    "fields": {
      "instance_resource": 691,
      "role": 4,
      "instance_state": 23
    }
  },
  {
    "model": "core.irroleacl",
    "pk": 410,
    "fields": {
      "instance_resource": 690,
      "role": 1101,
      "instance_state": 21
    }
  },
  {
    "model": "core.irroleacl",
    "pk": 412,
    "fields": {
      "instance_resource": 683,
      "role": 3,
      "instance_state": 26
    }
  },
  {
    "model": "core.irroleacl",
    "pk": 413,
    "fields": {
      "instance_resource": 683,
      "role": 3,
      "instance_state": 23
    }
  },
  {
    "model": "core.irroleacl",
    "pk": 414,
    "fields": {
      "instance_resource": 684,
      "role": 1061,
      "instance_state": 1
    }
  },
  {
    "model": "core.irroleacl",
    "pk": 415,
    "fields": {
      "instance_resource": 685,
      "role": 6,
      "instance_state": 21
    }
  },
  {
    "model": "core.irroleacl",
    "pk": 416,
    "fields": {
      "instance_resource": 690,
      "role": 1101,
      "instance_state": 24
    }
  },
  {
    "model": "core.irroleacl",
    "pk": 417,
    "fields": {
      "instance_resource": 684,
      "role": 1061,
      "instance_state": 26
    }
  },
  {
    "model": "core.irroleacl",
    "pk": 419,
    "fields": {
      "instance_resource": 692,
      "role": 6,
      "instance_state": 23
    }
  },
  {
    "model": "core.irroleacl",
    "pk": 420,
    "fields": {
      "instance_resource": 685,
      "role": 6,
      "instance_state": 24
    }
  },
  {
    "model": "core.irroleacl",
    "pk": 421,
    "fields": {
      "instance_resource": 683,
      "role": 3,
      "instance_state": 1
    }
  },
  {
    "model": "core.irroleacl",
    "pk": 422,
    "fields": {
      "instance_resource": 684,
      "role": 1061,
      "instance_state": 23
    }
  },
  {
    "model": "core.irroleacl",
    "pk": 423,
    "fields": {
      "instance_resource": 685,
      "role": 6,
      "instance_state": 22
    }
  },
  {
    "model": "core.irroleacl",
    "pk": 424,
    "fields": {
      "instance_resource": 447,
      "role": 1101,
      "instance_state": 25
    }
  },
  {
    "model": "core.irroleacl",
    "pk": 425,
    "fields": {
      "instance_resource": 684,
      "role": 1061,
      "instance_state": 25
    }
  },
  {
    "model": "core.irroleacl",
    "pk": 426,
    "fields": {
      "instance_resource": 692,
      "role": 6,
      "instance_state": 25
    }
  },
  {
    "model": "core.irroleacl",
    "pk": 427,
    "fields": {
      "instance_resource": 690,
      "role": 1101,
      "instance_state": 1
    }
  },
  {
    "model": "core.irroleacl",
    "pk": 429,
    "fields": {
      "instance_resource": 685,
      "role": 6,
      "instance_state": 25
    }
  },
  {
    "model": "core.irroleacl",
    "pk": 430,
    "fields": {
      "instance_resource": 683,
      "role": 3,
      "instance_state": 24
    }
  },
  {
    "model": "core.irroleacl",
    "pk": 431,
    "fields": {
      "instance_resource": 683,
      "role": 3,
      "instance_state": 27
    }
  },
  {
    "model": "core.irroleacl",
    "pk": 432,
    "fields": {
      "instance_resource": 685,
      "role": 6,
      "instance_state": 23
    }
  },
  {
    "model": "core.irroleacl",
    "pk": 433,
    "fields": {
      "instance_resource": 684,
      "role": 1061,
      "instance_state": 22
    }
  },
  {
    "model": "core.irroleacl",
    "pk": 434,
    "fields": {
      "instance_resource": 684,
      "role": 1061,
      "instance_state": 24
    }
  },
  {
    "model": "core.irroleacl",
    "pk": 435,
    "fields": {
      "instance_resource": 692,
      "role": 6,
      "instance_state": 24
    }
  },
  {
    "model": "core.irroleacl",
    "pk": 436,
    "fields": {
      "instance_resource": 704,
      "role": 1106,
      "instance_state": 25
    }
  },
  {
    "model": "core.irroleacl",
    "pk": 438,
    "fields": {
      "instance_resource": 728,
      "role": 1127,
      "instance_state": 21
    }
  },
  {
    "model": "core.irroleacl",
    "pk": 439,
    "fields": {
      "instance_resource": 726,
      "role": 1127,
      "instance_state": 26
    }
  },
  {
    "model": "core.irroleacl",
    "pk": 440,
    "fields": {
      "instance_resource": 717,
      "role": 1107,
      "instance_state": 24
    }
  },
  {
    "model": "core.irroleacl",
    "pk": 441,
    "fields": {
      "instance_resource": 714,
      "role": 1107,
      "instance_state": 25
    }
  },
  {
    "model": "core.irroleacl",
    "pk": 442,
    "fields": {
      "instance_resource": 741,
      "role": 1128,
      "instance_state": 25
    }
  },
  {
    "model": "core.irroleacl",
    "pk": 443,
    "fields": {
      "instance_resource": 735,
      "role": 1128,
      "instance_state": 27
    }
  },
  {
    "model": "core.irroleacl",
    "pk": 444,
    "fields": {
      "instance_resource": 748,
      "role": 1107,
      "instance_state": 23
    }
  },
  {
    "model": "core.irroleacl",
    "pk": 446,
    "fields": {
      "instance_resource": 739,
      "role": 1128,
      "instance_state": 22
    }
  },
  {
    "model": "core.irroleacl",
    "pk": 447,
    "fields": {
      "instance_resource": 702,
      "role": 1106,
      "instance_state": 24
    }
  },
  {
    "model": "core.irroleacl",
    "pk": 448,
    "fields": {
      "instance_resource": 738,
      "role": 1128,
      "instance_state": 27
    }
  },
  {
    "model": "core.irroleacl",
    "pk": 449,
    "fields": {
      "instance_resource": 705,
      "role": 1106,
      "instance_state": 21
    }
  },
  {
    "model": "core.irroleacl",
    "pk": 452,
    "fields": {
      "instance_resource": 749,
      "role": 1127,
      "instance_state": 24
    }
  },
  {
    "model": "core.irroleacl",
    "pk": 453,
    "fields": {
      "instance_resource": 714,
      "role": 1107,
      "instance_state": 27
    }
  },
  {
    "model": "core.irroleacl",
    "pk": 454,
    "fields": {
      "instance_resource": 741,
      "role": 1128,
      "instance_state": 26
    }
  },
  {
    "model": "core.irroleacl",
    "pk": 455,
    "fields": {
      "instance_resource": 735,
      "role": 1128,
      "instance_state": 24
    }
  },
  {
    "model": "core.irroleacl",
    "pk": 456,
    "fields": {
      "instance_resource": 725,
      "role": 1127,
      "instance_state": 21
    }
  },
  {
    "model": "core.irroleacl",
    "pk": 457,
    "fields": {
      "instance_resource": 721,
      "role": 1107,
      "instance_state": 21
    }
  },
  {
    "model": "core.irroleacl",
    "pk": 458,
    "fields": {
      "instance_resource": 728,
      "role": 1127,
      "instance_state": 23
    }
  },
  {
    "model": "core.irroleacl",
    "pk": 459,
    "fields": {
      "instance_resource": 723,
      "role": 1127,
      "instance_state": 27
    }
  },
  {
    "model": "core.irroleacl",
    "pk": 461,
    "fields": {
      "instance_resource": 704,
      "role": 1106,
      "instance_state": 26
    }
  },
  {
    "model": "core.irroleacl",
    "pk": 462,
    "fields": {
      "instance_resource": 740,
      "role": 1128,
      "instance_state": 26
    }
  },
  {
    "model": "core.irroleacl",
    "pk": 463,
    "fields": {
      "instance_resource": 738,
      "role": 1128,
      "instance_state": 22
    }
  },
  {
    "model": "core.irroleacl",
    "pk": 465,
    "fields": {
      "instance_resource": 727,
      "role": 1127,
      "instance_state": 23
    }
  },
  {
    "model": "core.irroleacl",
    "pk": 466,
    "fields": {
      "instance_resource": 741,
      "role": 1128,
      "instance_state": 21
    }
  },
  {
    "model": "core.irroleacl",
    "pk": 467,
    "fields": {
      "instance_resource": 739,
      "role": 1128,
      "instance_state": 23
    }
  },
  {
    "model": "core.irroleacl",
    "pk": 468,
    "fields": {
      "instance_resource": 729,
      "role": 1127,
      "instance_state": 21
    }
  },
  {
    "model": "core.irroleacl",
    "pk": 469,
    "fields": {
      "instance_resource": 720,
      "role": 1107,
      "instance_state": 23
    }
  },
  {
    "model": "core.irroleacl",
    "pk": 471,
    "fields": {
      "instance_resource": 726,
      "role": 1127,
      "instance_state": 24
    }
  },
  {
    "model": "core.irroleacl",
    "pk": 472,
    "fields": {
      "instance_resource": 728,
      "role": 1127,
      "instance_state": 25
    }
  },
  {
    "model": "core.irroleacl",
    "pk": 473,
    "fields": {
      "instance_resource": 720,
      "role": 1107,
      "instance_state": 22
    }
  },
  {
    "model": "core.irroleacl",
    "pk": 474,
    "fields": {
      "instance_resource": 737,
      "role": 1128,
      "instance_state": 22
    }
  },
  {
    "model": "core.irroleacl",
    "pk": 475,
    "fields": {
      "instance_resource": 723,
      "role": 1127,
      "instance_state": 24
    }
  },
  {
    "model": "core.irroleacl",
    "pk": 476,
    "fields": {
      "instance_resource": 738,
      "role": 1128,
      "instance_state": 24
    }
  },
  {
    "model": "core.irroleacl",
    "pk": 477,
    "fields": {
      "instance_resource": 729,
      "role": 1127,
      "instance_state": 25
    }
  },
  {
    "model": "core.irroleacl",
    "pk": 478,
    "fields": {
      "instance_resource": 721,
      "role": 1107,
      "instance_state": 22
    }
  },
  {
    "model": "core.irroleacl",
    "pk": 479,
    "fields": {
      "instance_resource": 739,
      "role": 1128,
      "instance_state": 26
    }
  },
  {
    "model": "core.irroleacl",
    "pk": 481,
    "fields": {
      "instance_resource": 741,
      "role": 1128,
      "instance_state": 27
    }
  },
  {
    "model": "core.irroleacl",
    "pk": 482,
    "fields": {
      "instance_resource": 701,
      "role": 1106,
      "instance_state": 26
    }
  },
  {
    "model": "core.irroleacl",
    "pk": 483,
    "fields": {
      "instance_resource": 714,
      "role": 1107,
      "instance_state": 23
    }
  },
  {
    "model": "core.irroleacl",
    "pk": 484,
    "fields": {
      "instance_resource": 725,
      "role": 1127,
      "instance_state": 24
    }
  },
  {
    "model": "core.irroleacl",
    "pk": 487,
    "fields": {
      "instance_resource": 728,
      "role": 1127,
      "instance_state": 27
    }
  },
  {
    "model": "core.irroleacl",
    "pk": 492,
    "fields": {
      "instance_resource": 719,
      "role": 1107,
      "instance_state": 25
    }
  },
  {
    "model": "core.irroleacl",
    "pk": 495,
    "fields": {
      "instance_resource": 707,
      "role": 1106,
      "instance_state": 26
    }
  },
  {
    "model": "core.irroleacl",
    "pk": 496,
    "fields": {
      "instance_resource": 729,
      "role": 1127,
      "instance_state": 24
    }
  },
  {
    "model": "core.irroleacl",
    "pk": 497,
    "fields": {
      "instance_resource": 719,
      "role": 1107,
      "instance_state": 22
    }
  },
  {
    "model": "core.irroleacl",
    "pk": 498,
    "fields": {
      "instance_resource": 719,
      "role": 1107,
      "instance_state": 26
    }
  },
  {
    "model": "core.irroleacl",
    "pk": 499,
    "fields": {
      "instance_resource": 749,
      "role": 1127,
      "instance_state": 22
    }
  },
  {
    "model": "core.irroleacl",
    "pk": 500,
    "fields": {
      "instance_resource": 727,
      "role": 1127,
      "instance_state": 24
    }
  },
  {
    "model": "core.irroleacl",
    "pk": 501,
    "fields": {
      "instance_resource": 746,
      "role": 3,
      "instance_state": 25
    }
  },
  {
    "model": "core.irroleacl",
    "pk": 502,
    "fields": {
      "instance_resource": 705,
      "role": 1106,
      "instance_state": 25
    }
  },
  {
    "model": "core.irroleacl",
    "pk": 504,
    "fields": {
      "instance_resource": 748,
      "role": 1107,
      "instance_state": 24
    }
  },
  {
    "model": "core.irroleacl",
    "pk": 505,
    "fields": {
      "instance_resource": 729,
      "role": 1127,
      "instance_state": 23
    }
  },
  {
    "model": "core.irroleacl",
    "pk": 506,
    "fields": {
      "instance_resource": 721,
      "role": 1107,
      "instance_state": 1
    }
  },
  {
    "model": "core.irroleacl",
    "pk": 508,
    "fields": {
      "instance_resource": 701,
      "role": 1106,
      "instance_state": 24
    }
  },
  {
    "model": "core.irroleacl",
    "pk": 509,
    "fields": {
      "instance_resource": 699,
      "role": 1106,
      "instance_state": 24
    }
  },
  {
    "model": "core.irroleacl",
    "pk": 510,
    "fields": {
      "instance_resource": 699,
      "role": 1106,
      "instance_state": 25
    }
  },
  {
    "model": "core.irroleacl",
    "pk": 516,
    "fields": {
      "instance_resource": 717,
      "role": 1107,
      "instance_state": 22
    }
  },
  {
    "model": "core.irroleacl",
    "pk": 517,
    "fields": {
      "instance_resource": 735,
      "role": 1128,
      "instance_state": 22
    }
  },
  {
    "model": "core.irroleacl",
    "pk": 518,
    "fields": {
      "instance_resource": 707,
      "role": 1106,
      "instance_state": 27
    }
  },
  {
    "model": "core.irroleacl",
    "pk": 519,
    "fields": {
      "instance_resource": 729,
      "role": 1127,
      "instance_state": 1
    }
  },
  {
    "model": "core.irroleacl",
    "pk": 520,
    "fields": {
      "instance_resource": 702,
      "role": 1106,
      "instance_state": 22
    }
  },
  {
    "model": "core.irroleacl",
    "pk": 521,
    "fields": {
      "instance_resource": 737,
      "role": 1128,
      "instance_state": 21
    }
  },
  {
    "model": "core.irroleacl",
    "pk": 522,
    "fields": {
      "instance_resource": 748,
      "role": 1107,
      "instance_state": 25
    }
  },
  {
    "model": "core.irroleacl",
    "pk": 523,
    "fields": {
      "instance_resource": 716,
      "role": 1107,
      "instance_state": 23
    }
  },
  {
    "model": "core.irroleacl",
    "pk": 525,
    "fields": {
      "instance_resource": 716,
      "role": 1107,
      "instance_state": 24
    }
  },
  {
    "model": "core.irroleacl",
    "pk": 526,
    "fields": {
      "instance_resource": 716,
      "role": 1107,
      "instance_state": 22
    }
  },
  {
    "model": "core.irroleacl",
    "pk": 527,
    "fields": {
      "instance_resource": 726,
      "role": 1127,
      "instance_state": 22
    }
  },
  {
    "model": "core.irroleacl",
    "pk": 528,
    "fields": {
      "instance_resource": 705,
      "role": 1106,
      "instance_state": 26
    }
  },
  {
    "model": "core.irroleacl",
    "pk": 529,
    "fields": {
      "instance_resource": 746,
      "role": 3,
      "instance_state": 26
    }
  },
  {
    "model": "core.irroleacl",
    "pk": 530,
    "fields": {
      "instance_resource": 719,
      "role": 1107,
      "instance_state": 23
    }
  },
  {
    "model": "core.irroleacl",
    "pk": 533,
    "fields": {
      "instance_resource": 704,
      "role": 1106,
      "instance_state": 22
    }
  },
  {
    "model": "core.irroleacl",
    "pk": 535,
    "fields": {
      "instance_resource": 714,
      "role": 1107,
      "instance_state": 24
    }
  },
  {
    "model": "core.irroleacl",
    "pk": 536,
    "fields": {
      "instance_resource": 746,
      "role": 3,
      "instance_state": 21
    }
  },
  {
    "model": "core.irroleacl",
    "pk": 537,
    "fields": {
      "instance_resource": 721,
      "role": 1107,
      "instance_state": 27
    }
  },
  {
    "model": "core.irroleacl",
    "pk": 539,
    "fields": {
      "instance_resource": 705,
      "role": 1106,
      "instance_state": 23
    }
  },
  {
    "model": "core.irroleacl",
    "pk": 540,
    "fields": {
      "instance_resource": 725,
      "role": 1127,
      "instance_state": 22
    }
  },
  {
    "model": "core.irroleacl",
    "pk": 541,
    "fields": {
      "instance_resource": 747,
      "role": 1106,
      "instance_state": 22
    }
  },
  {
    "model": "core.irroleacl",
    "pk": 542,
    "fields": {
      "instance_resource": 723,
      "role": 1127,
      "instance_state": 26
    }
  },
  {
    "model": "core.irroleacl",
    "pk": 543,
    "fields": {
      "instance_resource": 721,
      "role": 1107,
      "instance_state": 25
    }
  },
  {
    "model": "core.irroleacl",
    "pk": 544,
    "fields": {
      "instance_resource": 699,
      "role": 1106,
      "instance_state": 21
    }
  },
  {
    "model": "core.irroleacl",
    "pk": 545,
    "fields": {
      "instance_resource": 750,
      "role": 1128,
      "instance_state": 23
    }
  },
  {
    "model": "core.irroleacl",
    "pk": 546,
    "fields": {
      "instance_resource": 750,
      "role": 1128,
      "instance_state": 25
    }
  },
  {
    "model": "core.irroleacl",
    "pk": 549,
    "fields": {
      "instance_resource": 701,
      "role": 1106,
      "instance_state": 22
    }
  },
  {
    "model": "core.irroleacl",
    "pk": 551,
    "fields": {
      "instance_resource": 719,
      "role": 1107,
      "instance_state": 27
    }
  },
  {
    "model": "core.irroleacl",
    "pk": 554,
    "fields": {
      "instance_resource": 739,
      "role": 1128,
      "instance_state": 25
    }
  },
  {
    "model": "core.irroleacl",
    "pk": 555,
    "fields": {
      "instance_resource": 721,
      "role": 1107,
      "instance_state": 26
    }
  },
  {
    "model": "core.irroleacl",
    "pk": 556,
    "fields": {
      "instance_resource": 705,
      "role": 1106,
      "instance_state": 24
    }
  },
  {
    "model": "core.irroleacl",
    "pk": 557,
    "fields": {
      "instance_resource": 720,
      "role": 1107,
      "instance_state": 21
    }
  },
  {
    "model": "core.irroleacl",
    "pk": 558,
    "fields": {
      "instance_resource": 704,
      "role": 1106,
      "instance_state": 24
    }
  },
  {
    "model": "core.irroleacl",
    "pk": 560,
    "fields": {
      "instance_resource": 701,
      "role": 1106,
      "instance_state": 27
    }
  },
  {
    "model": "core.irroleacl",
    "pk": 561,
    "fields": {
      "instance_resource": 706,
      "role": 1106,
      "instance_state": 26
    }
  },
  {
    "model": "core.irroleacl",
    "pk": 563,
    "fields": {
      "instance_resource": 720,
      "role": 1107,
      "instance_state": 25
    }
  },
  {
    "model": "core.irroleacl",
    "pk": 564,
    "fields": {
      "instance_resource": 723,
      "role": 1127,
      "instance_state": 25
    }
  },
  {
    "model": "core.irroleacl",
    "pk": 565,
    "fields": {
      "instance_resource": 702,
      "role": 1106,
      "instance_state": 23
    }
  },
  {
    "model": "core.irroleacl",
    "pk": 566,
    "fields": {
      "instance_resource": 747,
      "role": 1106,
      "instance_state": 26
    }
  },
  {
    "model": "core.irroleacl",
    "pk": 568,
    "fields": {
      "instance_resource": 748,
      "role": 1107,
      "instance_state": 22
    }
  },
  {
    "model": "core.irroleacl",
    "pk": 570,
    "fields": {
      "instance_resource": 716,
      "role": 1107,
      "instance_state": 26
    }
  },
  {
    "model": "core.irroleacl",
    "pk": 573,
    "fields": {
      "instance_resource": 706,
      "role": 1106,
      "instance_state": 25
    }
  },
  {
    "model": "core.irroleacl",
    "pk": 575,
    "fields": {
      "instance_resource": 737,
      "role": 1128,
      "instance_state": 26
    }
  },
  {
    "model": "core.irroleacl",
    "pk": 576,
    "fields": {
      "instance_resource": 738,
      "role": 1128,
      "instance_state": 26
    }
  },
  {
    "model": "core.irroleacl",
    "pk": 577,
    "fields": {
      "instance_resource": 741,
      "role": 1128,
      "instance_state": 1
    }
  },
  {
    "model": "core.irroleacl",
    "pk": 578,
    "fields": {
      "instance_resource": 723,
      "role": 1127,
      "instance_state": 21
    }
  },
  {
    "model": "core.irroleacl",
    "pk": 584,
    "fields": {
      "instance_resource": 702,
      "role": 1106,
      "instance_state": 27
    }
  },
  {
    "model": "core.irroleacl",
    "pk": 586,
    "fields": {
      "instance_resource": 725,
      "role": 1127,
      "instance_state": 26
    }
  },
  {
    "model": "core.irroleacl",
    "pk": 588,
    "fields": {
      "instance_resource": 740,
      "role": 1128,
      "instance_state": 27
    }
  },
  {
    "model": "core.irroleacl",
    "pk": 589,
    "fields": {
      "instance_resource": 747,
      "role": 1106,
      "instance_state": 24
    }
  },
  {
    "model": "core.irroleacl",
    "pk": 591,
    "fields": {
      "instance_resource": 706,
      "role": 1106,
      "instance_state": 21
    }
  },
  {
    "model": "core.irroleacl",
    "pk": 593,
    "fields": {
      "instance_resource": 729,
      "role": 1127,
      "instance_state": 26
    }
  },
  {
    "model": "core.irroleacl",
    "pk": 594,
    "fields": {
      "instance_resource": 737,
      "role": 1128,
      "instance_state": 27
    }
  },
  {
    "model": "core.irroleacl",
    "pk": 595,
    "fields": {
      "instance_resource": 727,
      "role": 1127,
      "instance_state": 25
    }
  },
  {
    "model": "core.irroleacl",
    "pk": 596,
    "fields": {
      "instance_resource": 701,
      "role": 1106,
      "instance_state": 23
    }
  },
  {
    "model": "core.irroleacl",
    "pk": 597,
    "fields": {
      "instance_resource": 717,
      "role": 1107,
      "instance_state": 27
    }
  },
  {
    "model": "core.irroleacl",
    "pk": 598,
    "fields": {
      "instance_resource": 707,
      "role": 1106,
      "instance_state": 22
    }
  },
  {
    "model": "core.irroleacl",
    "pk": 599,
    "fields": {
      "instance_resource": 735,
      "role": 1128,
      "instance_state": 23
    }
  },
  {
    "model": "core.irroleacl",
    "pk": 600,
    "fields": {
      "instance_resource": 706,
      "role": 1106,
      "instance_state": 23
    }
  },
  {
    "model": "core.irroleacl",
    "pk": 602,
    "fields": {
      "instance_resource": 716,
      "role": 1107,
      "instance_state": 27
    }
  },
  {
    "model": "core.irroleacl",
    "pk": 604,
    "fields": {
      "instance_resource": 740,
      "role": 1128,
      "instance_state": 25
    }
  },
  {
    "model": "core.irroleacl",
    "pk": 605,
    "fields": {
      "instance_resource": 737,
      "role": 1128,
      "instance_state": 24
    }
  },
  {
    "model": "core.irroleacl",
    "pk": 606,
    "fields": {
      "instance_resource": 726,
      "role": 1127,
      "instance_state": 27
    }
  },
  {
    "model": "core.irroleacl",
    "pk": 607,
    "fields": {
      "instance_resource": 740,
      "role": 1128,
      "instance_state": 21
    }
  },
  {
    "model": "core.irroleacl",
    "pk": 608,
    "fields": {
      "instance_resource": 740,
      "role": 1128,
      "instance_state": 23
    }
  },
  {
    "model": "core.irroleacl",
    "pk": 609,
    "fields": {
      "instance_resource": 702,
      "role": 1106,
      "instance_state": 26
    }
  },
  {
    "model": "core.irroleacl",
    "pk": 610,
    "fields": {
      "instance_resource": 725,
      "role": 1127,
      "instance_state": 23
    }
  },
  {
    "model": "core.irroleacl",
    "pk": 611,
    "fields": {
      "instance_resource": 717,
      "role": 1107,
      "instance_state": 25
    }
  },
  {
    "model": "core.irroleacl",
    "pk": 613,
    "fields": {
      "instance_resource": 714,
      "role": 1107,
      "instance_state": 22
    }
  },
  {
    "model": "core.irroleacl",
    "pk": 614,
    "fields": {
      "instance_resource": 727,
      "role": 1127,
      "instance_state": 26
    }
  },
  {
    "model": "core.irroleacl",
    "pk": 615,
    "fields": {
      "instance_resource": 735,
      "role": 1128,
      "instance_state": 25
    }
  },
  {
    "model": "core.irroleacl",
    "pk": 616,
    "fields": {
      "instance_resource": 739,
      "role": 1128,
      "instance_state": 24
    }
  },
  {
    "model": "core.irroleacl",
    "pk": 617,
    "fields": {
      "instance_resource": 704,
      "role": 1106,
      "instance_state": 27
    }
  },
  {
    "model": "core.irroleacl",
    "pk": 618,
    "fields": {
      "instance_resource": 716,
      "role": 1107,
      "instance_state": 21
    }
  },
  {
    "model": "core.irroleacl",
    "pk": 619,
    "fields": {
      "instance_resource": 721,
      "role": 1107,
      "instance_state": 23
    }
  },
  {
    "model": "core.irroleacl",
    "pk": 620,
    "fields": {
      "instance_resource": 747,
      "role": 1106,
      "instance_state": 27
    }
  },
  {
    "model": "core.irroleacl",
    "pk": 621,
    "fields": {
      "instance_resource": 719,
      "role": 1107,
      "instance_state": 24
    }
  },
  {
    "model": "core.irroleacl",
    "pk": 622,
    "fields": {
      "instance_resource": 714,
      "role": 1107,
      "instance_state": 26
    }
  },
  {
    "model": "core.irroleacl",
    "pk": 623,
    "fields": {
      "instance_resource": 726,
      "role": 1127,
      "instance_state": 25
    }
  },
  {
    "model": "core.irroleacl",
    "pk": 624,
    "fields": {
      "instance_resource": 726,
      "role": 1127,
      "instance_state": 23
    }
  },
  {
    "model": "core.irroleacl",
    "pk": 625,
    "fields": {
      "instance_resource": 750,
      "role": 1128,
      "instance_state": 26
    }
  },
  {
    "model": "core.irroleacl",
    "pk": 626,
    "fields": {
      "instance_resource": 720,
      "role": 1107,
      "instance_state": 24
    }
  },
  {
    "model": "core.irroleacl",
    "pk": 627,
    "fields": {
      "instance_resource": 738,
      "role": 1128,
      "instance_state": 25
    }
  },
  {
    "model": "core.irroleacl",
    "pk": 628,
    "fields": {
      "instance_resource": 741,
      "role": 1128,
      "instance_state": 22
    }
  },
  {
    "model": "core.irroleacl",
    "pk": 629,
    "fields": {
      "instance_resource": 699,
      "role": 1106,
      "instance_state": 23
    }
  },
  {
    "model": "core.irroleacl",
    "pk": 630,
    "fields": {
      "instance_resource": 737,
      "role": 1128,
      "instance_state": 25
    }
  },
  {
    "model": "core.irroleacl",
    "pk": 633,
    "fields": {
      "instance_resource": 749,
      "role": 1127,
      "instance_state": 26
    }
  },
  {
    "model": "core.irroleacl",
    "pk": 634,
    "fields": {
      "instance_resource": 738,
      "role": 1128,
      "instance_state": 23
    }
  },
  {
    "model": "core.irroleacl",
    "pk": 635,
    "fields": {
      "instance_resource": 723,
      "role": 1127,
      "instance_state": 23
    }
  },
  {
    "model": "core.irroleacl",
    "pk": 636,
    "fields": {
      "instance_resource": 728,
      "role": 1127,
      "instance_state": 22
    }
  },
  {
    "model": "core.irroleacl",
    "pk": 637,
    "fields": {
      "instance_resource": 737,
      "role": 1128,
      "instance_state": 23
    }
  },
  {
    "model": "core.irroleacl",
    "pk": 638,
    "fields": {
      "instance_resource": 735,
      "role": 1128,
      "instance_state": 21
    }
  },
  {
    "model": "core.irroleacl",
    "pk": 639,
    "fields": {
      "instance_resource": 746,
      "role": 3,
      "instance_state": 23
    }
  },
  {
    "model": "core.irroleacl",
    "pk": 640,
    "fields": {
      "instance_resource": 747,
      "role": 1106,
      "instance_state": 25
    }
  },
  {
    "model": "core.irroleacl",
    "pk": 643,
    "fields": {
      "instance_resource": 720,
      "role": 1107,
      "instance_state": 26
    }
  },
  {
    "model": "core.irroleacl",
    "pk": 646,
    "fields": {
      "instance_resource": 729,
      "role": 1127,
      "instance_state": 22
    }
  },
  {
    "model": "core.irroleacl",
    "pk": 647,
    "fields": {
      "instance_resource": 717,
      "role": 1107,
      "instance_state": 26
    }
  },
  {
    "model": "core.irroleacl",
    "pk": 648,
    "fields": {
      "instance_resource": 749,
      "role": 1127,
      "instance_state": 23
    }
  },
  {
    "model": "core.irroleacl",
    "pk": 650,
    "fields": {
      "instance_resource": 748,
      "role": 1107,
      "instance_state": 26
    }
  },
  {
    "model": "core.irroleacl",
    "pk": 651,
    "fields": {
      "instance_resource": 740,
      "role": 1128,
      "instance_state": 24
    }
  },
  {
    "model": "core.irroleacl",
    "pk": 653,
    "fields": {
      "instance_resource": 746,
      "role": 3,
      "instance_state": 24
    }
  },
  {
    "model": "core.irroleacl",
    "pk": 657,
    "fields": {
      "instance_resource": 750,
      "role": 1128,
      "instance_state": 22
    }
  },
  {
    "model": "core.irroleacl",
    "pk": 658,
    "fields": {
      "instance_resource": 721,
      "role": 1107,
      "instance_state": 24
    }
  },
  {
    "model": "core.irroleacl",
    "pk": 659,
    "fields": {
      "instance_resource": 701,
      "role": 1106,
      "instance_state": 25
    }
  },
  {
    "model": "core.irroleacl",
    "pk": 660,
    "fields": {
      "instance_resource": 739,
      "role": 1128,
      "instance_state": 27
    }
  },
  {
    "model": "core.irroleacl",
    "pk": 661,
    "fields": {
      "instance_resource": 701,
      "role": 1106,
      "instance_state": 21
    }
  },
  {
    "model": "core.irroleacl",
    "pk": 662,
    "fields": {
      "instance_resource": 699,
      "role": 1106,
      "instance_state": 27
    }
  },
  {
    "model": "core.irroleacl",
    "pk": 663,
    "fields": {
      "instance_resource": 716,
      "role": 1107,
      "instance_state": 25
    }
  },
  {
    "model": "core.irroleacl",
    "pk": 664,
    "fields": {
      "instance_resource": 747,
      "role": 1106,
      "instance_state": 23
    }
  },
  {
    "model": "core.irroleacl",
    "pk": 665,
    "fields": {
      "instance_resource": 746,
      "role": 3,
      "instance_state": 22
    }
  },
  {
    "model": "core.irroleacl",
    "pk": 666,
    "fields": {
      "instance_resource": 705,
      "role": 1106,
      "instance_state": 22
    }
  },
  {
    "model": "core.irroleacl",
    "pk": 667,
    "fields": {
      "instance_resource": 725,
      "role": 1127,
      "instance_state": 25
    }
  },
  {
    "model": "core.irroleacl",
    "pk": 669,
    "fields": {
      "instance_resource": 750,
      "role": 1128,
      "instance_state": 24
    }
  },
  {
    "model": "core.irroleacl",
    "pk": 670,
    "fields": {
      "instance_resource": 704,
      "role": 1106,
      "instance_state": 23
    }
  },
  {
    "model": "core.irroleacl",
    "pk": 671,
    "fields": {
      "instance_resource": 723,
      "role": 1127,
      "instance_state": 22
    }
  },
  {
    "model": "core.irroleacl",
    "pk": 672,
    "fields": {
      "instance_resource": 699,
      "role": 1106,
      "instance_state": 22
    }
  },
  {
    "model": "core.irroleacl",
    "pk": 673,
    "fields": {
      "instance_resource": 699,
      "role": 1106,
      "instance_state": 26
    }
  },
  {
    "model": "core.irroleacl",
    "pk": 675,
    "fields": {
      "instance_resource": 741,
      "role": 1128,
      "instance_state": 23
    }
  },
  {
    "model": "core.irroleacl",
    "pk": 677,
    "fields": {
      "instance_resource": 749,
      "role": 1127,
      "instance_state": 25
    }
  },
  {
    "model": "core.irroleacl",
    "pk": 679,
    "fields": {
      "instance_resource": 720,
      "role": 1107,
      "instance_state": 27
    }
  },
  {
    "model": "core.irroleacl",
    "pk": 680,
    "fields": {
      "instance_resource": 706,
      "role": 1106,
      "instance_state": 22
    }
  },
  {
    "model": "core.irroleacl",
    "pk": 682,
    "fields": {
      "instance_resource": 707,
      "role": 1106,
      "instance_state": 24
    }
  },
  {
    "model": "core.irroleacl",
    "pk": 684,
    "fields": {
      "instance_resource": 707,
      "role": 1106,
      "instance_state": 1
    }
  },
  {
    "model": "core.irroleacl",
    "pk": 685,
    "fields": {
      "instance_resource": 727,
      "role": 1127,
      "instance_state": 22
    }
  },
  {
    "model": "core.irroleacl",
    "pk": 687,
    "fields": {
      "instance_resource": 728,
      "role": 1127,
      "instance_state": 24
    }
  },
  {
    "model": "core.irroleacl",
    "pk": 688,
    "fields": {
      "instance_resource": 717,
      "role": 1107,
      "instance_state": 23
    }
  },
  {
    "model": "core.irroleacl",
    "pk": 691,
    "fields": {
      "instance_resource": 706,
      "role": 1106,
      "instance_state": 27
    }
  },
  {
    "model": "core.irroleacl",
    "pk": 692,
    "fields": {
      "instance_resource": 714,
      "role": 1107,
      "instance_state": 21
    }
  },
  {
    "model": "core.irroleacl",
    "pk": 693,
    "fields": {
      "instance_resource": 727,
      "role": 1127,
      "instance_state": 27
    }
  },
  {
    "model": "core.irroleacl",
    "pk": 694,
    "fields": {
      "instance_resource": 735,
      "role": 1128,
      "instance_state": 26
    }
  },
  {
    "model": "core.irroleacl",
    "pk": 695,
    "fields": {
      "instance_resource": 741,
      "role": 1128,
      "instance_state": 24
    }
  },
  {
    "model": "core.irroleacl",
    "pk": 696,
    "fields": {
      "instance_resource": 740,
      "role": 1128,
      "instance_state": 22
    }
  },
  {
    "model": "core.irroleacl",
    "pk": 697,
    "fields": {
      "instance_resource": 702,
      "role": 1106,
      "instance_state": 25
    }
  },
  {
    "model": "core.irroleacl",
    "pk": 698,
    "fields": {
      "instance_resource": 725,
      "role": 1127,
      "instance_state": 27
    }
  },
  {
    "model": "core.irroleacl",
    "pk": 699,
    "fields": {
      "instance_resource": 707,
      "role": 1106,
      "instance_state": 23
    }
  },
  {
    "model": "core.irroleacl",
    "pk": 700,
    "fields": {
      "instance_resource": 706,
      "role": 1106,
      "instance_state": 24
    }
  },
  {
    "model": "core.irroleacl",
    "pk": 701,
    "fields": {
      "instance_resource": 707,
      "role": 1106,
      "instance_state": 25
    }
  },
  {
    "model": "core.irroleacl",
    "pk": 702,
    "fields": {
      "instance_resource": 728,
      "role": 1127,
      "instance_state": 26
    }
  },
  {
    "model": "core.irroleacl",
    "pk": 703,
    "fields": {
      "instance_resource": 707,
      "role": 1106,
      "instance_state": 21
    }
  },
  {
    "model": "core.irroleacl",
    "pk": 704,
    "fields": {
      "instance_resource": 729,
      "role": 1127,
      "instance_state": 27
    }
  },
  {
    "model": "core.irroleacl",
    "pk": 706,
    "fields": {
      "instance_resource": 696,
      "role": 1105,
      "instance_state": 23
    }
  },
  {
    "model": "core.irroleacl",
    "pk": 719,
    "fields": {
      "instance_resource": 696,
      "role": 1105,
      "instance_state": 25
    }
  },
  {
    "model": "core.irroleacl",
    "pk": 720,
    "fields": {
      "instance_resource": 696,
      "role": 1105,
      "instance_state": 22
    }
  },
  {
    "model": "core.irroleacl",
    "pk": 721,
    "fields": {
      "instance_resource": 696,
      "role": 1105,
      "instance_state": 24
    }
  },
  {
    "model": "core.irroleacl",
    "pk": 724,
    "fields": {
      "instance_resource": 585,
      "role": 1081,
      "instance_state": 24
    }
  },
  {
    "model": "core.irroleacl",
    "pk": 727,
    "fields": {
      "instance_resource": 585,
      "role": 1081,
      "instance_state": 26
    }
  },
  {
    "model": "core.irroleacl",
    "pk": 729,
    "fields": {
      "instance_resource": 585,
      "role": 1081,
      "instance_state": 25
    }
  },
  {
    "model": "core.irroleacl",
    "pk": 730,
    "fields": {
      "instance_resource": 585,
      "role": 1081,
      "instance_state": 23
    }
  },
  {
    "model": "core.irroleacl",
    "pk": 736,
    "fields": {
      "instance_resource": 447,
      "role": 1106,
      "instance_state": 22
    }
  },
  {
    "model": "core.irroleacl",
    "pk": 737,
    "fields": {
      "instance_resource": 447,
      "role": 1106,
      "instance_state": 23
    }
  },
  {
    "model": "core.irroleacl",
    "pk": 738,
    "fields": {
      "instance_resource": 447,
      "role": 1106,
      "instance_state": 24
    }
  },
  {
    "model": "core.irroleacl",
    "pk": 739,
    "fields": {
      "instance_resource": 447,
      "role": 1106,
      "instance_state": 25
    }
  },
  {
    "model": "core.irroleacl",
    "pk": 740,
    "fields": {
      "instance_resource": 447,
      "role": 1127,
      "instance_state": 22
    }
  },
  {
    "model": "core.irroleacl",
    "pk": 741,
    "fields": {
      "instance_resource": 447,
      "role": 1127,
      "instance_state": 23
    }
  },
  {
    "model": "core.irroleacl",
    "pk": 742,
    "fields": {
      "instance_resource": 447,
      "role": 1127,
      "instance_state": 24
    }
  },
  {
    "model": "core.irroleacl",
    "pk": 743,
    "fields": {
      "instance_resource": 447,
      "role": 1127,
      "instance_state": 25
    }
  },
  {
    "model": "core.irroleacl",
    "pk": 744,
    "fields": {
      "instance_resource": 447,
      "role": 1128,
      "instance_state": 22
    }
  },
  {
    "model": "core.irroleacl",
    "pk": 745,
    "fields": {
      "instance_resource": 447,
      "role": 1128,
      "instance_state": 23
    }
  },
  {
    "model": "core.irroleacl",
    "pk": 746,
    "fields": {
      "instance_resource": 447,
      "role": 1128,
      "instance_state": 24
    }
  },
  {
    "model": "core.irroleacl",
    "pk": 747,
    "fields": {
      "instance_resource": 447,
      "role": 1128,
      "instance_state": 25
    }
  },
  {
    "model": "core.irroleacl",
    "pk": 748,
    "fields": {
      "instance_resource": 447,
      "role": 1107,
      "instance_state": 22
    }
  },
  {
    "model": "core.irroleacl",
    "pk": 749,
    "fields": {
      "instance_resource": 447,
      "role": 1107,
      "instance_state": 23
    }
  },
  {
    "model": "core.irroleacl",
    "pk": 750,
    "fields": {
      "instance_resource": 447,
      "role": 1107,
      "instance_state": 24
    }
  },
  {
    "model": "core.irroleacl",
    "pk": 751,
    "fields": {
      "instance_resource": 447,
      "role": 1107,
      "instance_state": 25
    }
  },
  {
    "model": "core.irroleacl",
    "pk": 753,
    "fields": {
      "instance_resource": 735,
      "role": 1129,
      "instance_state": 21
    }
  },
  {
    "model": "core.irroleacl",
    "pk": 754,
    "fields": {
      "instance_resource": 735,
      "role": 1129,
      "instance_state": 22
    }
  },
  {
    "model": "core.irroleacl",
    "pk": 755,
    "fields": {
      "instance_resource": 735,
      "role": 1129,
      "instance_state": 23
    }
  },
  {
    "model": "core.irroleacl",
    "pk": 756,
    "fields": {
      "instance_resource": 735,
      "role": 1129,
      "instance_state": 24
    }
  },
  {
    "model": "core.irroleacl",
    "pk": 757,
    "fields": {
      "instance_resource": 735,
      "role": 1129,
      "instance_state": 25
    }
  },
  {
    "model": "core.irroleacl",
    "pk": 758,
    "fields": {
      "instance_resource": 735,
      "role": 1129,
      "instance_state": 26
    }
  },
  {
    "model": "core.irroleacl",
    "pk": 759,
    "fields": {
      "instance_resource": 735,
      "role": 1129,
      "instance_state": 27
    }
  },
  {
    "model": "core.irroleacl",
    "pk": 767,
    "fields": {
      "instance_resource": 737,
      "role": 1129,
      "instance_state": 21
    }
  },
  {
    "model": "core.irroleacl",
    "pk": 768,
    "fields": {
      "instance_resource": 737,
      "role": 1129,
      "instance_state": 22
    }
  },
  {
    "model": "core.irroleacl",
    "pk": 769,
    "fields": {
      "instance_resource": 737,
      "role": 1129,
      "instance_state": 23
    }
  },
  {
    "model": "core.irroleacl",
    "pk": 770,
    "fields": {
      "instance_resource": 737,
      "role": 1129,
      "instance_state": 24
    }
  },
  {
    "model": "core.irroleacl",
    "pk": 771,
    "fields": {
      "instance_resource": 737,
      "role": 1129,
      "instance_state": 25
    }
  },
  {
    "model": "core.irroleacl",
    "pk": 772,
    "fields": {
      "instance_resource": 737,
      "role": 1129,
      "instance_state": 26
    }
  },
  {
    "model": "core.irroleacl",
    "pk": 773,
    "fields": {
      "instance_resource": 737,
      "role": 1129,
      "instance_state": 27
    }
  },
  {
    "model": "core.irroleacl",
    "pk": 774,
    "fields": {
      "instance_resource": 738,
      "role": 1129,
      "instance_state": 22
    }
  },
  {
    "model": "core.irroleacl",
    "pk": 775,
    "fields": {
      "instance_resource": 738,
      "role": 1129,
      "instance_state": 23
    }
  },
  {
    "model": "core.irroleacl",
    "pk": 776,
    "fields": {
      "instance_resource": 738,
      "role": 1129,
      "instance_state": 24
    }
  },
  {
    "model": "core.irroleacl",
    "pk": 777,
    "fields": {
      "instance_resource": 738,
      "role": 1129,
      "instance_state": 25
    }
  },
  {
    "model": "core.irroleacl",
    "pk": 778,
    "fields": {
      "instance_resource": 738,
      "role": 1129,
      "instance_state": 26
    }
  },
  {
    "model": "core.irroleacl",
    "pk": 779,
    "fields": {
      "instance_resource": 738,
      "role": 1129,
      "instance_state": 27
    }
  },
  {
    "model": "core.irroleacl",
    "pk": 780,
    "fields": {
      "instance_resource": 750,
      "role": 1129,
      "instance_state": 22
    }
  },
  {
    "model": "core.irroleacl",
    "pk": 781,
    "fields": {
      "instance_resource": 750,
      "role": 1129,
      "instance_state": 23
    }
  },
  {
    "model": "core.irroleacl",
    "pk": 782,
    "fields": {
      "instance_resource": 750,
      "role": 1129,
      "instance_state": 24
    }
  },
  {
    "model": "core.irroleacl",
    "pk": 783,
    "fields": {
      "instance_resource": 750,
      "role": 1129,
      "instance_state": 25
    }
  },
  {
    "model": "core.irroleacl",
    "pk": 784,
    "fields": {
      "instance_resource": 750,
      "role": 1129,
      "instance_state": 26
    }
  },
  {
    "model": "core.irroleacl",
    "pk": 785,
    "fields": {
      "instance_resource": 740,
      "role": 1129,
      "instance_state": 21
    }
  },
  {
    "model": "core.irroleacl",
    "pk": 786,
    "fields": {
      "instance_resource": 740,
      "role": 1129,
      "instance_state": 22
    }
  },
  {
    "model": "core.irroleacl",
    "pk": 787,
    "fields": {
      "instance_resource": 740,
      "role": 1129,
      "instance_state": 23
    }
  },
  {
    "model": "core.irroleacl",
    "pk": 788,
    "fields": {
      "instance_resource": 740,
      "role": 1129,
      "instance_state": 24
    }
  },
  {
    "model": "core.irroleacl",
    "pk": 789,
    "fields": {
      "instance_resource": 740,
      "role": 1129,
      "instance_state": 25
    }
  },
  {
    "model": "core.irroleacl",
    "pk": 790,
    "fields": {
      "instance_resource": 740,
      "role": 1129,
      "instance_state": 26
    }
  },
  {
    "model": "core.irroleacl",
    "pk": 799,
    "fields": {
      "instance_resource": 752,
      "role": 1129,
      "instance_state": 22
    }
  },
  {
    "model": "core.irroleacl",
    "pk": 800,
    "fields": {
      "instance_resource": 752,
      "role": 1129,
      "instance_state": 23
    }
  },
  {
    "model": "core.irroleacl",
    "pk": 801,
    "fields": {
      "instance_resource": 752,
      "role": 1129,
      "instance_state": 24
    }
  },
  {
    "model": "core.irroleacl",
    "pk": 802,
    "fields": {
      "instance_resource": 752,
      "role": 1129,
      "instance_state": 25
    }
  },
  {
    "model": "core.irroleacl",
    "pk": 803,
    "fields": {
      "instance_resource": 752,
      "role": 1129,
      "instance_state": 26
    }
  },
  {
    "model": "core.irroleacl",
    "pk": 805,
    "fields": {
      "instance_resource": 46,
      "role": 6,
      "instance_state": 32
    }
  },
  {
    "model": "core.irroleacl",
    "pk": 807,
    "fields": {
      "instance_resource": 265,
      "role": 6,
      "instance_state": 32
    }
  },
  {
    "model": "core.irroleacl",
    "pk": 808,
    "fields": {
      "instance_resource": 405,
      "role": 6,
      "instance_state": 32
    }
  },
  {
    "model": "core.irroleacl",
    "pk": 809,
    "fields": {
      "instance_resource": 685,
      "role": 6,
      "instance_state": 32
    }
  },
  {
    "model": "core.irroleacl",
    "pk": 810,
    "fields": {
      "instance_resource": 692,
      "role": 6,
      "instance_state": 32
    }
  },
  {
    "model": "core.irroleacl",
    "pk": 813,
    "fields": {
      "instance_resource": 4,
      "role": 3,
      "instance_state": 32
    }
  },
  {
    "model": "core.irroleacl",
    "pk": 817,
    "fields": {
      "instance_resource": 753,
      "role": 6,
      "instance_state": 21
    }
  },
  {
    "model": "core.irroleacl",
    "pk": 818,
    "fields": {
      "instance_resource": 753,
      "role": 6,
      "instance_state": 22
    }
  },
  {
    "model": "core.irroleacl",
    "pk": 819,
    "fields": {
      "instance_resource": 753,
      "role": 6,
      "instance_state": 32
    }
  },
  {
    "model": "core.irroleacl",
    "pk": 820,
    "fields": {
      "instance_resource": 753,
      "role": 6,
      "instance_state": 23
    }
  },
  {
    "model": "core.irroleacl",
    "pk": 821,
    "fields": {
      "instance_resource": 753,
      "role": 6,
      "instance_state": 24
    }
  },
  {
    "model": "core.irroleacl",
    "pk": 822,
    "fields": {
      "instance_resource": 753,
      "role": 6,
      "instance_state": 25
    }
  },
  {
    "model": "core.irroleacl",
    "pk": 829,
    "fields": {
      "instance_resource": 755,
      "role": 1104,
      "instance_state": 21
    }
  },
  {
    "model": "core.irroleacl",
    "pk": 830,
    "fields": {
      "instance_resource": 755,
      "role": 1104,
      "instance_state": 22
    }
  },
  {
    "model": "core.irroleacl",
    "pk": 831,
    "fields": {
      "instance_resource": 755,
      "role": 1104,
      "instance_state": 32
    }
  },
  {
    "model": "core.irroleacl",
    "pk": 832,
    "fields": {
      "instance_resource": 755,
      "role": 1104,
      "instance_state": 23
    }
  },
  {
    "model": "core.irroleacl",
    "pk": 833,
    "fields": {
      "instance_resource": 755,
      "role": 1104,
      "instance_state": 24
    }
  },
  {
    "model": "core.irroleacl",
    "pk": 834,
    "fields": {
      "instance_resource": 755,
      "role": 1104,
      "instance_state": 25
    }
  },
  {
    "model": "core.irroleacl",
    "pk": 835,
    "fields": {
      "instance_resource": 756,
      "role": 1104,
      "instance_state": 21
    }
  },
  {
    "model": "core.irroleacl",
    "pk": 836,
    "fields": {
      "instance_resource": 756,
      "role": 1104,
      "instance_state": 22
    }
  },
  {
    "model": "core.irroleacl",
    "pk": 837,
    "fields": {
      "instance_resource": 756,
      "role": 1104,
      "instance_state": 32
    }
  },
  {
    "model": "core.irroleacl",
    "pk": 838,
    "fields": {
      "instance_resource": 756,
      "role": 1104,
      "instance_state": 23
    }
  },
  {
    "model": "core.irroleacl",
    "pk": 839,
    "fields": {
      "instance_resource": 756,
      "role": 1104,
      "instance_state": 24
    }
  },
  {
    "model": "core.irroleacl",
    "pk": 840,
    "fields": {
      "instance_resource": 756,
      "role": 1104,
      "instance_state": 25
    }
  },
  {
    "model": "core.irroleacl",
    "pk": 841,
    "fields": {
      "instance_resource": 757,
      "role": 1104,
      "instance_state": 21
    }
  },
  {
    "model": "core.irroleacl",
    "pk": 842,
    "fields": {
      "instance_resource": 757,
      "role": 1104,
      "instance_state": 22
    }
  },
  {
    "model": "core.irroleacl",
    "pk": 843,
    "fields": {
      "instance_resource": 757,
      "role": 1104,
      "instance_state": 32
    }
  },
  {
    "model": "core.irroleacl",
    "pk": 844,
    "fields": {
      "instance_resource": 757,
      "role": 1104,
      "instance_state": 23
    }
  },
  {
    "model": "core.irroleacl",
    "pk": 845,
    "fields": {
      "instance_resource": 757,
      "role": 1104,
      "instance_state": 24
    }
  },
  {
    "model": "core.irroleacl",
    "pk": 846,
    "fields": {
      "instance_resource": 757,
      "role": 1104,
      "instance_state": 25
    }
  },
  {
    "model": "core.irroleacl",
    "pk": 847,
    "fields": {
      "instance_resource": 758,
      "role": 1130,
      "instance_state": 21
    }
  },
  {
    "model": "core.irroleacl",
    "pk": 849,
    "fields": {
      "instance_resource": 761,
      "role": 1130,
      "instance_state": 21
    }
  },
  {
    "model": "core.irroleacl",
    "pk": 850,
    "fields": {
      "instance_resource": 761,
      "role": 1130,
      "instance_state": 22
    }
  },
  {
    "model": "core.irroleacl",
    "pk": 851,
    "fields": {
      "instance_resource": 761,
      "role": 1130,
      "instance_state": 23
    }
  },
  {
    "model": "core.irroleacl",
    "pk": 852,
    "fields": {
      "instance_resource": 761,
      "role": 1130,
      "instance_state": 24
    }
  },
  {
    "model": "core.irroleacl",
    "pk": 853,
    "fields": {
      "instance_resource": 761,
      "role": 1130,
      "instance_state": 25
    }
  },
  {
    "model": "core.irroleacl",
    "pk": 854,
    "fields": {
      "instance_resource": 761,
      "role": 1130,
      "instance_state": 26
    }
  },
  {
    "model": "core.irroleacl",
    "pk": 875,
    "fields": {
      "instance_resource": 763,
      "role": 1130,
      "instance_state": 21
    }
  },
  {
    "model": "core.irroleacl",
    "pk": 876,
    "fields": {
      "instance_resource": 763,
      "role": 1130,
      "instance_state": 22
    }
  },
  {
    "model": "core.irroleacl",
    "pk": 877,
    "fields": {
      "instance_resource": 763,
      "role": 1130,
      "instance_state": 23
    }
  },
  {
    "model": "core.irroleacl",
    "pk": 878,
    "fields": {
      "instance_resource": 763,
      "role": 1130,
      "instance_state": 24
    }
  },
  {
    "model": "core.irroleacl",
    "pk": 879,
    "fields": {
      "instance_resource": 763,
      "role": 1130,
      "instance_state": 25
    }
  },
  {
    "model": "core.irroleacl",
    "pk": 880,
    "fields": {
      "instance_resource": 763,
      "role": 1130,
      "instance_state": 26
    }
  },
  {
    "model": "core.irroleacl",
    "pk": 881,
    "fields": {
      "instance_resource": 763,
      "role": 1130,
      "instance_state": 27
    }
  },
  {
    "model": "core.irroleacl",
    "pk": 882,
    "fields": {
      "instance_resource": 760,
      "role": 1130,
      "instance_state": 21
    }
  },
  {
    "model": "core.irroleacl",
    "pk": 883,
    "fields": {
      "instance_resource": 760,
      "role": 1130,
      "instance_state": 22
    }
  },
  {
    "model": "core.irroleacl",
    "pk": 884,
    "fields": {
      "instance_resource": 760,
      "role": 1130,
      "instance_state": 23
    }
  },
  {
    "model": "core.irroleacl",
    "pk": 885,
    "fields": {
      "instance_resource": 760,
      "role": 1130,
      "instance_state": 24
    }
  },
  {
    "model": "core.irroleacl",
    "pk": 886,
    "fields": {
      "instance_resource": 760,
      "role": 1130,
      "instance_state": 25
    }
  },
  {
    "model": "core.irroleacl",
    "pk": 887,
    "fields": {
      "instance_resource": 760,
      "role": 1130,
      "instance_state": 26
    }
  },
  {
    "model": "core.irroleacl",
    "pk": 888,
    "fields": {
      "instance_resource": 760,
      "role": 1130,
      "instance_state": 27
    }
  },
  {
    "model": "core.irroleacl",
    "pk": 889,
    "fields": {
      "instance_resource": 758,
      "role": 1130,
      "instance_state": 22
    }
  },
  {
    "model": "core.irroleacl",
    "pk": 890,
    "fields": {
      "instance_resource": 758,
      "role": 1130,
      "instance_state": 23
    }
  },
  {
    "model": "core.irroleacl",
    "pk": 891,
    "fields": {
      "instance_resource": 758,
      "role": 1130,
      "instance_state": 24
    }
  },
  {
    "model": "core.irroleacl",
    "pk": 892,
    "fields": {
      "instance_resource": 758,
      "role": 1130,
      "instance_state": 25
    }
  },
  {
    "model": "core.irroleacl",
    "pk": 893,
    "fields": {
      "instance_resource": 758,
      "role": 1130,
      "instance_state": 26
    }
  },
  {
    "model": "core.irroleacl",
    "pk": 894,
    "fields": {
      "instance_resource": 764,
      "role": 4,
      "instance_state": 23
    }
  },
  {
    "model": "core.irroleacl",
    "pk": 895,
    "fields": {
      "instance_resource": 764,
      "role": 4,
      "instance_state": 24
    }
  },
  {
    "model": "core.irroleacl",
    "pk": 896,
    "fields": {
      "instance_resource": 764,
      "role": 1021,
      "instance_state": 23
    }
  },
  {
    "model": "core.irroleacl",
    "pk": 897,
    "fields": {
      "instance_resource": 764,
      "role": 1021,
      "instance_state": 24
    }
  },
  {
    "model": "core.irroleacl",
    "pk": 898,
    "fields": {
      "instance_resource": 764,
      "role": 1102,
      "instance_state": 23
    }
  },
  {
    "model": "core.irroleacl",
    "pk": 899,
    "fields": {
      "instance_resource": 696,
      "role": 1105,
      "instance_state": 32
    }
  },
  {
    "model": "core.irroleacl",
    "pk": 901,
    "fields": {
      "instance_resource": 765,
      "role": 6,
      "instance_state": 1
    }
  },
  {
    "model": "core.irroleacl",
    "pk": 902,
    "fields": {
      "instance_resource": 765,
      "role": 6,
      "instance_state": 21
    }
  },
  {
    "model": "core.irroleacl",
    "pk": 903,
    "fields": {
      "instance_resource": 765,
      "role": 6,
      "instance_state": 22
    }
  },
  {
    "model": "core.irroleacl",
    "pk": 904,
    "fields": {
      "instance_resource": 765,
      "role": 6,
      "instance_state": 32
    }
  },
  {
    "model": "core.irroleacl",
    "pk": 905,
    "fields": {
      "instance_resource": 765,
      "role": 6,
      "instance_state": 23
    }
  },
  {
    "model": "core.irroleacl",
    "pk": 906,
    "fields": {
      "instance_resource": 765,
      "role": 6,
      "instance_state": 24
    }
  },
  {
    "model": "core.irroleacl",
    "pk": 907,
    "fields": {
      "instance_resource": 765,
      "role": 6,
      "instance_state": 25
    }
  },
  {
    "model": "core.irroleacl",
    "pk": 908,
    "fields": {
      "instance_resource": 765,
      "role": 6,
      "instance_state": 26
    }
  },
  {
    "model": "core.irroleacl",
    "pk": 909,
    "fields": {
      "instance_resource": 765,
      "role": 6,
      "instance_state": 27
    }
  },
  {
    "model": "core.irroleacl",
    "pk": 910,
    "fields": {
      "instance_resource": 765,
      "role": 6,
      "instance_state": 28
    }
  },
  {
    "model": "core.irroleacl",
    "pk": 911,
    "fields": {
      "instance_resource": 765,
      "role": 6,
      "instance_state": 29
    }
  },
  {
    "model": "core.irroleacl",
    "pk": 912,
    "fields": {
      "instance_resource": 765,
      "role": 6,
      "instance_state": 30
    }
  },
  {
    "model": "core.irroleacl",
    "pk": 913,
    "fields": {
      "instance_resource": 765,
      "role": 6,
      "instance_state": 31
    }
  },
  {
    "model": "core.irroleacl",
    "pk": 915,
    "fields": {
      "instance_resource": 145,
      "role": 3,
      "instance_state": 33
    }
  },
  {
    "model": "core.irroleacl",
    "pk": 916,
    "fields": {
      "instance_resource": 145,
      "role": 6,
      "instance_state": 33
    }
  },
  {
    "model": "core.irroleacl",
    "pk": 918,
    "fields": {
      "instance_resource": 46,
      "role": 7,
      "instance_state": 33
    }
  },
  {
    "model": "core.irroleacl",
    "pk": 919,
    "fields": {
      "instance_resource": 46,
      "role": 6,
      "instance_state": 33
    }
  },
  {
    "model": "core.irroleacl",
    "pk": 920,
    "fields": {
      "instance_resource": 46,
      "role": 4,
      "instance_state": 33
    }
  },
  {
    "model": "core.irroleacl",
    "pk": 922,
    "fields": {
      "instance_resource": 605,
      "role": 1101,
      "instance_state": 33
    }
  },
  {
    "model": "core.irroleacl",
    "pk": 923,
    "fields": {
      "instance_resource": 607,
      "role": 1101,
      "instance_state": 33
    }
  },
  {
    "model": "core.irroleacl",
    "pk": 924,
    "fields": {
      "instance_resource": 764,
      "role": 1102,
      "instance_state": 21
    }
  },
  {
    "model": "core.irroleacl",
    "pk": 925,
    "fields": {
      "instance_resource": 764,
      "role": 1102,
      "instance_state": 22
    }
  },
  {
    "model": "core.irroleacl",
    "pk": 926,
    "fields": {
      "instance_resource": 764,
      "role": 1102,
      "instance_state": 32
    }
  },
  {
    "model": "core.irroleacl",
    "pk": 927,
    "fields": {
      "instance_resource": 764,
      "role": 1102,
      "instance_state": 24
    }
  },
  {
    "model": "core.irroleacl",
    "pk": 928,
    "fields": {
      "instance_resource": 764,
      "role": 4,
      "instance_state": 21
    }
  },
  {
    "model": "core.irroleacl",
    "pk": 929,
    "fields": {
      "instance_resource": 764,
      "role": 4,
      "instance_state": 22
    }
  },
  {
    "model": "core.irroleacl",
    "pk": 930,
    "fields": {
      "instance_resource": 764,
      "role": 4,
      "instance_state": 32
    }
  },
  {
    "model": "core.irroleacl",
    "pk": 931,
    "fields": {
      "instance_resource": 764,
      "role": 1021,
      "instance_state": 21
    }
  },
  {
    "model": "core.irroleacl",
    "pk": 932,
    "fields": {
      "instance_resource": 764,
      "role": 1021,
      "instance_state": 22
    }
  },
  {
    "model": "core.irroleacl",
    "pk": 933,
    "fields": {
      "instance_resource": 764,
      "role": 1021,
      "instance_state": 32
    }
  },
  {
    "model": "core.irroleacl",
    "pk": 959,
    "fields": {
      "instance_resource": 46,
      "role": 4,
      "instance_state": 32
    }
  },
  {
    "model": "core.irroleacl",
    "pk": 974,
    "fields": {
      "instance_resource": 525,
      "role": 4,
      "instance_state": 32
    }
  },
  {
    "model": "core.irroleacl",
    "pk": 975,
    "fields": {
      "instance_resource": 525,
      "role": 1021,
      "instance_state": 32
    }
  },
  {
    "model": "core.irroleacl",
    "pk": 976,
    "fields": {
      "instance_resource": 769,
      "role": 1104,
      "instance_state": 21
    }
  },
  {
    "model": "core.irroleacl",
    "pk": 977,
    "fields": {
      "instance_resource": 769,
      "role": 1104,
      "instance_state": 22
    }
  },
  {
    "model": "core.irroleacl",
    "pk": 978,
    "fields": {
      "instance_resource": 769,
      "role": 1104,
      "instance_state": 32
    }
  },
  {
    "model": "core.irroleacl",
    "pk": 979,
    "fields": {
      "instance_resource": 769,
      "role": 1104,
      "instance_state": 23
    }
  },
  {
    "model": "core.irroleacl",
    "pk": 980,
    "fields": {
      "instance_resource": 769,
      "role": 1104,
      "instance_state": 24
    }
  },
  {
    "model": "core.irroleacl",
    "pk": 981,
    "fields": {
      "instance_resource": 769,
      "role": 1104,
      "instance_state": 25
    }
  },
  {
    "model": "core.irroleacl",
    "pk": 982,
    "fields": {
      "instance_resource": 770,
      "role": 1104,
      "instance_state": 21
    }
  },
  {
    "model": "core.irroleacl",
    "pk": 983,
    "fields": {
      "instance_resource": 770,
      "role": 1104,
      "instance_state": 22
    }
  },
  {
    "model": "core.irroleacl",
    "pk": 984,
    "fields": {
      "instance_resource": 770,
      "role": 1104,
      "instance_state": 32
    }
  },
  {
    "model": "core.irroleacl",
    "pk": 985,
    "fields": {
      "instance_resource": 770,
      "role": 1104,
      "instance_state": 23
    }
  },
  {
    "model": "core.irroleacl",
    "pk": 986,
    "fields": {
      "instance_resource": 770,
      "role": 1104,
      "instance_state": 24
    }
  },
  {
    "model": "core.irroleacl",
    "pk": 987,
    "fields": {
      "instance_resource": 770,
      "role": 1104,
      "instance_state": 25
    }
  },
  {
    "model": "core.irroleacl",
    "pk": 988,
    "fields": {
      "instance_resource": 768,
      "role": 1104,
      "instance_state": 21
    }
  },
  {
    "model": "core.irroleacl",
    "pk": 989,
    "fields": {
      "instance_resource": 768,
      "role": 1104,
      "instance_state": 22
    }
  },
  {
    "model": "core.irroleacl",
    "pk": 990,
    "fields": {
      "instance_resource": 768,
      "role": 1104,
      "instance_state": 32
    }
  },
  {
    "model": "core.irroleacl",
    "pk": 991,
    "fields": {
      "instance_resource": 768,
      "role": 1104,
      "instance_state": 23
    }
  },
  {
    "model": "core.irroleacl",
    "pk": 992,
    "fields": {
      "instance_resource": 768,
      "role": 1104,
      "instance_state": 24
    }
  },
  {
    "model": "core.irroleacl",
    "pk": 993,
    "fields": {
      "instance_resource": 768,
      "role": 1104,
      "instance_state": 25
    }
  },
  {
    "model": "core.irroleacl",
    "pk": 996,
    "fields": {
      "instance_resource": 46,
      "role": 7,
      "instance_state": 32
    }
  },
  {
    "model": "core.irroleacl",
    "pk": 999,
    "fields": {
      "instance_resource": 4,
      "role": 3,
      "instance_state": 34
    }
  },
  {
    "model": "core.irroleacl",
    "pk": 1000,
    "fields": {
      "instance_resource": 46,
      "role": 4,
      "instance_state": 34
    }
  },
  {
    "model": "core.irroleacl",
    "pk": 1001,
    "fields": {
      "instance_resource": 46,
      "role": 6,
      "instance_state": 34
    }
  },
  {
    "model": "core.irroleacl",
    "pk": 1002,
    "fields": {
      "instance_resource": 46,
      "role": 7,
      "instance_state": 34
    }
  },
  {
    "model": "core.irroleacl",
    "pk": 1003,
    "fields": {
      "instance_resource": 85,
      "role": 3,
      "instance_state": 34
    }
  },
  {
    "model": "core.irroleacl",
    "pk": 1005,
    "fields": {
      "instance_resource": 145,
      "role": 3,
      "instance_state": 34
    }
  },
  {
    "model": "core.irroleacl",
    "pk": 1006,
    "fields": {
      "instance_resource": 145,
      "role": 6,
      "instance_state": 34
    }
  },
  {
    "model": "core.irroleacl",
    "pk": 1007,
    "fields": {
      "instance_resource": 165,
      "role": 3,
      "instance_state": 34
    }
  },
  {
    "model": "core.irroleacl",
    "pk": 1008,
    "fields": {
      "instance_resource": 205,
      "role": 3,
      "instance_state": 34
    }
  },
  {
    "model": "core.irroleacl",
    "pk": 1010,
    "fields": {
      "instance_resource": 265,
      "role": 6,
      "instance_state": 34
    }
  },
  {
    "model": "core.irroleacl",
    "pk": 1011,
    "fields": {
      "instance_resource": 285,
      "role": 6,
      "instance_state": 34
    }
  },
  {
    "model": "core.irroleacl",
    "pk": 1012,
    "fields": {
      "instance_resource": 314,
      "role": 3,
      "instance_state": 34
    }
  },
  {
    "model": "core.irroleacl",
    "pk": 1013,
    "fields": {
      "instance_resource": 315,
      "role": 3,
      "instance_state": 34
    }
  },
  {
    "model": "core.irroleacl",
    "pk": 1014,
    "fields": {
      "instance_resource": 388,
      "role": 1021,
      "instance_state": 34
    }
  },
  {
    "model": "core.irroleacl",
    "pk": 1015,
    "fields": {
      "instance_resource": 405,
      "role": 6,
      "instance_state": 34
    }
  },
  {
    "model": "core.irroleacl",
    "pk": 1018,
    "fields": {
      "instance_resource": 466,
      "role": 6,
      "instance_state": 34
    }
  },
  {
    "model": "core.irroleacl",
    "pk": 1019,
    "fields": {
      "instance_resource": 466,
      "role": 1061,
      "instance_state": 34
    }
  },
  {
    "model": "core.irroleacl",
    "pk": 1020,
    "fields": {
      "instance_resource": 467,
      "role": 1061,
      "instance_state": 34
    }
  },
  {
    "model": "core.irroleacl",
    "pk": 1021,
    "fields": {
      "instance_resource": 485,
      "role": 1061,
      "instance_state": 34
    }
  },
  {
    "model": "core.irroleacl",
    "pk": 1022,
    "fields": {
      "instance_resource": 486,
      "role": 1061,
      "instance_state": 34
    }
  },
  {
    "model": "core.irroleacl",
    "pk": 1023,
    "fields": {
      "instance_resource": 488,
      "role": 1061,
      "instance_state": 34
    }
  },
  {
    "model": "core.irroleacl",
    "pk": 1026,
    "fields": {
      "instance_resource": 526,
      "role": 4,
      "instance_state": 34
    }
  },
  {
    "model": "core.irroleacl",
    "pk": 1027,
    "fields": {
      "instance_resource": 526,
      "role": 1021,
      "instance_state": 34
    }
  },
  {
    "model": "core.irroleacl",
    "pk": 1028,
    "fields": {
      "instance_resource": 527,
      "role": 4,
      "instance_state": 34
    }
  },
  {
    "model": "core.irroleacl",
    "pk": 1029,
    "fields": {
      "instance_resource": 527,
      "role": 1021,
      "instance_state": 34
    }
  },
  {
    "model": "core.irroleacl",
    "pk": 1030,
    "fields": {
      "instance_resource": 545,
      "role": 4,
      "instance_state": 34
    }
  },
  {
    "model": "core.irroleacl",
    "pk": 1031,
    "fields": {
      "instance_resource": 545,
      "role": 1021,
      "instance_state": 34
    }
  },
  {
    "model": "core.irroleacl",
    "pk": 1032,
    "fields": {
      "instance_resource": 447,
      "role": 3,
      "instance_state": 34
    }
  },
  {
    "model": "core.irroleacl",
    "pk": 1033,
    "fields": {
      "instance_resource": 447,
      "role": 1061,
      "instance_state": 34
    }
  },
  {
    "model": "core.irroleacl",
    "pk": 1034,
    "fields": {
      "instance_resource": 327,
      "role": 4,
      "instance_state": 34
    }
  },
  {
    "model": "core.irroleacl",
    "pk": 1035,
    "fields": {
      "instance_resource": 327,
      "role": 1021,
      "instance_state": 34
    }
  },
  {
    "model": "core.irroleacl",
    "pk": 1038,
    "fields": {
      "instance_resource": 525,
      "role": 4,
      "instance_state": 34
    }
  },
  {
    "model": "core.irroleacl",
    "pk": 1039,
    "fields": {
      "instance_resource": 525,
      "role": 1021,
      "instance_state": 34
    }
  },
  {
    "model": "core.irroleacl",
    "pk": 1040,
    "fields": {
      "instance_resource": 225,
      "role": 6,
      "instance_state": 34
    }
  },
  {
    "model": "core.irroleacl",
    "pk": 1041,
    "fields": {
      "instance_resource": 225,
      "role": 3,
      "instance_state": 34
    }
  },
  {
    "model": "core.irroleacl",
    "pk": 1044,
    "fields": {
      "instance_resource": 648,
      "role": 1101,
      "instance_state": 34
    }
  },
  {
    "model": "core.irroleacl",
    "pk": 1045,
    "fields": {
      "instance_resource": 646,
      "role": 1101,
      "instance_state": 34
    }
  },
  {
    "model": "core.irroleacl",
    "pk": 1046,
    "fields": {
      "instance_resource": 645,
      "role": 1101,
      "instance_state": 34
    }
  },
  {
    "model": "core.irroleacl",
    "pk": 1048,
    "fields": {
      "instance_resource": 607,
      "role": 1101,
      "instance_state": 34
    }
  },
  {
    "model": "core.irroleacl",
    "pk": 1049,
    "fields": {
      "instance_resource": 586,
      "role": 4,
      "instance_state": 34
    }
  },
  {
    "model": "core.irroleacl",
    "pk": 1050,
    "fields": {
      "instance_resource": 647,
      "role": 1101,
      "instance_state": 34
    }
  },
  {
    "model": "core.irroleacl",
    "pk": 1052,
    "fields": {
      "instance_resource": 625,
      "role": 1101,
      "instance_state": 34
    }
  },
  {
    "model": "core.irroleacl",
    "pk": 1053,
    "fields": {
      "instance_resource": 605,
      "role": 1101,
      "instance_state": 34
    }
  },
  {
    "model": "core.irroleacl",
    "pk": 1054,
    "fields": {
      "instance_resource": 185,
      "role": 1021,
      "instance_state": 34
    }
  },
  {
    "model": "core.irroleacl",
    "pk": 1055,
    "fields": {
      "instance_resource": 185,
      "role": 1102,
      "instance_state": 34
    }
  },
  {
    "model": "core.irroleacl",
    "pk": 1057,
    "fields": {
      "instance_resource": 185,
      "role": 4,
      "instance_state": 34
    }
  },
  {
    "model": "core.irroleacl",
    "pk": 1058,
    "fields": {
      "instance_resource": 691,
      "role": 4,
      "instance_state": 34
    }
  },
  {
    "model": "core.irroleacl",
    "pk": 1059,
    "fields": {
      "instance_resource": 690,
      "role": 1101,
      "instance_state": 34
    }
  },
  {
    "model": "core.irroleacl",
    "pk": 1060,
    "fields": {
      "instance_resource": 683,
      "role": 3,
      "instance_state": 34
    }
  },
  {
    "model": "core.irroleacl",
    "pk": 1061,
    "fields": {
      "instance_resource": 447,
      "role": 1101,
      "instance_state": 34
    }
  },
  {
    "model": "core.irroleacl",
    "pk": 1062,
    "fields": {
      "instance_resource": 684,
      "role": 1061,
      "instance_state": 34
    }
  },
  {
    "model": "core.irroleacl",
    "pk": 1063,
    "fields": {
      "instance_resource": 692,
      "role": 6,
      "instance_state": 34
    }
  },
  {
    "model": "core.irroleacl",
    "pk": 1064,
    "fields": {
      "instance_resource": 685,
      "role": 6,
      "instance_state": 34
    }
  },
  {
    "model": "core.irroleacl",
    "pk": 1065,
    "fields": {
      "instance_resource": 704,
      "role": 1106,
      "instance_state": 34
    }
  },
  {
    "model": "core.irroleacl",
    "pk": 1066,
    "fields": {
      "instance_resource": 714,
      "role": 1107,
      "instance_state": 34
    }
  },
  {
    "model": "core.irroleacl",
    "pk": 1067,
    "fields": {
      "instance_resource": 741,
      "role": 1128,
      "instance_state": 34
    }
  },
  {
    "model": "core.irroleacl",
    "pk": 1070,
    "fields": {
      "instance_resource": 728,
      "role": 1127,
      "instance_state": 34
    }
  },
  {
    "model": "core.irroleacl",
    "pk": 1071,
    "fields": {
      "instance_resource": 729,
      "role": 1127,
      "instance_state": 34
    }
  },
  {
    "model": "core.irroleacl",
    "pk": 1075,
    "fields": {
      "instance_resource": 719,
      "role": 1107,
      "instance_state": 34
    }
  },
  {
    "model": "core.irroleacl",
    "pk": 1076,
    "fields": {
      "instance_resource": 746,
      "role": 3,
      "instance_state": 34
    }
  },
  {
    "model": "core.irroleacl",
    "pk": 1077,
    "fields": {
      "instance_resource": 705,
      "role": 1106,
      "instance_state": 34
    }
  },
  {
    "model": "core.irroleacl",
    "pk": 1078,
    "fields": {
      "instance_resource": 699,
      "role": 1106,
      "instance_state": 34
    }
  },
  {
    "model": "core.irroleacl",
    "pk": 1080,
    "fields": {
      "instance_resource": 748,
      "role": 1107,
      "instance_state": 34
    }
  },
  {
    "model": "core.irroleacl",
    "pk": 1081,
    "fields": {
      "instance_resource": 721,
      "role": 1107,
      "instance_state": 34
    }
  },
  {
    "model": "core.irroleacl",
    "pk": 1082,
    "fields": {
      "instance_resource": 750,
      "role": 1128,
      "instance_state": 34
    }
  },
  {
    "model": "core.irroleacl",
    "pk": 1086,
    "fields": {
      "instance_resource": 739,
      "role": 1128,
      "instance_state": 34
    }
  },
  {
    "model": "core.irroleacl",
    "pk": 1087,
    "fields": {
      "instance_resource": 720,
      "role": 1107,
      "instance_state": 34
    }
  },
  {
    "model": "core.irroleacl",
    "pk": 1088,
    "fields": {
      "instance_resource": 723,
      "role": 1127,
      "instance_state": 34
    }
  },
  {
    "model": "core.irroleacl",
    "pk": 1089,
    "fields": {
      "instance_resource": 706,
      "role": 1106,
      "instance_state": 34
    }
  },
  {
    "model": "core.irroleacl",
    "pk": 1092,
    "fields": {
      "instance_resource": 727,
      "role": 1127,
      "instance_state": 34
    }
  },
  {
    "model": "core.irroleacl",
    "pk": 1094,
    "fields": {
      "instance_resource": 740,
      "role": 1128,
      "instance_state": 34
    }
  },
  {
    "model": "core.irroleacl",
    "pk": 1095,
    "fields": {
      "instance_resource": 717,
      "role": 1107,
      "instance_state": 34
    }
  },
  {
    "model": "core.irroleacl",
    "pk": 1096,
    "fields": {
      "instance_resource": 735,
      "role": 1128,
      "instance_state": 34
    }
  },
  {
    "model": "core.irroleacl",
    "pk": 1097,
    "fields": {
      "instance_resource": 726,
      "role": 1127,
      "instance_state": 34
    }
  },
  {
    "model": "core.irroleacl",
    "pk": 1098,
    "fields": {
      "instance_resource": 738,
      "role": 1128,
      "instance_state": 34
    }
  },
  {
    "model": "core.irroleacl",
    "pk": 1099,
    "fields": {
      "instance_resource": 737,
      "role": 1128,
      "instance_state": 34
    }
  },
  {
    "model": "core.irroleacl",
    "pk": 1100,
    "fields": {
      "instance_resource": 747,
      "role": 1106,
      "instance_state": 34
    }
  },
  {
    "model": "core.irroleacl",
    "pk": 1101,
    "fields": {
      "instance_resource": 701,
      "role": 1106,
      "instance_state": 34
    }
  },
  {
    "model": "core.irroleacl",
    "pk": 1102,
    "fields": {
      "instance_resource": 716,
      "role": 1107,
      "instance_state": 34
    }
  },
  {
    "model": "core.irroleacl",
    "pk": 1103,
    "fields": {
      "instance_resource": 725,
      "role": 1127,
      "instance_state": 34
    }
  },
  {
    "model": "core.irroleacl",
    "pk": 1105,
    "fields": {
      "instance_resource": 749,
      "role": 1127,
      "instance_state": 34
    }
  },
  {
    "model": "core.irroleacl",
    "pk": 1107,
    "fields": {
      "instance_resource": 702,
      "role": 1106,
      "instance_state": 34
    }
  },
  {
    "model": "core.irroleacl",
    "pk": 1108,
    "fields": {
      "instance_resource": 707,
      "role": 1106,
      "instance_state": 34
    }
  },
  {
    "model": "core.irroleacl",
    "pk": 1110,
    "fields": {
      "instance_resource": 696,
      "role": 1105,
      "instance_state": 34
    }
  },
  {
    "model": "core.irroleacl",
    "pk": 1112,
    "fields": {
      "instance_resource": 585,
      "role": 1081,
      "instance_state": 34
    }
  },
  {
    "model": "core.irroleacl",
    "pk": 1114,
    "fields": {
      "instance_resource": 447,
      "role": 1106,
      "instance_state": 34
    }
  },
  {
    "model": "core.irroleacl",
    "pk": 1115,
    "fields": {
      "instance_resource": 447,
      "role": 1127,
      "instance_state": 34
    }
  },
  {
    "model": "core.irroleacl",
    "pk": 1116,
    "fields": {
      "instance_resource": 447,
      "role": 1128,
      "instance_state": 34
    }
  },
  {
    "model": "core.irroleacl",
    "pk": 1117,
    "fields": {
      "instance_resource": 447,
      "role": 1107,
      "instance_state": 34
    }
  },
  {
    "model": "core.irroleacl",
    "pk": 1118,
    "fields": {
      "instance_resource": 735,
      "role": 1129,
      "instance_state": 34
    }
  },
  {
    "model": "core.irroleacl",
    "pk": 1120,
    "fields": {
      "instance_resource": 737,
      "role": 1129,
      "instance_state": 34
    }
  },
  {
    "model": "core.irroleacl",
    "pk": 1121,
    "fields": {
      "instance_resource": 738,
      "role": 1129,
      "instance_state": 34
    }
  },
  {
    "model": "core.irroleacl",
    "pk": 1122,
    "fields": {
      "instance_resource": 750,
      "role": 1129,
      "instance_state": 34
    }
  },
  {
    "model": "core.irroleacl",
    "pk": 1123,
    "fields": {
      "instance_resource": 740,
      "role": 1129,
      "instance_state": 34
    }
  },
  {
    "model": "core.irroleacl",
    "pk": 1124,
    "fields": {
      "instance_resource": 752,
      "role": 1129,
      "instance_state": 34
    }
  },
  {
    "model": "core.irroleacl",
    "pk": 1125,
    "fields": {
      "instance_resource": 753,
      "role": 6,
      "instance_state": 34
    }
  },
  {
    "model": "core.irroleacl",
    "pk": 1126,
    "fields": {
      "instance_resource": 755,
      "role": 1104,
      "instance_state": 34
    }
  },
  {
    "model": "core.irroleacl",
    "pk": 1127,
    "fields": {
      "instance_resource": 756,
      "role": 1104,
      "instance_state": 34
    }
  },
  {
    "model": "core.irroleacl",
    "pk": 1128,
    "fields": {
      "instance_resource": 757,
      "role": 1104,
      "instance_state": 34
    }
  },
  {
    "model": "core.irroleacl",
    "pk": 1129,
    "fields": {
      "instance_resource": 761,
      "role": 1130,
      "instance_state": 34
    }
  },
  {
    "model": "core.irroleacl",
    "pk": 1130,
    "fields": {
      "instance_resource": 763,
      "role": 1130,
      "instance_state": 34
    }
  },
  {
    "model": "core.irroleacl",
    "pk": 1131,
    "fields": {
      "instance_resource": 760,
      "role": 1130,
      "instance_state": 34
    }
  },
  {
    "model": "core.irroleacl",
    "pk": 1132,
    "fields": {
      "instance_resource": 758,
      "role": 1130,
      "instance_state": 34
    }
  },
  {
    "model": "core.irroleacl",
    "pk": 1133,
    "fields": {
      "instance_resource": 765,
      "role": 6,
      "instance_state": 34
    }
  },
  {
    "model": "core.irroleacl",
    "pk": 1135,
    "fields": {
      "instance_resource": 769,
      "role": 1104,
      "instance_state": 34
    }
  },
  {
    "model": "core.irroleacl",
    "pk": 1136,
    "fields": {
      "instance_resource": 770,
      "role": 1104,
      "instance_state": 34
    }
  },
  {
    "model": "core.irroleacl",
    "pk": 1137,
    "fields": {
      "instance_resource": 768,
      "role": 1104,
      "instance_state": 34
    }
  },
  {
    "model": "core.irroleacl",
    "pk": 1138,
    "fields": {
      "instance_resource": 145,
      "role": 3,
      "instance_state": 32
    }
  },
  {
    "model": "core.irroleacl",
    "pk": 1139,
    "fields": {
      "instance_resource": 165,
      "role": 3,
      "instance_state": 32
    }
  },
  {
    "model": "core.irroleacl",
    "pk": 1140,
    "fields": {
      "instance_resource": 771,
      "role": 6,
      "instance_state": 1
    }
  },
  {
    "model": "core.irroleacl",
    "pk": 1141,
    "fields": {
      "instance_resource": 771,
      "role": 6,
      "instance_state": 21
    }
  },
  {
    "model": "core.irroleacl",
    "pk": 1142,
    "fields": {
      "instance_resource": 771,
      "role": 6,
      "instance_state": 22
    }
  },
  {
    "model": "core.irroleacl",
    "pk": 1143,
    "fields": {
      "instance_resource": 771,
      "role": 6,
      "instance_state": 32
    }
  },
  {
    "model": "core.irroleacl",
    "pk": 1144,
    "fields": {
      "instance_resource": 771,
      "role": 6,
      "instance_state": 23
    }
  },
  {
    "model": "core.irroleacl",
    "pk": 1145,
    "fields": {
      "instance_resource": 771,
      "role": 6,
      "instance_state": 24
    }
  },
  {
    "model": "core.irroleacl",
    "pk": 1146,
    "fields": {
      "instance_resource": 771,
      "role": 6,
      "instance_state": 25
    }
  },
  {
    "model": "core.irroleacl",
    "pk": 1147,
    "fields": {
      "instance_resource": 771,
      "role": 6,
      "instance_state": 34
    }
  },
  {
    "model": "core.irroleacl",
    "pk": 1148,
    "fields": {
      "instance_resource": 771,
      "role": 6,
      "instance_state": 26
    }
  },
  {
    "model": "core.irroleacl",
    "pk": 1149,
    "fields": {
      "instance_resource": 771,
      "role": 6,
      "instance_state": 27
    }
  },
  {
    "model": "core.irroleacl",
    "pk": 1150,
    "fields": {
      "instance_resource": 771,
      "role": 6,
      "instance_state": 29
    }
  },
  {
    "model": "core.irroleacl",
    "pk": 1151,
    "fields": {
      "instance_resource": 771,
      "role": 6,
      "instance_state": 30
    }
  },
  {
    "model": "core.irroleacl",
    "pk": 1152,
    "fields": {
      "instance_resource": 771,
      "role": 6,
      "instance_state": 31
    }
  },
  {
    "model": "core.irroleacl",
    "pk": 1153,
    "fields": {
      "instance_resource": 771,
      "role": 6,
      "instance_state": 33
    }
  },
  {
    "model": "core.irroleacl",
    "pk": 20000,
    "fields": {
      "instance_resource": 20000,
      "role": 6,
      "instance_state": 21
    }
  },
  {
    "model": "core.irroleacl",
    "pk": 20001,
    "fields": {
      "instance_resource": 20000,
      "role": 6,
      "instance_state": 22
    }
  },
  {
    "model": "core.irroleacl",
    "pk": 20002,
    "fields": {
      "instance_resource": 20000,
      "role": 6,
      "instance_state": 32
    }
  },
  {
    "model": "core.irroleacl",
    "pk": 20003,
    "fields": {
      "instance_resource": 20000,
      "role": 6,
      "instance_state": 23
    }
  },
  {
    "model": "core.irroleacl",
    "pk": 20004,
    "fields": {
      "instance_resource": 20000,
      "role": 6,
      "instance_state": 24
    }
  },
  {
    "model": "core.irroleacl",
    "pk": 20005,
    "fields": {
      "instance_resource": 20000,
      "role": 6,
      "instance_state": 25
    }
  },
  {
    "model": "core.irroleacl",
    "pk": 20006,
    "fields": {
      "instance_resource": 20000,
      "role": 6,
      "instance_state": 34
    }
  },
  {
    "model": "core.irroleacl",
    "pk": 20007,
    "fields": {
      "instance_resource": 20000,
      "role": 6,
      "instance_state": 26
    }
  },
  {
    "model": "core.irroleacl",
    "pk": 20008,
    "fields": {
      "instance_resource": 20000,
      "role": 6,
      "instance_state": 27
    }
  },
  {
    "model": "core.irroleacl",
    "pk": 20009,
    "fields": {
      "instance_resource": 20000,
      "role": 6,
      "instance_state": 29
    }
  },
  {
    "model": "core.irroleacl",
    "pk": 20010,
    "fields": {
      "instance_resource": 20000,
      "role": 6,
      "instance_state": 30
    }
  },
  {
    "model": "core.irroleacl",
    "pk": 20011,
    "fields": {
      "instance_resource": 20000,
      "role": 6,
      "instance_state": 31
    }
  },
  {
    "model": "core.irroleacl",
    "pk": 20012,
    "fields": {
      "instance_resource": 20000,
      "role": 6,
      "instance_state": 33
    }
  },
  {
    "model": "core.irroleacl",
    "pk": 20014,
    "fields": {
      "instance_resource": 772,
      "role": 3,
      "instance_state": 21
    }
  },
  {
    "model": "core.irroleacl",
    "pk": 20015,
    "fields": {
      "instance_resource": 772,
      "role": 3,
      "instance_state": 22
    }
  },
  {
    "model": "core.irroleacl",
    "pk": 20016,
    "fields": {
      "instance_resource": 772,
      "role": 3,
      "instance_state": 32
    }
  },
  {
    "model": "core.irroleacl",
    "pk": 20017,
    "fields": {
      "instance_resource": 772,
      "role": 3,
      "instance_state": 23
    }
  },
  {
    "model": "core.irroleacl",
    "pk": 20018,
    "fields": {
      "instance_resource": 772,
      "role": 3,
      "instance_state": 24
    }
  },
  {
    "model": "core.irroleacl",
    "pk": 20019,
    "fields": {
      "instance_resource": 772,
      "role": 3,
      "instance_state": 25
    }
  },
  {
    "model": "core.irroleacl",
    "pk": 20020,
    "fields": {
      "instance_resource": 772,
      "role": 3,
      "instance_state": 34
    }
  },
  {
    "model": "core.irroleacl",
    "pk": 20021,
    "fields": {
      "instance_resource": 772,
      "role": 3,
      "instance_state": 26
    }
  },
  {
    "model": "core.irroleacl",
    "pk": 20022,
    "fields": {
      "instance_resource": 772,
      "role": 3,
      "instance_state": 27
    }
  },
  {
    "model": "core.irroleacl",
    "pk": 20024,
    "fields": {
      "instance_resource": 772,
      "role": 3,
      "instance_state": 29
    }
  },
  {
    "model": "core.irroleacl",
    "pk": 20025,
    "fields": {
      "instance_resource": 772,
      "role": 3,
      "instance_state": 30
    }
  },
  {
    "model": "core.irroleacl",
    "pk": 20026,
    "fields": {
      "instance_resource": 772,
      "role": 3,
      "instance_state": 31
    }
  },
  {
    "model": "core.irroleacl",
    "pk": 20027,
    "fields": {
      "instance_resource": 772,
      "role": 3,
      "instance_state": 33
    }
  },
  {
    "model": "core.irroleacl",
    "pk": 20028,
    "fields": {
      "instance_resource": 20001,
      "role": 6,
      "instance_state": 1
    }
  },
  {
    "model": "core.irroleacl",
    "pk": 20029,
    "fields": {
      "instance_resource": 20001,
      "role": 6,
      "instance_state": 21
    }
  },
  {
    "model": "core.irroleacl",
    "pk": 20030,
    "fields": {
      "instance_resource": 20001,
      "role": 6,
      "instance_state": 22
    }
  },
  {
    "model": "core.irroleacl",
    "pk": 20031,
    "fields": {
      "instance_resource": 20001,
      "role": 6,
      "instance_state": 32
    }
  },
  {
    "model": "core.irroleacl",
    "pk": 20032,
    "fields": {
      "instance_resource": 20001,
      "role": 6,
      "instance_state": 23
    }
  },
  {
    "model": "core.irroleacl",
    "pk": 20033,
    "fields": {
      "instance_resource": 20001,
      "role": 6,
      "instance_state": 24
    }
  },
  {
    "model": "core.irroleacl",
    "pk": 20034,
    "fields": {
      "instance_resource": 20001,
      "role": 6,
      "instance_state": 25
    }
  },
  {
    "model": "core.irroleacl",
    "pk": 20035,
    "fields": {
      "instance_resource": 20001,
      "role": 6,
      "instance_state": 34
    }
  },
  {
    "model": "core.irroleacl",
    "pk": 20036,
    "fields": {
      "instance_resource": 20001,
      "role": 6,
      "instance_state": 26
    }
  },
  {
    "model": "core.irroleacl",
    "pk": 20037,
    "fields": {
      "instance_resource": 20001,
      "role": 6,
      "instance_state": 27
    }
  },
  {
    "model": "core.irroleacl",
    "pk": 20038,
    "fields": {
      "instance_resource": 20001,
      "role": 6,
      "instance_state": 28
    }
  },
  {
    "model": "core.irroleacl",
    "pk": 20039,
    "fields": {
      "instance_resource": 20001,
      "role": 6,
      "instance_state": 29
    }
  },
  {
    "model": "core.irroleacl",
    "pk": 20040,
    "fields": {
      "instance_resource": 20001,
      "role": 6,
      "instance_state": 30
    }
  },
  {
    "model": "core.irroleacl",
    "pk": 20041,
    "fields": {
      "instance_resource": 20001,
      "role": 6,
      "instance_state": 31
    }
  },
  {
    "model": "core.irroleacl",
    "pk": 20042,
    "fields": {
      "instance_resource": 20001,
      "role": 6,
      "instance_state": 33
    }
  },
  {
    "model": "core.irroleacl",
    "pk": 20056,
    "fields": {
      "instance_resource": 20003,
      "role": 3,
      "instance_state": 21
    }
  },
  {
    "model": "core.irroleacl",
    "pk": 20057,
    "fields": {
      "instance_resource": 20003,
      "role": 3,
      "instance_state": 22
    }
  },
  {
    "model": "core.irroleacl",
    "pk": 20058,
    "fields": {
      "instance_resource": 20003,
      "role": 3,
      "instance_state": 32
    }
  },
  {
    "model": "core.irroleacl",
    "pk": 20059,
    "fields": {
      "instance_resource": 20003,
      "role": 3,
      "instance_state": 23
    }
  },
  {
    "model": "core.irroleacl",
    "pk": 20060,
    "fields": {
      "instance_resource": 20003,
      "role": 3,
      "instance_state": 24
    }
  },
  {
    "model": "core.irroleacl",
    "pk": 20061,
    "fields": {
      "instance_resource": 20003,
      "role": 3,
      "instance_state": 25
    }
  },
  {
    "model": "core.irroleacl",
    "pk": 20062,
    "fields": {
      "instance_resource": 20003,
      "role": 3,
      "instance_state": 34
    }
  },
  {
    "model": "core.irroleacl",
    "pk": 20063,
    "fields": {
      "instance_resource": 20003,
      "role": 3,
      "instance_state": 26
    }
  },
  {
    "model": "core.irroleacl",
    "pk": 20064,
    "fields": {
      "instance_resource": 20003,
      "role": 3,
      "instance_state": 27
    }
  },
  {
    "model": "core.irroleacl",
    "pk": 20065,
    "fields": {
      "instance_resource": 20003,
      "role": 3,
      "instance_state": 29
    }
  },
  {
    "model": "core.irroleacl",
    "pk": 20066,
    "fields": {
      "instance_resource": 20003,
      "role": 3,
      "instance_state": 30
    }
  },
  {
    "model": "core.irroleacl",
    "pk": 20067,
    "fields": {
      "instance_resource": 20003,
      "role": 3,
      "instance_state": 31
    }
  },
  {
    "model": "core.irroleacl",
    "pk": 20068,
    "fields": {
      "instance_resource": 20003,
      "role": 3,
      "instance_state": 33
    }
  },
  {
    "model": "core.irroleacl",
    "pk": 20071,
    "fields": {
      "instance_resource": 735,
      "role": 1128,
      "instance_state": 33
    }
  },
  {
    "model": "core.irroleacl",
    "pk": 20074,
    "fields": {
      "instance_resource": 737,
      "role": 1128,
      "instance_state": 33
    }
  },
  {
    "model": "core.irroleacl",
    "pk": 20075,
    "fields": {
      "instance_resource": 737,
      "role": 1129,
      "instance_state": 33
    }
  },
  {
    "model": "core.irroleacl",
    "pk": 20076,
    "fields": {
      "instance_resource": 525,
      "role": 4,
      "instance_state": 33
    }
  },
  {
    "model": "core.irroleacl",
    "pk": 20077,
    "fields": {
      "instance_resource": 525,
      "role": 1021,
      "instance_state": 33
    }
  },
  {
    "model": "core.irroleacl",
    "pk": 20078,
    "fields": {
      "instance_resource": 1,
      "role": 1128,
      "instance_state": 1
    }
  },
  {
    "model": "core.irroleacl",
    "pk": 20079,
    "fields": {
      "instance_resource": 180008,
      "role": 1128,
      "instance_state": 33
    }
  },
  {
    "model": "core.irroleacl",
    "pk": 20080,
    "fields": {
      "instance_resource": 1,
      "role": 3,
      "instance_state": 1
    }
  },
  {
    "model": "core.irroleacl",
    "pk": 20081,
    "fields": {
      "instance_resource": 1,
      "role": 1101,
      "instance_state": 1
    }
  },
  {
    "model": "core.irroleacl",
    "pk": 20082,
    "fields": {
      "instance_resource": 1,
      "role": 1107,
      "instance_state": 1
    }
  },
  {
    "model": "core.irroleacl",
    "pk": 20083,
    "fields": {
      "instance_resource": 1,
      "role": 1061,
      "instance_state": 1
    }
  },
  {
    "model": "core.irroleacl",
    "pk": 20084,
    "fields": {
      "instance_resource": 1,
      "role": 1127,
      "instance_state": 1
    }
  },
  {
    "model": "core.irroleacl",
    "pk": 20085,
    "fields": {
      "instance_resource": 1,
      "role": 1129,
      "instance_state": 1
    }
  },
  {
    "model": "core.irroleacl",
    "pk": 20086,
    "fields": {
      "instance_resource": 1,
      "role": 1106,
      "instance_state": 1
    }
  },
  {
    "model": "core.irroleacl",
    "pk": 20087,
    "fields": {
      "instance_resource": 1,
      "role": 1130,
      "instance_state": 1
    }
  },
  {
    "model": "core.irroleacl",
    "pk": 20088,
    "fields": {
      "instance_resource": 525,
      "role": 1102,
      "instance_state": 21
    }
  },
  {
    "model": "core.irroleacl",
    "pk": 20089,
    "fields": {
      "instance_resource": 525,
      "role": 1102,
      "instance_state": 22
    }
  },
  {
    "model": "core.irroleacl",
    "pk": 20090,
    "fields": {
      "instance_resource": 525,
      "role": 1102,
      "instance_state": 32
    }
  },
  {
    "model": "core.irroleacl",
    "pk": 20091,
    "fields": {
      "instance_resource": 525,
      "role": 1102,
      "instance_state": 24
    }
  },
  {
    "model": "core.irroleacl",
    "pk": 20092,
    "fields": {
      "instance_resource": 525,
      "role": 1102,
      "instance_state": 25
    }
  },
  {
    "model": "core.irroleacl",
    "pk": 20093,
    "fields": {
      "instance_resource": 525,
      "role": 1102,
      "instance_state": 34
    }
  },
  {
    "model": "core.irroleacl",
    "pk": 180000,
    "fields": {
      "instance_resource": 180000,
      "role": 6,
      "instance_state": 1
    }
  },
  {
    "model": "core.irroleacl",
    "pk": 180001,
    "fields": {
      "instance_resource": 180000,
      "role": 6,
      "instance_state": 21
    }
  },
  {
    "model": "core.irroleacl",
    "pk": 180002,
    "fields": {
      "instance_resource": 180000,
      "role": 6,
      "instance_state": 22
    }
  },
  {
    "model": "core.irroleacl",
    "pk": 180003,
    "fields": {
      "instance_resource": 180000,
      "role": 6,
      "instance_state": 32
    }
  },
  {
    "model": "core.irroleacl",
    "pk": 180004,
    "fields": {
      "instance_resource": 180000,
      "role": 6,
      "instance_state": 23
    }
  },
  {
    "model": "core.irroleacl",
    "pk": 180005,
    "fields": {
      "instance_resource": 180000,
      "role": 6,
      "instance_state": 24
    }
  },
  {
    "model": "core.irroleacl",
    "pk": 180006,
    "fields": {
      "instance_resource": 180000,
      "role": 6,
      "instance_state": 25
    }
  },
  {
    "model": "core.irroleacl",
    "pk": 180007,
    "fields": {
      "instance_resource": 180000,
      "role": 6,
      "instance_state": 34
    }
  },
  {
    "model": "core.irroleacl",
    "pk": 180008,
    "fields": {
      "instance_resource": 180000,
      "role": 6,
      "instance_state": 26
    }
  },
  {
    "model": "core.irroleacl",
    "pk": 180009,
    "fields": {
      "instance_resource": 180000,
      "role": 6,
      "instance_state": 27
    }
  },
  {
    "model": "core.irroleacl",
    "pk": 180010,
    "fields": {
      "instance_resource": 180000,
      "role": 6,
      "instance_state": 29
    }
  },
  {
    "model": "core.irroleacl",
    "pk": 180011,
    "fields": {
      "instance_resource": 180000,
      "role": 6,
      "instance_state": 30
    }
  },
  {
    "model": "core.irroleacl",
    "pk": 180012,
    "fields": {
      "instance_resource": 180000,
      "role": 6,
      "instance_state": 31
    }
  },
  {
    "model": "core.irroleacl",
    "pk": 180013,
    "fields": {
      "instance_resource": 180000,
      "role": 6,
      "instance_state": 33
    }
  },
  {
    "model": "core.irroleacl",
    "pk": 180014,
    "fields": {
      "instance_resource": 180001,
      "role": 1130,
      "instance_state": 21
    }
  },
  {
    "model": "core.irroleacl",
    "pk": 180015,
    "fields": {
      "instance_resource": 180001,
      "role": 1130,
      "instance_state": 22
    }
  },
  {
    "model": "core.irroleacl",
    "pk": 180016,
    "fields": {
      "instance_resource": 180001,
      "role": 1130,
      "instance_state": 23
    }
  },
  {
    "model": "core.irroleacl",
    "pk": 180017,
    "fields": {
      "instance_resource": 180001,
      "role": 1130,
      "instance_state": 24
    }
  },
  {
    "model": "core.irroleacl",
    "pk": 180018,
    "fields": {
      "instance_resource": 180001,
      "role": 1130,
      "instance_state": 25
    }
  },
  {
    "model": "core.irroleacl",
    "pk": 180019,
    "fields": {
      "instance_resource": 180001,
      "role": 1130,
      "instance_state": 34
    }
  },
  {
    "model": "core.irroleacl",
    "pk": 180020,
    "fields": {
      "instance_resource": 180001,
      "role": 1130,
      "instance_state": 26
    }
  },
  {
    "model": "core.irroleacl",
    "pk": 180021,
    "fields": {
      "instance_resource": 180002,
      "role": 3,
      "instance_state": 21
    }
  },
  {
    "model": "core.irroleacl",
    "pk": 180022,
    "fields": {
      "instance_resource": 180002,
      "role": 3,
      "instance_state": 22
    }
  },
  {
    "model": "core.irroleacl",
    "pk": 180023,
    "fields": {
      "instance_resource": 180002,
      "role": 3,
      "instance_state": 32
    }
  },
  {
    "model": "core.irroleacl",
    "pk": 180024,
    "fields": {
      "instance_resource": 180002,
      "role": 3,
      "instance_state": 23
    }
  },
  {
    "model": "core.irroleacl",
    "pk": 180025,
    "fields": {
      "instance_resource": 180002,
      "role": 3,
      "instance_state": 24
    }
  },
  {
    "model": "core.irroleacl",
    "pk": 180026,
    "fields": {
      "instance_resource": 180002,
      "role": 3,
      "instance_state": 25
    }
  },
  {
    "model": "core.irroleacl",
    "pk": 180027,
    "fields": {
      "instance_resource": 180002,
      "role": 3,
      "instance_state": 34
    }
  },
  {
    "model": "core.irroleacl",
    "pk": 180028,
    "fields": {
      "instance_resource": 180002,
      "role": 3,
      "instance_state": 26
    }
  },
  {
    "model": "core.irroleacl",
    "pk": 180029,
    "fields": {
      "instance_resource": 180002,
      "role": 3,
      "instance_state": 27
    }
  },
  {
    "model": "core.irroleacl",
    "pk": 180030,
    "fields": {
      "instance_resource": 180002,
      "role": 3,
      "instance_state": 33
    }
  },
  {
    "model": "core.irroleacl",
    "pk": 180031,
    "fields": {
      "instance_resource": 180003,
      "role": 1061,
      "instance_state": 22
    }
  },
  {
    "model": "core.irroleacl",
    "pk": 180032,
    "fields": {
      "instance_resource": 180003,
      "role": 1061,
      "instance_state": 23
    }
  },
  {
    "model": "core.irroleacl",
    "pk": 180033,
    "fields": {
      "instance_resource": 180003,
      "role": 1061,
      "instance_state": 24
    }
  },
  {
    "model": "core.irroleacl",
    "pk": 180034,
    "fields": {
      "instance_resource": 180004,
      "role": 1101,
      "instance_state": 22
    }
  },
  {
    "model": "core.irroleacl",
    "pk": 180035,
    "fields": {
      "instance_resource": 180004,
      "role": 1101,
      "instance_state": 23
    }
  },
  {
    "model": "core.irroleacl",
    "pk": 180036,
    "fields": {
      "instance_resource": 180004,
      "role": 1101,
      "instance_state": 24
    }
  },
  {
    "model": "core.irroleacl",
    "pk": 180037,
    "fields": {
      "instance_resource": 180004,
      "role": 1101,
      "instance_state": 25
    }
  },
  {
    "model": "core.irroleacl",
    "pk": 180038,
    "fields": {
      "instance_resource": 180004,
      "role": 1101,
      "instance_state": 34
    }
  },
  {
    "model": "core.irroleacl",
    "pk": 180039,
    "fields": {
      "instance_resource": 180004,
      "role": 1101,
      "instance_state": 26
    }
  },
  {
    "model": "core.irroleacl",
    "pk": 180040,
    "fields": {
      "instance_resource": 180004,
      "role": 1101,
      "instance_state": 33
    }
  },
  {
    "model": "core.irroleacl",
    "pk": 180041,
    "fields": {
      "instance_resource": 180005,
      "role": 1106,
      "instance_state": 21
    }
  },
  {
    "model": "core.irroleacl",
    "pk": 180042,
    "fields": {
      "instance_resource": 180005,
      "role": 1106,
      "instance_state": 22
    }
  },
  {
    "model": "core.irroleacl",
    "pk": 180043,
    "fields": {
      "instance_resource": 180005,
      "role": 1106,
      "instance_state": 23
    }
  },
  {
    "model": "core.irroleacl",
    "pk": 180044,
    "fields": {
      "instance_resource": 180005,
      "role": 1106,
      "instance_state": 24
    }
  },
  {
    "model": "core.irroleacl",
    "pk": 180045,
    "fields": {
      "instance_resource": 180005,
      "role": 1106,
      "instance_state": 25
    }
  },
  {
    "model": "core.irroleacl",
    "pk": 180046,
    "fields": {
      "instance_resource": 180005,
      "role": 1106,
      "instance_state": 34
    }
  },
  {
    "model": "core.irroleacl",
    "pk": 180047,
    "fields": {
      "instance_resource": 180005,
      "role": 1106,
      "instance_state": 26
    }
  },
  {
    "model": "core.irroleacl",
    "pk": 180048,
    "fields": {
      "instance_resource": 180005,
      "role": 1106,
      "instance_state": 27
    }
  },
  {
    "model": "core.irroleacl",
    "pk": 180049,
    "fields": {
      "instance_resource": 180006,
      "role": 1107,
      "instance_state": 21
    }
  },
  {
    "model": "core.irroleacl",
    "pk": 180050,
    "fields": {
      "instance_resource": 180006,
      "role": 1107,
      "instance_state": 22
    }
  },
  {
    "model": "core.irroleacl",
    "pk": 180051,
    "fields": {
      "instance_resource": 180006,
      "role": 1107,
      "instance_state": 23
    }
  },
  {
    "model": "core.irroleacl",
    "pk": 180052,
    "fields": {
      "instance_resource": 180006,
      "role": 1107,
      "instance_state": 24
    }
  },
  {
    "model": "core.irroleacl",
    "pk": 180053,
    "fields": {
      "instance_resource": 180006,
      "role": 1107,
      "instance_state": 25
    }
  },
  {
    "model": "core.irroleacl",
    "pk": 180054,
    "fields": {
      "instance_resource": 180006,
      "role": 1107,
      "instance_state": 34
    }
  },
  {
    "model": "core.irroleacl",
    "pk": 180055,
    "fields": {
      "instance_resource": 180006,
      "role": 1107,
      "instance_state": 26
    }
  },
  {
    "model": "core.irroleacl",
    "pk": 180056,
    "fields": {
      "instance_resource": 180006,
      "role": 1107,
      "instance_state": 27
    }
  },
  {
    "model": "core.irroleacl",
    "pk": 180057,
    "fields": {
      "instance_resource": 180007,
      "role": 1127,
      "instance_state": 21
    }
  },
  {
    "model": "core.irroleacl",
    "pk": 180058,
    "fields": {
      "instance_resource": 180007,
      "role": 1127,
      "instance_state": 22
    }
  },
  {
    "model": "core.irroleacl",
    "pk": 180059,
    "fields": {
      "instance_resource": 180007,
      "role": 1127,
      "instance_state": 23
    }
  },
  {
    "model": "core.irroleacl",
    "pk": 180060,
    "fields": {
      "instance_resource": 180007,
      "role": 1127,
      "instance_state": 24
    }
  },
  {
    "model": "core.irroleacl",
    "pk": 180061,
    "fields": {
      "instance_resource": 180007,
      "role": 1127,
      "instance_state": 25
    }
  },
  {
    "model": "core.irroleacl",
    "pk": 180062,
    "fields": {
      "instance_resource": 180007,
      "role": 1127,
      "instance_state": 34
    }
  },
  {
    "model": "core.irroleacl",
    "pk": 180063,
    "fields": {
      "instance_resource": 180007,
      "role": 1127,
      "instance_state": 26
    }
  },
  {
    "model": "core.irroleacl",
    "pk": 180064,
    "fields": {
      "instance_resource": 180007,
      "role": 1127,
      "instance_state": 27
    }
  },
  {
    "model": "core.irroleacl",
    "pk": 180065,
    "fields": {
      "instance_resource": 180008,
      "role": 1128,
      "instance_state": 26
    }
  },
  {
    "model": "core.irroleacl",
    "pk": 180066,
    "fields": {
      "instance_resource": 180008,
      "role": 1128,
      "instance_state": 23
    }
  },
  {
    "model": "core.irroleacl",
    "pk": 180067,
    "fields": {
      "instance_resource": 180008,
      "role": 1128,
      "instance_state": 21
    }
  },
  {
    "model": "core.irroleacl",
    "pk": 180068,
    "fields": {
      "instance_resource": 180008,
      "role": 1128,
      "instance_state": 34
    }
  },
  {
    "model": "core.irroleacl",
    "pk": 180069,
    "fields": {
      "instance_resource": 180008,
      "role": 1128,
      "instance_state": 27
    }
  },
  {
    "model": "core.irroleacl",
    "pk": 180070,
    "fields": {
      "instance_resource": 180008,
      "role": 1128,
      "instance_state": 25
    }
  },
  {
    "model": "core.irroleacl",
    "pk": 180071,
    "fields": {
      "instance_resource": 180008,
      "role": 1128,
      "instance_state": 22
    }
  },
  {
    "model": "core.irroleacl",
    "pk": 180072,
    "fields": {
      "instance_resource": 180008,
      "role": 1128,
      "instance_state": 24
    }
  },
  {
    "model": "core.irroleacl",
    "pk": 180073,
    "fields": {
      "instance_resource": 180008,
      "role": 1129,
      "instance_state": 21
    }
  },
  {
    "model": "core.irroleacl",
    "pk": 180074,
    "fields": {
      "instance_resource": 180008,
      "role": 1129,
      "instance_state": 22
    }
  },
  {
    "model": "core.irroleacl",
    "pk": 180075,
    "fields": {
      "instance_resource": 180008,
      "role": 1129,
      "instance_state": 23
    }
  },
  {
    "model": "core.irroleacl",
    "pk": 180076,
    "fields": {
      "instance_resource": 180008,
      "role": 1129,
      "instance_state": 24
    }
  },
  {
    "model": "core.irroleacl",
    "pk": 180077,
    "fields": {
      "instance_resource": 180008,
      "role": 1129,
      "instance_state": 25
    }
  },
  {
    "model": "core.irroleacl",
    "pk": 180078,
    "fields": {
      "instance_resource": 180008,
      "role": 1129,
      "instance_state": 34
    }
  },
  {
    "model": "core.irroleacl",
    "pk": 180079,
    "fields": {
      "instance_resource": 180008,
      "role": 1129,
      "instance_state": 26
    }
  },
  {
    "model": "core.irroleacl",
    "pk": 180080,
    "fields": {
      "instance_resource": 180008,
      "role": 1129,
      "instance_state": 27
    }
  },
  {
    "model": "core.irroleacl",
    "pk": 180081,
    "fields": {
      "instance_resource": 180009,
      "role": 1081,
      "instance_state": 23
    }
  },
  {
    "model": "core.irroleacl",
    "pk": 180082,
    "fields": {
      "instance_resource": 180009,
      "role": 1081,
      "instance_state": 24
    }
  },
  {
    "model": "core.irroleacl",
    "pk": 180083,
    "fields": {
      "instance_resource": 180009,
      "role": 1081,
      "instance_state": 25
    }
  },
  {
    "model": "core.irroleacl",
    "pk": 180084,
    "fields": {
      "instance_resource": 180009,
      "role": 1081,
      "instance_state": 34
    }
  },
  {
    "model": "core.irroleacl",
    "pk": 180085,
    "fields": {
      "instance_resource": 180009,
      "role": 1081,
      "instance_state": 26
    }
  },
  {
    "model": "core.irroleacl",
    "pk": 180086,
    "fields": {
      "instance_resource": 180010,
      "role": 1102,
      "instance_state": 23
    }
  },
  {
    "model": "core.irroleacl",
    "pk": 180087,
    "fields": {
      "instance_resource": 180010,
      "role": 1081,
      "instance_state": 23
    }
  },
  {
    "model": "core.irroleacl",
    "pk": 180088,
    "fields": {
      "instance_resource": 180010,
      "role": 4,
      "instance_state": 21
    }
  },
  {
    "model": "core.irroleacl",
    "pk": 180089,
    "fields": {
      "instance_resource": 180010,
      "role": 4,
      "instance_state": 22
    }
  },
  {
    "model": "core.irroleacl",
    "pk": 180090,
    "fields": {
      "instance_resource": 180010,
      "role": 4,
      "instance_state": 32
    }
  },
  {
    "model": "core.irroleacl",
    "pk": 180091,
    "fields": {
      "instance_resource": 180010,
      "role": 4,
      "instance_state": 23
    }
  },
  {
    "model": "core.irroleacl",
    "pk": 180092,
    "fields": {
      "instance_resource": 180010,
      "role": 4,
      "instance_state": 24
    }
  },
  {
    "model": "core.irroleacl",
    "pk": 180093,
    "fields": {
      "instance_resource": 180010,
      "role": 4,
      "instance_state": 25
    }
  },
  {
    "model": "core.irroleacl",
    "pk": 180094,
    "fields": {
      "instance_resource": 180010,
      "role": 4,
      "instance_state": 34
    }
  },
  {
    "model": "core.irroleacl",
    "pk": 180095,
    "fields": {
      "instance_resource": 180010,
      "role": 4,
      "instance_state": 26
    }
  },
  {
    "model": "core.irroleacl",
    "pk": 180096,
    "fields": {
      "instance_resource": 180010,
      "role": 1021,
      "instance_state": 21
    }
  },
  {
    "model": "core.irroleacl",
    "pk": 180097,
    "fields": {
      "instance_resource": 180010,
      "role": 1021,
      "instance_state": 22
    }
  },
  {
    "model": "core.irroleacl",
    "pk": 180098,
    "fields": {
      "instance_resource": 180010,
      "role": 1021,
      "instance_state": 32
    }
  },
  {
    "model": "core.irroleacl",
    "pk": 180099,
    "fields": {
      "instance_resource": 180010,
      "role": 1021,
      "instance_state": 23
    }
  },
  {
    "model": "core.irroleacl",
    "pk": 180100,
    "fields": {
      "instance_resource": 180010,
      "role": 1021,
      "instance_state": 24
    }
  },
  {
    "model": "core.irroleacl",
    "pk": 180101,
    "fields": {
      "instance_resource": 180010,
      "role": 1021,
      "instance_state": 25
    }
  },
  {
    "model": "core.irroleacl",
    "pk": 180102,
    "fields": {
      "instance_resource": 180010,
      "role": 1021,
      "instance_state": 34
    }
  },
  {
    "model": "core.irroleacl",
    "pk": 180103,
    "fields": {
      "instance_resource": 180010,
      "role": 1021,
      "instance_state": 26
    }
  },
  {
    "model": "core.irroleacl",
    "pk": 180104,
    "fields": {
      "instance_resource": 180011,
      "role": 1104,
      "instance_state": 21
    }
  },
  {
    "model": "core.irroleacl",
    "pk": 180105,
    "fields": {
      "instance_resource": 180011,
      "role": 1104,
      "instance_state": 22
    }
  },
  {
    "model": "core.irroleacl",
    "pk": 180106,
    "fields": {
      "instance_resource": 180011,
      "role": 1104,
      "instance_state": 32
    }
  },
  {
    "model": "core.irroleacl",
    "pk": 180107,
    "fields": {
      "instance_resource": 180011,
      "role": 1104,
      "instance_state": 23
    }
  },
  {
    "model": "core.irroleacl",
    "pk": 180108,
    "fields": {
      "instance_resource": 180011,
      "role": 1104,
      "instance_state": 24
    }
  },
  {
    "model": "core.irroleacl",
    "pk": 180109,
    "fields": {
      "instance_resource": 180011,
      "role": 1104,
      "instance_state": 25
    }
  },
  {
    "model": "core.irroleacl",
    "pk": 180110,
    "fields": {
      "instance_resource": 180011,
      "role": 1104,
      "instance_state": 34
    }
  },
  {
    "model": "core.irroleacl",
    "pk": 2000000,
    "fields": {
      "instance_resource": 2000000,
      "role": 1102,
      "instance_state": 23
    }
  },
  {
    "model": "core.irroleacl",
    "pk": 2000001,
    "fields": {
      "instance_resource": 2000000,
      "role": 4,
      "instance_state": 32
    }
  },
  {
    "model": "core.irroleacl",
    "pk": 2000002,
    "fields": {
      "instance_resource": 2000000,
      "role": 4,
      "instance_state": 23
    }
  },
  {
    "model": "core.irroleacl",
    "pk": 2000003,
    "fields": {
      "instance_resource": 2000000,
      "role": 4,
      "instance_state": 24
    }
  },
  {
    "model": "core.irroleacl",
    "pk": 2000004,
    "fields": {
      "instance_resource": 2000000,
      "role": 4,
      "instance_state": 25
    }
  },
  {
    "model": "core.irroleacl",
    "pk": 2000005,
    "fields": {
      "instance_resource": 2000000,
      "role": 4,
      "instance_state": 34
    }
  },
  {
    "model": "core.irroleacl",
    "pk": 2000006,
    "fields": {
      "instance_resource": 2000000,
      "role": 4,
      "instance_state": 26
    }
  },
  {
    "model": "core.irroleacl",
    "pk": 2000007,
    "fields": {
      "instance_resource": 2000000,
      "role": 1021,
      "instance_state": 32
    }
  },
  {
    "model": "core.irroleacl",
    "pk": 2000008,
    "fields": {
      "instance_resource": 2000000,
      "role": 1021,
      "instance_state": 23
    }
  },
  {
    "model": "core.irroleacl",
    "pk": 2000009,
    "fields": {
      "instance_resource": 2000000,
      "role": 1021,
      "instance_state": 24
    }
  },
  {
    "model": "core.irroleacl",
    "pk": 2000010,
    "fields": {
      "instance_resource": 2000000,
      "role": 1021,
      "instance_state": 25
    }
  },
  {
    "model": "core.irroleacl",
    "pk": 2000011,
    "fields": {
      "instance_resource": 2000000,
      "role": 1021,
      "instance_state": 34
    }
  },
  {
    "model": "core.irroleacl",
    "pk": 2000012,
    "fields": {
      "instance_resource": 2000000,
      "role": 1021,
      "instance_state": 26
    }
  },
  {
    "model": "core.irroleacl",
    "pk": 2000013,
    "fields": {
      "instance_resource": 4,
      "role": 3,
      "instance_state": 33
    }
  },
  {
    "model": "core.irroleacl",
    "pk": 2000014,
    "fields": {
      "instance_resource": 771,
      "role": 7,
      "instance_state": 21
    }
  },
  {
    "model": "core.irroleacl",
    "pk": 2000015,
    "fields": {
      "instance_resource": 771,
      "role": 7,
      "instance_state": 22
    }
  },
  {
    "model": "core.irroleacl",
    "pk": 2000016,
    "fields": {
      "instance_resource": 771,
      "role": 7,
      "instance_state": 32
    }
  },
  {
    "model": "core.irroleacl",
    "pk": 2000017,
    "fields": {
      "instance_resource": 771,
      "role": 7,
      "instance_state": 23
    }
  },
  {
    "model": "core.irroleacl",
    "pk": 2000018,
    "fields": {
      "instance_resource": 771,
      "role": 7,
      "instance_state": 24
    }
  },
  {
    "model": "core.irroleacl",
    "pk": 2000019,
    "fields": {
      "instance_resource": 771,
      "role": 7,
      "instance_state": 25
    }
  },
  {
    "model": "core.irroleacl",
    "pk": 2000020,
    "fields": {
      "instance_resource": 771,
      "role": 7,
      "instance_state": 34
    }
  },
  {
    "model": "core.irroleacl",
    "pk": 2000021,
    "fields": {
      "instance_resource": 771,
      "role": 7,
      "instance_state": 26
    }
  },
  {
    "model": "core.irroleacl",
    "pk": 2000022,
    "fields": {
      "instance_resource": 771,
      "role": 7,
      "instance_state": 33
    }
  },
  {
    "model": "core.irroleacl",
    "pk": 2000023,
    "fields": {
      "instance_resource": 2000001,
      "role": 1081,
      "instance_state": 23
    }
  },
  {
    "model": "core.irroleacl",
    "pk": 2000024,
    "fields": {
      "instance_resource": 2000001,
      "role": 1081,
      "instance_state": 24
    }
  },
  {
    "model": "core.irroleacl",
    "pk": 2000025,
    "fields": {
      "instance_resource": 2000001,
      "role": 1081,
      "instance_state": 25
    }
  },
  {
    "model": "core.irroleacl",
    "pk": 2000026,
    "fields": {
      "instance_resource": 2000001,
      "role": 1081,
      "instance_state": 34
    }
  },
  {
    "model": "core.irroleacl",
    "pk": 2000027,
    "fields": {
      "instance_resource": 2000001,
      "role": 1081,
      "instance_state": 26
    }
  },
  {
    "model": "core.irroleacl",
    "pk": 2000028,
    "fields": {
      "instance_resource": 746,
      "role": 3,
      "instance_state": 33
    }
  },
  {
    "model": "core.irroleacl",
    "pk": 2000029,
    "fields": {
      "instance_resource": 2000002,
      "role": 1105,
      "instance_state": 22
    }
  },
  {
    "model": "core.irroleacl",
    "pk": 2000030,
    "fields": {
      "instance_resource": 2000002,
      "role": 1105,
      "instance_state": 32
    }
  },
  {
    "model": "core.irroleacl",
    "pk": 2000031,
    "fields": {
      "instance_resource": 2000002,
      "role": 1105,
      "instance_state": 23
    }
  },
  {
    "model": "core.irroleacl",
    "pk": 2000032,
    "fields": {
      "instance_resource": 2000002,
      "role": 1105,
      "instance_state": 24
    }
  },
  {
    "model": "core.irroleacl",
    "pk": 2000033,
    "fields": {
      "instance_resource": 2000002,
      "role": 1105,
      "instance_state": 25
    }
  },
  {
    "model": "core.irroleacl",
    "pk": 2000034,
    "fields": {
      "instance_resource": 2000002,
      "role": 1105,
      "instance_state": 34
    }
  },
  {
    "model": "core.irroleacl",
    "pk": 2000035,
    "fields": {
      "instance_resource": 2000003,
      "role": 1131,
      "instance_state": 1
    }
  },
  {
    "model": "core.irroleacl",
    "pk": 2000036,
    "fields": {
      "instance_resource": 2000003,
      "role": 1131,
      "instance_state": 21
    }
  },
  {
    "model": "core.irroleacl",
    "pk": 2000037,
    "fields": {
      "instance_resource": 2000003,
      "role": 1131,
      "instance_state": 22
    }
  },
  {
    "model": "core.irroleacl",
    "pk": 2000038,
    "fields": {
      "instance_resource": 2000003,
      "role": 1131,
      "instance_state": 32
    }
  },
  {
    "model": "core.irroleacl",
    "pk": 2000039,
    "fields": {
      "instance_resource": 2000003,
      "role": 1131,
      "instance_state": 23
    }
  },
  {
    "model": "core.irroleacl",
    "pk": 2000040,
    "fields": {
      "instance_resource": 2000003,
      "role": 1131,
      "instance_state": 24
    }
  },
  {
    "model": "core.irroleacl",
    "pk": 2000041,
    "fields": {
      "instance_resource": 2000003,
      "role": 1131,
      "instance_state": 25
    }
  },
  {
    "model": "core.irroleacl",
    "pk": 2000042,
    "fields": {
      "instance_resource": 2000003,
      "role": 1131,
      "instance_state": 34
    }
  },
  {
    "model": "core.irroleacl",
    "pk": 2000043,
    "fields": {
      "instance_resource": 2000003,
      "role": 1131,
      "instance_state": 26
    }
  },
  {
    "model": "core.irroleacl",
    "pk": 2000044,
    "fields": {
      "instance_resource": 2000003,
      "role": 1131,
      "instance_state": 27
    }
  },
  {
    "model": "core.irroleacl",
    "pk": 2000045,
    "fields": {
      "instance_resource": 2000003,
      "role": 1131,
      "instance_state": 28
    }
  },
  {
    "model": "core.irroleacl",
    "pk": 2000046,
    "fields": {
      "instance_resource": 2000003,
      "role": 1131,
      "instance_state": 29
    }
  },
  {
    "model": "core.irroleacl",
    "pk": 2000047,
    "fields": {
      "instance_resource": 2000003,
      "role": 1131,
      "instance_state": 30
    }
  },
  {
    "model": "core.irroleacl",
    "pk": 2000048,
    "fields": {
      "instance_resource": 2000003,
      "role": 1131,
      "instance_state": 31
    }
  },
  {
    "model": "core.irroleacl",
    "pk": 2000049,
    "fields": {
      "instance_resource": 2000003,
      "role": 1131,
      "instance_state": 33
    }
  },
  {
    "model": "core.irroleacl",
    "pk": 2000050,
    "fields": {
      "instance_resource": 180010,
      "role": 1102,
      "instance_state": 32
    }
  },
  {
    "model": "core.irroleacl",
    "pk": 2000051,
    "fields": {
      "instance_resource": 2000000,
      "role": 1102,
      "instance_state": 32
    }
  },
  {
    "model": "core.irroleacl",
    "pk": 2000052,
    "fields": {
      "instance_resource": 367,
      "role": 1102,
      "instance_state": 32
    }
  },
  {
    "model": "core.irroleacl",
    "pk": 2000053,
    "fields": {
      "instance_resource": 2000004,
      "role": 1102,
      "instance_state": 32
    }
  },
  {
    "model": "core.irroleacl",
    "pk": 12000000,
    "fields": {
      "instance_resource": 46,
      "role": 6,
      "instance_state": 30
    }
  },
  {
    "model": "core.irroleacl",
    "pk": 12000001,
    "fields": {
      "instance_resource": 46,
      "role": 7,
      "instance_state": 30
    }
  },
  {
    "model": "core.irroleacl",
    "pk": 12000002,
    "fields": {
      "instance_resource": 12000000,
      "role": 6,
      "instance_state": 23
    }
  },
  {
    "model": "core.irroleacl",
    "pk": 12000003,
    "fields": {
      "instance_resource": 12000000,
      "role": 6,
      "instance_state": 31
    }
  },
  {
    "model": "core.irroleacl",
    "pk": 12000004,
    "fields": {
      "instance_resource": 12000000,
      "role": 6,
      "instance_state": 24
    }
  },
  {
    "model": "core.irroleacl",
    "pk": 12000005,
    "fields": {
      "instance_resource": 12000000,
      "role": 6,
      "instance_state": 21
    }
  },
  {
    "model": "core.irroleacl",
    "pk": 12000006,
    "fields": {
      "instance_resource": 12000000,
      "role": 6,
      "instance_state": 30
    }
  },
  {
    "model": "core.irroleacl",
    "pk": 12000007,
    "fields": {
      "instance_resource": 12000001,
      "role": 1102,
      "instance_state": 23
    }
  },
  {
    "model": "core.irroleacl",
    "pk": 12000008,
    "fields": {
      "instance_resource": 12000001,
      "role": 4,
      "instance_state": 32
    }
  },
  {
    "model": "core.irroleacl",
    "pk": 12000009,
    "fields": {
      "instance_resource": 12000001,
      "role": 4,
      "instance_state": 23
    }
  },
  {
    "model": "core.irroleacl",
    "pk": 12000010,
    "fields": {
      "instance_resource": 12000001,
      "role": 4,
      "instance_state": 24
    }
  },
  {
    "model": "core.irroleacl",
    "pk": 12000011,
    "fields": {
      "instance_resource": 12000001,
      "role": 4,
      "instance_state": 25
    }
  },
  {
    "model": "core.irroleacl",
    "pk": 12000012,
    "fields": {
      "instance_resource": 12000001,
      "role": 4,
      "instance_state": 34
    }
  },
  {
    "model": "core.irroleacl",
    "pk": 12000013,
    "fields": {
      "instance_resource": 12000001,
      "role": 4,
      "instance_state": 26
    }
  },
  {
    "model": "core.irroleacl",
    "pk": 12000014,
    "fields": {
      "instance_resource": 12000001,
      "role": 1021,
      "instance_state": 32
    }
  },
  {
    "model": "core.irroleacl",
    "pk": 12000015,
    "fields": {
      "instance_resource": 12000001,
      "role": 1021,
      "instance_state": 23
    }
  },
  {
    "model": "core.irroleacl",
    "pk": 12000016,
    "fields": {
      "instance_resource": 12000001,
      "role": 1021,
      "instance_state": 24
    }
  },
  {
    "model": "core.irroleacl",
    "pk": 12000017,
    "fields": {
      "instance_resource": 12000001,
      "role": 1021,
      "instance_state": 25
    }
  },
  {
    "model": "core.irroleacl",
    "pk": 12000018,
    "fields": {
      "instance_resource": 12000001,
      "role": 1021,
      "instance_state": 34
    }
  },
  {
    "model": "core.irroleacl",
    "pk": 12000019,
    "fields": {
      "instance_resource": 12000001,
      "role": 1021,
      "instance_state": 26
    }
  },
  {
    "model": "core.irroleacl",
    "pk": 12000020,
    "fields": {
      "instance_resource": 12000002,
      "role": 1102,
      "instance_state": 23
    }
  },
  {
    "model": "core.irroleacl",
    "pk": 12000021,
    "fields": {
      "instance_resource": 12000002,
      "role": 4,
      "instance_state": 32
    }
  },
  {
    "model": "core.irroleacl",
    "pk": 12000022,
    "fields": {
      "instance_resource": 12000002,
      "role": 4,
      "instance_state": 23
    }
  },
  {
    "model": "core.irroleacl",
    "pk": 12000023,
    "fields": {
      "instance_resource": 12000002,
      "role": 4,
      "instance_state": 24
    }
  },
  {
    "model": "core.irroleacl",
    "pk": 12000024,
    "fields": {
      "instance_resource": 12000002,
      "role": 4,
      "instance_state": 25
    }
  },
  {
    "model": "core.irroleacl",
    "pk": 12000025,
    "fields": {
      "instance_resource": 12000002,
      "role": 4,
      "instance_state": 34
    }
  },
  {
    "model": "core.irroleacl",
    "pk": 12000026,
    "fields": {
      "instance_resource": 12000002,
      "role": 4,
      "instance_state": 26
    }
  },
  {
    "model": "core.irroleacl",
    "pk": 12000027,
    "fields": {
      "instance_resource": 12000002,
      "role": 1021,
      "instance_state": 32
    }
  },
  {
    "model": "core.irroleacl",
    "pk": 12000028,
    "fields": {
      "instance_resource": 12000002,
      "role": 1021,
      "instance_state": 23
    }
  },
  {
    "model": "core.irroleacl",
    "pk": 12000029,
    "fields": {
      "instance_resource": 12000002,
      "role": 1021,
      "instance_state": 24
    }
  },
  {
    "model": "core.irroleacl",
    "pk": 12000030,
    "fields": {
      "instance_resource": 12000002,
      "role": 1021,
      "instance_state": 25
    }
  },
  {
    "model": "core.irroleacl",
    "pk": 12000031,
    "fields": {
      "instance_resource": 12000002,
      "role": 1021,
      "instance_state": 34
    }
  },
  {
    "model": "core.irroleacl",
    "pk": 12000032,
    "fields": {
      "instance_resource": 12000002,
      "role": 1021,
      "instance_state": 26
    }
  },
  {
    "model": "core.irroleacl",
    "pk": 12000034,
    "fields": {
      "instance_resource": 12000003,
      "role": 1105,
      "instance_state": 22
    }
  },
  {
    "model": "core.irroleacl",
    "pk": 12000035,
    "fields": {
      "instance_resource": 12000003,
      "role": 1105,
      "instance_state": 32
    }
  },
  {
    "model": "core.irroleacl",
    "pk": 12000036,
    "fields": {
      "instance_resource": 12000003,
      "role": 1105,
      "instance_state": 23
    }
  },
  {
    "model": "core.irroleacl",
    "pk": 12000037,
    "fields": {
      "instance_resource": 12000003,
      "role": 1105,
      "instance_state": 24
    }
  },
  {
    "model": "core.irroleacl",
    "pk": 12000038,
    "fields": {
      "instance_resource": 12000003,
      "role": 1105,
      "instance_state": 25
    }
  },
  {
    "model": "core.irroleacl",
    "pk": 12000039,
    "fields": {
      "instance_resource": 12000003,
      "role": 1105,
      "instance_state": 34
    }
  },
  {
    "model": "core.irroleacl",
    "pk": 12000040,
    "fields": {
      "instance_resource": 12000003,
      "role": 1105,
      "instance_state": 26
    }
  },
  {
    "model": "core.irroleacl",
    "pk": 12000041,
    "fields": {
      "instance_resource": 180010,
      "role": 4,
      "instance_state": 33
    }
  },
  {
    "model": "core.irroleacl",
    "pk": 12000042,
    "fields": {
      "instance_resource": 180010,
      "role": 1021,
      "instance_state": 33
    }
  },
  {
    "model": "core.irroleacl",
    "pk": 12000043,
    "fields": {
      "instance_resource": 2000000,
      "role": 4,
      "instance_state": 33
    }
  },
  {
    "model": "core.irroleacl",
    "pk": 12000044,
    "fields": {
      "instance_resource": 2000000,
      "role": 1021,
      "instance_state": 33
    }
  },
  {
    "model": "core.irroleacl",
    "pk": 12000045,
    "fields": {
      "instance_resource": 12000001,
      "role": 4,
      "instance_state": 33
    }
  },
  {
    "model": "core.irroleacl",
    "pk": 12000046,
    "fields": {
      "instance_resource": 12000001,
      "role": 1021,
      "instance_state": 33
    }
  },
  {
    "model": "core.irroleacl",
    "pk": 12000047,
    "fields": {
      "instance_resource": 180003,
      "role": 1061,
      "instance_state": 25
    }
  },
  {
    "model": "core.irroleacl",
    "pk": 12000048,
    "fields": {
      "instance_resource": 180003,
      "role": 1061,
      "instance_state": 26
    }
  },
  {
    "model": "core.irroleacl",
    "pk": 12000049,
    "fields": {
      "instance_resource": 180003,
      "role": 1061,
      "instance_state": 27
    }
  },
  {
    "model": "core.irroleacl",
    "pk": 12000050,
    "fields": {
      "instance_resource": 445,
      "role": 1061,
      "instance_state": 25
    }
  },
  {
    "model": "core.irroleacl",
    "pk": 12000051,
    "fields": {
      "instance_resource": 445,
      "role": 1061,
      "instance_state": 26
    }
  },
  {
    "model": "core.irroleacl",
    "pk": 12000052,
    "fields": {
      "instance_resource": 445,
      "role": 1061,
      "instance_state": 27
    }
  },
  {
    "model": "core.irroleacl",
    "pk": 12000053,
    "fields": {
      "instance_resource": 12000004,
      "role": 1061,
      "instance_state": 21
    }
  },
  {
    "model": "core.irroleacl",
    "pk": 12000054,
    "fields": {
      "instance_resource": 12000004,
      "role": 1061,
      "instance_state": 22
    }
  },
  {
    "model": "core.irroleacl",
    "pk": 12000055,
    "fields": {
      "instance_resource": 12000004,
      "role": 1061,
      "instance_state": 23
    }
  },
  {
    "model": "core.irroleacl",
    "pk": 12000056,
    "fields": {
      "instance_resource": 12000004,
      "role": 1061,
      "instance_state": 24
    }
  },
  {
    "model": "core.irroleacl",
    "pk": 12000057,
    "fields": {
      "instance_resource": 12000004,
      "role": 1061,
      "instance_state": 25
    }
  },
  {
    "model": "core.irroleacl",
    "pk": 12000058,
    "fields": {
      "instance_resource": 12000004,
      "role": 1061,
      "instance_state": 34
    }
  },
  {
    "model": "core.irroleacl",
    "pk": 12000059,
    "fields": {
      "instance_resource": 12000004,
      "role": 1061,
      "instance_state": 26
    }
  },
  {
    "model": "core.irroleacl",
    "pk": 12000060,
    "fields": {
      "instance_resource": 12000004,
      "role": 1061,
      "instance_state": 27
    }
  },
  {
    "model": "core.irroleacl",
    "pk": 12000061,
    "fields": {
      "instance_resource": 14000000,
      "role": 6,
      "instance_state": 1
    }
  },
  {
    "model": "core.irroleacl",
    "pk": 12000062,
    "fields": {
      "instance_resource": 14000000,
      "role": 6,
      "instance_state": 21
    }
  },
  {
    "model": "core.irroleacl",
    "pk": 12000063,
    "fields": {
      "instance_resource": 14000000,
      "role": 6,
      "instance_state": 22
    }
  },
  {
    "model": "core.irroleacl",
    "pk": 12000064,
    "fields": {
      "instance_resource": 14000000,
      "role": 6,
      "instance_state": 32
    }
  },
  {
    "model": "core.irroleacl",
    "pk": 12000065,
    "fields": {
      "instance_resource": 14000000,
      "role": 6,
      "instance_state": 23
    }
  },
  {
    "model": "core.irroleacl",
    "pk": 12000066,
    "fields": {
      "instance_resource": 14000000,
      "role": 6,
      "instance_state": 24
    }
  },
  {
    "model": "core.irroleacl",
    "pk": 12000067,
    "fields": {
      "instance_resource": 14000000,
      "role": 6,
      "instance_state": 25
    }
  },
  {
    "model": "core.irroleacl",
    "pk": 12000068,
    "fields": {
      "instance_resource": 14000000,
      "role": 6,
      "instance_state": 34
    }
  },
  {
    "model": "core.irroleacl",
    "pk": 12000069,
    "fields": {
      "instance_resource": 14000000,
      "role": 6,
      "instance_state": 26
    }
  },
  {
    "model": "core.irroleacl",
    "pk": 12000070,
    "fields": {
      "instance_resource": 14000000,
      "role": 6,
      "instance_state": 27
    }
  },
  {
    "model": "core.irroleacl",
    "pk": 12000071,
    "fields": {
      "instance_resource": 14000000,
      "role": 6,
      "instance_state": 28
    }
  },
  {
    "model": "core.irroleacl",
    "pk": 12000072,
    "fields": {
      "instance_resource": 14000000,
      "role": 6,
      "instance_state": 29
    }
  },
  {
    "model": "core.irroleacl",
    "pk": 12000073,
    "fields": {
      "instance_resource": 14000000,
      "role": 6,
      "instance_state": 30
    }
  },
  {
    "model": "core.irroleacl",
    "pk": 12000074,
    "fields": {
      "instance_resource": 14000000,
      "role": 6,
      "instance_state": 31
    }
  },
  {
    "model": "core.irroleacl",
    "pk": 12000075,
    "fields": {
      "instance_resource": 14000000,
      "role": 6,
      "instance_state": 33
    }
  },
  {
    "model": "core.irroleacl",
    "pk": 12000076,
    "fields": {
      "instance_resource": 12000005,
      "role": 1101,
      "instance_state": 1
    }
  },
  {
    "model": "core.irroleacl",
    "pk": 12000077,
    "fields": {
      "instance_resource": 12000005,
      "role": 1101,
      "instance_state": 21
    }
  },
  {
    "model": "core.irroleacl",
    "pk": 12000078,
    "fields": {
      "instance_resource": 12000005,
      "role": 1101,
      "instance_state": 22
    }
  },
  {
    "model": "core.irroleacl",
    "pk": 12000079,
    "fields": {
      "instance_resource": 12000005,
      "role": 1101,
      "instance_state": 32
    }
  },
  {
    "model": "core.irroleacl",
    "pk": 12000080,
    "fields": {
      "instance_resource": 12000005,
      "role": 1101,
      "instance_state": 23
    }
  },
  {
    "model": "core.irroleacl",
    "pk": 12000081,
    "fields": {
      "instance_resource": 12000005,
      "role": 1101,
      "instance_state": 24
    }
  },
  {
    "model": "core.irroleacl",
    "pk": 12000082,
    "fields": {
      "instance_resource": 12000005,
      "role": 1101,
      "instance_state": 25
    }
  },
  {
    "model": "core.irroleacl",
    "pk": 12000083,
    "fields": {
      "instance_resource": 12000005,
      "role": 1101,
      "instance_state": 34
    }
  },
  {
    "model": "core.irroleacl",
    "pk": 12000084,
    "fields": {
      "instance_resource": 12000005,
      "role": 1101,
      "instance_state": 26
    }
  },
  {
    "model": "core.irroleacl",
    "pk": 12000085,
    "fields": {
      "instance_resource": 12000005,
      "role": 1101,
      "instance_state": 27
    }
  },
  {
    "model": "core.irroleacl",
    "pk": 12000086,
    "fields": {
      "instance_resource": 12000005,
      "role": 1101,
      "instance_state": 28
    }
  },
  {
    "model": "core.irroleacl",
    "pk": 12000087,
    "fields": {
      "instance_resource": 12000005,
      "role": 1101,
      "instance_state": 29
    }
  },
  {
    "model": "core.irroleacl",
    "pk": 12000088,
    "fields": {
      "instance_resource": 12000005,
      "role": 1101,
      "instance_state": 30
    }
  },
  {
    "model": "core.irroleacl",
    "pk": 12000089,
    "fields": {
      "instance_resource": 12000005,
      "role": 1101,
      "instance_state": 31
    }
  },
  {
    "model": "core.irroleacl",
    "pk": 12000090,
    "fields": {
      "instance_resource": 12000005,
      "role": 1101,
      "instance_state": 33
    }
  },
  {
    "model": "core.irroleacl",
    "pk": 12000091,
    "fields": {
      "instance_resource": 12000006,
      "role": 1107,
      "instance_state": 1
    }
  },
  {
    "model": "core.irroleacl",
    "pk": 12000092,
    "fields": {
      "instance_resource": 12000006,
      "role": 1107,
      "instance_state": 21
    }
  },
  {
    "model": "core.irroleacl",
    "pk": 12000093,
    "fields": {
      "instance_resource": 12000006,
      "role": 1107,
      "instance_state": 22
    }
  },
  {
    "model": "core.irroleacl",
    "pk": 12000094,
    "fields": {
      "instance_resource": 12000006,
      "role": 1107,
      "instance_state": 32
    }
  },
  {
    "model": "core.irroleacl",
    "pk": 12000095,
    "fields": {
      "instance_resource": 12000006,
      "role": 1107,
      "instance_state": 23
    }
  },
  {
    "model": "core.irroleacl",
    "pk": 12000096,
    "fields": {
      "instance_resource": 12000006,
      "role": 1107,
      "instance_state": 24
    }
  },
  {
    "model": "core.irroleacl",
    "pk": 12000097,
    "fields": {
      "instance_resource": 12000006,
      "role": 1107,
      "instance_state": 25
    }
  },
  {
    "model": "core.irroleacl",
    "pk": 12000098,
    "fields": {
      "instance_resource": 12000006,
      "role": 1107,
      "instance_state": 34
    }
  },
  {
    "model": "core.irroleacl",
    "pk": 12000099,
    "fields": {
      "instance_resource": 12000006,
      "role": 1107,
      "instance_state": 26
    }
  },
  {
    "model": "core.irroleacl",
    "pk": 12000100,
    "fields": {
      "instance_resource": 12000006,
      "role": 1107,
      "instance_state": 27
    }
  },
  {
    "model": "core.irroleacl",
    "pk": 12000101,
    "fields": {
      "instance_resource": 12000006,
      "role": 1107,
      "instance_state": 28
    }
  },
  {
    "model": "core.irroleacl",
    "pk": 12000102,
    "fields": {
      "instance_resource": 12000006,
      "role": 1107,
      "instance_state": 29
    }
  },
  {
    "model": "core.irroleacl",
    "pk": 12000103,
    "fields": {
      "instance_resource": 12000006,
      "role": 1107,
      "instance_state": 30
    }
  },
  {
    "model": "core.irroleacl",
    "pk": 12000104,
    "fields": {
      "instance_resource": 12000006,
      "role": 1107,
      "instance_state": 31
    }
  },
  {
    "model": "core.irroleacl",
    "pk": 12000105,
    "fields": {
      "instance_resource": 12000006,
      "role": 1107,
      "instance_state": 33
    }
  },
  {
    "model": "core.irroleacl",
    "pk": 12000106,
    "fields": {
      "instance_resource": 12000007,
      "role": 1127,
      "instance_state": 1
    }
  },
  {
    "model": "core.irroleacl",
    "pk": 12000107,
    "fields": {
      "instance_resource": 12000007,
      "role": 1127,
      "instance_state": 21
    }
  },
  {
    "model": "core.irroleacl",
    "pk": 12000108,
    "fields": {
      "instance_resource": 12000007,
      "role": 1127,
      "instance_state": 22
    }
  },
  {
    "model": "core.irroleacl",
    "pk": 12000109,
    "fields": {
      "instance_resource": 12000007,
      "role": 1127,
      "instance_state": 32
    }
  },
  {
    "model": "core.irroleacl",
    "pk": 12000110,
    "fields": {
      "instance_resource": 12000007,
      "role": 1127,
      "instance_state": 23
    }
  },
  {
    "model": "core.irroleacl",
    "pk": 12000111,
    "fields": {
      "instance_resource": 12000007,
      "role": 1127,
      "instance_state": 24
    }
  },
  {
    "model": "core.irroleacl",
    "pk": 12000112,
    "fields": {
      "instance_resource": 12000007,
      "role": 1127,
      "instance_state": 25
    }
  },
  {
    "model": "core.irroleacl",
    "pk": 12000113,
    "fields": {
      "instance_resource": 12000007,
      "role": 1127,
      "instance_state": 34
    }
  },
  {
    "model": "core.irroleacl",
    "pk": 12000114,
    "fields": {
      "instance_resource": 12000007,
      "role": 1127,
      "instance_state": 26
    }
  },
  {
    "model": "core.irroleacl",
    "pk": 12000115,
    "fields": {
      "instance_resource": 12000007,
      "role": 1127,
      "instance_state": 27
    }
  },
  {
    "model": "core.irroleacl",
    "pk": 12000116,
    "fields": {
      "instance_resource": 12000007,
      "role": 1127,
      "instance_state": 28
    }
  },
  {
    "model": "core.irroleacl",
    "pk": 12000117,
    "fields": {
      "instance_resource": 12000007,
      "role": 1127,
      "instance_state": 29
    }
  },
  {
    "model": "core.irroleacl",
    "pk": 12000118,
    "fields": {
      "instance_resource": 12000007,
      "role": 1127,
      "instance_state": 30
    }
  },
  {
    "model": "core.irroleacl",
    "pk": 12000119,
    "fields": {
      "instance_resource": 12000007,
      "role": 1127,
      "instance_state": 31
    }
  },
  {
    "model": "core.irroleacl",
    "pk": 12000120,
    "fields": {
      "instance_resource": 12000007,
      "role": 1127,
      "instance_state": 33
    }
  },
  {
    "model": "core.irroleacl",
    "pk": 12000121,
    "fields": {
      "instance_resource": 12000008,
      "role": 1106,
      "instance_state": 1
    }
  },
  {
    "model": "core.irroleacl",
    "pk": 12000122,
    "fields": {
      "instance_resource": 12000008,
      "role": 1106,
      "instance_state": 21
    }
  },
  {
    "model": "core.irroleacl",
    "pk": 12000123,
    "fields": {
      "instance_resource": 12000008,
      "role": 1106,
      "instance_state": 22
    }
  },
  {
    "model": "core.irroleacl",
    "pk": 12000124,
    "fields": {
      "instance_resource": 12000008,
      "role": 1106,
      "instance_state": 32
    }
  },
  {
    "model": "core.irroleacl",
    "pk": 12000125,
    "fields": {
      "instance_resource": 12000008,
      "role": 1106,
      "instance_state": 23
    }
  },
  {
    "model": "core.irroleacl",
    "pk": 12000126,
    "fields": {
      "instance_resource": 12000008,
      "role": 1106,
      "instance_state": 24
    }
  },
  {
    "model": "core.irroleacl",
    "pk": 12000127,
    "fields": {
      "instance_resource": 12000008,
      "role": 1106,
      "instance_state": 25
    }
  },
  {
    "model": "core.irroleacl",
    "pk": 12000128,
    "fields": {
      "instance_resource": 12000008,
      "role": 1106,
      "instance_state": 34
    }
  },
  {
    "model": "core.irroleacl",
    "pk": 12000129,
    "fields": {
      "instance_resource": 12000008,
      "role": 1106,
      "instance_state": 26
    }
  },
  {
    "model": "core.irroleacl",
    "pk": 12000130,
    "fields": {
      "instance_resource": 12000008,
      "role": 1106,
      "instance_state": 27
    }
  },
  {
    "model": "core.irroleacl",
    "pk": 12000131,
    "fields": {
      "instance_resource": 12000008,
      "role": 1106,
      "instance_state": 28
    }
  },
  {
    "model": "core.irroleacl",
    "pk": 12000132,
    "fields": {
      "instance_resource": 12000008,
      "role": 1106,
      "instance_state": 29
    }
  },
  {
    "model": "core.irroleacl",
    "pk": 12000133,
    "fields": {
      "instance_resource": 12000008,
      "role": 1106,
      "instance_state": 30
    }
  },
  {
    "model": "core.irroleacl",
    "pk": 12000134,
    "fields": {
      "instance_resource": 12000008,
      "role": 1106,
      "instance_state": 31
    }
  },
  {
    "model": "core.irroleacl",
    "pk": 12000135,
    "fields": {
      "instance_resource": 12000008,
      "role": 1106,
      "instance_state": 33
    }
  },
  {
    "model": "core.irroleacl",
    "pk": 12000151,
    "fields": {
      "instance_resource": 12000009,
      "role": 1129,
      "instance_state": 1
    }
  },
  {
    "model": "core.irroleacl",
    "pk": 12000152,
    "fields": {
      "instance_resource": 12000009,
      "role": 1129,
      "instance_state": 21
    }
  },
  {
    "model": "core.irroleacl",
    "pk": 12000153,
    "fields": {
      "instance_resource": 12000009,
      "role": 1129,
      "instance_state": 22
    }
  },
  {
    "model": "core.irroleacl",
    "pk": 12000154,
    "fields": {
      "instance_resource": 12000009,
      "role": 1129,
      "instance_state": 32
    }
  },
  {
    "model": "core.irroleacl",
    "pk": 12000155,
    "fields": {
      "instance_resource": 12000009,
      "role": 1129,
      "instance_state": 23
    }
  },
  {
    "model": "core.irroleacl",
    "pk": 12000156,
    "fields": {
      "instance_resource": 12000009,
      "role": 1129,
      "instance_state": 24
    }
  },
  {
    "model": "core.irroleacl",
    "pk": 12000157,
    "fields": {
      "instance_resource": 12000009,
      "role": 1129,
      "instance_state": 25
    }
  },
  {
    "model": "core.irroleacl",
    "pk": 12000158,
    "fields": {
      "instance_resource": 12000009,
      "role": 1129,
      "instance_state": 34
    }
  },
  {
    "model": "core.irroleacl",
    "pk": 12000159,
    "fields": {
      "instance_resource": 12000009,
      "role": 1129,
      "instance_state": 26
    }
  },
  {
    "model": "core.irroleacl",
    "pk": 12000160,
    "fields": {
      "instance_resource": 12000009,
      "role": 1129,
      "instance_state": 27
    }
  },
  {
    "model": "core.irroleacl",
    "pk": 12000161,
    "fields": {
      "instance_resource": 12000009,
      "role": 1129,
      "instance_state": 28
    }
  },
  {
    "model": "core.irroleacl",
    "pk": 12000162,
    "fields": {
      "instance_resource": 12000009,
      "role": 1129,
      "instance_state": 29
    }
  },
  {
    "model": "core.irroleacl",
    "pk": 12000163,
    "fields": {
      "instance_resource": 12000009,
      "role": 1129,
      "instance_state": 30
    }
  },
  {
    "model": "core.irroleacl",
    "pk": 12000164,
    "fields": {
      "instance_resource": 12000009,
      "role": 1129,
      "instance_state": 31
    }
  },
  {
    "model": "core.irroleacl",
    "pk": 12000165,
    "fields": {
      "instance_resource": 12000009,
      "role": 1129,
      "instance_state": 33
    }
  },
  {
    "model": "core.irroleacl",
    "pk": 12000166,
    "fields": {
      "instance_resource": 545,
      "role": 1131,
      "instance_state": 1
    }
  },
  {
    "model": "core.irroleacl",
    "pk": 12000167,
    "fields": {
      "instance_resource": 545,
      "role": 1131,
      "instance_state": 21
    }
  },
  {
    "model": "core.irroleacl",
    "pk": 12000168,
    "fields": {
      "instance_resource": 545,
      "role": 1131,
      "instance_state": 22
    }
  },
  {
    "model": "core.irroleacl",
    "pk": 12000169,
    "fields": {
      "instance_resource": 545,
      "role": 1131,
      "instance_state": 32
    }
  },
  {
    "model": "core.irroleacl",
    "pk": 12000170,
    "fields": {
      "instance_resource": 545,
      "role": 1131,
      "instance_state": 23
    }
  },
  {
    "model": "core.irroleacl",
    "pk": 12000171,
    "fields": {
      "instance_resource": 545,
      "role": 1131,
      "instance_state": 24
    }
  },
  {
    "model": "core.irroleacl",
    "pk": 12000172,
    "fields": {
      "instance_resource": 545,
      "role": 1131,
      "instance_state": 25
    }
  },
  {
    "model": "core.irroleacl",
    "pk": 12000173,
    "fields": {
      "instance_resource": 545,
      "role": 1131,
      "instance_state": 34
    }
  },
  {
    "model": "core.irroleacl",
    "pk": 12000174,
    "fields": {
      "instance_resource": 545,
      "role": 1131,
      "instance_state": 26
    }
  },
  {
    "model": "core.irroleacl",
    "pk": 12000175,
    "fields": {
      "instance_resource": 545,
      "role": 1131,
      "instance_state": 27
    }
  },
  {
    "model": "core.irroleacl",
    "pk": 12000176,
    "fields": {
      "instance_resource": 545,
      "role": 1131,
      "instance_state": 28
    }
  },
  {
    "model": "core.irroleacl",
    "pk": 12000177,
    "fields": {
      "instance_resource": 545,
      "role": 1131,
      "instance_state": 29
    }
  },
  {
    "model": "core.irroleacl",
    "pk": 12000178,
    "fields": {
      "instance_resource": 545,
      "role": 1131,
      "instance_state": 30
    }
  },
  {
    "model": "core.irroleacl",
    "pk": 12000179,
    "fields": {
      "instance_resource": 545,
      "role": 1131,
      "instance_state": 31
    }
  },
  {
    "model": "core.irroleacl",
    "pk": 12000180,
    "fields": {
      "instance_resource": 545,
      "role": 1131,
      "instance_state": 33
    }
  },
  {
    "model": "core.irroleacl",
    "pk": 12000182,
    "fields": {
      "instance_resource": 12000010,
      "role": 6,
      "instance_state": 21
    }
  },
  {
    "model": "core.irroleacl",
    "pk": 12000183,
    "fields": {
      "instance_resource": 12000010,
      "role": 6,
      "instance_state": 22
    }
  },
  {
    "model": "core.irroleacl",
    "pk": 12000184,
    "fields": {
      "instance_resource": 12000010,
      "role": 6,
      "instance_state": 32
    }
  },
  {
    "model": "core.irroleacl",
    "pk": 12000185,
    "fields": {
      "instance_resource": 12000010,
      "role": 6,
      "instance_state": 23
    }
  },
  {
    "model": "core.irroleacl",
    "pk": 12000186,
    "fields": {
      "instance_resource": 12000010,
      "role": 6,
      "instance_state": 24
    }
  },
  {
    "model": "core.irroleacl",
    "pk": 12000187,
    "fields": {
      "instance_resource": 12000010,
      "role": 6,
      "instance_state": 25
    }
  },
  {
    "model": "core.irroleacl",
    "pk": 12000188,
    "fields": {
      "instance_resource": 12000010,
      "role": 6,
      "instance_state": 34
    }
  },
  {
    "model": "core.irroleacl",
    "pk": 12000189,
    "fields": {
      "instance_resource": 12000010,
      "role": 6,
      "instance_state": 26
    }
  },
  {
    "model": "core.irroleacl",
    "pk": 12000190,
    "fields": {
      "instance_resource": 12000010,
      "role": 6,
      "instance_state": 27
    }
  },
  {
    "model": "core.irroleacl",
    "pk": 12000192,
    "fields": {
      "instance_resource": 12000010,
      "role": 6,
      "instance_state": 29
    }
  },
  {
    "model": "core.irroleacl",
    "pk": 12000193,
    "fields": {
      "instance_resource": 12000010,
      "role": 6,
      "instance_state": 30
    }
  },
  {
    "model": "core.irroleacl",
    "pk": 12000194,
    "fields": {
      "instance_resource": 12000010,
      "role": 6,
      "instance_state": 31
    }
  },
  {
    "model": "core.irroleacl",
    "pk": 12000195,
    "fields": {
      "instance_resource": 12000010,
      "role": 6,
      "instance_state": 33
    }
  },
  {
    "model": "core.irroleacl",
    "pk": 12000197,
    "fields": {
      "instance_resource": 12000011,
      "role": 1130,
      "instance_state": 21
    }
  },
  {
    "model": "core.irroleacl",
    "pk": 12000198,
    "fields": {
      "instance_resource": 12000011,
      "role": 1130,
      "instance_state": 22
    }
  },
  {
    "model": "core.irroleacl",
    "pk": 12000200,
    "fields": {
      "instance_resource": 12000011,
      "role": 1130,
      "instance_state": 23
    }
  },
  {
    "model": "core.irroleacl",
    "pk": 12000201,
    "fields": {
      "instance_resource": 12000011,
      "role": 1130,
      "instance_state": 24
    }
  },
  {
    "model": "core.irroleacl",
    "pk": 12000202,
    "fields": {
      "instance_resource": 12000011,
      "role": 1130,
      "instance_state": 25
    }
  },
  {
    "model": "core.irroleacl",
    "pk": 12000203,
    "fields": {
      "instance_resource": 12000011,
      "role": 1130,
      "instance_state": 34
    }
  },
  {
    "model": "core.irroleacl",
    "pk": 12000204,
    "fields": {
      "instance_resource": 12000011,
      "role": 1130,
      "instance_state": 26
    }
  },
  {
    "model": "core.irroleacl",
    "pk": 12000212,
    "fields": {
      "instance_resource": 12000012,
      "role": 3,
      "instance_state": 21
    }
  },
  {
    "model": "core.irroleacl",
    "pk": 12000213,
    "fields": {
      "instance_resource": 12000012,
      "role": 3,
      "instance_state": 22
    }
  },
  {
    "model": "core.irroleacl",
    "pk": 12000214,
    "fields": {
      "instance_resource": 12000012,
      "role": 3,
      "instance_state": 32
    }
  },
  {
    "model": "core.irroleacl",
    "pk": 12000215,
    "fields": {
      "instance_resource": 12000012,
      "role": 3,
      "instance_state": 23
    }
  },
  {
    "model": "core.irroleacl",
    "pk": 12000216,
    "fields": {
      "instance_resource": 12000012,
      "role": 3,
      "instance_state": 24
    }
  },
  {
    "model": "core.irroleacl",
    "pk": 12000217,
    "fields": {
      "instance_resource": 12000012,
      "role": 3,
      "instance_state": 25
    }
  },
  {
    "model": "core.irroleacl",
    "pk": 12000218,
    "fields": {
      "instance_resource": 12000012,
      "role": 3,
      "instance_state": 34
    }
  },
  {
    "model": "core.irroleacl",
    "pk": 12000219,
    "fields": {
      "instance_resource": 12000012,
      "role": 3,
      "instance_state": 26
    }
  },
  {
    "model": "core.irroleacl",
    "pk": 12000220,
    "fields": {
      "instance_resource": 12000012,
      "role": 3,
      "instance_state": 27
    }
  },
  {
    "model": "core.irroleacl",
    "pk": 12000222,
    "fields": {
      "instance_resource": 12000012,
      "role": 3,
      "instance_state": 29
    }
  },
  {
    "model": "core.irroleacl",
    "pk": 12000223,
    "fields": {
      "instance_resource": 12000012,
      "role": 3,
      "instance_state": 30
    }
  },
  {
    "model": "core.irroleacl",
    "pk": 12000224,
    "fields": {
      "instance_resource": 12000012,
      "role": 3,
      "instance_state": 31
    }
  },
  {
    "model": "core.irroleacl",
    "pk": 12000225,
    "fields": {
      "instance_resource": 12000012,
      "role": 3,
      "instance_state": 33
    }
  },
  {
    "model": "core.irroleacl",
    "pk": 12000227,
    "fields": {
      "instance_resource": 12000013,
      "role": 1061,
      "instance_state": 21
    }
  },
  {
    "model": "core.irroleacl",
    "pk": 12000228,
    "fields": {
      "instance_resource": 12000013,
      "role": 1061,
      "instance_state": 22
    }
  },
  {
    "model": "core.irroleacl",
    "pk": 12000230,
    "fields": {
      "instance_resource": 12000013,
      "role": 1061,
      "instance_state": 23
    }
  },
  {
    "model": "core.irroleacl",
    "pk": 12000231,
    "fields": {
      "instance_resource": 12000013,
      "role": 1061,
      "instance_state": 24
    }
  },
  {
    "model": "core.irroleacl",
    "pk": 12000232,
    "fields": {
      "instance_resource": 12000013,
      "role": 1061,
      "instance_state": 25
    }
  },
  {
    "model": "core.irroleacl",
    "pk": 12000233,
    "fields": {
      "instance_resource": 12000013,
      "role": 1061,
      "instance_state": 34
    }
  },
  {
    "model": "core.irroleacl",
    "pk": 12000234,
    "fields": {
      "instance_resource": 12000013,
      "role": 1061,
      "instance_state": 26
    }
  },
  {
    "model": "core.irroleacl",
    "pk": 12000235,
    "fields": {
      "instance_resource": 12000013,
      "role": 1061,
      "instance_state": 27
    }
  },
  {
    "model": "core.irroleacl",
    "pk": 12000243,
    "fields": {
      "instance_resource": 12000014,
      "role": 1101,
      "instance_state": 22
    }
  },
  {
    "model": "core.irroleacl",
    "pk": 12000245,
    "fields": {
      "instance_resource": 12000014,
      "role": 1101,
      "instance_state": 23
    }
  },
  {
    "model": "core.irroleacl",
    "pk": 12000246,
    "fields": {
      "instance_resource": 12000014,
      "role": 1101,
      "instance_state": 24
    }
  },
  {
    "model": "core.irroleacl",
    "pk": 12000247,
    "fields": {
      "instance_resource": 12000014,
      "role": 1101,
      "instance_state": 25
    }
  },
  {
    "model": "core.irroleacl",
    "pk": 12000248,
    "fields": {
      "instance_resource": 12000014,
      "role": 1101,
      "instance_state": 34
    }
  },
  {
    "model": "core.irroleacl",
    "pk": 12000249,
    "fields": {
      "instance_resource": 12000014,
      "role": 1101,
      "instance_state": 26
    }
  },
  {
    "model": "core.irroleacl",
    "pk": 12000255,
    "fields": {
      "instance_resource": 12000014,
      "role": 1101,
      "instance_state": 33
    }
  },
  {
    "model": "core.irroleacl",
    "pk": 12000257,
    "fields": {
      "instance_resource": 12000015,
      "role": 1106,
      "instance_state": 21
    }
  },
  {
    "model": "core.irroleacl",
    "pk": 12000258,
    "fields": {
      "instance_resource": 12000015,
      "role": 1106,
      "instance_state": 22
    }
  },
  {
    "model": "core.irroleacl",
    "pk": 12000260,
    "fields": {
      "instance_resource": 12000015,
      "role": 1106,
      "instance_state": 23
    }
  },
  {
    "model": "core.irroleacl",
    "pk": 12000261,
    "fields": {
      "instance_resource": 12000015,
      "role": 1106,
      "instance_state": 24
    }
  },
  {
    "model": "core.irroleacl",
    "pk": 12000262,
    "fields": {
      "instance_resource": 12000015,
      "role": 1106,
      "instance_state": 25
    }
  },
  {
    "model": "core.irroleacl",
    "pk": 12000263,
    "fields": {
      "instance_resource": 12000015,
      "role": 1106,
      "instance_state": 34
    }
  },
  {
    "model": "core.irroleacl",
    "pk": 12000264,
    "fields": {
      "instance_resource": 12000015,
      "role": 1106,
      "instance_state": 26
    }
  },
  {
    "model": "core.irroleacl",
    "pk": 12000265,
    "fields": {
      "instance_resource": 12000015,
      "role": 1106,
      "instance_state": 27
    }
  },
  {
    "model": "core.irroleacl",
    "pk": 12000272,
    "fields": {
      "instance_resource": 12000016,
      "role": 1107,
      "instance_state": 21
    }
  },
  {
    "model": "core.irroleacl",
    "pk": 12000273,
    "fields": {
      "instance_resource": 12000016,
      "role": 1107,
      "instance_state": 22
    }
  },
  {
    "model": "core.irroleacl",
    "pk": 12000275,
    "fields": {
      "instance_resource": 12000016,
      "role": 1107,
      "instance_state": 23
    }
  },
  {
    "model": "core.irroleacl",
    "pk": 12000276,
    "fields": {
      "instance_resource": 12000016,
      "role": 1107,
      "instance_state": 24
    }
  },
  {
    "model": "core.irroleacl",
    "pk": 12000277,
    "fields": {
      "instance_resource": 12000016,
      "role": 1107,
      "instance_state": 25
    }
  },
  {
    "model": "core.irroleacl",
    "pk": 12000278,
    "fields": {
      "instance_resource": 12000016,
      "role": 1107,
      "instance_state": 34
    }
  },
  {
    "model": "core.irroleacl",
    "pk": 12000279,
    "fields": {
      "instance_resource": 12000016,
      "role": 1107,
      "instance_state": 26
    }
  },
  {
    "model": "core.irroleacl",
    "pk": 12000280,
    "fields": {
      "instance_resource": 12000016,
      "role": 1107,
      "instance_state": 27
    }
  },
  {
    "model": "core.irroleacl",
    "pk": 12000287,
    "fields": {
      "instance_resource": 12000017,
      "role": 1127,
      "instance_state": 21
    }
  },
  {
    "model": "core.irroleacl",
    "pk": 12000288,
    "fields": {
      "instance_resource": 12000017,
      "role": 1127,
      "instance_state": 22
    }
  },
  {
    "model": "core.irroleacl",
    "pk": 12000290,
    "fields": {
      "instance_resource": 12000017,
      "role": 1127,
      "instance_state": 23
    }
  },
  {
    "model": "core.irroleacl",
    "pk": 12000291,
    "fields": {
      "instance_resource": 12000017,
      "role": 1127,
      "instance_state": 24
    }
  },
  {
    "model": "core.irroleacl",
    "pk": 12000292,
    "fields": {
      "instance_resource": 12000017,
      "role": 1127,
      "instance_state": 25
    }
  },
  {
    "model": "core.irroleacl",
    "pk": 12000293,
    "fields": {
      "instance_resource": 12000017,
      "role": 1127,
      "instance_state": 34
    }
  },
  {
    "model": "core.irroleacl",
    "pk": 12000294,
    "fields": {
      "instance_resource": 12000017,
      "role": 1127,
      "instance_state": 26
    }
  },
  {
    "model": "core.irroleacl",
    "pk": 12000295,
    "fields": {
      "instance_resource": 12000017,
      "role": 1127,
      "instance_state": 27
    }
  },
  {
    "model": "core.irroleacl",
    "pk": 12000302,
    "fields": {
      "instance_resource": 12000018,
      "role": 1129,
      "instance_state": 21
    }
  },
  {
    "model": "core.irroleacl",
    "pk": 12000303,
    "fields": {
      "instance_resource": 12000018,
      "role": 1129,
      "instance_state": 22
    }
  },
  {
    "model": "core.irroleacl",
    "pk": 12000305,
    "fields": {
      "instance_resource": 12000018,
      "role": 1129,
      "instance_state": 23
    }
  },
  {
    "model": "core.irroleacl",
    "pk": 12000306,
    "fields": {
      "instance_resource": 12000018,
      "role": 1129,
      "instance_state": 24
    }
  },
  {
    "model": "core.irroleacl",
    "pk": 12000307,
    "fields": {
      "instance_resource": 12000018,
      "role": 1129,
      "instance_state": 25
    }
  },
  {
    "model": "core.irroleacl",
    "pk": 12000308,
    "fields": {
      "instance_resource": 12000018,
      "role": 1129,
      "instance_state": 34
    }
  },
  {
    "model": "core.irroleacl",
    "pk": 12000309,
    "fields": {
      "instance_resource": 12000018,
      "role": 1129,
      "instance_state": 26
    }
  },
  {
    "model": "core.irroleacl",
    "pk": 12000310,
    "fields": {
      "instance_resource": 12000018,
      "role": 1129,
      "instance_state": 27
    }
  },
  {
    "model": "core.irroleacl",
    "pk": 12000315,
    "fields": {
      "instance_resource": 12000018,
      "role": 1129,
      "instance_state": 33
    }
  },
  {
    "model": "core.irroleacl",
    "pk": 12000317,
    "fields": {
      "instance_resource": 12000018,
      "role": 1128,
      "instance_state": 21
    }
  },
  {
    "model": "core.irroleacl",
    "pk": 12000318,
    "fields": {
      "instance_resource": 12000018,
      "role": 1128,
      "instance_state": 22
    }
  },
  {
    "model": "core.irroleacl",
    "pk": 12000320,
    "fields": {
      "instance_resource": 12000018,
      "role": 1128,
      "instance_state": 23
    }
  },
  {
    "model": "core.irroleacl",
    "pk": 12000321,
    "fields": {
      "instance_resource": 12000018,
      "role": 1128,
      "instance_state": 24
    }
  },
  {
    "model": "core.irroleacl",
    "pk": 12000322,
    "fields": {
      "instance_resource": 12000018,
      "role": 1128,
      "instance_state": 25
    }
  },
  {
    "model": "core.irroleacl",
    "pk": 12000323,
    "fields": {
      "instance_resource": 12000018,
      "role": 1128,
      "instance_state": 34
    }
  },
  {
    "model": "core.irroleacl",
    "pk": 12000324,
    "fields": {
      "instance_resource": 12000018,
      "role": 1128,
      "instance_state": 26
    }
  },
  {
    "model": "core.irroleacl",
    "pk": 12000325,
    "fields": {
      "instance_resource": 12000018,
      "role": 1128,
      "instance_state": 27
    }
  },
  {
    "model": "core.irroleacl",
    "pk": 12000330,
    "fields": {
      "instance_resource": 12000018,
      "role": 1128,
      "instance_state": 33
    }
  },
  {
    "model": "core.irroleacl",
    "pk": 12000334,
    "fields": {
      "instance_resource": 12000019,
      "role": 1102,
      "instance_state": 32
    }
  },
  {
    "model": "core.irroleacl",
    "pk": 12000335,
    "fields": {
      "instance_resource": 12000019,
      "role": 1102,
      "instance_state": 23
    }
  },
  {
    "model": "core.irroleacl",
    "pk": 12000336,
    "fields": {
      "instance_resource": 12000019,
      "role": 1102,
      "instance_state": 24
    }
  },
  {
    "model": "core.irroleacl",
    "pk": 12000337,
    "fields": {
      "instance_resource": 12000019,
      "role": 1102,
      "instance_state": 25
    }
  },
  {
    "model": "core.irroleacl",
    "pk": 12000338,
    "fields": {
      "instance_resource": 12000019,
      "role": 1102,
      "instance_state": 34
    }
  },
  {
    "model": "core.irroleacl",
    "pk": 12000339,
    "fields": {
      "instance_resource": 12000019,
      "role": 1102,
      "instance_state": 26
    }
  },
  {
    "model": "core.irroleacl",
    "pk": 12000345,
    "fields": {
      "instance_resource": 12000019,
      "role": 1102,
      "instance_state": 33
    }
  },
  {
    "model": "core.irroleacl",
    "pk": 12000347,
    "fields": {
      "instance_resource": 12000020,
      "role": 1104,
      "instance_state": 21
    }
  },
  {
    "model": "core.irroleacl",
    "pk": 12000348,
    "fields": {
      "instance_resource": 12000020,
      "role": 1104,
      "instance_state": 22
    }
  },
  {
    "model": "core.irroleacl",
    "pk": 12000349,
    "fields": {
      "instance_resource": 12000020,
      "role": 1104,
      "instance_state": 32
    }
  },
  {
    "model": "core.irroleacl",
    "pk": 12000350,
    "fields": {
      "instance_resource": 12000020,
      "role": 1104,
      "instance_state": 23
    }
  },
  {
    "model": "core.irroleacl",
    "pk": 12000351,
    "fields": {
      "instance_resource": 12000020,
      "role": 1104,
      "instance_state": 24
    }
  },
  {
    "model": "core.irroleacl",
    "pk": 12000352,
    "fields": {
      "instance_resource": 12000020,
      "role": 1104,
      "instance_state": 25
    }
  },
  {
    "model": "core.irroleacl",
    "pk": 12000353,
    "fields": {
      "instance_resource": 12000020,
      "role": 1104,
      "instance_state": 34
    }
  },
  {
    "model": "core.irroleacl",
    "pk": 12000361,
    "fields": {
      "instance_resource": 12000019,
      "role": 4,
      "instance_state": 32
    }
  },
  {
    "model": "core.irroleacl",
    "pk": 12000362,
    "fields": {
      "instance_resource": 12000019,
      "role": 4,
      "instance_state": 23
    }
  },
  {
    "model": "core.irroleacl",
    "pk": 12000363,
    "fields": {
      "instance_resource": 12000019,
      "role": 4,
      "instance_state": 24
    }
  },
  {
    "model": "core.irroleacl",
    "pk": 12000364,
    "fields": {
      "instance_resource": 12000019,
      "role": 4,
      "instance_state": 25
    }
  },
  {
    "model": "core.irroleacl",
    "pk": 12000365,
    "fields": {
      "instance_resource": 12000019,
      "role": 4,
      "instance_state": 34
    }
  },
  {
    "model": "core.irroleacl",
    "pk": 12000366,
    "fields": {
      "instance_resource": 12000019,
      "role": 4,
      "instance_state": 26
    }
  },
  {
    "model": "core.irroleacl",
    "pk": 12000367,
    "fields": {
      "instance_resource": 12000019,
      "role": 4,
      "instance_state": 33
    }
  },
  {
    "model": "core.irroleacl",
    "pk": 12000368,
    "fields": {
      "instance_resource": 12000019,
      "role": 1021,
      "instance_state": 32
    }
  },
  {
    "model": "core.irroleacl",
    "pk": 12000369,
    "fields": {
      "instance_resource": 12000019,
      "role": 1021,
      "instance_state": 23
    }
  },
  {
    "model": "core.irroleacl",
    "pk": 12000370,
    "fields": {
      "instance_resource": 12000019,
      "role": 1021,
      "instance_state": 24
    }
  },
  {
    "model": "core.irroleacl",
    "pk": 12000371,
    "fields": {
      "instance_resource": 12000019,
      "role": 1021,
      "instance_state": 25
    }
  },
  {
    "model": "core.irroleacl",
    "pk": 12000372,
    "fields": {
      "instance_resource": 12000019,
      "role": 1021,
      "instance_state": 34
    }
  },
  {
    "model": "core.irroleacl",
    "pk": 12000373,
    "fields": {
      "instance_resource": 12000019,
      "role": 1021,
      "instance_state": 26
    }
  },
  {
    "model": "core.irroleacl",
    "pk": 12000374,
    "fields": {
      "instance_resource": 12000019,
      "role": 1021,
      "instance_state": 33
    }
  },
  {
    "model": "core.irroleacl",
    "pk": 12000375,
    "fields": {
      "instance_resource": 180010,
      "role": 1102,
      "instance_state": 22
    }
  },
  {
    "model": "core.irroleacl",
    "pk": 12000376,
    "fields": {
      "instance_resource": 2000000,
      "role": 1102,
      "instance_state": 22
    }
  },
  {
    "model": "core.irroleacl",
    "pk": 12000377,
    "fields": {
      "instance_resource": 367,
      "role": 1102,
      "instance_state": 22
    }
  },
  {
    "model": "core.irroleacl",
    "pk": 12000378,
    "fields": {
      "instance_resource": 2000004,
      "role": 1102,
      "instance_state": 22
    }
  },
  {
    "model": "core.irroleacl",
    "pk": 12000379,
    "fields": {
      "instance_resource": 2000004,
      "role": 1102,
      "instance_state": 23
    }
  },
  {
    "model": "core.irroleacl",
    "pk": 12000380,
    "fields": {
      "instance_resource": 12000019,
      "role": 1102,
      "instance_state": 22
    }
  },
  {
    "model": "core.irserviceacl",
    "pk": 1,
    "fields": {
      "instance_resource": 744,
      "service": 261,
      "instance_state": 21
    }
  },
  {
    "model": "core.irserviceacl",
    "pk": 2,
    "fields": {
      "instance_resource": 744,
      "service": 262,
      "instance_state": 25
    }
  },
  {
    "model": "core.irserviceacl",
    "pk": 3,
    "fields": {
      "instance_resource": 744,
      "service": 88,
      "instance_state": 24
    }
  },
  {
    "model": "core.irserviceacl",
    "pk": 4,
    "fields": {
      "instance_resource": 744,
      "service": 261,
      "instance_state": 22
    }
  },
  {
    "model": "core.irserviceacl",
    "pk": 5,
    "fields": {
      "instance_resource": 744,
      "service": 88,
      "instance_state": 21
    }
  },
  {
    "model": "core.irserviceacl",
    "pk": 6,
    "fields": {
      "instance_resource": 744,
      "service": 261,
      "instance_state": 24
    }
  },
  {
    "model": "core.irserviceacl",
    "pk": 7,
    "fields": {
      "instance_resource": 744,
      "service": 262,
      "instance_state": 23
    }
  },
  {
    "model": "core.irserviceacl",
    "pk": 8,
    "fields": {
      "instance_resource": 744,
      "service": 88,
      "instance_state": 26
    }
  },
  {
    "model": "core.irserviceacl",
    "pk": 9,
    "fields": {
      "instance_resource": 744,
      "service": 262,
      "instance_state": 24
    }
  },
  {
    "model": "core.irserviceacl",
    "pk": 10,
    "fields": {
      "instance_resource": 744,
      "service": 262,
      "instance_state": 26
    }
  },
  {
    "model": "core.irserviceacl",
    "pk": 11,
    "fields": {
      "instance_resource": 744,
      "service": 262,
      "instance_state": 22
    }
  },
  {
    "model": "core.irserviceacl",
    "pk": 12,
    "fields": {
      "instance_resource": 744,
      "service": 261,
      "instance_state": 25
    }
  },
  {
    "model": "core.irserviceacl",
    "pk": 13,
    "fields": {
      "instance_resource": 744,
      "service": 261,
      "instance_state": 26
    }
  },
  {
    "model": "core.irserviceacl",
    "pk": 14,
    "fields": {
      "instance_resource": 744,
      "service": 261,
      "instance_state": 23
    }
  },
  {
    "model": "core.irserviceacl",
    "pk": 15,
    "fields": {
      "instance_resource": 744,
      "service": 262,
      "instance_state": 21
    }
  },
  {
    "model": "core.irserviceacl",
    "pk": 16,
    "fields": {
      "instance_resource": 744,
      "service": 88,
      "instance_state": 25
    }
  },
  {
    "model": "core.irserviceacl",
    "pk": 17,
    "fields": {
      "instance_resource": 744,
      "service": 88,
      "instance_state": 22
    }
  },
  {
    "model": "core.irserviceacl",
    "pk": 18,
    "fields": {
      "instance_resource": 744,
      "service": 88,
      "instance_state": 23
    }
  },
  {
    "model": "core.irserviceacl",
    "pk": 34,
    "fields": {
      "instance_resource": 691,
      "service": 304,
      "instance_state": 22
    }
  },
  {
    "model": "core.irserviceacl",
    "pk": 35,
    "fields": {
      "instance_resource": 691,
      "service": 304,
      "instance_state": 23
    }
  },
  {
    "model": "core.irserviceacl",
    "pk": 36,
    "fields": {
      "instance_resource": 691,
      "service": 304,
      "instance_state": 24
    }
  },
  {
    "model": "core.irserviceacl",
    "pk": 37,
    "fields": {
      "instance_resource": 691,
      "service": 304,
      "instance_state": 25
    }
  },
  {
    "model": "core.irserviceacl",
    "pk": 38,
    "fields": {
      "instance_resource": 691,
      "service": 304,
      "instance_state": 26
    }
  },
  {
    "model": "core.irserviceacl",
    "pk": 39,
    "fields": {
      "instance_resource": 691,
      "service": 303,
      "instance_state": 22
    }
  },
  {
    "model": "core.irserviceacl",
    "pk": 40,
    "fields": {
      "instance_resource": 691,
      "service": 303,
      "instance_state": 23
    }
  },
  {
    "model": "core.irserviceacl",
    "pk": 41,
    "fields": {
      "instance_resource": 691,
      "service": 303,
      "instance_state": 24
    }
  },
  {
    "model": "core.irserviceacl",
    "pk": 42,
    "fields": {
      "instance_resource": 691,
      "service": 303,
      "instance_state": 25
    }
  },
  {
    "model": "core.irserviceacl",
    "pk": 43,
    "fields": {
      "instance_resource": 691,
      "service": 303,
      "instance_state": 26
    }
  },
  {
    "model": "core.irserviceacl",
    "pk": 44,
    "fields": {
      "instance_resource": 691,
      "service": 41,
      "instance_state": 22
    }
  },
  {
    "model": "core.irserviceacl",
    "pk": 45,
    "fields": {
      "instance_resource": 691,
      "service": 41,
      "instance_state": 23
    }
  },
  {
    "model": "core.irserviceacl",
    "pk": 46,
    "fields": {
      "instance_resource": 691,
      "service": 41,
      "instance_state": 24
    }
  },
  {
    "model": "core.irserviceacl",
    "pk": 47,
    "fields": {
      "instance_resource": 691,
      "service": 41,
      "instance_state": 25
    }
  },
  {
    "model": "core.irserviceacl",
    "pk": 48,
    "fields": {
      "instance_resource": 691,
      "service": 41,
      "instance_state": 26
    }
  },
  {
    "model": "core.irserviceacl",
    "pk": 49,
    "fields": {
      "instance_resource": 744,
      "service": 262,
      "instance_state": 34
    }
  },
  {
    "model": "core.irserviceacl",
    "pk": 50,
    "fields": {
      "instance_resource": 744,
      "service": 261,
      "instance_state": 34
    }
  },
  {
    "model": "core.irserviceacl",
    "pk": 51,
    "fields": {
      "instance_resource": 744,
      "service": 88,
      "instance_state": 34
    }
  },
  {
    "model": "core.irserviceacl",
    "pk": 52,
    "fields": {
      "instance_resource": 691,
      "service": 304,
      "instance_state": 34
    }
  },
  {
    "model": "core.irserviceacl",
    "pk": 53,
    "fields": {
      "instance_resource": 691,
      "service": 303,
      "instance_state": 34
    }
  },
  {
    "model": "core.irserviceacl",
    "pk": 54,
    "fields": {
      "instance_resource": 691,
      "service": 41,
      "instance_state": 34
    }
  },
  {
    "model": "core.irserviceacl",
    "pk": 2000000,
    "fields": {
      "instance_resource": 744,
      "service": 261,
      "instance_state": 33
    }
  },
  {
    "model": "core.irserviceacl",
    "pk": 2000001,
    "fields": {
      "instance_resource": 744,
      "service": 262,
      "instance_state": 33
    }
  },
  {
    "model": "core.irserviceacl",
    "pk": 2000002,
    "fields": {
      "instance_resource": 744,
      "service": 88,
      "instance_state": 33
    }
  },
  {
    "model": "core.mapping",
    "pk": 1,
    "fields": {
      "table_name": "ANSWER",
      "column_name": "ANSWER"
    }
  },
  {
    "model": "core.mapping",
    "pk": 21,
    "fields": {
      "table_name": "INSTANCE_LOCATION",
      "column_name": "LOCATION_ID"
    }
  },
  {
    "model": "core.noticetype",
    "pk": 23,
    "fields": {
      "circulation_type": 41,
      "name": "Mitteilungen an die Koordinationsstelle"
    }
  },
  {
    "model": "core.noticetype",
    "pk": 24,
    "fields": {
      "circulation_type": 61,
      "name": "Rückmeldung an Bausekretariat"
    }
  },
  {
    "model": "core.noticetype",
    "pk": 25,
    "fields": {
      "circulation_type": 41,
      "name": "Mitteilungen an die Gemeindebaubehörde"
    }
  },
  {
    "model": "core.noticetype",
    "pk": 26,
    "fields": {
      "circulation_type": 62,
      "name": "MItteilung an die Bundestelle"
    }
  },
  {
    "model": "core.page",
    "pk": 1,
    "fields": {
      "name": "Hauptformular",
      "description": "",
      "javascript": ""
    }
  },
  {
    "model": "core.page",
    "pk": 21,
    "fields": {
      "name": "Hauptformular Zombie",
      "description": "",
      "javascript": ""
    }
  },
  {
    "model": "core.page",
    "pk": 41,
    "fields": {
      "name": "Zirkulation",
      "description": null,
      "javascript": null
    }
  },
  {
    "model": "core.page",
    "pk": 81,
    "fields": {
      "name": "Hauptformular Nutzungsplanung",
      "description": null,
      "javascript": null
    }
  },
  {
    "model": "core.page",
    "pk": 82,
    "fields": {
      "name": "Hauptformular Kantonsgebiet",
      "description": "Eine andere Variante von der Seite für das Formular \"Beanspruchung Kantonsgebiet\"",
      "javascript": ""
    }
  },
  {
    "model": "core.page",
    "pk": 83,
    "fields": {
      "name": "Meta",
      "description": "Diese Seite dient dazu, dass man Meta-Informationen zu einem Formular speichern kann.\nWird primär für das Portal benutzt, um zu speichern, wer dass das Dossier eingereicht hat. Ansonsten müsste man die ACL wieder einführen. Wenn es in der bestehenden Seite ist, wird das Feld immer wieder mit leer überschrieben!",
      "javascript": ""
    }
  },
  {
    "model": "core.page",
    "pk": 12000000,
    "fields": {
      "name": "Rückmeldungen für Gesuchsteller/innen",
      "description": null,
      "javascript": null
    }
  },
  {
    "model": "core.pageform",
    "pk": 3,
    "fields": {
      "page": 1,
      "form": 41,
      "page_form_mode": 3,
      "page_form_group": 1,
      "sort": 0
    }
  },
  {
    "model": "core.pageform",
    "pk": 4,
    "fields": {
      "page": 1,
      "form": 42,
      "page_form_mode": 3,
      "page_form_group": 1,
      "sort": 0
    }
  },
  {
    "model": "core.pageform",
    "pk": 5,
    "fields": {
      "page": 1,
      "form": 43,
      "page_form_mode": 3,
      "page_form_group": 1,
      "sort": 0
    }
  },
  {
    "model": "core.pageform",
    "pk": 7,
    "fields": {
      "page": 1,
      "form": 45,
      "page_form_mode": 3,
      "page_form_group": 1,
      "sort": 0
    }
  },
  {
    "model": "core.pageform",
    "pk": 8,
    "fields": {
      "page": 1,
      "form": 46,
      "page_form_mode": 3,
      "page_form_group": 1,
      "sort": 0
    }
  },
  {
    "model": "core.pageform",
    "pk": 11,
    "fields": {
      "page": 41,
      "form": 41,
      "page_form_mode": 4,
      "page_form_group": 1,
      "sort": 1
    }
  },
  {
    "model": "core.pageform",
    "pk": 12,
    "fields": {
      "page": 41,
      "form": 43,
      "page_form_mode": 4,
      "page_form_group": 1,
      "sort": 1
    }
  },
  {
    "model": "core.pageform",
    "pk": 13,
    "fields": {
      "page": 41,
      "form": 46,
      "page_form_mode": 4,
      "page_form_group": 1,
      "sort": 2
    }
  },
  {
    "model": "core.pageform",
    "pk": 14,
    "fields": {
      "page": 41,
      "form": 45,
      "page_form_mode": 4,
      "page_form_group": 1,
      "sort": 2
    }
  },
  {
    "model": "core.pageform",
    "pk": 16,
    "fields": {
      "page": 41,
      "form": 42,
      "page_form_mode": 4,
      "page_form_group": 1,
      "sort": 1
    }
  },
  {
    "model": "core.pageform",
    "pk": 17,
    "fields": {
      "page": 1,
      "form": 121,
      "page_form_mode": 3,
      "page_form_group": 1,
      "sort": 0
    }
  },
  {
    "model": "core.pageform",
    "pk": 19,
    "fields": {
      "page": 41,
      "form": 121,
      "page_form_mode": 4,
      "page_form_group": 1,
      "sort": 1
    }
  },
  {
    "model": "core.pageform",
    "pk": 27,
    "fields": {
      "page": 1,
      "form": 141,
      "page_form_mode": 3,
      "page_form_group": 1,
      "sort": 0
    }
  },
  {
    "model": "core.pageform",
    "pk": 28,
    "fields": {
      "page": 41,
      "form": 141,
      "page_form_mode": 4,
      "page_form_group": 1,
      "sort": 1
    }
  },
  {
    "model": "core.pageform",
    "pk": 37,
    "fields": {
      "page": 81,
      "form": 161,
      "page_form_mode": 3,
      "page_form_group": 1,
      "sort": 0
    }
  },
  {
    "model": "core.pageform",
    "pk": 38,
    "fields": {
      "page": 41,
      "form": 161,
      "page_form_mode": 4,
      "page_form_group": 1,
      "sort": 1
    }
  },
  {
    "model": "core.pageform",
    "pk": 39,
    "fields": {
      "page": 1,
      "form": 244,
      "page_form_mode": 3,
      "page_form_group": 1,
      "sort": 0
    }
  },
  {
    "model": "core.pageform",
    "pk": 40,
    "fields": {
      "page": 1,
      "form": 221,
      "page_form_mode": 3,
      "page_form_group": 1,
      "sort": 0
    }
  },
  {
    "model": "core.pageform",
    "pk": 41,
    "fields": {
      "page": 41,
      "form": 248,
      "page_form_mode": 4,
      "page_form_group": 1,
      "sort": 1
    }
  },
  {
    "model": "core.pageform",
    "pk": 42,
    "fields": {
      "page": 1,
      "form": 181,
      "page_form_mode": 3,
      "page_form_group": 1,
      "sort": 0
    }
  },
  {
    "model": "core.pageform",
    "pk": 43,
    "fields": {
      "page": 41,
      "form": 241,
      "page_form_mode": 4,
      "page_form_group": 1,
      "sort": 1
    }
  },
  {
    "model": "core.pageform",
    "pk": 44,
    "fields": {
      "page": 41,
      "form": 246,
      "page_form_mode": 4,
      "page_form_group": 1,
      "sort": 1
    }
  },
  {
    "model": "core.pageform",
    "pk": 45,
    "fields": {
      "page": 1,
      "form": 241,
      "page_form_mode": 3,
      "page_form_group": 1,
      "sort": 0
    }
  },
  {
    "model": "core.pageform",
    "pk": 46,
    "fields": {
      "page": 41,
      "form": 247,
      "page_form_mode": 4,
      "page_form_group": 1,
      "sort": 1
    }
  },
  {
    "model": "core.pageform",
    "pk": 47,
    "fields": {
      "page": 41,
      "form": 249,
      "page_form_mode": 4,
      "page_form_group": 1,
      "sort": 1
    }
  },
  {
    "model": "core.pageform",
    "pk": 48,
    "fields": {
      "page": 1,
      "form": 249,
      "page_form_mode": 3,
      "page_form_group": 1,
      "sort": 0
    }
  },
  {
    "model": "core.pageform",
    "pk": 49,
    "fields": {
      "page": 41,
      "form": 224,
      "page_form_mode": 4,
      "page_form_group": 1,
      "sort": 1
    }
  },
  {
    "model": "core.pageform",
    "pk": 50,
    "fields": {
      "page": 1,
      "form": 222,
      "page_form_mode": 3,
      "page_form_group": 1,
      "sort": 0
    }
  },
  {
    "model": "core.pageform",
    "pk": 51,
    "fields": {
      "page": 1,
      "form": 224,
      "page_form_mode": 3,
      "page_form_group": 1,
      "sort": 0
    }
  },
  {
    "model": "core.pageform",
    "pk": 52,
    "fields": {
      "page": 1,
      "form": 201,
      "page_form_mode": 3,
      "page_form_group": 1,
      "sort": 0
    }
  },
  {
    "model": "core.pageform",
    "pk": 53,
    "fields": {
      "page": 41,
      "form": 243,
      "page_form_mode": 4,
      "page_form_group": 1,
      "sort": 1
    }
  },
  {
    "model": "core.pageform",
    "pk": 54,
    "fields": {
      "page": 41,
      "form": 222,
      "page_form_mode": 4,
      "page_form_group": 1,
      "sort": 1
    }
  },
  {
    "model": "core.pageform",
    "pk": 55,
    "fields": {
      "page": 1,
      "form": 242,
      "page_form_mode": 3,
      "page_form_group": 1,
      "sort": 0
    }
  },
  {
    "model": "core.pageform",
    "pk": 56,
    "fields": {
      "page": 41,
      "form": 181,
      "page_form_mode": 4,
      "page_form_group": 1,
      "sort": 1
    }
  },
  {
    "model": "core.pageform",
    "pk": 57,
    "fields": {
      "page": 1,
      "form": 223,
      "page_form_mode": 3,
      "page_form_group": 1,
      "sort": 0
    }
  },
  {
    "model": "core.pageform",
    "pk": 58,
    "fields": {
      "page": 41,
      "form": 242,
      "page_form_mode": 4,
      "page_form_group": 1,
      "sort": 1
    }
  },
  {
    "model": "core.pageform",
    "pk": 59,
    "fields": {
      "page": 82,
      "form": 247,
      "page_form_mode": 3,
      "page_form_group": 1,
      "sort": 0
    }
  },
  {
    "model": "core.pageform",
    "pk": 60,
    "fields": {
      "page": 1,
      "form": 245,
      "page_form_mode": 3,
      "page_form_group": 1,
      "sort": 0
    }
  },
  {
    "model": "core.pageform",
    "pk": 61,
    "fields": {
      "page": 41,
      "form": 245,
      "page_form_mode": 4,
      "page_form_group": 1,
      "sort": 1
    }
  },
  {
    "model": "core.pageform",
    "pk": 62,
    "fields": {
      "page": 41,
      "form": 221,
      "page_form_mode": 4,
      "page_form_group": 1,
      "sort": 1
    }
  },
  {
    "model": "core.pageform",
    "pk": 63,
    "fields": {
      "page": 1,
      "form": 248,
      "page_form_mode": 3,
      "page_form_group": 1,
      "sort": 0
    }
  },
  {
    "model": "core.pageform",
    "pk": 64,
    "fields": {
      "page": 1,
      "form": 243,
      "page_form_mode": 3,
      "page_form_group": 1,
      "sort": 0
    }
  },
  {
    "model": "core.pageform",
    "pk": 65,
    "fields": {
      "page": 41,
      "form": 225,
      "page_form_mode": 1,
      "page_form_group": 1,
      "sort": 1
    }
  },
  {
    "model": "core.pageform",
    "pk": 66,
    "fields": {
      "page": 41,
      "form": 244,
      "page_form_mode": 4,
      "page_form_group": 1,
      "sort": 1
    }
  },
  {
    "model": "core.pageform",
    "pk": 67,
    "fields": {
      "page": 41,
      "form": 201,
      "page_form_mode": 4,
      "page_form_group": 1,
      "sort": 1
    }
  },
  {
    "model": "core.pageform",
    "pk": 68,
    "fields": {
      "page": 1,
      "form": 246,
      "page_form_mode": 3,
      "page_form_group": 1,
      "sort": 0
    }
  },
  {
    "model": "core.pageform",
    "pk": 69,
    "fields": {
      "page": 41,
      "form": 223,
      "page_form_mode": 4,
      "page_form_group": 1,
      "sort": 1
    }
  },
  {
    "model": "core.pageform",
    "pk": 70,
    "fields": {
      "page": 1,
      "form": 225,
      "page_form_mode": 3,
      "page_form_group": 1,
      "sort": 0
    }
  },
  {
    "model": "core.pageform",
    "pk": 72,
    "fields": {
      "page": 83,
      "form": 121,
      "page_form_mode": 1,
      "page_form_group": 1,
      "sort": 2
    }
  },
  {
    "model": "core.pageform",
    "pk": 75,
    "fields": {
      "page": 83,
      "form": 249,
      "page_form_mode": 1,
      "page_form_group": 1,
      "sort": 2
    }
  },
  {
    "model": "core.pageform",
    "pk": 76,
    "fields": {
      "page": 83,
      "form": 141,
      "page_form_mode": 1,
      "page_form_group": 1,
      "sort": 2
    }
  },
  {
    "model": "core.pageform",
    "pk": 77,
    "fields": {
      "page": 83,
      "form": 250,
      "page_form_mode": 1,
      "page_form_group": 1,
      "sort": 3
    }
  },
  {
    "model": "core.pageform",
    "pk": 78,
    "fields": {
      "page": 41,
      "form": 260,
      "page_form_mode": 4,
      "page_form_group": 1,
      "sort": 1
    }
  },
  {
    "model": "core.pageform",
    "pk": 79,
    "fields": {
      "page": 1,
      "form": 255,
      "page_form_mode": 3,
      "page_form_group": 1,
      "sort": 0
    }
  },
  {
    "model": "core.pageform",
    "pk": 80,
    "fields": {
      "page": 1,
      "form": 257,
      "page_form_mode": 3,
      "page_form_group": 1,
      "sort": 0
    }
  },
  {
    "model": "core.pageform",
    "pk": 82,
    "fields": {
      "page": 1,
      "form": 258,
      "page_form_mode": 3,
      "page_form_group": 1,
      "sort": 0
    }
  },
  {
    "model": "core.pageform",
    "pk": 83,
    "fields": {
      "page": 1,
      "form": 260,
      "page_form_mode": 3,
      "page_form_group": 1,
      "sort": 0
    }
  },
  {
    "model": "core.pageform",
    "pk": 84,
    "fields": {
      "page": 41,
      "form": 259,
      "page_form_mode": 4,
      "page_form_group": 1,
      "sort": 1
    }
  },
  {
    "model": "core.pageform",
    "pk": 85,
    "fields": {
      "page": 81,
      "form": 250,
      "page_form_mode": 3,
      "page_form_group": 1,
      "sort": 0
    }
  },
  {
    "model": "core.pageform",
    "pk": 87,
    "fields": {
      "page": 1,
      "form": 254,
      "page_form_mode": 3,
      "page_form_group": 1,
      "sort": 0
    }
  },
  {
    "model": "core.pageform",
    "pk": 88,
    "fields": {
      "page": 1,
      "form": 251,
      "page_form_mode": 3,
      "page_form_group": 1,
      "sort": 0
    }
  },
  {
    "model": "core.pageform",
    "pk": 89,
    "fields": {
      "page": 41,
      "form": 252,
      "page_form_mode": 4,
      "page_form_group": 1,
      "sort": 1
    }
  },
  {
    "model": "core.pageform",
    "pk": 90,
    "fields": {
      "page": 41,
      "form": 257,
      "page_form_mode": 4,
      "page_form_group": 1,
      "sort": 1
    }
  },
  {
    "model": "core.pageform",
    "pk": 91,
    "fields": {
      "page": 1,
      "form": 256,
      "page_form_mode": 3,
      "page_form_group": 1,
      "sort": 0
    }
  },
  {
    "model": "core.pageform",
    "pk": 94,
    "fields": {
      "page": 1,
      "form": 250,
      "page_form_mode": 3,
      "page_form_group": 1,
      "sort": 1
    }
  },
  {
    "model": "core.pageform",
    "pk": 95,
    "fields": {
      "page": 81,
      "form": 46,
      "page_form_mode": 3,
      "page_form_group": 1,
      "sort": 1
    }
  },
  {
    "model": "core.pageform",
    "pk": 96,
    "fields": {
      "page": 1,
      "form": 253,
      "page_form_mode": 3,
      "page_form_group": 1,
      "sort": 0
    }
  },
  {
    "model": "core.pageform",
    "pk": 99,
    "fields": {
      "page": 1,
      "form": 259,
      "page_form_mode": 3,
      "page_form_group": 1,
      "sort": 0
    }
  },
  {
    "model": "core.pageform",
    "pk": 101,
    "fields": {
      "page": 81,
      "form": 45,
      "page_form_mode": 3,
      "page_form_group": 1,
      "sort": 1
    }
  },
  {
    "model": "core.pageform",
    "pk": 102,
    "fields": {
      "page": 41,
      "form": 251,
      "page_form_mode": 4,
      "page_form_group": 1,
      "sort": 1
    }
  },
  {
    "model": "core.pageform",
    "pk": 105,
    "fields": {
      "page": 41,
      "form": 258,
      "page_form_mode": 4,
      "page_form_group": 1,
      "sort": 1
    }
  },
  {
    "model": "core.pageform",
    "pk": 106,
    "fields": {
      "page": 41,
      "form": 250,
      "page_form_mode": 1,
      "page_form_group": 1,
      "sort": 4
    }
  },
  {
    "model": "core.pageform",
    "pk": 108,
    "fields": {
      "page": 41,
      "form": 253,
      "page_form_mode": 4,
      "page_form_group": 1,
      "sort": 1
    }
  },
  {
    "model": "core.pageform",
    "pk": 110,
    "fields": {
      "page": 1,
      "form": 252,
      "page_form_mode": 3,
      "page_form_group": 1,
      "sort": 0
    }
  },
  {
    "model": "core.pageform",
    "pk": 111,
    "fields": {
      "page": 41,
      "form": 254,
      "page_form_mode": 4,
      "page_form_group": 1,
      "sort": 1
    }
  },
  {
    "model": "core.pageform",
    "pk": 112,
    "fields": {
      "page": 41,
      "form": 256,
      "page_form_mode": 4,
      "page_form_group": 1,
      "sort": 1
    }
  },
  {
    "model": "core.pageform",
    "pk": 113,
    "fields": {
      "page": 41,
      "form": 255,
      "page_form_mode": 4,
      "page_form_group": 1,
      "sort": 1
    }
  },
  {
    "model": "core.pageform",
    "pk": 114,
    "fields": {
      "page": 82,
      "form": 286,
      "page_form_mode": 3,
      "page_form_group": 1,
      "sort": 0
    }
  },
  {
    "model": "core.pageform",
    "pk": 115,
    "fields": {
      "page": 41,
      "form": 286,
      "page_form_mode": 4,
      "page_form_group": 1,
      "sort": 1
    }
  },
  {
    "model": "core.pageform",
    "pk": 116,
    "fields": {
      "page": 1,
      "form": 287,
      "page_form_mode": 3,
      "page_form_group": 1,
      "sort": 0
    }
  },
  {
    "model": "core.pageform",
    "pk": 117,
    "fields": {
      "page": 41,
      "form": 287,
      "page_form_mode": 4,
      "page_form_group": 1,
      "sort": 1
    }
  },
  {
    "model": "core.pageform",
    "pk": 118,
    "fields": {
      "page": 1,
      "form": 288,
      "page_form_mode": 3,
      "page_form_group": 1,
      "sort": 0
    }
  },
  {
    "model": "core.pageform",
    "pk": 119,
    "fields": {
      "page": 41,
      "form": 288,
      "page_form_mode": 4,
      "page_form_group": 1,
      "sort": 1
    }
  },
  {
    "model": "core.pageform",
    "pk": 120,
    "fields": {
      "page": 1,
      "form": 289,
      "page_form_mode": 3,
      "page_form_group": 1,
      "sort": 0
    }
  },
  {
    "model": "core.pageform",
    "pk": 121,
    "fields": {
      "page": 41,
      "form": 289,
      "page_form_mode": 4,
      "page_form_group": 1,
      "sort": 1
    }
  },
  {
    "model": "core.pageform",
    "pk": 124,
    "fields": {
      "page": 1,
      "form": 290,
      "page_form_mode": 3,
      "page_form_group": 1,
      "sort": 0
    }
  },
  {
    "model": "core.pageform",
    "pk": 125,
    "fields": {
      "page": 41,
      "form": 290,
      "page_form_mode": 4,
      "page_form_group": 1,
      "sort": 1
    }
  },
  {
    "model": "core.pageform",
    "pk": 126,
    "fields": {
      "page": 83,
      "form": 290,
      "page_form_mode": 1,
      "page_form_group": 1,
      "sort": 2
    }
  },
  {
    "model": "core.pageform",
    "pk": 128,
    "fields": {
      "page": 1,
      "form": 292,
      "page_form_mode": 3,
      "page_form_group": 1,
      "sort": 0
    }
  },
  {
    "model": "core.pageform",
    "pk": 129,
    "fields": {
      "page": 41,
      "form": 292,
      "page_form_mode": 4,
      "page_form_group": 1,
      "sort": 1
    }
  },
  {
    "model": "core.pageform",
    "pk": 130,
    "fields": {
      "page": 1,
      "form": 293,
      "page_form_mode": 3,
      "page_form_group": 1,
      "sort": 0
    }
  },
  {
    "model": "core.pageform",
    "pk": 20000,
    "fields": {
      "page": 1,
      "form": 294,
      "page_form_mode": 3,
      "page_form_group": 1,
      "sort": 0
    }
  },
  {
    "model": "core.pageform",
    "pk": 20001,
    "fields": {
      "page": 1,
      "form": 295,
      "page_form_mode": 3,
      "page_form_group": 1,
      "sort": 0
    }
  },
  {
    "model": "core.pageform",
    "pk": 20002,
    "fields": {
      "page": 83,
      "form": 295,
      "page_form_mode": 1,
      "page_form_group": 1,
      "sort": 1
    }
  },
  {
    "model": "core.pageform",
    "pk": 20003,
    "fields": {
      "page": 41,
      "form": 295,
      "page_form_mode": 4,
      "page_form_group": 1,
      "sort": 2
    }
  },
  {
    "model": "core.pageform",
    "pk": 12000004,
    "fields": {
      "page": 12000000,
      "form": 121,
      "page_form_mode": 1,
      "page_form_group": 1,
      "sort": 3
    }
  },
  {
    "model": "core.pageform",
    "pk": 12000005,
    "fields": {
      "page": 12000000,
      "form": 249,
      "page_form_mode": 1,
      "page_form_group": 1,
      "sort": 3
    }
  },
  {
    "model": "core.pageform",
    "pk": 12000006,
    "fields": {
      "page": 12000000,
      "form": 141,
      "page_form_mode": 1,
      "page_form_group": 1,
      "sort": 3
    }
  },
  {
    "model": "core.pageform",
    "pk": 12000007,
    "fields": {
      "page": 12000000,
      "form": 290,
      "page_form_mode": 1,
      "page_form_group": 1,
      "sort": 3
    }
  },
  {
    "model": "core.pageform",
    "pk": 12000008,
    "fields": {
      "page": 81,
      "form": 296,
      "page_form_mode": 3,
      "page_form_group": 1,
      "sort": 0
    }
  },
  {
    "model": "core.pageform",
    "pk": 12000009,
    "fields": {
      "page": 41,
      "form": 296,
      "page_form_mode": 4,
      "page_form_group": 1,
      "sort": 1
    }
  },
  {
    "model": "core.pageform",
    "pk": 12000010,
    "fields": {
      "page": 1,
      "form": 296,
      "page_form_mode": 1,
      "page_form_group": 1,
      "sort": 2
    }
  },
  {
    "model": "core.pageform",
    "pk": 12000011,
    "fields": {
      "page": 1,
      "form": 297,
      "page_form_mode": 1,
      "page_form_group": 1,
      "sort": 0
    }
  },
  {
    "model": "core.pageform",
    "pk": 12000012,
    "fields": {
      "page": 83,
      "form": 297,
      "page_form_mode": 1,
      "page_form_group": 1,
      "sort": 1
    }
  },
  {
    "model": "core.pageform",
    "pk": 12000013,
    "fields": {
      "page": 12000000,
      "form": 297,
      "page_form_mode": 1,
      "page_form_group": 1,
      "sort": 2
    }
  },
  {
    "model": "core.pageform",
    "pk": 12000014,
    "fields": {
      "page": 1,
      "form": 298,
      "page_form_mode": 3,
      "page_form_group": 1,
      "sort": 0
    }
  },
  {
    "model": "core.pageform",
    "pk": 12000015,
    "fields": {
      "page": 83,
      "form": 298,
      "page_form_mode": 1,
      "page_form_group": 1,
      "sort": 1
    }
  },
  {
    "model": "core.pageform",
    "pk": 12000016,
    "fields": {
      "page": 12000000,
      "form": 298,
      "page_form_mode": 1,
      "page_form_group": 1,
      "sort": 3
    }
  },
  {
    "model": "core.pageform",
    "pk": 12000017,
    "fields": {
      "page": 41,
      "form": 298,
      "page_form_mode": 4,
      "page_form_group": 1,
      "sort": 2
    }
  },
  {
    "model": "core.pageform",
    "pk": 12000018,
    "fields": {
      "page": 1,
      "form": 299,
      "page_form_mode": 3,
      "page_form_group": 1,
      "sort": 0
    }
  },
  {
    "model": "core.pageform",
    "pk": 12000019,
    "fields": {
      "page": 83,
      "form": 299,
      "page_form_mode": 1,
      "page_form_group": 1,
      "sort": 1
    }
  },
  {
    "model": "core.pageform",
    "pk": 12000020,
    "fields": {
      "page": 12000000,
      "form": 299,
      "page_form_mode": 1,
      "page_form_group": 1,
      "sort": 3
    }
  },
  {
    "model": "core.pageform",
    "pk": 12000021,
    "fields": {
      "page": 41,
      "form": 299,
      "page_form_mode": 4,
      "page_form_group": 1,
      "sort": 2
    }
  },
  {
    "model": "core.pageformgroup",
    "pk": 1,
    "fields": {
      "name": "Group 1"
    }
  },
  {
    "model": "core.pageformgroup",
    "pk": 21,
    "fields": {
      "name": "test"
    }
  },
  {
    "model": "core.pageformmode",
    "pk": 1,
    "fields": {
      "name": "Additional"
    }
  },
  {
    "model": "core.pageformmode",
    "pk": 2,
    "fields": {
      "name": "Activable"
    }
  },
  {
    "model": "core.pageformmode",
    "pk": 3,
    "fields": {
      "name": "Required"
    }
  },
  {
    "model": "core.pageformmode",
    "pk": 4,
    "fields": {
      "name": "Instance resource"
    }
  },
  {
    "model": "core.publicationsetting",
    "pk": 2,
    "fields": {
      "key": "duration",
      "value": "20 Tage",
      "type": 1
    }
  },
  {
    "model": "core.publicationsetting",
    "pk": 3,
    "fields": {
      "key": "fromEmail",
      "value": "urec@ur.ch",
      "type": 1
    }
  },
  {
    "model": "core.publicationsetting",
    "pk": 4,
    "fields": {
      "key": "text",
      "value": "Gemeindebaubehörde [@authority]\r\n\r\nStandeskanzlei Uri\r\nRedaktion Amtsblatt\r\nRathaus\r\n6460 Altdorf\r\n\r\n[@zip] [@location], [@date]\r\n\r\n\r\nMeldung einer Bauplanauflage zur Publikation im Amtsblatt unter der Rubrik\r\n\"Bau und Planungsrecht\"\r\n\r\nSehr geehrte Damen und Herren\r\n\r\nWir bitten Sie, folgende Bauplanauflage im Amtsblatt vom Freitag [@publishDate]\r\nzu publizieren:\r\n\r\n[@community]\r\n\r\nBauherrschaft: [@organization], [@firstNameLastName], [@streetNr], [@plzLocation]\r\nBauvorhaben: [@intent]\r\nBauplatz: [@parcelLocation]\r\nParzelle: [@parcelNr]\r\nBemerkungen: [@note]\r\n\r\n\r\n\r\n\r\nWir danken Ihnen für Ihre Bemühungen und stehen bei Fragen gerne zur Verfügung\r\n\r\nFreundliche Grüsse\r\n\r\nGemeindebaubehörde [@authority]\r\n\r\n\r\n[@zip] [@location], [@date]\r\n",
      "type": 1
    }
  },
  {
    "model": "core.publicationsetting",
    "pk": 5,
    "fields": {
      "key": "toEmail",
      "value": "amtsblatt@ur.ch",
      "type": 1
    }
  },
  {
    "model": "core.publicationsetting",
    "pk": 6,
    "fields": {
      "key": "stopText",
      "value": "Gemeindebaubehörde [@authority]\r\n\r\nStandeskanzlei Uri\r\nRedaktion Amtsblatt\r\nRathaus\r\n6460 Altdorf\r\n\r\n[@zip] [@location], [@date]\r\n\r\n\r\nSTOPP - Meldung einer Bauplanauflage\r\n\r\nSehr geehrte Damen und Herren\r\n\r\nVia URec haben Sie die Meldung zur folgenden Bauplanauflage erhalten.\r\n\r\n[@community]\r\n\r\nBauherrschaft: [@organization], [@firstNameLastName], [@streetNr], [@plzLocation]\r\nBauvorhaben: [@intent]\r\nBauplatz: [@parcelLocation]\r\nParzelle: [@parcelNr]\r\nBemerkungen: [@note]\r\nPublikationsdatum: [@publishDate]\r\n\r\n\r\nWir bitten Sie, die Bauplanauflage zu STOPPEN. Sofern das Vorhaben weiterverfolgt wird, erhalten Sie zu gegebener Zeit eine neue Publikationsmeldung.\r\n\r\nWir danken Ihnen für Ihre Bemühungen und stehen bei Fragen gerne zur Verfügung\r\n\r\nFreundliche Grüsse\r\n\r\nGemeindebaubehörde [@authority]\r\n\r\n\r\n[@zip] [@location], [@date]\r\n",
      "type": 1
    }
  },
  {
    "model": "core.publicationsetting",
    "pk": 7,
    "fields": {
      "key": "duration",
      "value": "30 Tage",
      "type": 2
    }
  },
  {
    "model": "core.publicationsetting",
    "pk": 8,
    "fields": {
      "key": "fromEmail",
      "value": "urec@ur.ch",
      "type": 2
    }
  },
  {
    "model": "core.publicationsetting",
    "pk": 9,
    "fields": {
      "key": "text",
      "value": "Gemeinde [@location]\n\nAltdorf, [@date]\n\nMeldung eines Auflage- und Einspracheverfahrens zur Publikation im Amtsblatt unter der Rubrik \"Bau und Planungsrecht\" und im amtlichen Publikationsorgan (APO)\n\nSehr geehrte Damen und Herren\n\nWir bitten Sie, folgendes Auflage- und Einspracheverfahren im Amtsblatt vom Freitag [@publishDate] bzw. ab Freitag [@publishDate] im APO zu publizieren:\n\nÄnderung des Nutzungsplans Gemeinde [@location]\n\nGestützt auf Artikel 43 des Planungs- und Baugesetzes (PBG; RB 40.1111) wird während 30 Tagen die folgende Änderung des Nutzungsplans ([@intent]) der Gemeinde [@location] öffentlich aufgelegt:\n\n [@documents]\n\nDie Auflage erfolgt auf der Gemeindekanzlei und im Kataster der öffentlich-rechtlichen Eigentumsbeschränkungen (oereb.ur.ch/auflage).\n\nInnerhalb der Auflagefrist können schriftliche Einsprachen mit bestimmten Begehren und begründet beim Gemeinderat eingereicht werden.\n\n[@location], [@date] [@authority]\n\nWir danken Ihnen für Ihre Bemühungen und stehen bei Fragen gerne zur Verfügung\n\nFreundliche Grüsse\n\n[@authority]\n",
      "type": 2
    }
  },
  {
    "model": "core.publicationsetting",
    "pk": 10,
    "fields": {
      "key": "toEmail",
      "value": "amtsblatt@ur.ch,oereb@lisag.ch,koornp@ur.ch",
      "type": 2
    }
  },
  {
    "model": "core.publicationsetting",
    "pk": 11,
    "fields": {
      "key": "stopText",
      "value": "Gemeindebaubehörde [@location]\n\nStandeskanzlei Uri\nRedaktion Amtsblatt\nRathaus\n6460 Altdorf\n\nLisag AG\nNeuland 11\n6460 Altdorf\n\n[@zip] [@location], [@date]\n\n\nSTOPP - Meldung eines Auflage- und Einspracheverfahrens\n\nSehr geehrte Damen und Herren\n\nVia URec haben Sie die Meldung zu folgendem Auflage- und Einspracheverfahren erhalten.\n\n[@community]\n\n\nVorhaben: [@intent]\nPublikationsdatum: [@publishDate]\n\n\nWir bitten Sie, die Auflage zu STOPPEN. Sofern das Vorhaben weiterverfolgt wird, erhalten Sie zu gegebener Zeit eine neue Publikationsmeldung.\n\nWir danken Ihnen für Ihre Bemühungen und stehen bei Fragen gerne zur Verfügung\n\nFreundliche Grüsse\n\n[@authority]\n\n\n[@zip] [@location], [@date]\n",
      "type": 2
    }
  },
  {
    "model": "core.publicationsetting",
    "pk": 12,
    "fields": {
      "key": "duration",
      "value": "30 Tage",
      "type": 3
    }
  },
  {
    "model": "core.publicationsetting",
    "pk": 13,
    "fields": {
      "key": "fromEmail",
      "value": "urec@ur.ch",
      "type": 3
    }
  },
  {
    "model": "core.publicationsetting",
    "pk": 14,
    "fields": {
      "key": "text",
      "value": "Gemeinde [@location]\n\nAltdorf, [@date]\n\nMeldung eines Auflage- und Einspracheverfahrens zur Publikation im Amtsblatt unter der Rubrik \"Bau und Planungsrecht\" und im amtlichen Publikationsorgan (APO)\n\nSehr geehrte Damen und Herren\n\nWir bitten Sie, folgendes Auflage- und Einspracheverfahren im Amtsblatt vom Freitag [@publishDate] bzw. ab Freitag [@publishDate] im APO zu publizieren:\n\nÄnderung des Nutzungsplans Gemeinde [@location]\n\nGestützt auf Artikel 55 des Planungs- und Baugesetzes (PBG; RB 40.1111) wird während 30 Tagen der [@intent] der Gemeinde [@location] öffentlich aufgelegt:\n\nDokumente:\n [@documents]\n\nPlanungsperimeter:\n - [@parcelNr]\n\nDie Auflage erfolgt auf der Gemeindekanzlei und im Kataster der öffentlich-rechtlichen Eigentumsbeschränkungen (oereb.ur.ch/auflage).\n\nInnerhalb der Auflagefrist können schriftliche Einsprachen mit bestimmten Begehren und begründet beim Gemeinderat eingereicht werden.\n\n[@location], [@date] [@authority]\n\nWir danken Ihnen für Ihre Bemühungen und stehen bei Fragen gerne zur Verfügung\n\nFreundliche Grüsse\n\n[@authority]\n",
      "type": 3
    }
  },
  {
    "model": "core.publicationsetting",
    "pk": 15,
    "fields": {
      "key": "toEmail",
      "value": "amtsblatt@ur.ch,oereb@lisag.ch,koornp@ur.ch",
      "type": 3
    }
  },
  {
    "model": "core.publicationsetting",
    "pk": 16,
    "fields": {
      "key": "stopText",
      "value": "Gemeindebaubehörde [@location]\n\nStandeskanzlei Uri\nRedaktion Amtsblatt\nRathaus\n6460 Altdorf\n\nLisag AG\nNeuland 11\n6460 Altdorf\n\n[@zip] [@location], [@date]\n\n\nSTOPP - Meldung eines Auflage- und Einspracheverfahrens\n\nSehr geehrte Damen und Herren\n\nVia URec haben Sie die Meldung zu folgendem Auflage- und Einspracheverfahren erhalten.\n\n[@community]\n\n\nVorhaben: [@intent]\nPublikationsdatum: [@publishDate]\n\n\nWir bitten Sie, die Auflage zu STOPPEN. Sofern das Vorhaben weiterverfolgt wird, erhalten Sie zu gegebener Zeit eine neue Publikationsmeldung.\n\nWir danken Ihnen für Ihre Bemühungen und stehen bei Fragen gerne zur Verfügung\n\nFreundliche Grüsse\n\n[@authority]\n\n\n[@zip] [@location], [@date]\n",
      "type": 3
    }
  },
  {
    "model": "core.publicationtype",
    "pk": 1,
    "fields": {
      "name": "Baubewilligung"
    }
  },
  {
    "model": "core.publicationtype",
    "pk": 2,
    "fields": {
      "name": "Nutzungsplanung"
    }
  },
  {
    "model": "core.publicationtype",
    "pk": 3,
    "fields": {
      "name": "Sondernutzungsplanung"
    }
  },
  {
    "model": "core.question",
    "pk": 1,
    "fields": {
      "question_type": 2,
      "mapping": 1,
      "answer_query": null,
      "name": "Mitteilungen der Gemeinde",
      "description": "",
      "javascript": "",
      "regex": "",
      "default_answer": "",
      "class_field": "",
      "validation": ""
    }
  },
  {
    "model": "core.question",
    "pk": 2,
    "fields": {
      "question_type": 3,
      "mapping": 1,
      "answer_query": 1,
      "name": "Gemeinde",
      "description": "",
      "javascript": "var options = $('#[QUESTION]i1 option');\nif (options.length == 2) {\n  $('#[QUESTION]i1 option:eq(1)').attr('selected', 'selected');\n  $('#[QUESTION]i1').prop(\"disabled\", true);\n  $('#[QUESTION]i1').attr(\"name\", \"\");\n  \n  var hid = $('<input type=\"hidden\" name=\"[QUESTION]i1\" >')\n  hid.val($('#[QUESTION]i1').val());\n  hid.appendTo($('#[PAGE]'));\n}",
      "regex": "",
      "default_answer": "",
      "class_field": "",
      "validation": ""
    }
  },
  {
    "model": "core.question",
    "pk": 3,
    "fields": {
      "question_type": 6,
      "mapping": 1,
      "answer_query": null,
      "name": "Es werden keine physischen Unterlagen zugestellt",
      "description": "",
      "javascript": "",
      "regex": "",
      "default_answer": "0",
      "class_field": "",
      "validation": ""
    }
  },
  {
    "model": "core.question",
    "pk": 4,
    "fields": {
      "question_type": 7,
      "mapping": 1,
      "answer_query": null,
      "name": "Die Gemeindebaubehörde wünscht, dass das vorliegende Gesuch hinsichtlich folgender Fachbereiche durch die zuständigen kantonalen Fachstellen geprüft wird",
      "description": "",
      "javascript": "",
      "regex": "",
      "default_answer": "",
      "class_field": "",
      "validation": ""
    }
  },
  {
    "model": "core.question",
    "pk": 5,
    "fields": {
      "question_type": 3,
      "mapping": 1,
      "answer_query": 41,
      "name": "Leitbehörde",
      "description": "",
      "javascript": "var authority_element = $('#authority.[QUESTION], #[QUESTION]i1')\nvar options = authority_element.find('option')\noptions.removeAttr('selected')\n\nif (options.length == 2) { \n  $(authority_element).prop(\"disabled\", true);\n  $(options[1]).attr('selected', 'selected')\n  \n  var hid = $('<input type=\"hidden\" name=\"[QUESTION]i1\" >')\n  hid.val($(options[1]).val());\n  hid.appendTo($('#[PAGE]'));\n}",
      "regex": "",
      "default_answer": "",
      "class_field": "",
      "validation": ""
    }
  },
  {
    "model": "core.question",
    "pk": 6,
    "fields": {
      "question_type": 2,
      "mapping": 1,
      "answer_query": null,
      "name": "Dossiernummer",
      "description": "",
      "javascript": "$('[QUESTION]').attr('readonly', 'readonly')",
      "regex": "",
      "default_answer": "",
      "class_field": "",
      "validation": ""
    }
  },
  {
    "model": "core.question",
    "pk": 7,
    "fields": {
      "question_type": 9,
      "mapping": null,
      "answer_query": null,
      "name": "test",
      "description": "",
      "javascript": "",
      "regex": "",
      "default_answer": "select * from dual;",
      "class_field": "",
      "validation": ""
    }
  },
  {
    "model": "core.question",
    "pk": 21,
    "fields": {
      "question_type": 8,
      "mapping": 1,
      "answer_query": null,
      "name": "Datei-Test",
      "description": "",
      "javascript": "",
      "regex": "",
      "default_answer": "",
      "class_field": "",
      "validation": ""
    }
  },
  {
    "model": "core.question",
    "pk": 22,
    "fields": {
      "question_type": 4,
      "mapping": 1,
      "answer_query": null,
      "name": "Grundnutzungen",
      "description": "",
      "javascript": "",
      "regex": "",
      "default_answer": "",
      "class_field": "",
      "validation": ""
    }
  },
  {
    "model": "core.question",
    "pk": 23,
    "fields": {
      "question_type": 1,
      "mapping": 1,
      "answer_query": null,
      "name": "Name / Vorname",
      "description": "Name / Vorname Gesuchsteller",
      "javascript": "",
      "regex": "",
      "default_answer": "",
      "class_field": "",
      "validation": ""
    }
  },
  {
    "model": "core.question",
    "pk": 41,
    "fields": {
      "question_type": 9,
      "mapping": null,
      "answer_query": null,
      "name": "1 Gesuchsteller",
      "description": "",
      "javascript": "",
      "regex": "",
      "default_answer": "",
      "class_field": "",
      "validation": ""
    }
  },
  {
    "model": "core.question",
    "pk": 61,
    "fields": {
      "question_type": 1,
      "mapping": 1,
      "answer_query": null,
      "name": "Strasse/Nr.",
      "description": "Adresse Gesuchsteller",
      "javascript": "",
      "regex": "",
      "default_answer": "",
      "class_field": "",
      "validation": ""
    }
  },
  {
    "model": "core.question",
    "pk": 62,
    "fields": {
      "question_type": 1,
      "mapping": 1,
      "answer_query": null,
      "name": "PLZ / Ort",
      "description": "Postleitzahl Gesuchsteller",
      "javascript": "",
      "regex": "",
      "default_answer": "",
      "class_field": "",
      "validation": ""
    }
  },
  {
    "model": "core.question",
    "pk": 63,
    "fields": {
      "question_type": 1,
      "mapping": 1,
      "answer_query": null,
      "name": "Ort",
      "description": "",
      "javascript": "",
      "regex": "",
      "default_answer": "",
      "class_field": "",
      "validation": ""
    }
  },
  {
    "model": "core.question",
    "pk": 64,
    "fields": {
      "question_type": 1,
      "mapping": 1,
      "answer_query": null,
      "name": "Telefon Privat",
      "description": "Telefon Festnetz Gesuchsteller",
      "javascript": "",
      "regex": "/^\\+?[\\d ]+$/",
      "default_answer": "",
      "class_field": "",
      "validation": ""
    }
  },
  {
    "model": "core.question",
    "pk": 65,
    "fields": {
      "question_type": 1,
      "mapping": 1,
      "answer_query": null,
      "name": "Telefon Mobile",
      "description": "Telefon Mobile Gesuchsteller",
      "javascript": "",
      "regex": "/^\\+?[\\d ]+$/",
      "default_answer": "",
      "class_field": "",
      "validation": ""
    }
  },
  {
    "model": "core.question",
    "pk": 66,
    "fields": {
      "question_type": 1,
      "mapping": 1,
      "answer_query": null,
      "name": "Email",
      "description": "",
      "javascript": "",
      "regex": "",
      "default_answer": "",
      "class_field": "",
      "validation": ""
    }
  },
  {
    "model": "core.question",
    "pk": 67,
    "fields": {
      "question_type": 1,
      "mapping": 1,
      "answer_query": null,
      "name": "Telefon Geschäft",
      "description": "",
      "javascript": "",
      "regex": "",
      "default_answer": "",
      "class_field": "",
      "validation": ""
    }
  },
  {
    "model": "core.question",
    "pk": 68,
    "fields": {
      "question_type": 6,
      "mapping": 1,
      "answer_query": null,
      "name": "Rechnungsadresse identisch GesuchstellerIn",
      "description": "",
      "javascript": "",
      "regex": "",
      "default_answer": "0",
      "class_field": "",
      "validation": ""
    }
  },
  {
    "model": "core.question",
    "pk": 69,
    "fields": {
      "question_type": 1,
      "mapping": 1,
      "answer_query": null,
      "name": "Rechnungsadresse",
      "description": "",
      "javascript": "",
      "regex": "",
      "default_answer": "",
      "class_field": "",
      "validation": ""
    }
  },
  {
    "model": "core.question",
    "pk": 70,
    "fields": {
      "question_type": 9,
      "mapping": null,
      "answer_query": null,
      "name": "2 ProjektverfasserIn",
      "description": "",
      "javascript": "",
      "regex": "",
      "default_answer": "",
      "class_field": "",
      "validation": ""
    }
  },
  {
    "model": "core.question",
    "pk": 71,
    "fields": {
      "question_type": 1,
      "mapping": 1,
      "answer_query": null,
      "name": "Name / Vorname",
      "description": "",
      "javascript": "",
      "regex": "",
      "default_answer": "",
      "class_field": "",
      "validation": ""
    }
  },
  {
    "model": "core.question",
    "pk": 72,
    "fields": {
      "question_type": 1,
      "mapping": 1,
      "answer_query": null,
      "name": "Strasse/Nr.",
      "description": "",
      "javascript": "",
      "regex": "",
      "default_answer": "",
      "class_field": "",
      "validation": ""
    }
  },
  {
    "model": "core.question",
    "pk": 73,
    "fields": {
      "question_type": 1,
      "mapping": 1,
      "answer_query": null,
      "name": "PLZ / Ort",
      "description": "Postleitzahl",
      "javascript": "",
      "regex": "",
      "default_answer": "",
      "class_field": "",
      "validation": ""
    }
  },
  {
    "model": "core.question",
    "pk": 74,
    "fields": {
      "question_type": 1,
      "mapping": 1,
      "answer_query": null,
      "name": "Ort",
      "description": "",
      "javascript": "",
      "regex": "",
      "default_answer": "",
      "class_field": "",
      "validation": ""
    }
  },
  {
    "model": "core.question",
    "pk": 75,
    "fields": {
      "question_type": 1,
      "mapping": 1,
      "answer_query": null,
      "name": "Telefon Privat",
      "description": "",
      "javascript": "",
      "regex": "/^\\+?[\\d ]+$/",
      "default_answer": "",
      "class_field": "",
      "validation": ""
    }
  },
  {
    "model": "core.question",
    "pk": 76,
    "fields": {
      "question_type": 1,
      "mapping": 1,
      "answer_query": null,
      "name": "Telefon Mobile",
      "description": "",
      "javascript": "",
      "regex": "/^\\+?[\\d ]+$/",
      "default_answer": "",
      "class_field": "",
      "validation": ""
    }
  },
  {
    "model": "core.question",
    "pk": 77,
    "fields": {
      "question_type": 1,
      "mapping": 1,
      "answer_query": null,
      "name": "Email",
      "description": "",
      "javascript": "",
      "regex": "",
      "default_answer": "",
      "class_field": "",
      "validation": ""
    }
  },
  {
    "model": "core.question",
    "pk": 78,
    "fields": {
      "question_type": 1,
      "mapping": 1,
      "answer_query": null,
      "name": "Telefon Geschäft",
      "description": "",
      "javascript": "",
      "regex": "/^\\+?[\\d ]+$/",
      "default_answer": "",
      "class_field": "",
      "validation": ""
    }
  },
  {
    "model": "core.question",
    "pk": 79,
    "fields": {
      "question_type": 6,
      "mapping": 1,
      "answer_query": null,
      "name": "ProjektverfasserIn identisch GesuchstellerIn",
      "description": "",
      "javascript": "",
      "regex": "",
      "default_answer": "0",
      "class_field": "",
      "validation": ""
    }
  },
  {
    "model": "core.question",
    "pk": 80,
    "fields": {
      "question_type": 6,
      "mapping": 1,
      "answer_query": null,
      "name": "GrundeigentümerIn identisch GesuchstellerIn",
      "description": "",
      "javascript": "",
      "regex": "",
      "default_answer": "0",
      "class_field": "",
      "validation": ""
    }
  },
  {
    "model": "core.question",
    "pk": 81,
    "fields": {
      "question_type": 9,
      "mapping": null,
      "answer_query": null,
      "name": "3 GrundeigentümerIn",
      "description": "",
      "javascript": "",
      "regex": "",
      "default_answer": "",
      "class_field": "",
      "validation": ""
    }
  },
  {
    "model": "core.question",
    "pk": 82,
    "fields": {
      "question_type": 1,
      "mapping": 1,
      "answer_query": null,
      "name": "Name / Vorname",
      "description": "",
      "javascript": "",
      "regex": "",
      "default_answer": "",
      "class_field": "",
      "validation": ""
    }
  },
  {
    "model": "core.question",
    "pk": 83,
    "fields": {
      "question_type": 1,
      "mapping": 1,
      "answer_query": null,
      "name": "Strasse/Nr.",
      "description": "",
      "javascript": "",
      "regex": "",
      "default_answer": "",
      "class_field": "",
      "validation": ""
    }
  },
  {
    "model": "core.question",
    "pk": 84,
    "fields": {
      "question_type": 1,
      "mapping": 1,
      "answer_query": null,
      "name": "PLZ / Ort",
      "description": "Postleitzahl grundeigentümer",
      "javascript": "",
      "regex": "",
      "default_answer": "",
      "class_field": "",
      "validation": ""
    }
  },
  {
    "model": "core.question",
    "pk": 85,
    "fields": {
      "question_type": 1,
      "mapping": 1,
      "answer_query": null,
      "name": "Ort",
      "description": "",
      "javascript": "",
      "regex": "",
      "default_answer": "",
      "class_field": "",
      "validation": ""
    }
  },
  {
    "model": "core.question",
    "pk": 86,
    "fields": {
      "question_type": 1,
      "mapping": 1,
      "answer_query": null,
      "name": "Telefon Privat",
      "description": "",
      "javascript": "",
      "regex": "/^\\+?[\\d ]+$/",
      "default_answer": "",
      "class_field": "",
      "validation": ""
    }
  },
  {
    "model": "core.question",
    "pk": 87,
    "fields": {
      "question_type": 1,
      "mapping": 1,
      "answer_query": null,
      "name": "Telefon Mobile",
      "description": "",
      "javascript": "",
      "regex": "/^\\+?[\\d ]+$/",
      "default_answer": "",
      "class_field": "",
      "validation": ""
    }
  },
  {
    "model": "core.question",
    "pk": 88,
    "fields": {
      "question_type": 1,
      "mapping": 1,
      "answer_query": null,
      "name": "Email",
      "description": "",
      "javascript": "",
      "regex": "",
      "default_answer": "",
      "class_field": "",
      "validation": ""
    }
  },
  {
    "model": "core.question",
    "pk": 89,
    "fields": {
      "question_type": 1,
      "mapping": 1,
      "answer_query": null,
      "name": "Telefon Geschäft",
      "description": "",
      "javascript": "",
      "regex": "/^\\+?[\\d ]+$/",
      "default_answer": "",
      "class_field": "",
      "validation": ""
    }
  },
  {
    "model": "core.question",
    "pk": 90,
    "fields": {
      "question_type": 9,
      "mapping": null,
      "answer_query": null,
      "name": "4 Bauplatz",
      "description": "",
      "javascript": "",
      "regex": "",
      "default_answer": "",
      "class_field": "",
      "validation": ""
    }
  },
  {
    "model": "core.question",
    "pk": 91,
    "fields": {
      "question_type": 1,
      "mapping": 1,
      "answer_query": null,
      "name": "Parzellennummer",
      "description": null,
      "javascript": null,
      "regex": null,
      "default_answer": null,
      "class_field": "parcelnumber",
      "validation": null
    }
  },
  {
    "model": "core.question",
    "pk": 92,
    "fields": {
      "question_type": 1,
      "mapping": 1,
      "answer_query": null,
      "name": "Baurechtsnummer",
      "description": "(z.B. bei Bauten und Anlagen auf Gebiet der Korporationen Uri und Ursern)",
      "javascript": null,
      "regex": null,
      "default_answer": null,
      "class_field": "baurechtnumber",
      "validation": null
    }
  },
  {
    "model": "core.question",
    "pk": 93,
    "fields": {
      "question_type": 1,
      "mapping": 1,
      "answer_query": null,
      "name": "Strasse/Flurname",
      "description": "",
      "javascript": "",
      "regex": "",
      "default_answer": "",
      "class_field": "",
      "validation": ""
    }
  },
  {
    "model": "core.question",
    "pk": 94,
    "fields": {
      "question_type": 4,
      "mapping": 1,
      "answer_query": null,
      "name": "Überlagerte Nutzungsplaninhalte",
      "description": "",
      "javascript": "",
      "regex": "",
      "default_answer": "",
      "class_field": "",
      "validation": ""
    }
  },
  {
    "model": "core.question",
    "pk": 95,
    "fields": {
      "question_type": 4,
      "mapping": 1,
      "answer_query": null,
      "name": "Orientierende Nutzungsplaninhalte",
      "description": "",
      "javascript": "",
      "regex": "",
      "default_answer": "",
      "class_field": "",
      "validation": ""
    }
  },
  {
    "model": "core.question",
    "pk": 96,
    "fields": {
      "question_type": 9,
      "mapping": null,
      "answer_query": null,
      "name": "5 Vorhaben",
      "description": "",
      "javascript": "",
      "regex": "",
      "default_answer": "",
      "class_field": "",
      "validation": ""
    }
  },
  {
    "model": "core.question",
    "pk": 97,
    "fields": {
      "question_type": 4,
      "mapping": 1,
      "answer_query": null,
      "name": "Vorhaben",
      "description": "",
      "javascript": "",
      "regex": "",
      "default_answer": "",
      "class_field": "",
      "validation": ""
    }
  },
  {
    "model": "core.question",
    "pk": 98,
    "fields": {
      "question_type": 1,
      "mapping": 1,
      "answer_query": null,
      "name": "Vorhaben / Beschrieb",
      "description": "",
      "javascript": "",
      "regex": "",
      "default_answer": "",
      "class_field": "",
      "validation": ""
    }
  },
  {
    "model": "core.question",
    "pk": 99,
    "fields": {
      "question_type": 4,
      "mapping": 1,
      "answer_query": null,
      "name": "Nutzung",
      "description": "",
      "javascript": "",
      "regex": "",
      "default_answer": "",
      "class_field": "",
      "validation": ""
    }
  },
  {
    "model": "core.question",
    "pk": 100,
    "fields": {
      "question_type": 1,
      "mapping": 1,
      "answer_query": null,
      "name": "Andere Nutzung",
      "description": "",
      "javascript": "",
      "regex": "",
      "default_answer": "",
      "class_field": "",
      "validation": ""
    }
  },
  {
    "model": "core.question",
    "pk": 101,
    "fields": {
      "question_type": 1,
      "mapping": 1,
      "answer_query": null,
      "name": "Umbauter Raum nach SIA 416",
      "description": "",
      "javascript": "",
      "regex": "",
      "default_answer": "",
      "class_field": "",
      "validation": ""
    }
  },
  {
    "model": "core.question",
    "pk": 102,
    "fields": {
      "question_type": 1,
      "mapping": 1,
      "answer_query": null,
      "name": "Baukosten (Gebaudekosten)",
      "description": "",
      "javascript": "",
      "regex": "",
      "default_answer": "",
      "class_field": "",
      "validation": ""
    }
  },
  {
    "model": "core.question",
    "pk": 103,
    "fields": {
      "question_type": 1,
      "mapping": 1,
      "answer_query": null,
      "name": "Bemerkungen",
      "description": "",
      "javascript": "",
      "regex": "",
      "default_answer": "",
      "class_field": "",
      "validation": ""
    }
  },
  {
    "model": "core.question",
    "pk": 121,
    "fields": {
      "question_type": 3,
      "mapping": 1,
      "answer_query": null,
      "name": "Sachbearbeitung / Entscheid",
      "description": "",
      "javascript": "",
      "regex": "",
      "default_answer": "",
      "class_field": "",
      "validation": ""
    }
  },
  {
    "model": "core.question",
    "pk": 141,
    "fields": {
      "question_type": 4,
      "mapping": 1,
      "answer_query": null,
      "name": "Sachbearbeitung / Entscheid",
      "description": "",
      "javascript": "",
      "regex": "",
      "default_answer": "",
      "class_field": "",
      "validation": ""
    }
  },
  {
    "model": "core.question",
    "pk": 178,
    "fields": {
      "question_type": 9,
      "mapping": null,
      "answer_query": null,
      "name": "Hinweis",
      "description": "",
      "javascript": "",
      "regex": "",
      "default_answer": "Bitte die Art der Bearbeitung (z.B. Verfügung Rechnung) auswählen (die Mehrfachauswahl ist mit der Control-Taste möglich)",
      "class_field": "",
      "validation": ""
    }
  },
  {
    "model": "core.question",
    "pk": 181,
    "fields": {
      "question_type": 2,
      "mapping": 1,
      "answer_query": null,
      "name": "Mitteilungen der zuständigen Koordinationsstelle",
      "description": "",
      "javascript": "",
      "regex": "",
      "default_answer": "",
      "class_field": "",
      "validation": ""
    }
  },
  {
    "model": "core.question",
    "pk": 221,
    "fields": {
      "question_type": 1,
      "mapping": 1,
      "answer_query": null,
      "name": "Organisation",
      "description": "",
      "javascript": "",
      "regex": "",
      "default_answer": "",
      "class_field": "",
      "validation": ""
    }
  },
  {
    "model": "core.question",
    "pk": 222,
    "fields": {
      "question_type": 1,
      "mapping": 1,
      "answer_query": null,
      "name": "Organisation",
      "description": "",
      "javascript": "",
      "regex": "",
      "default_answer": "",
      "class_field": "",
      "validation": ""
    }
  },
  {
    "model": "core.question",
    "pk": 223,
    "fields": {
      "question_type": 1,
      "mapping": 1,
      "answer_query": null,
      "name": "Organisation",
      "description": "",
      "javascript": "",
      "regex": "",
      "default_answer": "",
      "class_field": "",
      "validation": ""
    }
  },
  {
    "model": "core.question",
    "pk": 241,
    "fields": {
      "question_type": 10,
      "mapping": 1,
      "answer_query": null,
      "name": "Nachforderung Unterlagen",
      "description": "Datum, wenn das Dossier in Nachforderung gesetzt wird",
      "javascript": "",
      "regex": "",
      "default_answer": "",
      "class_field": "",
      "validation": ""
    }
  },
  {
    "model": "core.question",
    "pk": 242,
    "fields": {
      "question_type": 2,
      "mapping": 1,
      "answer_query": null,
      "name": "Hinweis Nachforderung",
      "description": "Text für die Nachforderung",
      "javascript": "",
      "regex": "",
      "default_answer": "",
      "class_field": "",
      "validation": ""
    }
  },
  {
    "model": "core.question",
    "pk": 243,
    "fields": {
      "question_type": 10,
      "mapping": 1,
      "answer_query": null,
      "name": "Dossier vollständig",
      "description": "Datum für Dossier vollständig",
      "javascript": "",
      "regex": "",
      "default_answer": "",
      "class_field": "",
      "validation": ""
    }
  },
  {
    "model": "core.question",
    "pk": 244,
    "fields": {
      "question_type": 1,
      "mapping": 1,
      "answer_query": null,
      "name": "Vorhaben / Veranstaltung",
      "description": "",
      "javascript": "",
      "regex": "",
      "default_answer": "",
      "class_field": "",
      "validation": ""
    }
  },
  {
    "model": "core.question",
    "pk": 245,
    "fields": {
      "question_type": 1,
      "mapping": 1,
      "answer_query": null,
      "name": "Datum / Zeit",
      "description": "",
      "javascript": "",
      "regex": "",
      "default_answer": "",
      "class_field": "",
      "validation": ""
    }
  },
  {
    "model": "core.question",
    "pk": 246,
    "fields": {
      "question_type": 1,
      "mapping": 1,
      "answer_query": null,
      "name": "Dauer (von - bis)",
      "description": "",
      "javascript": "",
      "regex": "",
      "default_answer": "",
      "class_field": "",
      "validation": ""
    }
  },
  {
    "model": "core.question",
    "pk": 247,
    "fields": {
      "question_type": 1,
      "mapping": 1,
      "answer_query": null,
      "name": "Art der Nutzung",
      "description": "",
      "javascript": "",
      "regex": "",
      "default_answer": "",
      "class_field": "",
      "validation": ""
    }
  },
  {
    "model": "core.question",
    "pk": 248,
    "fields": {
      "question_type": 9,
      "mapping": null,
      "answer_query": null,
      "name": "(z.B. Parkieren, Trottoirparkieren, Umzug, Baustelleninstallation, Strassenverkauf, Standaktion, Sportanlass usw.)",
      "description": "",
      "javascript": "",
      "regex": "",
      "default_answer": "",
      "class_field": "",
      "validation": ""
    }
  },
  {
    "model": "core.question",
    "pk": 249,
    "fields": {
      "question_type": 11,
      "mapping": 1,
      "answer_query": null,
      "name": "Beanspruchte Fläche in m2",
      "description": "",
      "javascript": "",
      "regex": "",
      "default_answer": "",
      "class_field": "",
      "validation": ""
    }
  },
  {
    "model": "core.question",
    "pk": 250,
    "fields": {
      "question_type": 2,
      "mapping": 1,
      "answer_query": null,
      "name": "Bemerkungen",
      "description": "",
      "javascript": "",
      "regex": "",
      "default_answer": "",
      "class_field": "",
      "validation": ""
    }
  },
  {
    "model": "core.question",
    "pk": 251,
    "fields": {
      "question_type": 6,
      "mapping": 1,
      "answer_query": null,
      "name": "Prüfungshinweise Gemeindebaubehörde",
      "description": "Wird nur für die Baudirektion verwendet",
      "javascript": "",
      "regex": "",
      "default_answer": "0",
      "class_field": "",
      "validation": ""
    }
  },
  {
    "model": "core.question",
    "pk": 252,
    "fields": {
      "question_type": 6,
      "mapping": 1,
      "answer_query": null,
      "name": "Detailangaben zum Vorhaben",
      "description": "",
      "javascript": "",
      "regex": "",
      "default_answer": "0",
      "class_field": "",
      "validation": ""
    }
  },
  {
    "model": "core.question",
    "pk": 253,
    "fields": {
      "question_type": 6,
      "mapping": 1,
      "answer_query": null,
      "name": "Detailangaben zum Nutzungsplan",
      "description": "",
      "javascript": "",
      "regex": "",
      "default_answer": "0",
      "class_field": "",
      "validation": ""
    }
  },
  {
    "model": "core.question",
    "pk": 254,
    "fields": {
      "question_type": 6,
      "mapping": 1,
      "answer_query": null,
      "name": "Detailangaben zur Nutzung",
      "description": "",
      "javascript": "",
      "regex": "",
      "default_answer": "0",
      "class_field": "",
      "validation": ""
    }
  },
  {
    "model": "core.question",
    "pk": 255,
    "fields": {
      "question_type": 6,
      "mapping": 1,
      "answer_query": null,
      "name": "Detailangaben zum Nutzungsplan",
      "description": "",
      "javascript": "",
      "regex": "",
      "default_answer": "0",
      "class_field": "",
      "validation": ""
    }
  },
  {
    "model": "core.question",
    "pk": 256,
    "fields": {
      "question_type": 2,
      "mapping": 1,
      "answer_query": null,
      "name": "Mitteilung an Bürger",
      "description": "Mitteilung der Nachforderungen an den Bürger",
      "javascript": "",
      "regex": "",
      "default_answer": "",
      "class_field": "",
      "validation": ""
    }
  },
  {
    "model": "core.question",
    "pk": 257,
    "fields": {
      "question_type": 1,
      "mapping": 1,
      "answer_query": null,
      "name": "Dossier eingereicht von",
      "description": "",
      "javascript": "",
      "regex": "",
      "default_answer": "",
      "class_field": "",
      "validation": ""
    }
  },
  {
    "model": "core.question",
    "pk": 258,
    "fields": {
      "question_type": 6,
      "mapping": 1,
      "answer_query": null,
      "name": "Fachstelle zur Endabnahme aufbieten",
      "description": "Fachstelle zur Endabnahme aufbieten DESC",
      "javascript": "",
      "regex": "",
      "default_answer": "0",
      "class_field": "",
      "validation": ""
    }
  },
  {
    "model": "core.question",
    "pk": 259,
    "fields": {
      "question_type": 9,
      "mapping": null,
      "answer_query": null,
      "name": "Hinweis",
      "description": "Hinweis Fachstelle zur Endabnahme aufbieten",
      "javascript": "",
      "regex": "",
      "default_answer": "Bei Aktivierung von \"Fachstelle zur Endabnahme aufbieten\" erhält die Gemeindebaubehörde im Rahmen der Rückmeldung einen entsprechenden Hinweis. Optional kann diese Auflage im Auflagen-Controlling zusätzlich erfasst werden.",
      "class_field": "",
      "validation": ""
    }
  },
  {
    "model": "core.question",
    "pk": 260,
    "fields": {
      "question_type": 7,
      "mapping": 1,
      "answer_query": null,
      "name": "Gesuch nachträglich eingereicht",
      "description": "",
      "javascript": "",
      "regex": "",
      "default_answer": "",
      "class_field": "",
      "validation": ""
    }
  },
  {
    "model": "core.question",
    "pk": 261,
    "fields": {
      "question_type": 3,
      "mapping": 1,
      "answer_query": null,
      "name": "Art der Massnahme",
      "description": null,
      "javascript": null,
      "regex": null,
      "default_answer": null,
      "class_field": null,
      "validation": null
    }
  },
  {
    "model": "core.question",
    "pk": 262,
    "fields": {
      "question_type": 3,
      "mapping": 1,
      "answer_query": null,
      "name": "Objektart",
      "description": "",
      "javascript": "",
      "regex": "",
      "default_answer": "",
      "class_field": "",
      "validation": ""
    }
  },
  {
    "model": "core.question",
    "pk": 263,
    "fields": {
      "question_type": 3,
      "mapping": 1,
      "answer_query": null,
      "name": "Nutzung nach RPG",
      "description": "",
      "javascript": "",
      "regex": "",
      "default_answer": "",
      "class_field": "",
      "validation": ""
    }
  },
  {
    "model": "core.question",
    "pk": 264,
    "fields": {
      "question_type": 3,
      "mapping": 1,
      "answer_query": null,
      "name": "Bewilligungsgrund - Rechtliche Grundlage",
      "description": null,
      "javascript": null,
      "regex": "",
      "default_answer": null,
      "class_field": null,
      "validation": ""
    }
  },
  {
    "model": "core.question",
    "pk": 265,
    "fields": {
      "question_type": 3,
      "mapping": 1,
      "answer_query": null,
      "name": "Entscheid",
      "description": "",
      "javascript": "",
      "regex": "",
      "default_answer": "",
      "class_field": "",
      "validation": ""
    }
  },
  {
    "model": "core.question",
    "pk": 267,
    "fields": {
      "question_type": 3,
      "mapping": 1,
      "answer_query": null,
      "name": "Typ der Auftraggeber  - Gesuchsteller",
      "description": "",
      "javascript": "",
      "regex": "",
      "default_answer": "",
      "class_field": "",
      "validation": ""
    }
  },
  {
    "model": "core.question",
    "pk": 268,
    "fields": {
      "question_type": 1,
      "mapping": 1,
      "answer_query": null,
      "name": "Flächenbedarf Fruchtfolgeflächen (m²)",
      "description": "",
      "javascript": "",
      "regex": "",
      "default_answer": "",
      "class_field": "",
      "validation": ""
    }
  },
  {
    "model": "core.question",
    "pk": 269,
    "fields": {
      "question_type": 1,
      "mapping": 1,
      "answer_query": null,
      "name": "Kompensation Fruchtfolgeflächen (m²)",
      "description": "",
      "javascript": "",
      "regex": "",
      "default_answer": "",
      "class_field": "",
      "validation": ""
    }
  },
  {
    "model": "core.question",
    "pk": 270,
    "fields": {
      "question_type": 3,
      "mapping": 1,
      "answer_query": 42,
      "name": "Parzellenstandort (Gemeinde)",
      "description": "In welcher Gemeinde sich die gewünschte Parzelle befindet. (Relevant für \"Diverse Gemeinde\" und \"Alle Gemeinden\")",
      "javascript": null,
      "regex": null,
      "default_answer": null,
      "class_field": "parcellocation",
      "validation": null
    }
  },
  {
    "model": "core.question",
    "pk": 271,
    "fields": {
      "question_type": 1,
      "mapping": 1,
      "answer_query": null,
      "name": "Dossier Erfassungsjahr",
      "description": null,
      "javascript": "if ($('form').attr('action') && [\"293\", \"294\"].indexOf($('form').attr('action').split('/')[8]) === -1) {\r\n\t$('#element-[QUESTION]i1').hide();\r\n}",
      "regex": null,
      "default_answer": null,
      "class_field": null,
      "validation": null
    }
  },
  {
    "model": "core.question",
    "pk": 272,
    "fields": {
      "question_type": 1,
      "mapping": 1,
      "answer_query": null,
      "name": "Alte Dossier NR",
      "description": null,
      "javascript": null,
      "regex": null,
      "default_answer": null,
      "class_field": null,
      "validation": null
    }
  },
  {
    "model": "core.question",
    "pk": 12000000,
    "fields": {
      "question_type": 2,
      "mapping": 1,
      "answer_query": null,
      "name": "Rückmeldung",
      "description": null,
      "javascript": null,
      "regex": null,
      "default_answer": null,
      "class_field": null,
      "validation": null
    }
  },
  {
    "model": "core.questionchapter",
    "pk": 1,
    "fields": {
      "question": 1,
      "chapter": 2,
      "required": 0,
      "item": 1,
      "sort": 1
    }
  },
  {
    "model": "core.questionchapter",
    "pk": 2,
    "fields": {
      "question": 2,
      "chapter": 2,
      "required": 0,
      "item": 1,
      "sort": 0
    }
  },
  {
    "model": "core.questionchapter",
    "pk": 3,
    "fields": {
      "question": 3,
      "chapter": 2,
      "required": 0,
      "item": 1,
      "sort": 5
    }
  },
  {
    "model": "core.questionchapter",
    "pk": 4,
    "fields": {
      "question": 4,
      "chapter": 2,
      "required": 0,
      "item": 1,
      "sort": 6
    }
  },
  {
    "model": "core.questionchapter",
    "pk": 5,
    "fields": {
      "question": 221,
      "chapter": 1,
      "required": 0,
      "item": 1,
      "sort": 1
    }
  },
  {
    "model": "core.questionchapter",
    "pk": 6,
    "fields": {
      "question": 6,
      "chapter": 2,
      "required": 0,
      "item": 1,
      "sort": 7
    }
  },
  {
    "model": "core.questionchapter",
    "pk": 7,
    "fields": {
      "question": 41,
      "chapter": 1,
      "required": 0,
      "item": 1,
      "sort": 0
    }
  },
  {
    "model": "core.questionchapter",
    "pk": 8,
    "fields": {
      "question": 2,
      "chapter": 3,
      "required": 0,
      "item": 1,
      "sort": 0
    }
  },
  {
    "model": "core.questionchapter",
    "pk": 9,
    "fields": {
      "question": 5,
      "chapter": 3,
      "required": 0,
      "item": 1,
      "sort": 1
    }
  },
  {
    "model": "core.questionchapter",
    "pk": 10,
    "fields": {
      "question": 22,
      "chapter": 21,
      "required": 0,
      "item": 1,
      "sort": 6
    }
  },
  {
    "model": "core.questionchapter",
    "pk": 11,
    "fields": {
      "question": 23,
      "chapter": 1,
      "required": 0,
      "item": 1,
      "sort": 2
    }
  },
  {
    "model": "core.questionchapter",
    "pk": 12,
    "fields": {
      "question": 61,
      "chapter": 1,
      "required": 0,
      "item": 1,
      "sort": 3
    }
  },
  {
    "model": "core.questionchapter",
    "pk": 13,
    "fields": {
      "question": 62,
      "chapter": 1,
      "required": 0,
      "item": 1,
      "sort": 4
    }
  },
  {
    "model": "core.questionchapter",
    "pk": 14,
    "fields": {
      "question": 222,
      "chapter": 1,
      "required": 0,
      "item": 1,
      "sort": 13
    }
  },
  {
    "model": "core.questionchapter",
    "pk": 15,
    "fields": {
      "question": 64,
      "chapter": 1,
      "required": 0,
      "item": 1,
      "sort": 5
    }
  },
  {
    "model": "core.questionchapter",
    "pk": 16,
    "fields": {
      "question": 65,
      "chapter": 1,
      "required": 0,
      "item": 1,
      "sort": 7
    }
  },
  {
    "model": "core.questionchapter",
    "pk": 17,
    "fields": {
      "question": 66,
      "chapter": 1,
      "required": 0,
      "item": 1,
      "sort": 8
    }
  },
  {
    "model": "core.questionchapter",
    "pk": 18,
    "fields": {
      "question": 67,
      "chapter": 1,
      "required": 0,
      "item": 1,
      "sort": 6
    }
  },
  {
    "model": "core.questionchapter",
    "pk": 19,
    "fields": {
      "question": 68,
      "chapter": 1,
      "required": 0,
      "item": 1,
      "sort": 9
    }
  },
  {
    "model": "core.questionchapter",
    "pk": 20,
    "fields": {
      "question": 69,
      "chapter": 1,
      "required": 0,
      "item": 1,
      "sort": 10
    }
  },
  {
    "model": "core.questionchapter",
    "pk": 21,
    "fields": {
      "question": 70,
      "chapter": 1,
      "required": 0,
      "item": 1,
      "sort": 11
    }
  },
  {
    "model": "core.questionchapter",
    "pk": 22,
    "fields": {
      "question": 71,
      "chapter": 1,
      "required": 0,
      "item": 1,
      "sort": 14
    }
  },
  {
    "model": "core.questionchapter",
    "pk": 23,
    "fields": {
      "question": 72,
      "chapter": 1,
      "required": 0,
      "item": 1,
      "sort": 15
    }
  },
  {
    "model": "core.questionchapter",
    "pk": 24,
    "fields": {
      "question": 73,
      "chapter": 1,
      "required": 0,
      "item": 1,
      "sort": 16
    }
  },
  {
    "model": "core.questionchapter",
    "pk": 25,
    "fields": {
      "question": 141,
      "chapter": 41,
      "required": 0,
      "item": 1,
      "sort": 1
    }
  },
  {
    "model": "core.questionchapter",
    "pk": 26,
    "fields": {
      "question": 75,
      "chapter": 1,
      "required": 0,
      "item": 1,
      "sort": 17
    }
  },
  {
    "model": "core.questionchapter",
    "pk": 27,
    "fields": {
      "question": 76,
      "chapter": 1,
      "required": 0,
      "item": 1,
      "sort": 19
    }
  },
  {
    "model": "core.questionchapter",
    "pk": 28,
    "fields": {
      "question": 77,
      "chapter": 1,
      "required": 0,
      "item": 1,
      "sort": 20
    }
  },
  {
    "model": "core.questionchapter",
    "pk": 29,
    "fields": {
      "question": 78,
      "chapter": 1,
      "required": 0,
      "item": 1,
      "sort": 18
    }
  },
  {
    "model": "core.questionchapter",
    "pk": 30,
    "fields": {
      "question": 79,
      "chapter": 1,
      "required": 0,
      "item": 1,
      "sort": 12
    }
  },
  {
    "model": "core.questionchapter",
    "pk": 31,
    "fields": {
      "question": 80,
      "chapter": 1,
      "required": 0,
      "item": 1,
      "sort": 22
    }
  },
  {
    "model": "core.questionchapter",
    "pk": 32,
    "fields": {
      "question": 81,
      "chapter": 1,
      "required": 0,
      "item": 1,
      "sort": 21
    }
  },
  {
    "model": "core.questionchapter",
    "pk": 33,
    "fields": {
      "question": 82,
      "chapter": 1,
      "required": 0,
      "item": 1,
      "sort": 24
    }
  },
  {
    "model": "core.questionchapter",
    "pk": 34,
    "fields": {
      "question": 83,
      "chapter": 1,
      "required": 0,
      "item": 1,
      "sort": 25
    }
  },
  {
    "model": "core.questionchapter",
    "pk": 35,
    "fields": {
      "question": 84,
      "chapter": 1,
      "required": 0,
      "item": 1,
      "sort": 26
    }
  },
  {
    "model": "core.questionchapter",
    "pk": 36,
    "fields": {
      "question": 223,
      "chapter": 1,
      "required": 0,
      "item": 1,
      "sort": 23
    }
  },
  {
    "model": "core.questionchapter",
    "pk": 37,
    "fields": {
      "question": 86,
      "chapter": 1,
      "required": 0,
      "item": 1,
      "sort": 27
    }
  },
  {
    "model": "core.questionchapter",
    "pk": 38,
    "fields": {
      "question": 87,
      "chapter": 1,
      "required": 0,
      "item": 1,
      "sort": 29
    }
  },
  {
    "model": "core.questionchapter",
    "pk": 39,
    "fields": {
      "question": 88,
      "chapter": 1,
      "required": 0,
      "item": 1,
      "sort": 30
    }
  },
  {
    "model": "core.questionchapter",
    "pk": 40,
    "fields": {
      "question": 89,
      "chapter": 1,
      "required": 0,
      "item": 1,
      "sort": 28
    }
  },
  {
    "model": "core.questionchapter",
    "pk": 41,
    "fields": {
      "question": 90,
      "chapter": 21,
      "required": 0,
      "item": 1,
      "sort": 0
    }
  },
  {
    "model": "core.questionchapter",
    "pk": 42,
    "fields": {
      "question": 91,
      "chapter": 21,
      "required": 0,
      "item": 1,
      "sort": 2
    }
  },
  {
    "model": "core.questionchapter",
    "pk": 43,
    "fields": {
      "question": 92,
      "chapter": 21,
      "required": 0,
      "item": 1,
      "sort": 3
    }
  },
  {
    "model": "core.questionchapter",
    "pk": 44,
    "fields": {
      "question": 93,
      "chapter": 21,
      "required": 0,
      "item": 1,
      "sort": 4
    }
  },
  {
    "model": "core.questionchapter",
    "pk": 45,
    "fields": {
      "question": 94,
      "chapter": 21,
      "required": 0,
      "item": 1,
      "sort": 7
    }
  },
  {
    "model": "core.questionchapter",
    "pk": 46,
    "fields": {
      "question": 95,
      "chapter": 21,
      "required": 0,
      "item": 1,
      "sort": 8
    }
  },
  {
    "model": "core.questionchapter",
    "pk": 47,
    "fields": {
      "question": 96,
      "chapter": 21,
      "required": 0,
      "item": 1,
      "sort": 9
    }
  },
  {
    "model": "core.questionchapter",
    "pk": 48,
    "fields": {
      "question": 97,
      "chapter": 21,
      "required": 0,
      "item": 1,
      "sort": 11
    }
  },
  {
    "model": "core.questionchapter",
    "pk": 49,
    "fields": {
      "question": 98,
      "chapter": 21,
      "required": 0,
      "item": 1,
      "sort": 12
    }
  },
  {
    "model": "core.questionchapter",
    "pk": 50,
    "fields": {
      "question": 99,
      "chapter": 21,
      "required": 0,
      "item": 1,
      "sort": 14
    }
  },
  {
    "model": "core.questionchapter",
    "pk": 51,
    "fields": {
      "question": 100,
      "chapter": 21,
      "required": 0,
      "item": 1,
      "sort": 15
    }
  },
  {
    "model": "core.questionchapter",
    "pk": 52,
    "fields": {
      "question": 101,
      "chapter": 21,
      "required": 0,
      "item": 1,
      "sort": 16
    }
  },
  {
    "model": "core.questionchapter",
    "pk": 53,
    "fields": {
      "question": 102,
      "chapter": 21,
      "required": 0,
      "item": 1,
      "sort": 17
    }
  },
  {
    "model": "core.questionchapter",
    "pk": 54,
    "fields": {
      "question": 103,
      "chapter": 21,
      "required": 0,
      "item": 1,
      "sort": 18
    }
  },
  {
    "model": "core.questionchapter",
    "pk": 55,
    "fields": {
      "question": 178,
      "chapter": 41,
      "required": 0,
      "item": 1,
      "sort": 0
    }
  },
  {
    "model": "core.questionchapter",
    "pk": 56,
    "fields": {
      "question": 181,
      "chapter": 2,
      "required": 0,
      "item": 1,
      "sort": 2
    }
  },
  {
    "model": "core.questionchapter",
    "pk": 57,
    "fields": {
      "question": 90,
      "chapter": 101,
      "required": 0,
      "item": 1,
      "sort": 0
    }
  },
  {
    "model": "core.questionchapter",
    "pk": 58,
    "fields": {
      "question": 98,
      "chapter": 101,
      "required": 0,
      "item": 1,
      "sort": 7
    }
  },
  {
    "model": "core.questionchapter",
    "pk": 59,
    "fields": {
      "question": 103,
      "chapter": 101,
      "required": 0,
      "item": 1,
      "sort": 8
    }
  },
  {
    "model": "core.questionchapter",
    "pk": 60,
    "fields": {
      "question": 22,
      "chapter": 101,
      "required": 0,
      "item": 1,
      "sort": 4
    }
  },
  {
    "model": "core.questionchapter",
    "pk": 61,
    "fields": {
      "question": 95,
      "chapter": 101,
      "required": 0,
      "item": 1,
      "sort": 6
    }
  },
  {
    "model": "core.questionchapter",
    "pk": 62,
    "fields": {
      "question": 91,
      "chapter": 101,
      "required": 0,
      "item": 1,
      "sort": 2
    }
  },
  {
    "model": "core.questionchapter",
    "pk": 63,
    "fields": {
      "question": 93,
      "chapter": 101,
      "required": 0,
      "item": 1,
      "sort": 3
    }
  },
  {
    "model": "core.questionchapter",
    "pk": 64,
    "fields": {
      "question": 94,
      "chapter": 101,
      "required": 0,
      "item": 1,
      "sort": 5
    }
  },
  {
    "model": "core.questionchapter",
    "pk": 65,
    "fields": {
      "question": 90,
      "chapter": 102,
      "required": 0,
      "item": 1,
      "sort": 0
    }
  },
  {
    "model": "core.questionchapter",
    "pk": 66,
    "fields": {
      "question": 242,
      "chapter": 41,
      "required": 0,
      "item": 1,
      "sort": 4
    }
  },
  {
    "model": "core.questionchapter",
    "pk": 67,
    "fields": {
      "question": 244,
      "chapter": 102,
      "required": 0,
      "item": 1,
      "sort": 10
    }
  },
  {
    "model": "core.questionchapter",
    "pk": 68,
    "fields": {
      "question": 245,
      "chapter": 102,
      "required": 0,
      "item": 1,
      "sort": 11
    }
  },
  {
    "model": "core.questionchapter",
    "pk": 69,
    "fields": {
      "question": 250,
      "chapter": 102,
      "required": 0,
      "item": 1,
      "sort": 15
    }
  },
  {
    "model": "core.questionchapter",
    "pk": 70,
    "fields": {
      "question": 96,
      "chapter": 102,
      "required": 0,
      "item": 1,
      "sort": 9
    }
  },
  {
    "model": "core.questionchapter",
    "pk": 71,
    "fields": {
      "question": 94,
      "chapter": 102,
      "required": 0,
      "item": 1,
      "sort": 7
    }
  },
  {
    "model": "core.questionchapter",
    "pk": 72,
    "fields": {
      "question": 92,
      "chapter": 102,
      "required": 0,
      "item": 1,
      "sort": 3
    }
  },
  {
    "model": "core.questionchapter",
    "pk": 73,
    "fields": {
      "question": 241,
      "chapter": 41,
      "required": 0,
      "item": 1,
      "sort": 2
    }
  },
  {
    "model": "core.questionchapter",
    "pk": 74,
    "fields": {
      "question": 243,
      "chapter": 41,
      "required": 0,
      "item": 1,
      "sort": 3
    }
  },
  {
    "model": "core.questionchapter",
    "pk": 75,
    "fields": {
      "question": 91,
      "chapter": 102,
      "required": 0,
      "item": 1,
      "sort": 2
    }
  },
  {
    "model": "core.questionchapter",
    "pk": 76,
    "fields": {
      "question": 252,
      "chapter": 21,
      "required": 0,
      "item": 1,
      "sort": 10
    }
  },
  {
    "model": "core.questionchapter",
    "pk": 77,
    "fields": {
      "question": 93,
      "chapter": 102,
      "required": 0,
      "item": 1,
      "sort": 4
    }
  },
  {
    "model": "core.questionchapter",
    "pk": 78,
    "fields": {
      "question": 249,
      "chapter": 102,
      "required": 0,
      "item": 1,
      "sort": 14
    }
  },
  {
    "model": "core.questionchapter",
    "pk": 79,
    "fields": {
      "question": 246,
      "chapter": 102,
      "required": 0,
      "item": 1,
      "sort": 12
    }
  },
  {
    "model": "core.questionchapter",
    "pk": 80,
    "fields": {
      "question": 254,
      "chapter": 21,
      "required": 0,
      "item": 1,
      "sort": 13
    }
  },
  {
    "model": "core.questionchapter",
    "pk": 81,
    "fields": {
      "question": 253,
      "chapter": 21,
      "required": 0,
      "item": 1,
      "sort": 5
    }
  },
  {
    "model": "core.questionchapter",
    "pk": 82,
    "fields": {
      "question": 251,
      "chapter": 2,
      "required": 0,
      "item": 1,
      "sort": 4
    }
  },
  {
    "model": "core.questionchapter",
    "pk": 83,
    "fields": {
      "question": 247,
      "chapter": 102,
      "required": 0,
      "item": 1,
      "sort": 13
    }
  },
  {
    "model": "core.questionchapter",
    "pk": 84,
    "fields": {
      "question": 95,
      "chapter": 102,
      "required": 0,
      "item": 1,
      "sort": 8
    }
  },
  {
    "model": "core.questionchapter",
    "pk": 85,
    "fields": {
      "question": 22,
      "chapter": 102,
      "required": 0,
      "item": 1,
      "sort": 6
    }
  },
  {
    "model": "core.questionchapter",
    "pk": 86,
    "fields": {
      "question": 255,
      "chapter": 102,
      "required": 0,
      "item": 1,
      "sort": 5
    }
  },
  {
    "model": "core.questionchapter",
    "pk": 87,
    "fields": {
      "question": 5,
      "chapter": 2,
      "required": 0,
      "item": 1,
      "sort": 8
    }
  },
  {
    "model": "core.questionchapter",
    "pk": 88,
    "fields": {
      "question": 256,
      "chapter": 2,
      "required": 0,
      "item": 1,
      "sort": 3
    }
  },
  {
    "model": "core.questionchapter",
    "pk": 89,
    "fields": {
      "question": 257,
      "chapter": 103,
      "required": 0,
      "item": 1,
      "sort": 0
    }
  },
  {
    "model": "core.questionchapter",
    "pk": 90,
    "fields": {
      "question": 258,
      "chapter": 41,
      "required": 0,
      "item": 1,
      "sort": 6
    }
  },
  {
    "model": "core.questionchapter",
    "pk": 91,
    "fields": {
      "question": 259,
      "chapter": 41,
      "required": 0,
      "item": 1,
      "sort": 5
    }
  },
  {
    "model": "core.questionchapter",
    "pk": 92,
    "fields": {
      "question": 262,
      "chapter": 104,
      "required": 0,
      "item": 1,
      "sort": 1
    }
  },
  {
    "model": "core.questionchapter",
    "pk": 93,
    "fields": {
      "question": 267,
      "chapter": 104,
      "required": 0,
      "item": 1,
      "sort": 5
    }
  },
  {
    "model": "core.questionchapter",
    "pk": 94,
    "fields": {
      "question": 268,
      "chapter": 104,
      "required": 0,
      "item": 1,
      "sort": 6
    }
  },
  {
    "model": "core.questionchapter",
    "pk": 95,
    "fields": {
      "question": 265,
      "chapter": 104,
      "required": 0,
      "item": 1,
      "sort": 4
    }
  },
  {
    "model": "core.questionchapter",
    "pk": 96,
    "fields": {
      "question": 260,
      "chapter": 2,
      "required": 0,
      "item": 1,
      "sort": 9
    }
  },
  {
    "model": "core.questionchapter",
    "pk": 97,
    "fields": {
      "question": 261,
      "chapter": 104,
      "required": 0,
      "item": 1,
      "sort": 0
    }
  },
  {
    "model": "core.questionchapter",
    "pk": 98,
    "fields": {
      "question": 264,
      "chapter": 104,
      "required": 0,
      "item": 1,
      "sort": 3
    }
  },
  {
    "model": "core.questionchapter",
    "pk": 99,
    "fields": {
      "question": 263,
      "chapter": 104,
      "required": 0,
      "item": 1,
      "sort": 2
    }
  },
  {
    "model": "core.questionchapter",
    "pk": 100,
    "fields": {
      "question": 269,
      "chapter": 104,
      "required": 0,
      "item": 1,
      "sort": 7
    }
  },
  {
    "model": "core.questionchapter",
    "pk": 101,
    "fields": {
      "question": 270,
      "chapter": 21,
      "required": 0,
      "item": 1,
      "sort": 1
    }
  },
  {
    "model": "core.questionchapter",
    "pk": 102,
    "fields": {
      "question": 270,
      "chapter": 101,
      "required": 0,
      "item": 1,
      "sort": 1
    }
  },
  {
    "model": "core.questionchapter",
    "pk": 103,
    "fields": {
      "question": 270,
      "chapter": 102,
      "required": 0,
      "item": 1,
      "sort": 1
    }
  },
  {
    "model": "core.questionchapter",
    "pk": 104,
    "fields": {
      "question": 271,
      "chapter": 3,
      "required": 0,
      "item": 1,
      "sort": 2
    }
  },
  {
    "model": "core.questionchapter",
    "pk": 105,
    "fields": {
      "question": 272,
      "chapter": 2,
      "required": 0,
      "item": 1,
      "sort": 10
    }
  },
  {
    "model": "core.questionchapter",
    "pk": 12000000,
    "fields": {
      "question": 12000000,
      "chapter": 12000000,
      "required": 1,
      "item": 1,
      "sort": 0
    }
  },
  {
    "model": "core.questiontype",
    "pk": 1,
    "fields": {
      "name": "Text",
      "sort": 0
    }
  },
  {
    "model": "core.questiontype",
    "pk": 2,
    "fields": {
      "name": "Textarea",
      "sort": 1
    }
  },
  {
    "model": "core.questiontype",
    "pk": 3,
    "fields": {
      "name": "Select",
      "sort": 4
    }
  },
  {
    "model": "core.questiontype",
    "pk": 4,
    "fields": {
      "name": "Multi select",
      "sort": 5
    }
  },
  {
    "model": "core.questiontype",
    "pk": 5,
    "fields": {
      "name": "Radiobox",
      "sort": 6
    }
  },
  {
    "model": "core.questiontype",
    "pk": 6,
    "fields": {
      "name": "Checkbox",
      "sort": 7
    }
  },
  {
    "model": "core.questiontype",
    "pk": 7,
    "fields": {
      "name": "Multi checkbox",
      "sort": 8
    }
  },
  {
    "model": "core.questiontype",
    "pk": 8,
    "fields": {
      "name": "File",
      "sort": 9
    }
  },
  {
    "model": "core.questiontype",
    "pk": 9,
    "fields": {
      "name": "Note",
      "sort": 10
    }
  },
  {
    "model": "core.questiontype",
    "pk": 10,
    "fields": {
      "name": "Date",
      "sort": null
    }
  },
  {
    "model": "core.questiontype",
    "pk": 11,
    "fields": {
      "name": "Amount",
      "sort": 3
    }
  },
  {
    "model": "core.remberlist",
    "pk": 42,
    "fields": {
      "instance_states": "1,21,22,32,23,24,25,34,26,27,28,29,30,31,33"
    }
  },
  {
    "model": "core.remberlist",
    "pk": 264,
    "fields": {
      "instance_states": "22"
    }
  },
  {
    "model": "core.remberlist",
    "pk": 266,
    "fields": {
      "instance_states": "24"
    }
  },
  {
    "model": "core.remberlist",
    "pk": 267,
    "fields": {
      "instance_states": "22"
    }
  },
  {
    "model": "core.remberlist",
    "pk": 287,
    "fields": {
      "instance_states": "23"
    }
  },
  {
    "model": "core.remberlist",
    "pk": 288,
    "fields": {
      "instance_states": "22"
    }
  },
  {
    "model": "core.remberlist",
    "pk": 289,
    "fields": {
      "instance_states": "22"
    }
  },
  {
    "model": "core.remberlist",
    "pk": 294,
    "fields": {
      "instance_states": "1,21,22,23,24,25,34,26"
    }
  },
  {
    "model": "core.remberlist",
    "pk": 295,
    "fields": {
      "instance_states": "22,23,24,25,26"
    }
  },
  {
    "model": "core.remberlist",
    "pk": 296,
    "fields": {
      "instance_states": "22"
    }
  },
  {
    "model": "core.remberlist",
    "pk": 297,
    "fields": {
      "instance_states": "22"
    }
  },
  {
    "model": "core.remberlist",
    "pk": 298,
    "fields": {
      "instance_states": "22"
    }
  },
  {
    "model": "core.remberlist",
    "pk": 300,
    "fields": {
      "instance_states": "34"
    }
  },
  {
    "model": "core.remberlist",
    "pk": 301,
    "fields": {
      "instance_states": "21"
    }
  },
  {
    "model": "core.remberlist",
    "pk": 302,
    "fields": {
      "instance_states": "22,32,23"
    }
  },
  {
    "model": "core.remberlist",
    "pk": 303,
    "fields": {
      "instance_states": "23"
    }
  },
  {
    "model": "core.remberlist",
    "pk": 304,
    "fields": {
      "instance_states": "23"
    }
  },
  {
    "model": "core.remberlist",
    "pk": 305,
    "fields": {
      "instance_states": "23"
    }
  },
  {
    "model": "core.remberlist",
    "pk": 306,
    "fields": {
      "instance_states": "25"
    }
  },
  {
    "model": "core.remberlist",
    "pk": 307,
    "fields": {
      "instance_states": "23"
    }
  },
  {
    "model": "core.remberlist",
    "pk": 309,
    "fields": {
      "instance_states": "23,34"
    }
  },
  {
    "model": "core.remberlist",
    "pk": 310,
    "fields": {
      "instance_states": "24,25,26"
    }
  },
  {
    "model": "core.remberlist",
    "pk": 314,
    "fields": {
      "instance_states": "32"
    }
  },
  {
    "model": "core.remberlist",
    "pk": 316,
    "fields": {
      "instance_states": "21"
    }
  },
  {
    "model": "core.remberlist",
    "pk": 317,
    "fields": {
      "instance_states": "21,22,32,23,24,25"
    }
  },
  {
    "model": "core.remberlist",
    "pk": 12000000,
    "fields": {
      "instance_states": "30"
    }
  },
  {
    "model": "core.rlist",
    "pk": 122,
    "fields": {
      "query": "SELECT\n  \"INSTANCE\".\"INSTANCE_ID\",\n  \"ANSWER_DOK_NR\".\"ANSWER\"   AS \"DOSSIER_NR\",\n  \"FORM\".\"NAME\"              AS \"FORM\",\n  \"ACTIVATION\".\"DEADLINE_DATE\" AS \"DEADLINE\",\n  \"LOCATION\".\"NAME\"          AS \"COMMUNITY\",\n\n  (\n    SELECT\n      STRING_AGG(\"ANSWER_LIST\".\"NAME\", ', ' ORDER BY \"ANSWER_LIST\".\"NAME\")\n    FROM\n      table(json_unserialize((\n          SELECT\n            \"ANSWER\" as \"ANSW\"\n          FROM\n            \"ANSWER\"\n          WHERE\n            \"ANSWER\".\"INSTANCE_ID\" = \"INSTANCE\".\"INSTANCE_ID\"\n            AND\n            \"QUESTION_ID\" = 97\n            AND\n            \"CHAPTER_ID\" = 21\n            AND\n            \"ITEM\" = 1\n          ))\n        )\n    JOIN \"ANSWER_LIST\" ON (\n      \"VAL\" = \"ANSWER_LIST_ID\"\n    )\n  ) AS \"INTENT\",\n  \"ANSWER_CITY\".\"ANSWER\"     AS \"CITY\",\n  \"INSTANCE_STATE\".\"NAME\"    AS \"STATE\",\n  \"ACTIVATION\".\"REASON\"      AS \"REASON\"\nFROM\n  \"INSTANCE\"\nJOIN\n  \"INSTANCE_LOCATION\" ON (\n    \"INSTANCE\".\"INSTANCE_ID\" = \"INSTANCE_LOCATION\".\"INSTANCE_ID\"\n  )\nJOIN\n  \"LOCATION\" ON (\n   \"INSTANCE_LOCATION\".\"LOCATION_ID\" = \"LOCATION\".\"LOCATION_ID\"\n  )\nJOIN\n  FORM ON (\n    \"INSTANCE\".\"FORM_ID\" = \"FORM\".\"FORM_ID\"\n)\nJOIN \"ANSWER_DOK_NR\" ON (\n    \"INSTANCE\".\"INSTANCE_ID\" = \"ANSWER_DOK_NR\".\"INSTANCE_ID\"\n)\nLEFT JOIN\n  \"ANSWER\" \"ANSWER_PETITION\" ON (\n    \"INSTANCE\".\"INSTANCE_ID\" = \"ANSWER_PETITION\".\"INSTANCE_ID\"\n    AND\n    \"ANSWER_PETITION\".\"QUESTION_ID\" = 23\n    AND\n    \"ANSWER_PETITION\".\"CHAPTER_ID\" = 1\n    AND\n    \"ANSWER_PETITION\".\"ITEM\" = 1\n  )\nLEFT JOIN\n  \"ANSWER\" \"ANSWER_CITY\" ON (\n    \"INSTANCE\".\"INSTANCE_ID\" = \"ANSWER_CITY\".\"INSTANCE_ID\"\n    AND\n    \"ANSWER_CITY\".\"QUESTION_ID\" = 63\n    AND\n    \"ANSWER_CITY\".\"CHAPTER_ID\" = 1\n    AND\n    \"ANSWER_CITY\".\"ITEM\" = 1\n  )\nJOIN\n  \"CIRCULATION\" ON (\n    \"CIRCULATION\".\"INSTANCE_ID\" = \"INSTANCE\".\"INSTANCE_ID\"\n  )\nJOIN\n  \"INSTANCE_STATE\" ON (\n  \"INSTANCE_STATE\".\"INSTANCE_STATE_ID\" = \"INSTANCE\".\"INSTANCE_STATE_ID\"\n)\nJOIN\n  \"ACTIVATION\" ON (\n    \"ACTIVATION\".\"CIRCULATION_ID\" = \"CIRCULATION\".\"CIRCULATION_ID\"\n    AND\n    \"ACTIVATION\".\"SERVICE_ID\" = [SERVICE_ID]\n  )\n  ORDER BY DOSSIER_NR\n  "
    }
  },
  {
    "model": "core.rlistcolumn",
    "pk": 204,
    "fields": {
      "resource": 122,
      "column_name": "INSTANCE_ID",
      "alias": "INSTANCE_ID",
      "sort": 0
    }
  },
  {
    "model": "core.rlistcolumn",
    "pk": 205,
    "fields": {
      "resource": 122,
      "column_name": "DOSSIER_NR",
      "alias": "Dossier-Nr.",
      "sort": 1
    }
  },
  {
    "model": "core.rlistcolumn",
    "pk": 206,
    "fields": {
      "resource": 122,
      "column_name": "FORM",
      "alias": "Verfahren",
      "sort": 2
    }
  },
  {
    "model": "core.rlistcolumn",
    "pk": 207,
    "fields": {
      "resource": 122,
      "column_name": "DEADLINE",
      "alias": "Frist",
      "sort": 3
    }
  },
  {
    "model": "core.rlistcolumn",
    "pk": 208,
    "fields": {
      "resource": 122,
      "column_name": "COMMUNITY",
      "alias": "Gemeinde",
      "sort": 4
    }
  },
  {
    "model": "core.rlistcolumn",
    "pk": 209,
    "fields": {
      "resource": 122,
      "column_name": "INTENT",
      "alias": "Vorhaben",
      "sort": 5
    }
  },
  {
    "model": "core.rlistcolumn",
    "pk": 210,
    "fields": {
      "resource": 122,
      "column_name": "CITY",
      "alias": "Strasse/Flurname",
      "sort": 6
    }
  },
  {
    "model": "core.rlistcolumn",
    "pk": 211,
    "fields": {
      "resource": 122,
      "column_name": "STATE",
      "alias": "Status",
      "sort": 7
    }
  },
  {
    "model": "core.rlistcolumn",
    "pk": 212,
    "fields": {
      "resource": 122,
      "column_name": "REASON",
      "alias": "Grund",
      "sort": 8
    }
  },
  {
    "model": "core.rpage",
    "pk": 22,
    "fields": {
      "pdf_class": null
    }
  },
  {
    "model": "core.rpage",
    "pk": 251,
    "fields": {
      "pdf_class": null
    }
  },
  {
    "model": "core.rpage",
    "pk": 20000,
    "fields": {
      "pdf_class": null
    }
  },
  {
    "model": "core.rroleacl",
    "pk": 2,
    "fields": {
      "resource": 42,
      "role": 1101
    }
  },
  {
    "model": "core.rroleacl",
    "pk": 3,
    "fields": {
      "resource": 266,
      "role": 3
    }
  },
  {
    "model": "core.rroleacl",
    "pk": 4,
    "fields": {
      "resource": 22,
      "role": 3
    }
  },
  {
    "model": "core.rroleacl",
    "pk": 5,
    "fields": {
      "resource": 22,
      "role": 6
    }
  },
  {
    "model": "core.rroleacl",
    "pk": 6,
    "fields": {
      "resource": 22,
      "role": 1061
    }
  },
  {
    "model": "core.rroleacl",
    "pk": 7,
    "fields": {
      "resource": 287,
      "role": 1106
    }
  },
  {
    "model": "core.rroleacl",
    "pk": 8,
    "fields": {
      "resource": 22,
      "role": 1127
    }
  },
  {
    "model": "core.rroleacl",
    "pk": 9,
    "fields": {
      "resource": 266,
      "role": 1101
    }
  },
  {
    "model": "core.rroleacl",
    "pk": 10,
    "fields": {
      "resource": 303,
      "role": 4
    }
  },
  {
    "model": "core.rroleacl",
    "pk": 11,
    "fields": {
      "resource": 302,
      "role": 4
    }
  },
  {
    "model": "core.rroleacl",
    "pk": 12,
    "fields": {
      "resource": 42,
      "role": 3
    }
  },
  {
    "model": "core.rroleacl",
    "pk": 13,
    "fields": {
      "resource": 42,
      "role": 4
    }
  },
  {
    "model": "core.rroleacl",
    "pk": 14,
    "fields": {
      "resource": 42,
      "role": 1021
    }
  },
  {
    "model": "core.rroleacl",
    "pk": 15,
    "fields": {
      "resource": 42,
      "role": 1061
    }
  },
  {
    "model": "core.rroleacl",
    "pk": 16,
    "fields": {
      "resource": 287,
      "role": 1128
    }
  },
  {
    "model": "core.rroleacl",
    "pk": 17,
    "fields": {
      "resource": 302,
      "role": 1102
    }
  },
  {
    "model": "core.rroleacl",
    "pk": 18,
    "fields": {
      "resource": 296,
      "role": 1107
    }
  },
  {
    "model": "core.rroleacl",
    "pk": 19,
    "fields": {
      "resource": 102,
      "role": 6
    }
  },
  {
    "model": "core.rroleacl",
    "pk": 20,
    "fields": {
      "resource": 102,
      "role": 7
    }
  },
  {
    "model": "core.rroleacl",
    "pk": 21,
    "fields": {
      "resource": 288,
      "role": 1061
    }
  },
  {
    "model": "core.rroleacl",
    "pk": 22,
    "fields": {
      "resource": 287,
      "role": 1107
    }
  },
  {
    "model": "core.rroleacl",
    "pk": 23,
    "fields": {
      "resource": 42,
      "role": 7
    }
  },
  {
    "model": "core.rroleacl",
    "pk": 24,
    "fields": {
      "resource": 42,
      "role": 6
    }
  },
  {
    "model": "core.rroleacl",
    "pk": 25,
    "fields": {
      "resource": 22,
      "role": 1101
    }
  },
  {
    "model": "core.rroleacl",
    "pk": 26,
    "fields": {
      "resource": 266,
      "role": 1061
    }
  },
  {
    "model": "core.rroleacl",
    "pk": 27,
    "fields": {
      "resource": 298,
      "role": 1128
    }
  },
  {
    "model": "core.rroleacl",
    "pk": 28,
    "fields": {
      "resource": 289,
      "role": 1106
    }
  },
  {
    "model": "core.rroleacl",
    "pk": 30,
    "fields": {
      "resource": 287,
      "role": 1127
    }
  },
  {
    "model": "core.rroleacl",
    "pk": 32,
    "fields": {
      "resource": 42,
      "role": 1106
    }
  },
  {
    "model": "core.rroleacl",
    "pk": 33,
    "fields": {
      "resource": 22,
      "role": 1128
    }
  },
  {
    "model": "core.rroleacl",
    "pk": 35,
    "fields": {
      "resource": 251,
      "role": 1103
    }
  },
  {
    "model": "core.rroleacl",
    "pk": 36,
    "fields": {
      "resource": 295,
      "role": 1101
    }
  },
  {
    "model": "core.rroleacl",
    "pk": 37,
    "fields": {
      "resource": 301,
      "role": 7
    }
  },
  {
    "model": "core.rroleacl",
    "pk": 38,
    "fields": {
      "resource": 301,
      "role": 6
    }
  },
  {
    "model": "core.rroleacl",
    "pk": 39,
    "fields": {
      "resource": 287,
      "role": 1061
    }
  },
  {
    "model": "core.rroleacl",
    "pk": 40,
    "fields": {
      "resource": 266,
      "role": 1128
    }
  },
  {
    "model": "core.rroleacl",
    "pk": 41,
    "fields": {
      "resource": 266,
      "role": 1127
    }
  },
  {
    "model": "core.rroleacl",
    "pk": 42,
    "fields": {
      "resource": 295,
      "role": 3
    }
  },
  {
    "model": "core.rroleacl",
    "pk": 44,
    "fields": {
      "resource": 42,
      "role": 1104
    }
  },
  {
    "model": "core.rroleacl",
    "pk": 45,
    "fields": {
      "resource": 266,
      "role": 1106
    }
  },
  {
    "model": "core.rroleacl",
    "pk": 46,
    "fields": {
      "resource": 287,
      "role": 3
    }
  },
  {
    "model": "core.rroleacl",
    "pk": 47,
    "fields": {
      "resource": 266,
      "role": 1107
    }
  },
  {
    "model": "core.rroleacl",
    "pk": 48,
    "fields": {
      "resource": 42,
      "role": 1128
    }
  },
  {
    "model": "core.rroleacl",
    "pk": 49,
    "fields": {
      "resource": 22,
      "role": 1106
    }
  },
  {
    "model": "core.rroleacl",
    "pk": 50,
    "fields": {
      "resource": 287,
      "role": 1101
    }
  },
  {
    "model": "core.rroleacl",
    "pk": 51,
    "fields": {
      "resource": 267,
      "role": 3
    }
  },
  {
    "model": "core.rroleacl",
    "pk": 52,
    "fields": {
      "resource": 297,
      "role": 1127
    }
  },
  {
    "model": "core.rroleacl",
    "pk": 53,
    "fields": {
      "resource": 42,
      "role": 1105
    }
  },
  {
    "model": "core.rroleacl",
    "pk": 54,
    "fields": {
      "resource": 42,
      "role": 1127
    }
  },
  {
    "model": "core.rroleacl",
    "pk": 55,
    "fields": {
      "resource": 22,
      "role": 1107
    }
  },
  {
    "model": "core.rroleacl",
    "pk": 57,
    "fields": {
      "resource": 42,
      "role": 1107
    }
  },
  {
    "model": "core.rroleacl",
    "pk": 58,
    "fields": {
      "resource": 264,
      "role": 1101
    }
  },
  {
    "model": "core.rroleacl",
    "pk": 59,
    "fields": {
      "resource": 294,
      "role": 3
    }
  },
  {
    "model": "core.rroleacl",
    "pk": 60,
    "fields": {
      "resource": 300,
      "role": 6
    }
  },
  {
    "model": "core.rroleacl",
    "pk": 61,
    "fields": {
      "resource": 304,
      "role": 4
    }
  },
  {
    "model": "core.rroleacl",
    "pk": 62,
    "fields": {
      "resource": 306,
      "role": 6
    }
  },
  {
    "model": "core.rroleacl",
    "pk": 63,
    "fields": {
      "resource": 302,
      "role": 1021
    }
  },
  {
    "model": "core.rroleacl",
    "pk": 64,
    "fields": {
      "resource": 305,
      "role": 4
    }
  },
  {
    "model": "core.rroleacl",
    "pk": 65,
    "fields": {
      "resource": 307,
      "role": 1105
    }
  },
  {
    "model": "core.rroleacl",
    "pk": 66,
    "fields": {
      "resource": 309,
      "role": 1081
    }
  },
  {
    "model": "core.rroleacl",
    "pk": 67,
    "fields": {
      "resource": 310,
      "role": 1081
    }
  },
  {
    "model": "core.rroleacl",
    "pk": 68,
    "fields": {
      "resource": 295,
      "role": 1061
    }
  },
  {
    "model": "core.rroleacl",
    "pk": 69,
    "fields": {
      "resource": 312,
      "role": 1101
    }
  },
  {
    "model": "core.rroleacl",
    "pk": 71,
    "fields": {
      "resource": 312,
      "role": 1127
    }
  },
  {
    "model": "core.rroleacl",
    "pk": 72,
    "fields": {
      "resource": 312,
      "role": 1128
    }
  },
  {
    "model": "core.rroleacl",
    "pk": 73,
    "fields": {
      "resource": 312,
      "role": 1107
    }
  },
  {
    "model": "core.rroleacl",
    "pk": 74,
    "fields": {
      "resource": 312,
      "role": 1061
    }
  },
  {
    "model": "core.rroleacl",
    "pk": 75,
    "fields": {
      "resource": 312,
      "role": 1106
    }
  },
  {
    "model": "core.rroleacl",
    "pk": 76,
    "fields": {
      "resource": 312,
      "role": 3
    }
  },
  {
    "model": "core.rroleacl",
    "pk": 77,
    "fields": {
      "resource": 298,
      "role": 1129
    }
  },
  {
    "model": "core.rroleacl",
    "pk": 78,
    "fields": {
      "resource": 22,
      "role": 1129
    }
  },
  {
    "model": "core.rroleacl",
    "pk": 79,
    "fields": {
      "resource": 266,
      "role": 1129
    }
  },
  {
    "model": "core.rroleacl",
    "pk": 80,
    "fields": {
      "resource": 287,
      "role": 1129
    }
  },
  {
    "model": "core.rroleacl",
    "pk": 81,
    "fields": {
      "resource": 42,
      "role": 1129
    }
  },
  {
    "model": "core.rroleacl",
    "pk": 82,
    "fields": {
      "resource": 295,
      "role": 1127
    }
  },
  {
    "model": "core.rroleacl",
    "pk": 86,
    "fields": {
      "resource": 22,
      "role": 1130
    }
  },
  {
    "model": "core.rroleacl",
    "pk": 88,
    "fields": {
      "resource": 102,
      "role": 1130
    }
  },
  {
    "model": "core.rroleacl",
    "pk": 89,
    "fields": {
      "resource": 287,
      "role": 1130
    }
  },
  {
    "model": "core.rroleacl",
    "pk": 91,
    "fields": {
      "resource": 42,
      "role": 1130
    }
  },
  {
    "model": "core.rroleacl",
    "pk": 92,
    "fields": {
      "resource": 316,
      "role": 1130
    }
  },
  {
    "model": "core.rroleacl",
    "pk": 93,
    "fields": {
      "resource": 306,
      "role": 1130
    }
  },
  {
    "model": "core.rroleacl",
    "pk": 94,
    "fields": {
      "resource": 314,
      "role": 6
    }
  },
  {
    "model": "core.rroleacl",
    "pk": 95,
    "fields": {
      "resource": 314,
      "role": 7
    }
  },
  {
    "model": "core.rroleacl",
    "pk": 96,
    "fields": {
      "resource": 317,
      "role": 1104
    }
  },
  {
    "model": "core.rroleacl",
    "pk": 20000,
    "fields": {
      "resource": 20000,
      "role": 1131
    }
  },
  {
    "model": "core.rroleacl",
    "pk": 20001,
    "fields": {
      "resource": 318,
      "role": 1102
    }
  },
  {
    "model": "core.rroleacl",
    "pk": 20002,
    "fields": {
      "resource": 318,
      "role": 1130
    }
  },
  {
    "model": "core.rroleacl",
    "pk": 20003,
    "fields": {
      "resource": 318,
      "role": 1104
    }
  },
  {
    "model": "core.rroleacl",
    "pk": 20004,
    "fields": {
      "resource": 318,
      "role": 6
    }
  },
  {
    "model": "core.rroleacl",
    "pk": 20005,
    "fields": {
      "resource": 318,
      "role": 4
    }
  },
  {
    "model": "core.rroleacl",
    "pk": 20006,
    "fields": {
      "resource": 318,
      "role": 1021
    }
  },
  {
    "model": "core.rroleacl",
    "pk": 130000,
    "fields": {
      "resource": 318,
      "role": 1101
    }
  },
  {
    "model": "core.rroleacl",
    "pk": 130001,
    "fields": {
      "resource": 318,
      "role": 3
    }
  },
  {
    "model": "core.rroleacl",
    "pk": 130002,
    "fields": {
      "resource": 318,
      "role": 1127
    }
  },
  {
    "model": "core.rroleacl",
    "pk": 130003,
    "fields": {
      "resource": 318,
      "role": 1128
    }
  },
  {
    "model": "core.rroleacl",
    "pk": 130004,
    "fields": {
      "resource": 318,
      "role": 1107
    }
  },
  {
    "model": "core.rroleacl",
    "pk": 130005,
    "fields": {
      "resource": 318,
      "role": 1061
    }
  },
  {
    "model": "core.rroleacl",
    "pk": 130006,
    "fields": {
      "resource": 318,
      "role": 1129
    }
  },
  {
    "model": "core.rroleacl",
    "pk": 130007,
    "fields": {
      "resource": 318,
      "role": 1106
    }
  },
  {
    "model": "core.rroleacl",
    "pk": 12000000,
    "fields": {
      "resource": 12000000,
      "role": 6
    }
  },
  {
    "model": "core.rroleacl",
    "pk": 12000001,
    "fields": {
      "resource": 42,
      "role": 1131
    }
  },
  {
    "model": "core.rsearch",
    "pk": 42,
    "fields": {
      "result_template": null,
      "query": "SELECT  DISTINCT\r\n  \"INSTANCE\".\"INSTANCE_ID\",\r\n  \"DOSSIERNR\".\"ANSWER\" as \"DOSSIER_NR\",\r\n  \"FORM\".\"NAME\"        as \"FORM\",\r\n  \"LOCATION\".\"NAME\"    as \"COMMUNITY\",\r\n  \"USER\".\"USERNAME\"        AS \"USER\",\r\n  \"APPLICANT_VIEW\".\"APPLICANT\",\r\n  (SELECT STRING_AGG(\"NAME\", ', ' ORDER BY \"NAME\")\r\n    FROM \"INTENTIONS\" WHERE \"INSTANCE_ID\" = \"INSTANCE\".\"INSTANCE_ID\") AS \"INTENT\",\r\n  (SELECT STRING_AGG(\"NAME\", ', ' ORDER BY \"NAME\")\r\n    FROM \"SANCTION\"\r\n    JOIN \"SERVICE\" ON (\r\n      \"SANCTION\".\"SERVICE_ID\" = \"SERVICE\".\"SERVICE_ID\"\r\n    )\r\n    WHERE \"SANCTION\".\"INSTANCE_ID\" = \"INSTANCE\".\"INSTANCE_ID\"\r\n  ) AS \"SANCTION\",\r\n  CASE\r\n    WHEN \"ANSWER_STREET_BG\".\"ANSWER\" IS NOT NULL THEN \"ANSWER_STREET_BG\".\"ANSWER\"\r\n    WHEN \"ANSWER_STREET_NP\".\"ANSWER\" IS NOT NULL THEN \"ANSWER_STREET_NP\".\"ANSWER\"\r\n    WHEN \"ANSWER_STREET_247\".\"ANSWER\" IS NOT NULL THEN \"ANSWER_STREET_247\".\"ANSWER\"\r\n  END AS \"STREET\",\r\n  \"GET_INST_STATE_NAME_BY_ID\"(\"INSTANCE\".\"INSTANCE_STATE_ID\") AS \"STATE\",\r\n  \"INSTANCE_STATE_DESCRIPTION\".\"DESCRIPTION\"    AS \"STATE_DESCRIPTION\"\r\nFROM \"INSTANCE\"\r\nLEFT JOIN \"APPLICANT_VIEW\" ON (\r\n    \"INSTANCE\".\"INSTANCE_ID\" = \"APPLICANT_VIEW\".\"INSTANCE_ID\"\r\n)\r\nJOIN \"INSTANCE_LOCATION\" ON (\r\n    \"INSTANCE\".\"INSTANCE_ID\" = \"INSTANCE_LOCATION\".\"INSTANCE_ID\"\r\n)\r\nJOIN \"LOCATION\" ON (\r\n    \"INSTANCE_LOCATION\".\"LOCATION_ID\" = \"LOCATION\".\"LOCATION_ID\"\r\n)\r\nLEFT JOIN \"ANSWER\"  \"DOSSIERNR\" ON (\r\n    \"DOSSIERNR\".\"INSTANCE_ID\" = \"INSTANCE\".\"INSTANCE_ID\"\r\n    AND\r\n    \"DOSSIERNR\".\"QUESTION_ID\" = 6\r\n    AND\r\n    \"DOSSIERNR\".\"CHAPTER_ID\" = 2\r\n    AND\r\n    \"DOSSIERNR\".\"ITEM\" = 1\r\n  )\r\nLEFT JOIN \"ANSWER\" \"ANSWER_INTENT\" ON (\r\n    \"INSTANCE\".\"INSTANCE_ID\" = \"ANSWER_INTENT\".\"INSTANCE_ID\"\r\n    AND\r\n    \"ANSWER_INTENT\".\"QUESTION_ID\" = 97\r\n    AND\r\n    \"ANSWER_INTENT\".\"CHAPTER_ID\" = 21\r\n    AND\r\n    \"ANSWER_INTENT\".\"ITEM\" = 1\r\n  )\r\n\r\nLEFT JOIN \"ANSWER_STREET_BG\" ON (\r\n    \"INSTANCE\".\"INSTANCE_ID\" = \"ANSWER_STREET_BG\".\"INSTANCE_ID\"\r\n  )\r\n\r\nLEFT JOIN \"ANSWER_STREET_NP\" ON (\r\n    \"INSTANCE\".\"INSTANCE_ID\" = \"ANSWER_STREET_NP\".\"INSTANCE_ID\"\r\n  )\r\nLEFT JOIN \"ANSWER_STREET_247\" ON (\r\n    \"INSTANCE\".\"INSTANCE_ID\" = \"ANSWER_STREET_247\".\"INSTANCE_ID\"\r\n  )\r\njoin \"FORM\" ON (\r\n  \"INSTANCE\".\"FORM_ID\" = \"FORM\".\"FORM_ID\"\r\n)\r\nJOIN \"USER\" ON (\r\n    \"INSTANCE\".\"USER_ID\" = \"USER\".\"USER_ID\"\r\n)\r\nLEFT JOIN \"INSTANCE_STATE_DESCRIPTION\" ON (\r\n    \"INSTANCE_STATE_DESCRIPTION\".\"INSTANCE_STATE_ID\" = \"INSTANCE\".\"INSTANCE_STATE_ID\"\r\n  )\r\nLEFT JOIN \"ANSWER\"  \"PARCEL_NR\" ON (\r\n  \"INSTANCE\".\"INSTANCE_ID\" = \"PARCEL_NR\".\"INSTANCE_ID\"\r\n  AND \"PARCEL_NR\".\"QUESTION_ID\" = 91 AND \"PARCEL_NR\".\"CHAPTER_ID\" = 21 AND \"PARCEL_NR\".\"ITEM\" = 1\r\n  )\r\nJOIN \"FORM_GROUP_FORM\" ON (\r\n  \"FORM_GROUP_FORM\".\"FORM_ID\" = \"INSTANCE\".\"FORM_ID\"\r\n)\r\nleft JOIN \"GROUP_LOCATION\" ON (\r\n     \"GROUP_LOCATION\".\"GROUP_ID\" = [GROUP_ID]\r\n  )\r\nLEFT JOIN \"CIRCULATION\" ON (\r\n  \"CIRCULATION\".\"INSTANCE_ID\" = \"INSTANCE\".\"INSTANCE_ID\"\r\n)\r\n\r\nLEFT JOIN \"ACTIVATION\" ON (\r\n  \"ACTIVATION\".\"CIRCULATION_ID\" = \"CIRCULATION\".\"CIRCULATION_ID\"\r\n)\r\nLEFT JOIN \"SANCTION\" ON (\r\n  \"SANCTION\".\"INSTANCE_ID\" = \"INSTANCE\".\"INSTANCE_ID\"\r\n)\r\nWHERE \"INSTANCE\".\"INSTANCE_STATE_ID\" != 28\r\nAND (\r\n    ([ROLE_ID] = 3 AND (\"FORM_GROUP_FORM\".\"FORM_GROUP_ID\" = 30 OR \"FORM_GROUP_FORM\".\"FORM_ID\" = 293))\r\n  OR\r\n    ([ROLE_ID] IN (7, 6, 1104) AND \"GROUP_LOCATION\".\"LOCATION_ID\" = \"INSTANCE_LOCATION\".\"LOCATION_ID\")\r\n  OR\r\n    (\"FORM_GROUP_FORM\".\"FORM_ID\" != 293\r\n      AND (\r\n          ([ROLE_ID] = 1061 AND \"FORM_GROUP_FORM\".\"FORM_GROUP_ID\" = 141)\r\n        OR\r\n          ([ROLE_ID] = 1101 AND \"FORM_GROUP_FORM\".\"FORM_GROUP_ID\" = 241)\r\n        OR\r\n          ([ROLE_ID] = 1105 AND \"GROUP_LOCATION\".\"LOCATION_ID\" = \"INSTANCE_LOCATION\".\"LOCATION_ID\" AND \"FORM_GROUP_FORM\".\"FORM_GROUP_ID\" = 253)\r\n        OR\r\n          ([ROLE_ID] NOT IN (3, 1061, 6, 7, 1105, 1104))\r\n\t  )\r\n\t)\r\n)",
      "pdf_class": null,
      "preserve_result": 1
    }
  },
  {
    "model": "core.rsearch",
    "pk": 102,
    "fields": {
      "result_template": "",
      "query": "select  distinct\n  \"INSTANCE\".\"INSTANCE_ID\",\n  \"DOSSIERNR\".\"ANSWER\" as \"DOSSIER_NR\",\n  \"FORM\".\"NAME\"        as \"FORM\",\n  \"LOCATION\".\"NAME\"    as \"COMMUNITY\",\n  \"USER\".\"USERNAME\"        AS \"USER\",\n  CASE WHEN\n      \"ANSWER_COMPANY\".\"ANSWER\" IS NOT NULL \n    THEN \"ANSWER_COMPANY\".\"ANSWER\"\n    ELSE \"ANSWER_APPLICANT\".\"ANSWER\"\n  END AS \"PETITION\",\n  (SELECT STRING_AGG(\"NAME\", ', ' ORDER BY \"NAME\") \n    FROM \"INTENTIONS\" WHERE \"INSTANCE_ID\" = \"INSTANCE\".\"INSTANCE_ID\") AS \"INTENT\",\n  CASE\n    WHEN \"ANSWER_STREET_BG\".\"ANSWER\" IS NOT NULL THEN \"ANSWER_STREET_BG\".\"ANSWER\"\n    WHEN \"ANSWER_STREET_NP\".\"ANSWER\" IS NOT NULL THEN \"ANSWER_STREET_NP\".\"ANSWER\"\n  END AS \"STREET\",\n  GET_STATE_NAME_BY_ID(\"INSTANCE\".\"INSTANCE_STATE_ID\") AS \"STATE\",\n  \"INSTANCE_STATE_DESCRIPTION\".\"DESCRIPTION\"    AS \"STATE_DESCRIPTION\"\n\n\n  \nFROM \"INSTANCE\"\n\nJOIN \"INSTANCE_LOCATION\" ON (\n    \"INSTANCE\".\"INSTANCE_ID\" = \"INSTANCE_LOCATION\".\"INSTANCE_ID\"\n)\n\nJOIN \"LOCATION\" ON (\n    \"INSTANCE_LOCATION\".\"LOCATION_ID\" = \"LOCATION\".\"LOCATION_ID\"\n)\n\nLEFT JOIN \"ANSWER\"  \"DOSSIERNR\" ON (\n    \"DOSSIERNR\".\"INSTANCE_ID\" = \"INSTANCE\".\"INSTANCE_ID\"\n    AND\n    \"DOSSIERNR\".\"QUESTION_ID\" = 6\n    AND\n    \"DOSSIERNR\".\"CHAPTER_ID\" = 2\n    AND\n    \"DOSSIERNR\".\"ITEM\" = 1\n  )\nLEFT JOIN \"ANSWER\" \"ANSWER_APPLICANT\" ON (\n    \"INSTANCE\".\"INSTANCE_ID\" = \"ANSWER_APPLICANT\".\"INSTANCE_ID\"\n    AND\n    \"ANSWER_APPLICANT\".\"QUESTION_ID\" = 23\n    AND\n    \"ANSWER_APPLICANT\".\"CHAPTER_ID\" = 1\n    AND\n    \"ANSWER_APPLICANT\".\"ITEM\" = 1\n  )\nLEFT JOIN \"ANSWER\" \"ANSWER_INTENT\" ON (\n    \"INSTANCE\".\"INSTANCE_ID\" = \"ANSWER_INTENT\".\"INSTANCE_ID\"\n    AND\n    \"ANSWER_INTENT\".\"QUESTION_ID\" = 97\n    AND\n    \"ANSWER_INTENT\".\"CHAPTER_ID\" = 21\n    AND\n    \"ANSWER_INTENT\".\"ITEM\" = 1\n  )\nLEFT JOIN \"ANSWER\" \"ANSWER_COMPANY\" ON (\n    \"INSTANCE\".\"INSTANCE_ID\" = \"ANSWER_COMPANY\".\"INSTANCE_ID\"\n    AND\n    \"ANSWER_COMPANY\".\"QUESTION_ID\" = 221\n    AND\n    \"ANSWER_COMPANY\".\"CHAPTER_ID\" = 1\n    AND\n    \"ANSWER_COMPANY\".\"ITEM\" = 1\n  )\nLEFT JOIN \"ANSWER\" \"ANSWER_STREET_BG\" ON (\n    \"INSTANCE\".\"INSTANCE_ID\" = \"ANSWER_STREET_BG\".\"INSTANCE_ID\"\n    AND\n    \"ANSWER_STREET_BG\".\"QUESTION_ID\" = 93\n    AND\n    \"ANSWER_STREET_BG\".\"CHAPTER_ID\" = 21\n    AND\n    \"ANSWER_STREET_BG\".\"ITEM\" = 1\n  )\nLEFT JOIN \"ANSWER\" \"ANSWER_STREET_NP\" ON (\n    \"INSTANCE\".\"INSTANCE_ID\" = \"ANSWER_STREET_NP\".\"INSTANCE_ID\"\n    AND\n    \"ANSWER_STREET_NP\".\"QUESTION_ID\" = 93\n    AND\n    \"ANSWER_STREET_NP\".\"CHAPTER_ID\" = 101\n    AND\n    \"ANSWER_STREET_NP\".\"ITEM\" = 1\n  )\n\n\n\njoin \"FORM\" ON (\n  \"INSTANCE\".\"FORM_ID\" = \"FORM\".\"FORM_ID\"\n)\n\nJOIN \"USER\" ON (\n    \"INSTANCE\".\"USER_ID\" = \"USER\".\"USER_ID\"\n)\n\nLEFT JOIN \"INSTANCE_STATE_DESCRIPTION\" ON (\n    \"INSTANCE_STATE_DESCRIPTION\".\"INSTANCE_STATE_ID\" = \"INSTANCE\".\"INSTANCE_STATE_ID\"\n  )\n\nLEFT JOIN \"ANSWER\"  \"PARCEL_NR\" ON ( \n  \"INSTANCE\".\"INSTANCE_ID\" = \"PARCEL_NR\".\"INSTANCE_ID\" AND \"PARCEL_NR\".\"QUESTION_ID\" = 91 AND \"PARCEL_NR\".\"CHAPTER_ID\" = 21 AND \"PARCEL_NR\".\"ITEM\" = 1\n  )\n\nJOIN \"FORM_GROUP_FORM\" ON (\n  \"FORM_GROUP_FORM\".\"FORM_ID\" = \"INSTANCE\".\"FORM_ID\"\n)\n\nJOIN\n  \"GROUP_LOCATION\" ON (\n     \"GROUP_LOCATION\".\"GROUP_ID\" = [GROUP_ID]\n  )\n\nWHERE\n  (([ROLE_ID] = 3 AND \"FORM_GROUP_FORM\".\"FORM_GROUP_ID\" = 30)\n  OR\n  ([ROLE_ID] = 1061 AND \"FORM_GROUP_FORM\".\"FORM_GROUP_ID\" = 141)\n  OR (\n    ([ROLE_ID] = 7 OR [ROLE_ID] = 6) AND \n    \"GROUP_LOCATION\".\"LOCATION_ID\" = \"INSTANCE_LOCATION\".\"LOCATION_ID\"\n  )\n  OR\n  ([ROLE_ID] NOT IN (3, 1061, 7, 6)))",
      "pdf_class": "",
      "preserve_result": 0
    }
  },
  {
    "model": "core.rsearchcolumn",
    "pk": 1,
    "fields": {
      "resource": 42,
      "column_name": "INSTANCE_ID",
      "alias": "ID",
      "sort": 0
    }
  },
  {
    "model": "core.rsearchcolumn",
    "pk": 2,
    "fields": {
      "resource": 42,
      "column_name": "DOSSIER_NR",
      "alias": "Dossier-Nr.",
      "sort": 1
    }
  },
  {
    "model": "core.rsearchcolumn",
    "pk": 3,
    "fields": {
      "resource": 42,
      "column_name": "FORM",
      "alias": "Verfahren",
      "sort": 2
    }
  },
  {
    "model": "core.rsearchcolumn",
    "pk": 4,
    "fields": {
      "resource": 42,
      "column_name": "COMMUNITY",
      "alias": "Gemeinde",
      "sort": 3
    }
  },
  {
    "model": "core.rsearchcolumn",
    "pk": 5,
    "fields": {
      "resource": 42,
      "column_name": "USER",
      "alias": "Ersteller",
      "sort": 4
    }
  },
  {
    "model": "core.rsearchcolumn",
    "pk": 22,
    "fields": {
      "resource": 42,
      "column_name": "INTENT",
      "alias": "Vorhaben",
      "sort": 6
    }
  },
  {
    "model": "core.rsearchcolumn",
    "pk": 41,
    "fields": {
      "resource": 102,
      "column_name": "INSTANCE_ID",
      "alias": "ID",
      "sort": 0
    }
  },
  {
    "model": "core.rsearchcolumn",
    "pk": 42,
    "fields": {
      "resource": 102,
      "column_name": "DOSSIER_NR",
      "alias": "Dossier-Nr.",
      "sort": 1
    }
  },
  {
    "model": "core.rsearchcolumn",
    "pk": 43,
    "fields": {
      "resource": 102,
      "column_name": "FORM",
      "alias": "Verfahren",
      "sort": 2
    }
  },
  {
    "model": "core.rsearchcolumn",
    "pk": 45,
    "fields": {
      "resource": 102,
      "column_name": "USER",
      "alias": "Ersteller",
      "sort": 4
    }
  },
  {
    "model": "core.rsearchcolumn",
    "pk": 46,
    "fields": {
      "resource": 102,
      "column_name": "PETITION",
      "alias": "Gesuchsteller",
      "sort": 5
    }
  },
  {
    "model": "core.rsearchcolumn",
    "pk": 47,
    "fields": {
      "resource": 102,
      "column_name": "INTENT",
      "alias": "Vorhaben",
      "sort": 6
    }
  },
  {
    "model": "core.rsearchcolumn",
    "pk": 61,
    "fields": {
      "resource": 42,
      "column_name": "STATE",
      "alias": "Status",
      "sort": 9
    }
  },
  {
    "model": "core.rsearchcolumn",
    "pk": 62,
    "fields": {
      "resource": 42,
      "column_name": "STATE_DESCRIPTION",
      "alias": "Statusbeschreibung",
      "sort": 10
    }
  },
  {
    "model": "core.rsearchcolumn",
    "pk": 63,
    "fields": {
      "resource": 102,
      "column_name": "STATE",
      "alias": "Status",
      "sort": 8
    }
  },
  {
    "model": "core.rsearchcolumn",
    "pk": 64,
    "fields": {
      "resource": 102,
      "column_name": "STATE_DESCRIPTION",
      "alias": "Statusbeschreibung",
      "sort": 9
    }
  },
  {
    "model": "core.rsearchcolumn",
    "pk": 81,
    "fields": {
      "resource": 102,
      "column_name": "STREET",
      "alias": "Strasse / Flurname",
      "sort": 7
    }
  },
  {
    "model": "core.rsearchcolumn",
    "pk": 82,
    "fields": {
      "resource": 42,
      "column_name": "STREET",
      "alias": "Strasse / Flurname",
      "sort": 8
    }
  },
  {
    "model": "core.rsearchcolumn",
    "pk": 121,
    "fields": {
      "resource": 102,
      "column_name": "COMMUNITY",
      "alias": "Gemeinde",
      "sort": 3
    }
  },
  {
    "model": "core.rsearchcolumn",
    "pk": 122,
    "fields": {
      "resource": 42,
      "column_name": "APPLICANT",
      "alias": "Gesuchsteller",
      "sort": 5
    }
  },
  {
    "model": "core.rsearchcolumn",
    "pk": 124,
    "fields": {
      "resource": 42,
      "column_name": "SANCTION",
      "alias": "Offene Auflagen",
      "sort": 7
    }
  },
  {
    "model": "core.rsearchfilter",
    "pk": 1,
    "fields": {
      "resource": 42,
      "question": 6,
      "field_name": "dossiernumber",
      "label": "Dossiernummer",
      "query": "\"DOSSIERNR\".\"ANSWER\" = ?",
      "wildcard": 0,
      "class_field": ""
    }
  },
  {
    "model": "core.rsearchfilter",
    "pk": 2,
    "fields": {
      "resource": 42,
      "question": 2,
      "field_name": "community",
      "label": "Gemeinde",
      "query": "\"INSTANCE\".\"INSTANCE_ID\" IN (SELECT \"INSTANCE_LOCATION\".\"INSTANCE_ID\" FROM \"INSTANCE_LOCATION\" WHERE \"INSTANCE_LOCATION\".\"LOCATION_ID\" = ?)",
      "wildcard": 0,
      "class_field": null
    }
  },
  {
    "model": "core.rsearchfilter",
    "pk": 3,
    "fields": {
      "resource": 42,
      "question": 91,
      "field_name": "parcelnr",
      "label": "Parzellennummer",
      "query": "\"PARCEL_NR\".\"ANSWER\" LIKE ?",
      "wildcard": 3,
      "class_field": null
    }
  },
  {
    "model": "core.rsearchfilter",
    "pk": 4,
    "fields": {
      "resource": 42,
      "question": null,
      "field_name": "status",
      "label": "Status",
      "query": "\"INSTANCE\".\"INSTANCE_STATE_ID\" = \"GET_INST_STATE_ID_BY_NAME\"(?)",
      "wildcard": 0,
      "class_field": null
    }
  },
  {
    "model": "core.rsearchfilter",
    "pk": 5,
    "fields": {
      "resource": 42,
      "question": null,
      "field_name": "fulltext",
      "label": "Volltext",
      "query": "\"INSTANCE\".\"INSTANCE_ID\" IN (\r\n\r\n   SELECT\r\n\r\n      \"INSTANCE_ID\"\r\n\r\n    FROM\r\n\r\n      \"ANSWER\"\r\n\r\n    WHERE\r\n\r\n      lower(\"ANSWER\") LIKE lower(?)\r\n\r\n )",
      "wildcard": 3,
      "class_field": null
    }
  },
  {
    "model": "core.rsearchfilter",
    "pk": 21,
    "fields": {
      "resource": 42,
      "question": null,
      "field_name": "form",
      "label": "Verfahren",
      "query": "\"INSTANCE\".\"FORM_ID\" IN ( ?)",
      "wildcard": 0,
      "class_field": ""
    }
  },
  {
    "model": "core.rsearchfilter",
    "pk": 22,
    "fields": {
      "resource": 42,
      "question": null,
      "field_name": "creationfrom",
      "label": "Erstellung von",
      "query": "\"INSTANCE\".\"CREATION_DATE\" >= (TO_DATE(?, 'DD-MM-YY'))",
      "wildcard": 0,
      "class_field": "date"
    }
  },
  {
    "model": "core.rsearchfilter",
    "pk": 23,
    "fields": {
      "resource": 42,
      "question": null,
      "field_name": "creationtil",
      "label": "Erstellung bis",
      "query": "\"INSTANCE\".\"CREATION_DATE\" <= (TO_DATE(?, 'dd-mm-yy'))",
      "wildcard": 0,
      "class_field": "date"
    }
  },
  {
    "model": "core.rsearchfilter",
    "pk": 41,
    "fields": {
      "resource": 102,
      "question": null,
      "field_name": "creationfrom",
      "label": "Erstellung von",
      "query": "\"INSTANCE\".\"CREATION_DATE\" >= (TO_DATE(?, 'DD-MM-YY'))",
      "wildcard": 0,
      "class_field": "date"
    }
  },
  {
    "model": "core.rsearchfilter",
    "pk": 42,
    "fields": {
      "resource": 102,
      "question": null,
      "field_name": "creationtil",
      "label": "Erstellung bis",
      "query": "\"INSTANCE\".\"CREATION_DATE\" <= (TO_DATE(?, 'dd-mm-yy'))",
      "wildcard": 0,
      "class_field": "date"
    }
  },
  {
    "model": "core.rsearchfilter",
    "pk": 43,
    "fields": {
      "resource": 102,
      "question": null,
      "field_name": "dossiernumber",
      "label": "Dossiernummer",
      "query": "\"DOSSIERNR\".\"ANSWER\" = ?",
      "wildcard": 0,
      "class_field": ""
    }
  },
  {
    "model": "core.rsearchfilter",
    "pk": 44,
    "fields": {
      "resource": 102,
      "question": null,
      "field_name": "form",
      "label": "Verfahren",
      "query": "\"INSTANCE\".\"FORM_ID\" IN ( ?)",
      "wildcard": 0,
      "class_field": ""
    }
  },
  {
    "model": "core.rsearchfilter",
    "pk": 45,
    "fields": {
      "resource": 102,
      "question": null,
      "field_name": "fulltext",
      "label": "Volltext",
      "query": "\"INSTANCE\".\"INSTANCE_ID\" IN (\n\n   SELECT\n\n      INSTANCE_ID\n\n    FROM\n\n      ANSWER\n\n    WHERE\n\n      lower(ANSWER) LIKE lower(?)\n\n )",
      "wildcard": 3,
      "class_field": ""
    }
  },
  {
    "model": "core.rsearchfilter",
    "pk": 46,
    "fields": {
      "resource": 102,
      "question": null,
      "field_name": "parcelnr",
      "label": "Parzellennummer",
      "query": "PARCEL_NR.ANSWER = ?",
      "wildcard": 0,
      "class_field": ""
    }
  },
  {
    "model": "core.rsearchfilter",
    "pk": 47,
    "fields": {
      "resource": 102,
      "question": null,
      "field_name": "status",
      "label": "Status",
      "query": "\"INSTANCE\".\"INSTANCE_STATE_ID\" = get_inst_state_id_by_name(?)",
      "wildcard": 0,
      "class_field": ""
    }
  },
  {
    "model": "core.rsearchfilter",
    "pk": 81,
    "fields": {
      "resource": 42,
      "question": null,
      "field_name": "serviceid",
      "label": "Service",
      "query": "\"ACTIVATION\".\"SERVICE_ID\" = ?",
      "wildcard": 0,
      "class_field": ""
    }
  },
  {
    "model": "core.rsearchfilter",
    "pk": 82,
    "fields": {
      "resource": 42,
      "question": null,
      "field_name": "workflowoptions",
      "label": "Workflow",
      "query": "\"INSTANCE\".\"CREATION_DATE\" >= (TO_DATE('01-01-2017', 'DD-MM-YY')) AND (\r\n  ? = 'nachforderung' AND (\r\n    13 IN (SELECT \"WORKFLOW_ITEM_ID\" FROM \"WORKFLOW_ENTRY\" WHERE \"INSTANCE_ID\" = \"INSTANCE\".\"INSTANCE_ID\") AND\r\n    14 NOT IN (SELECT \"WORKFLOW_ITEM_ID\" FROM \"WORKFLOW_ENTRY\" WHERE \"INSTANCE_ID\" = \"INSTANCE\".\"INSTANCE_ID\")\r\n  )\r\n\r\n  OR ? = 'pendente_publikationen' AND (\r\n    1 IN (SELECT \"WORKFLOW_ITEM_ID\" FROM \"WORKFLOW_ENTRY\" WHERE \"INSTANCE_ID\" = \"INSTANCE\".\"INSTANCE_ID\") AND\r\n    15 NOT IN (SELECT \"WORKFLOW_ITEM_ID\" FROM \"WORKFLOW_ENTRY\" WHERE \"INSTANCE_ID\" = \"INSTANCE\".\"INSTANCE_ID\")\r\n  )\r\n\r\n  OR ? = 'einsprachen' AND (\r\n    21 IN (SELECT \"WORKFLOW_ITEM_ID\" FROM \"WORKFLOW_ENTRY\" WHERE \"INSTANCE_ID\" = \"INSTANCE\".\"INSTANCE_ID\") AND\r\n    15 IN (SELECT \"WORKFLOW_ITEM_ID\" FROM \"WORKFLOW_ENTRY\" WHERE \"INSTANCE_ID\" = \"INSTANCE\".\"INSTANCE_ID\")\r\n  )\r\n\r\n  OR ? = 'dossier_zum_freischalten' AND (\r\n    1 IN (SELECT \"WORKFLOW_ITEM_ID\" FROM \"WORKFLOW_ENTRY\" WHERE \"INSTANCE_ID\" = \"INSTANCE\".\"INSTANCE_ID\") AND\r\n    16 NOT IN (SELECT \"WORKFLOW_ITEM_ID\" FROM \"WORKFLOW_ENTRY\" WHERE \"INSTANCE_ID\" = \"INSTANCE\".\"INSTANCE_ID\")\r\n  )\r\n\r\n  OR ? = 'erteilte_baubewilligungen' AND (\r\n    47 IN (SELECT \"WORKFLOW_ITEM_ID\" FROM \"WORKFLOW_ENTRY\" WHERE \"INSTANCE_ID\" = \"INSTANCE\".\"INSTANCE_ID\") AND\r\n    55 NOT IN (SELECT \"WORKFLOW_ITEM_ID\" FROM \"WORKFLOW_ENTRY\" WHERE \"INSTANCE_ID\" = \"INSTANCE\".\"INSTANCE_ID\")\r\n  )\r\n\r\n  OR ? = 'abgelaufene_baubewilligungen' AND (\r\n    71 IN (SELECT \"WORKFLOW_ITEM_ID\" FROM \"WORKFLOW_ENTRY\" WHERE \"INSTANCE_ID\" = \"INSTANCE\".\"INSTANCE_ID\") AND\r\n    55 NOT IN (SELECT \"WORKFLOW_ITEM_ID\" FROM \"WORKFLOW_ENTRY\" WHERE \"INSTANCE_ID\" = \"INSTANCE\".\"INSTANCE_ID\") AND\r\n    1 IN (SELECT CASE WHEN \"WORKFLOW_DATE\" < CURRENT_TIMESTAMP THEN 1 ELSE 0 END FROM \"WORKFLOW_ENTRY\"\r\n        WHERE \"INSTANCE_ID\" = \"INSTANCE\".\"INSTANCE_ID\" AND \"WORKFLOW_ITEM_ID\" = 71)\r\n  )\r\n\r\n  OR ? = 'schnurgeruestabnahmen_pendent' AND (\r\n    55 IN (SELECT \"WORKFLOW_ITEM_ID\" FROM \"WORKFLOW_ENTRY\" WHERE \"INSTANCE_ID\" = \"INSTANCE\".\"INSTANCE_ID\") AND\r\n    56 NOT IN (SELECT \"WORKFLOW_ITEM_ID\" FROM \"WORKFLOW_ENTRY\" WHERE \"INSTANCE_ID\" = \"INSTANCE\".\"INSTANCE_ID\")\r\n  )\r\n\r\n  OR ? = 'baustellen_in_betrieb' AND (\r\n    55 IN (SELECT \"WORKFLOW_ITEM_ID\" FROM \"WORKFLOW_ENTRY\" WHERE \"INSTANCE_ID\" = \"INSTANCE\".\"INSTANCE_ID\") AND\r\n    67 NOT IN (SELECT \"WORKFLOW_ITEM_ID\" FROM \"WORKFLOW_ENTRY\" WHERE \"INSTANCE_ID\" = \"INSTANCE\".\"INSTANCE_ID\")\r\n  )\r\n\r\n  OR ? = 'endabnahmen_pendent' AND (\r\n    67 IN (SELECT \"WORKFLOW_ITEM_ID\" FROM \"WORKFLOW_ENTRY\" WHERE \"INSTANCE_ID\" = \"INSTANCE\".\"INSTANCE_ID\") AND\r\n    59 NOT IN (SELECT \"WORKFLOW_ITEM_ID\" FROM \"WORKFLOW_ENTRY\" WHERE \"INSTANCE_ID\" = \"INSTANCE\".\"INSTANCE_ID\")\r\n  )\r\n\r\n  OR ? = 'rechtsmittelverfahren' AND (\r\n    (\r\n      48 IN (SELECT \"WORKFLOW_ITEM_ID\" FROM \"WORKFLOW_ENTRY\" WHERE \"INSTANCE_ID\" = \"INSTANCE\".\"INSTANCE_ID\") OR\r\n      50 IN (SELECT \"WORKFLOW_ITEM_ID\" FROM \"WORKFLOW_ENTRY\" WHERE \"INSTANCE_ID\" = \"INSTANCE\".\"INSTANCE_ID\") OR\r\n      52 IN (SELECT \"WORKFLOW_ITEM_ID\" FROM \"WORKFLOW_ENTRY\" WHERE \"INSTANCE_ID\" = \"INSTANCE\".\"INSTANCE_ID\") OR\r\n      63 IN (SELECT \"WORKFLOW_ITEM_ID\" FROM \"WORKFLOW_ENTRY\" WHERE \"INSTANCE_ID\" = \"INSTANCE\".\"INSTANCE_ID\")\r\n    )\r\n    AND\r\n    54 NOT IN (SELECT \"WORKFLOW_ITEM_ID\" FROM \"WORKFLOW_ENTRY\" WHERE \"INSTANCE_ID\" = \"INSTANCE\".\"INSTANCE_ID\")\r\n  ))",
      "wildcard": 0,
      "class_field": null
    }
  },
  {
    "model": "core.rsearchfilter",
    "pk": 83,
    "fields": {
      "resource": 42,
      "question": null,
      "field_name": "sanction",
      "label": "Pendenzen AC",
      "query": "(? = 0 OR \"SANCTION\".\"SERVICE_ID\" = ?) AND \"SANCTION\".\"IS_FINISHED\" = 0",
      "wildcard": 0,
      "class_field": ""
    }
  },
  {
    "model": "core.resource",
    "pk": 22,
    "fields": {
      "available_resource": "page",
      "name": "Neues Dossier erstellen",
      "description": "Dossier erstellen-Seite",
      "template": "/global/home.phtml",
      "class_field": null,
      "hidden": 0,
      "sort": 30
    }
  },
  {
    "model": "core.resource",
    "pk": 42,
    "fields": {
      "available_resource": "emberlist",
      "name": "Dossier suchen",
      "description": "Allgemeine Suche",
      "template": "/global/search.phtml",
      "class_field": null,
      "hidden": 0,
      "sort": 28
    }
  },
  {
    "model": "core.resource",
    "pk": 102,
    "fields": {
      "available_resource": "emberlist",
      "name": "Dossiersuche",
      "description": "Dossiersuche BK eingeschränkt auf die Gemeinde",
      "template": "/buildom/search.phtml",
      "class_field": "",
      "hidden": 1,
      "sort": 26
    }
  },
  {
    "model": "core.resource",
    "pk": 122,
    "fields": {
      "available_resource": "list",
      "name": "Pendenzenliste Subfachstelle",
      "description": "Pendenzenliste für die SubFachstellen",
      "template": "",
      "class_field": "",
      "hidden": 0,
      "sort": 0
    }
  },
  {
    "model": "core.resource",
    "pk": 251,
    "fields": {
      "available_resource": "page",
      "name": "Portal",
      "description": "Platzhalter mit Link zum neuen Portal",
      "template": "/portal/notfound.phtml",
      "class_field": null,
      "hidden": 0,
      "sort": 31
    }
  },
  {
    "model": "core.resource",
    "pk": 264,
    "fields": {
      "available_resource": "emberlist",
      "name": "Dossierzirkulation starten",
      "description": "Dossierzirkulation starten für die Koordinationsstelle Baudirektion BD",
      "template": null,
      "class_field": null,
      "hidden": 0,
      "sort": 14
    }
  },
  {
    "model": "core.resource",
    "pk": 266,
    "fields": {
      "available_resource": "emberlist",
      "name": "Dossierzirkulation beendet",
      "description": "Dossierzirkulation bei den Fachstellen abgeschlossen",
      "template": null,
      "class_field": null,
      "hidden": 0,
      "sort": 21
    }
  },
  {
    "model": "core.resource",
    "pk": 267,
    "fields": {
      "available_resource": "emberlist",
      "name": "Dossierzirkulation starten",
      "description": "Dossierzirkulation starten für Koord Baugesuche BG",
      "template": null,
      "class_field": null,
      "hidden": 0,
      "sort": 12
    }
  },
  {
    "model": "core.resource",
    "pk": 287,
    "fields": {
      "available_resource": "emberlist",
      "name": "Dossiers in Zirkulation",
      "description": "",
      "template": "",
      "class_field": "",
      "hidden": 0,
      "sort": 22
    }
  },
  {
    "model": "core.resource",
    "pk": 288,
    "fields": {
      "available_resource": "emberlist",
      "name": "Dossierzirkulation starten",
      "description": "Dossierzirkulation starten für Koord NP",
      "template": null,
      "class_field": null,
      "hidden": 0,
      "sort": 13
    }
  },
  {
    "model": "core.resource",
    "pk": 289,
    "fields": {
      "available_resource": "emberlist",
      "name": "Dossierzirkulation starten",
      "description": "Dossierzirkulation starten für Koord Umweltschutz AfU",
      "template": null,
      "class_field": null,
      "hidden": 0,
      "sort": 15
    }
  },
  {
    "model": "core.resource",
    "pk": 294,
    "fields": {
      "available_resource": "emberlist",
      "name": "Baubegleitungssgebühren",
      "description": null,
      "template": null,
      "class_field": "hasPendingBillingEntry",
      "hidden": 0,
      "sort": 24
    }
  },
  {
    "model": "core.resource",
    "pk": 295,
    "fields": {
      "available_resource": "emberlist",
      "name": "Erfasste Auflagen",
      "description": null,
      "template": null,
      "class_field": "hasPendingSanction",
      "hidden": 0,
      "sort": 23
    }
  },
  {
    "model": "core.resource",
    "pk": 296,
    "fields": {
      "available_resource": "emberlist",
      "name": "Dossierzirkulation starten",
      "description": "Dossierzirkulation starten für Koord Landwirtschaft ALA",
      "template": null,
      "class_field": null,
      "hidden": 0,
      "sort": 16
    }
  },
  {
    "model": "core.resource",
    "pk": 297,
    "fields": {
      "available_resource": "emberlist",
      "name": "Dossierzirkulation starten",
      "description": "Dossierzirkulation starten für Koord Energie AfE",
      "template": null,
      "class_field": null,
      "hidden": 0,
      "sort": 17
    }
  },
  {
    "model": "core.resource",
    "pk": 298,
    "fields": {
      "available_resource": "emberlist",
      "name": "Dossierzirkulation starten",
      "description": "Dossierzirkulation starten für Koord AFJ SD",
      "template": null,
      "class_field": null,
      "hidden": 0,
      "sort": 18
    }
  },
  {
    "model": "core.resource",
    "pk": 300,
    "fields": {
      "available_resource": "emberlist",
      "name": "Bau- und Einspracheentscheid zugestellt",
      "description": null,
      "template": null,
      "class_field": null,
      "hidden": 0,
      "sort": 25
    }
  },
  {
    "model": "core.resource",
    "pk": 301,
    "fields": {
      "available_resource": "emberlist",
      "name": "Dossierbearbeitung starten",
      "description": "Dossierbearbeitung startenfür Gemeinden",
      "template": null,
      "class_field": null,
      "hidden": 0,
      "sort": 10
    }
  },
  {
    "model": "core.resource",
    "pk": 302,
    "fields": {
      "available_resource": "emberlist",
      "name": "Zur Prüfung zugewiesene Dossiers",
      "description": "Zur Prüfung zugewiesene Dossiers für Vernehmlassungsstellen",
      "template": null,
      "class_field": "hasActivation",
      "hidden": 0,
      "sort": 4
    }
  },
  {
    "model": "core.resource",
    "pk": 303,
    "fields": {
      "available_resource": "emberlist",
      "name": "Dossiers in Zirkulation",
      "description": null,
      "template": null,
      "class_field": null,
      "hidden": 0,
      "sort": 6
    }
  },
  {
    "model": "core.resource",
    "pk": 304,
    "fields": {
      "available_resource": "emberlist",
      "name": "In Zirkulation (KOOR BD)",
      "description": null,
      "template": null,
      "class_field": null,
      "hidden": 1,
      "sort": 7
    }
  },
  {
    "model": "core.resource",
    "pk": 305,
    "fields": {
      "available_resource": "emberlist",
      "name": "In Zirkulation (KOOR ARE NP)",
      "description": null,
      "template": null,
      "class_field": null,
      "hidden": 1,
      "sort": 8
    }
  },
  {
    "model": "core.resource",
    "pk": 306,
    "fields": {
      "available_resource": "emberlist",
      "name": "Kantonale Prüfung beendet",
      "description": "Kantonale Prüfung beendet für Gemeinden",
      "template": null,
      "class_field": null,
      "hidden": 0,
      "sort": 20
    }
  },
  {
    "model": "core.resource",
    "pk": 307,
    "fields": {
      "available_resource": "emberlist",
      "name": "Laufende Baubewilligungsverfahren und Vorabklärungen",
      "description": "Dossiers die bei den Gemeinden und dem Kanton in Bearbeitung sind, Anzeige für Organisation mit Leserechten",
      "template": null,
      "class_field": null,
      "hidden": 0,
      "sort": 3
    }
  },
  {
    "model": "core.resource",
    "pk": 309,
    "fields": {
      "available_resource": "emberlist",
      "name": "Zur Prüfung zugewiesene Dossiers",
      "description": "Zur Prüfung zugewiesene Dossiers für die Kommissionsmitglieder",
      "template": null,
      "class_field": "show_list_count",
      "hidden": 0,
      "sort": 1
    }
  },
  {
    "model": "core.resource",
    "pk": 310,
    "fields": {
      "available_resource": "emberlist",
      "name": "Erledigte Dossiers",
      "description": "Erledigte Dossiers für die Kommissionsmitglieder",
      "template": "",
      "class_field": "show_list_count",
      "hidden": 0,
      "sort": 2
    }
  },
  {
    "model": "core.resource",
    "pk": 312,
    "fields": {
      "available_resource": "statistics",
      "name": "Gebühren-Statistik",
      "description": "Erlaubt das Erstellen von Dossier übergreifenden Auswertungen",
      "template": null,
      "class_field": null,
      "hidden": 0,
      "sort": 29
    }
  },
  {
    "model": "core.resource",
    "pk": 314,
    "fields": {
      "available_resource": "emberlist",
      "name": "Aufgaben Gemeindebaubehörde",
      "description": null,
      "template": null,
      "class_field": null,
      "hidden": 0,
      "sort": 19
    }
  },
  {
    "model": "core.resource",
    "pk": 316,
    "fields": {
      "available_resource": "emberlist",
      "name": "Dossierbearbeitung starten",
      "description": "Dossierbearbeitung starten Bundesstellen",
      "template": null,
      "class_field": null,
      "hidden": 0,
      "sort": 11
    }
  },
  {
    "model": "core.resource",
    "pk": 317,
    "fields": {
      "available_resource": "emberlist",
      "name": "Zur Prüfung zugewiesene Dossiers",
      "description": "Zur Prüfung zugewiesene Dossiers für Vernehmlassungsstellen Gemeindezirkulation",
      "template": null,
      "class_field": "hasActivation",
      "hidden": 0,
      "sort": 5
    }
  },
  {
    "model": "core.resource",
    "pk": 318,
    "fields": {
      "available_resource": "useradmin",
      "name": "Einstellungen",
      "description": null,
      "template": null,
      "class_field": null,
      "hidden": 0,
      "sort": 27
    }
  },
  {
    "model": "core.resource",
    "pk": 20000,
    "fields": {
      "available_resource": "page",
      "name": "Form Builder",
      "description": null,
      "template": "/ember/form-builder.phtml",
      "class_field": null,
      "hidden": 0,
      "sort": 32
    }
  },
  {
    "model": "core.resource",
    "pk": 12000000,
    "fields": {
      "available_resource": "emberlist",
      "name": "Eingang Online - Dossiers",
      "description": "Dossiers, die von den Bürgern eingereicht wurden",
      "template": null,
      "class_field": null,
      "hidden": 0,
      "sort": 9
    }
  },
  {
    "model": "core.workflowaction",
    "pk": 171,
    "fields": {
      "workflow_item": 16,
      "multi_value": 0
    }
  },
  {
    "model": "core.workflowaction",
    "pk": 250,
    "fields": {
      "workflow_item": 46,
      "multi_value": 0
    }
  },
  {
    "model": "core.workflowaction",
    "pk": 253,
    "fields": {
      "workflow_item": 62,
      "multi_value": 0
    }
  },
  {
    "model": "core.workflowaction",
    "pk": 255,
    "fields": {
      "workflow_item": 62,
      "multi_value": 0
    }
  },
  {
    "model": "core.workflowaction",
    "pk": 352,
    "fields": {
      "workflow_item": 44,
      "multi_value": 0
    }
  },
  {
    "model": "core.workflowaction",
    "pk": 590,
    "fields": {
      "workflow_item": 46,
      "multi_value": 0
    }
  },
  {
    "model": "core.workflowaction",
    "pk": 654,
    "fields": {
      "workflow_item": 62,
      "multi_value": 0
    }
  },
  {
    "model": "core.workflowaction",
    "pk": 659,
    "fields": {
      "workflow_item": 44,
      "multi_value": 0
    }
  },
  {
    "model": "core.workflowaction",
    "pk": 699,
    "fields": {
      "workflow_item": 16,
      "multi_value": 0
    }
  },
  {
    "model": "core.workflowaction",
    "pk": 793,
    "fields": {
      "workflow_item": 46,
      "multi_value": 0
    }
  },
  {
    "model": "core.workflowaction",
    "pk": 934,
    "fields": {
      "workflow_item": 42,
      "multi_value": 2
    }
  },
  {
    "model": "core.workflowaction",
    "pk": 936,
    "fields": {
      "workflow_item": 43,
      "multi_value": 2
    }
  },
  {
    "model": "core.workflowaction",
    "pk": 975,
    "fields": {
      "workflow_item": 44,
      "multi_value": 0
    }
  },
  {
    "model": "core.workflowaction",
    "pk": 994,
    "fields": {
      "workflow_item": 62,
      "multi_value": 0
    }
  },
  {
    "model": "core.workflowaction",
    "pk": 1011,
    "fields": {
      "workflow_item": 12,
      "multi_value": 0
    }
  },
  {
    "model": "core.workflowaction",
    "pk": 1074,
    "fields": {
      "workflow_item": 14,
      "multi_value": 3
    }
  },
  {
    "model": "core.workflowaction",
    "pk": 1143,
    "fields": {
      "workflow_item": 62,
      "multi_value": 0
    }
  },
  {
    "model": "core.workflowaction",
    "pk": 1151,
    "fields": {
      "workflow_item": 44,
      "multi_value": 0
    }
  },
  {
    "model": "core.workflowaction",
    "pk": 1202,
    "fields": {
      "workflow_item": 62,
      "multi_value": 0
    }
  },
  {
    "model": "core.workflowaction",
    "pk": 1209,
    "fields": {
      "workflow_item": 44,
      "multi_value": 0
    }
  },
  {
    "model": "core.workflowaction",
    "pk": 1226,
    "fields": {
      "workflow_item": 62,
      "multi_value": 0
    }
  },
  {
    "model": "core.workflowaction",
    "pk": 1233,
    "fields": {
      "workflow_item": 44,
      "multi_value": 0
    }
  },
  {
    "model": "core.workflowaction",
    "pk": 1276,
    "fields": {
      "workflow_item": 62,
      "multi_value": 0
    }
  },
  {
    "model": "core.workflowaction",
    "pk": 1283,
    "fields": {
      "workflow_item": 44,
      "multi_value": 0
    }
  },
  {
    "model": "core.workflowaction",
    "pk": 1361,
    "fields": {
      "workflow_item": 80,
      "multi_value": 2
    }
  },
  {
    "model": "core.workflowaction",
    "pk": 1363,
    "fields": {
      "workflow_item": 80,
      "multi_value": 2
    }
  },
  {
    "model": "core.workflowaction",
    "pk": 1364,
    "fields": {
      "workflow_item": 80,
      "multi_value": 2
    }
  },
  {
    "model": "core.workflowaction",
    "pk": 1365,
    "fields": {
      "workflow_item": 80,
      "multi_value": 2
    }
  },
  {
    "model": "core.workflowaction",
    "pk": 1366,
    "fields": {
      "workflow_item": 80,
      "multi_value": 2
    }
  },
  {
    "model": "core.workflowaction",
    "pk": 1368,
    "fields": {
      "workflow_item": 80,
      "multi_value": 2
    }
  },
  {
    "model": "core.workflowaction",
    "pk": 1389,
    "fields": {
      "workflow_item": 81,
      "multi_value": 0
    }
  },
  {
    "model": "core.workflowaction",
    "pk": 1413,
    "fields": {
      "workflow_item": 44,
      "multi_value": 0
    }
  },
  {
    "model": "core.workflowaction",
    "pk": 1419,
    "fields": {
      "workflow_item": 62,
      "multi_value": 0
    }
  },
  {
    "model": "core.workflowaction",
    "pk": 1439,
    "fields": {
      "workflow_item": 16,
      "multi_value": 0
    }
  },
  {
    "model": "core.workflowaction",
    "pk": 1444,
    "fields": {
      "workflow_item": 16,
      "multi_value": 0
    }
  },
  {
    "model": "core.workflowaction",
    "pk": 12000007,
    "fields": {
      "workflow_item": 85,
      "multi_value": 1
    }
  },
  {
    "model": "core.workflowaction",
    "pk": 12000010,
    "fields": {
      "workflow_item": 85,
      "multi_value": 1
    }
  },
  {
    "model": "core.workflowaction",
    "pk": 12000016,
    "fields": {
      "workflow_item": 45,
      "multi_value": 0
    }
  },
  {
    "model": "core.workflowaction",
    "pk": 12000022,
    "fields": {
      "workflow_item": 82,
      "multi_value": 0
    }
  },
  {
    "model": "core.workflowaction",
    "pk": 12000028,
    "fields": {
      "workflow_item": 45,
      "multi_value": 0
    }
  },
  {
    "model": "core.workflowaction",
    "pk": 12000034,
    "fields": {
      "workflow_item": 45,
      "multi_value": 0
    }
  },
  {
    "model": "core.workflowaction",
    "pk": 12000039,
    "fields": {
      "workflow_item": 45,
      "multi_value": 0
    }
  },
  {
    "model": "core.workflowaction",
    "pk": 12000046,
    "fields": {
      "workflow_item": 45,
      "multi_value": 0
    }
  },
  {
    "model": "core.workflowaction",
    "pk": 12000052,
    "fields": {
      "workflow_item": 45,
      "multi_value": 0
    }
  },
  {
    "model": "core.workflowaction",
    "pk": 12000058,
    "fields": {
      "workflow_item": 45,
      "multi_value": 0
    }
  },
  {
    "model": "core.workflowitem",
    "pk": 1,
    "fields": {
      "position": 6,
      "name": "Prüfung durch Gemeinde",
      "automatical": 0,
      "different_color": 0,
      "is_workflow": 1,
      "is_building_authority": 1,
      "workflow_section": 1,
      "caluma_task": null,
      "caluma_question": null
    }
  },
  {
    "model": "core.workflowitem",
    "pk": 10,
    "fields": {
      "position": 3,
      "name": "Eingang Post",
      "automatical": 0,
      "different_color": 0,
      "is_workflow": 1,
      "is_building_authority": 1,
      "workflow_section": 1,
      "caluma_task": null,
      "caluma_question": null
    }
  },
  {
    "model": "core.workflowitem",
    "pk": 12,
    "fields": {
      "position": 2,
      "name": "Dossier in URec erfasst",
      "automatical": 1,
      "different_color": 0,
      "is_workflow": 1,
      "is_building_authority": 1,
      "workflow_section": 1,
      "caluma_task": null,
      "caluma_question": null
    }
  },
  {
    "model": "core.workflowitem",
    "pk": 13,
    "fields": {
      "position": 4,
      "name": "Nachforderung Gemeindebaubehörde",
      "automatical": 0,
      "different_color": 0,
      "is_workflow": 1,
      "is_building_authority": 1,
      "workflow_section": 1,
      "caluma_task": null,
      "caluma_question": null
    }
  },
  {
    "model": "core.workflowitem",
    "pk": 14,
    "fields": {
      "position": 5,
      "name": "Dossier vollstandig",
      "automatical": 0,
      "different_color": 0,
      "is_workflow": 1,
      "is_building_authority": 1,
      "workflow_section": 1,
      "caluma_task": null,
      "caluma_question": null
    }
  },
  {
    "model": "core.workflowitem",
    "pk": 15,
    "fields": {
      "position": 7,
      "name": "Publikation",
      "automatical": 0,
      "different_color": 0,
      "is_workflow": 1,
      "is_building_authority": 1,
      "workflow_section": 1,
      "caluma_task": null,
      "caluma_question": null
    }
  },
  {
    "model": "core.workflowitem",
    "pk": 16,
    "fields": {
      "position": 9,
      "name": "Weiterleitung an Koord",
      "automatical": 1,
      "different_color": 0,
      "is_workflow": 1,
      "is_building_authority": 1,
      "workflow_section": 1,
      "caluma_task": null,
      "caluma_question": null
    }
  },
  {
    "model": "core.workflowitem",
    "pk": 21,
    "fields": {
      "position": 8,
      "name": "Eingang Einsprachen",
      "automatical": 0,
      "different_color": 0,
      "is_workflow": 1,
      "is_building_authority": 1,
      "workflow_section": 1,
      "caluma_task": null,
      "caluma_question": null
    }
  },
  {
    "model": "core.workflowitem",
    "pk": 41,
    "fields": {
      "position": 10,
      "name": "Akten Nachforderung KOORD",
      "automatical": 0,
      "different_color": 0,
      "is_workflow": 1,
      "is_building_authority": 0,
      "workflow_section": 1,
      "caluma_task": null,
      "caluma_question": null
    }
  },
  {
    "model": "core.workflowitem",
    "pk": 42,
    "fields": {
      "position": 11,
      "name": "Nachforderung Fachstelle",
      "automatical": 1,
      "different_color": 0,
      "is_workflow": 1,
      "is_building_authority": 0,
      "workflow_section": 1,
      "caluma_task": null,
      "caluma_question": null
    }
  },
  {
    "model": "core.workflowitem",
    "pk": 43,
    "fields": {
      "position": 12,
      "name": "Dossier vollständig",
      "automatical": 0,
      "different_color": 0,
      "is_workflow": 1,
      "is_building_authority": 0,
      "workflow_section": 1,
      "caluma_task": null,
      "caluma_question": null
    }
  },
  {
    "model": "core.workflowitem",
    "pk": 44,
    "fields": {
      "position": 13,
      "name": "Start Zirkulation",
      "automatical": 1,
      "different_color": 0,
      "is_workflow": 1,
      "is_building_authority": 0,
      "workflow_section": 1,
      "caluma_task": null,
      "caluma_question": null
    }
  },
  {
    "model": "core.workflowitem",
    "pk": 45,
    "fields": {
      "position": 14,
      "name": "Zirkulation beendet",
      "automatical": 1,
      "different_color": 0,
      "is_workflow": 1,
      "is_building_authority": 0,
      "workflow_section": 1,
      "caluma_task": null,
      "caluma_question": null
    }
  },
  {
    "model": "core.workflowitem",
    "pk": 46,
    "fields": {
      "position": 15,
      "name": "Rückgabe an Gemeinde",
      "automatical": 1,
      "different_color": 0,
      "is_workflow": 1,
      "is_building_authority": 1,
      "workflow_section": 1,
      "caluma_task": null,
      "caluma_question": null
    }
  },
  {
    "model": "core.workflowitem",
    "pk": 47,
    "fields": {
      "position": 17,
      "name": "Bau- und Einspracheentscheid",
      "automatical": 0,
      "different_color": 0,
      "is_workflow": 1,
      "is_building_authority": 1,
      "workflow_section": 1,
      "caluma_task": null,
      "caluma_question": null
    }
  },
  {
    "model": "core.workflowitem",
    "pk": 48,
    "fields": {
      "position": 24,
      "name": "Rechtsmittel Gemeinderat",
      "automatical": 0,
      "different_color": 0,
      "is_workflow": 1,
      "is_building_authority": 1,
      "workflow_section": 2,
      "caluma_task": null,
      "caluma_question": null
    }
  },
  {
    "model": "core.workflowitem",
    "pk": 49,
    "fields": {
      "position": 26,
      "name": "Entscheid Regierungsrat",
      "automatical": 0,
      "different_color": 0,
      "is_workflow": 1,
      "is_building_authority": 1,
      "workflow_section": 2,
      "caluma_task": null,
      "caluma_question": null
    }
  },
  {
    "model": "core.workflowitem",
    "pk": 50,
    "fields": {
      "position": 27,
      "name": "Rechtsmittel Regierungsrat",
      "automatical": 0,
      "different_color": 0,
      "is_workflow": 1,
      "is_building_authority": 1,
      "workflow_section": 2,
      "caluma_task": null,
      "caluma_question": null
    }
  },
  {
    "model": "core.workflowitem",
    "pk": 51,
    "fields": {
      "position": 25,
      "name": "Entscheid Gemeinderat",
      "automatical": 0,
      "different_color": 0,
      "is_workflow": 1,
      "is_building_authority": 1,
      "workflow_section": 2,
      "caluma_task": null,
      "caluma_question": null
    }
  },
  {
    "model": "core.workflowitem",
    "pk": 52,
    "fields": {
      "position": 28,
      "name": "Rechtsmittel Obergericht",
      "automatical": 0,
      "different_color": 0,
      "is_workflow": 1,
      "is_building_authority": 1,
      "workflow_section": 2,
      "caluma_task": null,
      "caluma_question": null
    }
  },
  {
    "model": "core.workflowitem",
    "pk": 53,
    "fields": {
      "position": 29,
      "name": "Entscheid Obergericht",
      "automatical": 0,
      "different_color": 0,
      "is_workflow": 1,
      "is_building_authority": 1,
      "workflow_section": 2,
      "caluma_task": null,
      "caluma_question": null
    }
  },
  {
    "model": "core.workflowitem",
    "pk": 54,
    "fields": {
      "position": 32,
      "name": "Entsch. rechtskräftig",
      "automatical": 0,
      "different_color": 0,
      "is_workflow": 1,
      "is_building_authority": 1,
      "workflow_section": 2,
      "caluma_task": null,
      "caluma_question": null
    }
  },
  {
    "model": "core.workflowitem",
    "pk": 55,
    "fields": {
      "position": 33,
      "name": "Baubeginn erfolgt",
      "automatical": 0,
      "different_color": 0,
      "is_workflow": 1,
      "is_building_authority": 1,
      "workflow_section": 3,
      "caluma_task": null,
      "caluma_question": null
    }
  },
  {
    "model": "core.workflowitem",
    "pk": 56,
    "fields": {
      "position": 34,
      "name": "Abnahme Schnurgerüst",
      "automatical": 0,
      "different_color": 0,
      "is_workflow": 1,
      "is_building_authority": 1,
      "workflow_section": 3,
      "caluma_task": null,
      "caluma_question": null
    }
  },
  {
    "model": "core.workflowitem",
    "pk": 57,
    "fields": {
      "position": 41,
      "name": "Bau beendet Info an Abwasser Uri",
      "automatical": 1,
      "different_color": 0,
      "is_workflow": 1,
      "is_building_authority": 0,
      "workflow_section": 3,
      "caluma_task": null,
      "caluma_question": null
    }
  },
  {
    "model": "core.workflowitem",
    "pk": 58,
    "fields": {
      "position": 35,
      "name": "Abnahme Rohbau",
      "automatical": 0,
      "different_color": 0,
      "is_workflow": 1,
      "is_building_authority": 1,
      "workflow_section": 3,
      "caluma_task": null,
      "caluma_question": null
    }
  },
  {
    "model": "core.workflowitem",
    "pk": 59,
    "fields": {
      "position": 37,
      "name": "Endabnahme erfolgt",
      "automatical": 0,
      "different_color": 0,
      "is_workflow": 1,
      "is_building_authority": 1,
      "workflow_section": 3,
      "caluma_task": null,
      "caluma_question": null
    }
  },
  {
    "model": "core.workflowitem",
    "pk": 60,
    "fields": {
      "position": 40,
      "name": "Meldung Grundbuchvermessung",
      "automatical": 0,
      "different_color": 0,
      "is_workflow": 0,
      "is_building_authority": 0,
      "workflow_section": 3,
      "caluma_task": null,
      "caluma_question": null
    }
  },
  {
    "model": "core.workflowitem",
    "pk": 61,
    "fields": {
      "position": 44,
      "name": "Verfahren abgeschlossen",
      "automatical": 0,
      "different_color": 0,
      "is_workflow": 1,
      "is_building_authority": 1,
      "workflow_section": 3,
      "caluma_task": null,
      "caluma_question": null
    }
  },
  {
    "model": "core.workflowitem",
    "pk": 62,
    "fields": {
      "position": 45,
      "name": "Dossier archiviert",
      "automatical": 1,
      "different_color": 0,
      "is_workflow": 1,
      "is_building_authority": 0,
      "workflow_section": 3,
      "caluma_task": null,
      "caluma_question": null
    }
  },
  {
    "model": "core.workflowitem",
    "pk": 63,
    "fields": {
      "position": 30,
      "name": "Rechtsmittel Bundesgericht",
      "automatical": 0,
      "different_color": 0,
      "is_workflow": 1,
      "is_building_authority": 1,
      "workflow_section": 2,
      "caluma_task": null,
      "caluma_question": null
    }
  },
  {
    "model": "core.workflowitem",
    "pk": 64,
    "fields": {
      "position": 31,
      "name": "Entscheid Bundesgericht",
      "automatical": 0,
      "different_color": 0,
      "is_workflow": 1,
      "is_building_authority": 1,
      "workflow_section": 2,
      "caluma_task": null,
      "caluma_question": null
    }
  },
  {
    "model": "core.workflowitem",
    "pk": 65,
    "fields": {
      "position": 18,
      "name": "Einsprachefrist",
      "automatical": 0,
      "different_color": 0,
      "is_workflow": 1,
      "is_building_authority": 1,
      "workflow_section": 1,
      "caluma_task": null,
      "caluma_question": null
    }
  },
  {
    "model": "core.workflowitem",
    "pk": 66,
    "fields": {
      "position": 46,
      "name": "Meldung Baubewilligung an Geometer",
      "automatical": 1,
      "different_color": 0,
      "is_workflow": 1,
      "is_building_authority": 1,
      "workflow_section": 1,
      "caluma_task": null,
      "caluma_question": null
    }
  },
  {
    "model": "core.workflowitem",
    "pk": 67,
    "fields": {
      "position": 36,
      "name": "Bau beendet",
      "automatical": 0,
      "different_color": 0,
      "is_workflow": 1,
      "is_building_authority": 1,
      "workflow_section": 3,
      "caluma_task": null,
      "caluma_question": null
    }
  },
  {
    "model": "core.workflowitem",
    "pk": 68,
    "fields": {
      "position": 38,
      "name": "Bau beendet Info an Geometer",
      "automatical": 1,
      "different_color": 0,
      "is_workflow": 1,
      "is_building_authority": 1,
      "workflow_section": 3,
      "caluma_task": null,
      "caluma_question": null
    }
  },
  {
    "model": "core.workflowitem",
    "pk": 69,
    "fields": {
      "position": 39,
      "name": "Bau beendet Info an Liegenschaftsschätzung",
      "automatical": 1,
      "different_color": 0,
      "is_workflow": 1,
      "is_building_authority": 1,
      "workflow_section": 3,
      "caluma_task": null,
      "caluma_question": null
    }
  },
  {
    "model": "core.workflowitem",
    "pk": 70,
    "fields": {
      "position": 42,
      "name": "Grundbuchanmeldung",
      "automatical": 1,
      "different_color": 0,
      "is_workflow": 1,
      "is_building_authority": 1,
      "workflow_section": 3,
      "caluma_task": null,
      "caluma_question": null
    }
  },
  {
    "model": "core.workflowitem",
    "pk": 71,
    "fields": {
      "position": 47,
      "name": "Baubewilligung gültig bis",
      "automatical": 1,
      "different_color": 0,
      "is_workflow": 1,
      "is_building_authority": 1,
      "workflow_section": 3,
      "caluma_task": null,
      "caluma_question": null
    }
  },
  {
    "model": "core.workflowitem",
    "pk": 72,
    "fields": {
      "position": 21,
      "name": "Versand Entscheiddokumente per Post",
      "automatical": 0,
      "different_color": 0,
      "is_workflow": 1,
      "is_building_authority": 1,
      "workflow_section": 1,
      "caluma_task": null,
      "caluma_question": null
    }
  },
  {
    "model": "core.workflowitem",
    "pk": 73,
    "fields": {
      "position": 48,
      "name": "Verlängerung Baubewilligung bis",
      "automatical": 0,
      "different_color": 0,
      "is_workflow": 0,
      "is_building_authority": 1,
      "workflow_section": 3,
      "caluma_task": null,
      "caluma_question": null
    }
  },
  {
    "model": "core.workflowitem",
    "pk": 74,
    "fields": {
      "position": 49,
      "name": "AC gestartet",
      "automatical": 1,
      "different_color": 0,
      "is_workflow": 1,
      "is_building_authority": 0,
      "workflow_section": 4,
      "caluma_task": null,
      "caluma_question": null
    }
  },
  {
    "model": "core.workflowitem",
    "pk": 79,
    "fields": {
      "position": 50,
      "name": "AC beendet",
      "automatical": 1,
      "different_color": 0,
      "is_workflow": 1,
      "is_building_authority": 0,
      "workflow_section": 4,
      "caluma_task": null,
      "caluma_question": null
    }
  },
  {
    "model": "core.workflowitem",
    "pk": 80,
    "fields": {
      "position": 43,
      "name": "ÖREB Meldung",
      "automatical": 1,
      "different_color": 0,
      "is_workflow": 1,
      "is_building_authority": 0,
      "workflow_section": 3,
      "caluma_task": null,
      "caluma_question": null
    }
  },
  {
    "model": "core.workflowitem",
    "pk": 81,
    "fields": {
      "position": 51,
      "name": "Gemeindezirkulation gestartet",
      "automatical": 0,
      "different_color": 0,
      "is_workflow": 1,
      "is_building_authority": 0,
      "workflow_section": 1,
      "caluma_task": null,
      "caluma_question": null
    }
  },
  {
    "model": "core.workflowitem",
    "pk": 82,
    "fields": {
      "position": 52,
      "name": "Gemeindezirkulation beendet",
      "automatical": 0,
      "different_color": 0,
      "is_workflow": 1,
      "is_building_authority": 0,
      "workflow_section": 1,
      "caluma_task": null,
      "caluma_question": null
    }
  },
  {
    "model": "core.workflowitem",
    "pk": 83,
    "fields": {
      "position": 53,
      "name": "Bundesstellezirkulation beendet",
      "automatical": 0,
      "different_color": 0,
      "is_workflow": 1,
      "is_building_authority": 0,
      "workflow_section": 1,
      "caluma_task": null,
      "caluma_question": null
    }
  },
  {
    "model": "core.workflowitem",
    "pk": 84,
    "fields": {
      "position": 54,
      "name": "Bundesstellezirkulation gestartet",
      "automatical": 0,
      "different_color": 0,
      "is_workflow": 1,
      "is_building_authority": 0,
      "workflow_section": 1,
      "caluma_task": null,
      "caluma_question": null
    }
  },
  {
    "model": "core.workflowitem",
    "pk": 85,
    "fields": {
      "position": 22,
      "name": "Versand Entscheiddokumente per Portal",
      "automatical": 0,
      "different_color": 0,
      "is_workflow": 1,
      "is_building_authority": 1,
      "workflow_section": 1,
      "caluma_task": null,
      "caluma_question": null
    }
  },
  {
    "model": "core.workflowitem",
    "pk": 86,
    "fields": {
      "position": 23,
      "name": "Versand Entscheiddokumente per Mail",
      "automatical": 0,
      "different_color": 0,
      "is_workflow": 1,
      "is_building_authority": 1,
      "workflow_section": 1,
      "caluma_task": null,
      "caluma_question": null
    }
  },
  {
    "model": "core.workflowitem",
    "pk": 87,
    "fields": {
      "position": 55,
      "name": "Empfangsbestätigung Entscheiddokumente",
      "automatical": 1,
      "different_color": 0,
      "is_workflow": 1,
      "is_building_authority": 0,
      "workflow_section": 1,
      "caluma_task": null,
      "caluma_question": null
    }
  },
  {
    "model": "core.workflowitem",
    "pk": 88,
    "fields": {
      "position": 16,
      "name": "Stellungnahme - Vorentscheid",
      "automatical": 0,
      "different_color": 0,
      "is_workflow": 1,
      "is_building_authority": 1,
      "workflow_section": 1,
      "caluma_task": null,
      "caluma_question": null
    }
  },
  {
    "model": "core.workflowitem",
    "pk": 89,
    "fields": {
      "position": 20,
      "name": "Versand / Stellungnahme - Vorentscheid per Mail",
      "automatical": 0,
      "different_color": 0,
      "is_workflow": 1,
      "is_building_authority": 1,
      "workflow_section": 1,
      "caluma_task": null,
      "caluma_question": null
    }
  },
  {
    "model": "core.workflowitem",
    "pk": 90,
    "fields": {
      "position": 19,
      "name": "Versand / Stellungnahme - Vorentscheid per Post",
      "automatical": 0,
      "different_color": 0,
      "is_workflow": 1,
      "is_building_authority": 1,
      "workflow_section": 1,
      "caluma_task": null,
      "caluma_question": null
    }
  },
  {
    "model": "core.workflowitem",
    "pk": 130000,
    "fields": {
      "position": 56,
      "name": "Empfangsbestätigung Vorentscheid",
      "automatical": 1,
      "different_color": 0,
      "is_workflow": 1,
      "is_building_authority": 0,
      "workflow_section": 1,
      "caluma_task": null,
      "caluma_question": null
    }
  },
  {
    "model": "core.workflowitem",
    "pk": 12000000,
    "fields": {
      "position": 1,
      "name": "Eingang Online",
      "automatical": 1,
      "different_color": 0,
      "is_workflow": 1,
      "is_building_authority": 0,
      "workflow_section": 1,
      "caluma_task": null,
      "caluma_question": null
    }
  },
  {
    "model": "core.workflowrole",
    "pk": 1,
    "fields": {
      "workflow_item": 1,
      "role": 1061
    }
  },
  {
    "model": "core.workflowrole",
    "pk": 3,
    "fields": {
      "workflow_item": 13,
      "role": 4
    }
  },
  {
    "model": "core.workflowrole",
    "pk": 4,
    "fields": {
      "workflow_item": 14,
      "role": 1061
    }
  },
  {
    "model": "core.workflowrole",
    "pk": 5,
    "fields": {
      "workflow_item": 21,
      "role": 1101
    }
  },
  {
    "model": "core.workflowrole",
    "pk": 6,
    "fields": {
      "workflow_item": 41,
      "role": 1061
    }
  },
  {
    "model": "core.workflowrole",
    "pk": 7,
    "fields": {
      "workflow_item": 43,
      "role": 3
    }
  },
  {
    "model": "core.workflowrole",
    "pk": 8,
    "fields": {
      "workflow_item": 43,
      "role": 1101
    }
  },
  {
    "model": "core.workflowrole",
    "pk": 9,
    "fields": {
      "workflow_item": 47,
      "role": 6
    }
  },
  {
    "model": "core.workflowrole",
    "pk": 10,
    "fields": {
      "workflow_item": 48,
      "role": 1061
    }
  },
  {
    "model": "core.workflowrole",
    "pk": 11,
    "fields": {
      "workflow_item": 49,
      "role": 1101
    }
  },
  {
    "model": "core.workflowrole",
    "pk": 12,
    "fields": {
      "workflow_item": 50,
      "role": 6
    }
  },
  {
    "model": "core.workflowrole",
    "pk": 13,
    "fields": {
      "workflow_item": 51,
      "role": 1061
    }
  },
  {
    "model": "core.workflowrole",
    "pk": 14,
    "fields": {
      "workflow_item": 52,
      "role": 1101
    }
  },
  {
    "model": "core.workflowrole",
    "pk": 15,
    "fields": {
      "workflow_item": 53,
      "role": 6
    }
  },
  {
    "model": "core.workflowrole",
    "pk": 16,
    "fields": {
      "workflow_item": 54,
      "role": 6
    }
  },
  {
    "model": "core.workflowrole",
    "pk": 17,
    "fields": {
      "workflow_item": 55,
      "role": 1061
    }
  },
  {
    "model": "core.workflowrole",
    "pk": 18,
    "fields": {
      "workflow_item": 57,
      "role": 3
    }
  },
  {
    "model": "core.workflowrole",
    "pk": 19,
    "fields": {
      "workflow_item": 57,
      "role": 1101
    }
  },
  {
    "model": "core.workflowrole",
    "pk": 20,
    "fields": {
      "workflow_item": 58,
      "role": 6
    }
  },
  {
    "model": "core.workflowrole",
    "pk": 21,
    "fields": {
      "workflow_item": 60,
      "role": 3
    }
  },
  {
    "model": "core.workflowrole",
    "pk": 22,
    "fields": {
      "workflow_item": 60,
      "role": 1101
    }
  },
  {
    "model": "core.workflowrole",
    "pk": 23,
    "fields": {
      "workflow_item": 61,
      "role": 6
    }
  },
  {
    "model": "core.workflowrole",
    "pk": 24,
    "fields": {
      "workflow_item": 63,
      "role": 1061
    }
  },
  {
    "model": "core.workflowrole",
    "pk": 25,
    "fields": {
      "workflow_item": 64,
      "role": 1101
    }
  },
  {
    "model": "core.workflowrole",
    "pk": 26,
    "fields": {
      "workflow_item": 1,
      "role": 1101
    }
  },
  {
    "model": "core.workflowrole",
    "pk": 27,
    "fields": {
      "workflow_item": 13,
      "role": 3
    }
  },
  {
    "model": "core.workflowrole",
    "pk": 28,
    "fields": {
      "workflow_item": 14,
      "role": 1101
    }
  },
  {
    "model": "core.workflowrole",
    "pk": 29,
    "fields": {
      "workflow_item": 41,
      "role": 3
    }
  },
  {
    "model": "core.workflowrole",
    "pk": 30,
    "fields": {
      "workflow_item": 47,
      "role": 1061
    }
  },
  {
    "model": "core.workflowrole",
    "pk": 31,
    "fields": {
      "workflow_item": 48,
      "role": 1101
    }
  },
  {
    "model": "core.workflowrole",
    "pk": 32,
    "fields": {
      "workflow_item": 50,
      "role": 3
    }
  },
  {
    "model": "core.workflowrole",
    "pk": 33,
    "fields": {
      "workflow_item": 50,
      "role": 1061
    }
  },
  {
    "model": "core.workflowrole",
    "pk": 34,
    "fields": {
      "workflow_item": 51,
      "role": 1101
    }
  },
  {
    "model": "core.workflowrole",
    "pk": 35,
    "fields": {
      "workflow_item": 53,
      "role": 3
    }
  },
  {
    "model": "core.workflowrole",
    "pk": 36,
    "fields": {
      "workflow_item": 53,
      "role": 1061
    }
  },
  {
    "model": "core.workflowrole",
    "pk": 37,
    "fields": {
      "workflow_item": 54,
      "role": 1061
    }
  },
  {
    "model": "core.workflowrole",
    "pk": 38,
    "fields": {
      "workflow_item": 55,
      "role": 1101
    }
  },
  {
    "model": "core.workflowrole",
    "pk": 39,
    "fields": {
      "workflow_item": 57,
      "role": 6
    }
  },
  {
    "model": "core.workflowrole",
    "pk": 40,
    "fields": {
      "workflow_item": 58,
      "role": 3
    }
  },
  {
    "model": "core.workflowrole",
    "pk": 41,
    "fields": {
      "workflow_item": 58,
      "role": 1101
    }
  },
  {
    "model": "core.workflowrole",
    "pk": 42,
    "fields": {
      "workflow_item": 60,
      "role": 6
    }
  },
  {
    "model": "core.workflowrole",
    "pk": 43,
    "fields": {
      "workflow_item": 61,
      "role": 3
    }
  },
  {
    "model": "core.workflowrole",
    "pk": 44,
    "fields": {
      "workflow_item": 61,
      "role": 1101
    }
  },
  {
    "model": "core.workflowrole",
    "pk": 45,
    "fields": {
      "workflow_item": 63,
      "role": 1101
    }
  },
  {
    "model": "core.workflowrole",
    "pk": 46,
    "fields": {
      "workflow_item": 54,
      "role": 3
    }
  },
  {
    "model": "core.workflowrole",
    "pk": 47,
    "fields": {
      "workflow_item": 21,
      "role": 3
    }
  },
  {
    "model": "core.workflowrole",
    "pk": 48,
    "fields": {
      "workflow_item": 13,
      "role": 1061
    }
  },
  {
    "model": "core.workflowrole",
    "pk": 49,
    "fields": {
      "workflow_item": 13,
      "role": 1101
    }
  },
  {
    "model": "core.workflowrole",
    "pk": 51,
    "fields": {
      "workflow_item": 41,
      "role": 1101
    }
  },
  {
    "model": "core.workflowrole",
    "pk": 52,
    "fields": {
      "workflow_item": 42,
      "role": 3
    }
  },
  {
    "model": "core.workflowrole",
    "pk": 53,
    "fields": {
      "workflow_item": 43,
      "role": 1061
    }
  },
  {
    "model": "core.workflowrole",
    "pk": 54,
    "fields": {
      "workflow_item": 47,
      "role": 3
    }
  },
  {
    "model": "core.workflowrole",
    "pk": 55,
    "fields": {
      "workflow_item": 47,
      "role": 1101
    }
  },
  {
    "model": "core.workflowrole",
    "pk": 56,
    "fields": {
      "workflow_item": 49,
      "role": 3
    }
  },
  {
    "model": "core.workflowrole",
    "pk": 57,
    "fields": {
      "workflow_item": 50,
      "role": 1101
    }
  },
  {
    "model": "core.workflowrole",
    "pk": 58,
    "fields": {
      "workflow_item": 51,
      "role": 3
    }
  },
  {
    "model": "core.workflowrole",
    "pk": 59,
    "fields": {
      "workflow_item": 52,
      "role": 3
    }
  },
  {
    "model": "core.workflowrole",
    "pk": 60,
    "fields": {
      "workflow_item": 53,
      "role": 1101
    }
  },
  {
    "model": "core.workflowrole",
    "pk": 61,
    "fields": {
      "workflow_item": 63,
      "role": 3
    }
  },
  {
    "model": "core.workflowrole",
    "pk": 62,
    "fields": {
      "workflow_item": 54,
      "role": 1101
    }
  },
  {
    "model": "core.workflowrole",
    "pk": 63,
    "fields": {
      "workflow_item": 56,
      "role": 3
    }
  },
  {
    "model": "core.workflowrole",
    "pk": 64,
    "fields": {
      "workflow_item": 64,
      "role": 3
    }
  },
  {
    "model": "core.workflowrole",
    "pk": 65,
    "fields": {
      "workflow_item": 55,
      "role": 3
    }
  },
  {
    "model": "core.workflowrole",
    "pk": 66,
    "fields": {
      "workflow_item": 1,
      "role": 3
    }
  },
  {
    "model": "core.workflowrole",
    "pk": 68,
    "fields": {
      "workflow_item": 14,
      "role": 3
    }
  },
  {
    "model": "core.workflowrole",
    "pk": 69,
    "fields": {
      "workflow_item": 14,
      "role": 4
    }
  },
  {
    "model": "core.workflowrole",
    "pk": 70,
    "fields": {
      "workflow_item": 14,
      "role": 6
    }
  },
  {
    "model": "core.workflowrole",
    "pk": 72,
    "fields": {
      "workflow_item": 1,
      "role": 6
    }
  },
  {
    "model": "core.workflowrole",
    "pk": 73,
    "fields": {
      "workflow_item": 21,
      "role": 6
    }
  },
  {
    "model": "core.workflowrole",
    "pk": 74,
    "fields": {
      "workflow_item": 21,
      "role": 1061
    }
  },
  {
    "model": "core.workflowrole",
    "pk": 75,
    "fields": {
      "workflow_item": 42,
      "role": 1061
    }
  },
  {
    "model": "core.workflowrole",
    "pk": 76,
    "fields": {
      "workflow_item": 42,
      "role": 1101
    }
  },
  {
    "model": "core.workflowrole",
    "pk": 77,
    "fields": {
      "workflow_item": 48,
      "role": 3
    }
  },
  {
    "model": "core.workflowrole",
    "pk": 78,
    "fields": {
      "workflow_item": 48,
      "role": 6
    }
  },
  {
    "model": "core.workflowrole",
    "pk": 79,
    "fields": {
      "workflow_item": 49,
      "role": 6
    }
  },
  {
    "model": "core.workflowrole",
    "pk": 80,
    "fields": {
      "workflow_item": 49,
      "role": 1061
    }
  },
  {
    "model": "core.workflowrole",
    "pk": 81,
    "fields": {
      "workflow_item": 51,
      "role": 6
    }
  },
  {
    "model": "core.workflowrole",
    "pk": 82,
    "fields": {
      "workflow_item": 52,
      "role": 6
    }
  },
  {
    "model": "core.workflowrole",
    "pk": 83,
    "fields": {
      "workflow_item": 52,
      "role": 1061
    }
  },
  {
    "model": "core.workflowrole",
    "pk": 84,
    "fields": {
      "workflow_item": 63,
      "role": 6
    }
  },
  {
    "model": "core.workflowrole",
    "pk": 85,
    "fields": {
      "workflow_item": 64,
      "role": 6
    }
  },
  {
    "model": "core.workflowrole",
    "pk": 86,
    "fields": {
      "workflow_item": 64,
      "role": 1061
    }
  },
  {
    "model": "core.workflowrole",
    "pk": 87,
    "fields": {
      "workflow_item": 55,
      "role": 6
    }
  },
  {
    "model": "core.workflowrole",
    "pk": 88,
    "fields": {
      "workflow_item": 56,
      "role": 6
    }
  },
  {
    "model": "core.workflowrole",
    "pk": 89,
    "fields": {
      "workflow_item": 56,
      "role": 1101
    }
  },
  {
    "model": "core.workflowrole",
    "pk": 90,
    "fields": {
      "workflow_item": 59,
      "role": 3
    }
  },
  {
    "model": "core.workflowrole",
    "pk": 91,
    "fields": {
      "workflow_item": 59,
      "role": 6
    }
  },
  {
    "model": "core.workflowrole",
    "pk": 92,
    "fields": {
      "workflow_item": 59,
      "role": 1101
    }
  },
  {
    "model": "core.workflowrole",
    "pk": 93,
    "fields": {
      "workflow_item": 67,
      "role": 6
    }
  },
  {
    "model": "core.workflowrole",
    "pk": 94,
    "fields": {
      "workflow_item": 67,
      "role": 3
    }
  },
  {
    "model": "core.workflowrole",
    "pk": 97,
    "fields": {
      "workflow_item": 81,
      "role": 6
    }
  },
  {
    "model": "core.workflowrole",
    "pk": 98,
    "fields": {
      "workflow_item": 81,
      "role": 1104
    }
  },
  {
    "model": "core.workflowrole",
    "pk": 99,
    "fields": {
      "workflow_item": 82,
      "role": 6
    }
  },
  {
    "model": "core.workflowrole",
    "pk": 100,
    "fields": {
      "workflow_item": 82,
      "role": 1104
    }
  },
  {
    "model": "core.workflowrole",
    "pk": 103,
    "fields": {
      "workflow_item": 65,
      "role": 3
    }
  },
  {
    "model": "core.workflowrole",
    "pk": 104,
    "fields": {
      "workflow_item": 15,
      "role": 3
    }
  },
  {
    "model": "core.workflowrole",
    "pk": 105,
    "fields": {
      "workflow_item": 72,
      "role": 3
    }
  },
  {
    "model": "core.workflowrole",
    "pk": 106,
    "fields": {
      "workflow_item": 85,
      "role": 3
    }
  },
  {
    "model": "core.workflowrole",
    "pk": 107,
    "fields": {
      "workflow_item": 86,
      "role": 3
    }
  },
  {
    "model": "core.workflowrole",
    "pk": 108,
    "fields": {
      "workflow_item": 90,
      "role": 3
    }
  },
  {
    "model": "core.workflowrole",
    "pk": 109,
    "fields": {
      "workflow_item": 89,
      "role": 3
    }
  },
  {
    "model": "core.workflowrole",
    "pk": 12000000,
    "fields": {
      "workflow_item": 10,
      "role": 3
    }
  },
  {
    "model": "core.workflowrole",
    "pk": 12000001,
    "fields": {
      "workflow_item": 10,
      "role": 6
    }
  },
  {
    "model": "core.workflowrole",
    "pk": 12000002,
    "fields": {
      "workflow_item": 10,
      "role": 1061
    }
  },
  {
    "model": "core.workflowrole",
    "pk": 12000003,
    "fields": {
      "workflow_item": 10,
      "role": 1101
    }
  },
  {
    "model": "core.workflowsection",
    "pk": 1,
    "fields": {
      "name": "Ordentliches Verfahren",
      "sort": 0
    }
  },
  {
    "model": "core.workflowsection",
    "pk": 2,
    "fields": {
      "name": "Rechtsmittelverfahren",
      "sort": 1
    }
  },
  {
    "model": "core.workflowsection",
    "pk": 3,
    "fields": {
      "name": "Realisierungsphase",
      "sort": 2
    }
  },
  {
    "model": "core.workflowsection",
    "pk": 4,
    "fields": {
      "name": "Auflagen-Controlling",
      "sort": 3
    }
  }
]
