--------------------------------------------------------
--  File created - Friday-May-23-2014   
--------------------------------------------------------
REM INSERTING into CAMAC.ACTION
SET DEFINE OFF;
Insert into CAMAC.ACTION (ACTION_ID,AVAILABLE_ACTION_ID,BUTTON_ID,NAME,DESCRIPTION,SUCCESS_MESSAGE,ERROR_MESSAGE,EXECUTE_ALWAYS,SORT) values (1,'save',1,'Formular speichern / kreieren',null,null,null,0,0);
REM INSERTING into CAMAC.ACTIVATION
SET DEFINE OFF;
REM INSERTING into CAMAC.ACTIVATION_LOG
SET DEFINE OFF;
REM INSERTING into CAMAC.AIR_ACTION
SET DEFINE OFF;
Insert into CAMAC.AIR_ACTION (AVAILABLE_INSTANCE_RESOURCE_ID,ACTION_NAME,HIDDEN) values ('formwizard','wizard',0);
Insert into CAMAC.AIR_ACTION (AVAILABLE_INSTANCE_RESOURCE_ID,ACTION_NAME,HIDDEN) values ('formwizard','get-file',1);
Insert into CAMAC.AIR_ACTION (AVAILABLE_INSTANCE_RESOURCE_ID,ACTION_NAME,HIDDEN) values ('newform','new',0);
Insert into CAMAC.AIR_ACTION (AVAILABLE_INSTANCE_RESOURCE_ID,ACTION_NAME,HIDDEN) values ('editformpage','edit-page',0);
Insert into CAMAC.AIR_ACTION (AVAILABLE_INSTANCE_RESOURCE_ID,ACTION_NAME,HIDDEN) values ('editformpage','get-file',1);
Insert into CAMAC.AIR_ACTION (AVAILABLE_INSTANCE_RESOURCE_ID,ACTION_NAME,HIDDEN) values ('editformpages','edit-pages',0);
Insert into CAMAC.AIR_ACTION (AVAILABLE_INSTANCE_RESOURCE_ID,ACTION_NAME,HIDDEN) values ('editformpages','get-file',1);
Insert into CAMAC.AIR_ACTION (AVAILABLE_INSTANCE_RESOURCE_ID,ACTION_NAME,HIDDEN) values ('formpage','read-page',0);
Insert into CAMAC.AIR_ACTION (AVAILABLE_INSTANCE_RESOURCE_ID,ACTION_NAME,HIDDEN) values ('formpage','get-file',1);
Insert into CAMAC.AIR_ACTION (AVAILABLE_INSTANCE_RESOURCE_ID,ACTION_NAME,HIDDEN) values ('formpages','read-pages',0);
Insert into CAMAC.AIR_ACTION (AVAILABLE_INSTANCE_RESOURCE_ID,ACTION_NAME,HIDDEN) values ('formpages','get-file',1);
Insert into CAMAC.AIR_ACTION (AVAILABLE_INSTANCE_RESOURCE_ID,ACTION_NAME,HIDDEN) values ('allformpages','index',0);
Insert into CAMAC.AIR_ACTION (AVAILABLE_INSTANCE_RESOURCE_ID,ACTION_NAME,HIDDEN) values ('allformpages','get-file',1);
Insert into CAMAC.AIR_ACTION (AVAILABLE_INSTANCE_RESOURCE_ID,ACTION_NAME,HIDDEN) values ('formerror','form-error',0);
Insert into CAMAC.AIR_ACTION (AVAILABLE_INSTANCE_RESOURCE_ID,ACTION_NAME,HIDDEN) values ('editcirculation','edit',0);
Insert into CAMAC.AIR_ACTION (AVAILABLE_INSTANCE_RESOURCE_ID,ACTION_NAME,HIDDEN) values ('editcirculation','add',1);
Insert into CAMAC.AIR_ACTION (AVAILABLE_INSTANCE_RESOURCE_ID,ACTION_NAME,HIDDEN) values ('editcirculation','add-activation',1);
Insert into CAMAC.AIR_ACTION (AVAILABLE_INSTANCE_RESOURCE_ID,ACTION_NAME,HIDDEN) values ('editcirculation','get-image',1);
Insert into CAMAC.AIR_ACTION (AVAILABLE_INSTANCE_RESOURCE_ID,ACTION_NAME,HIDDEN) values ('circulation','index',0);
Insert into CAMAC.AIR_ACTION (AVAILABLE_INSTANCE_RESOURCE_ID,ACTION_NAME,HIDDEN) values ('circulation','get-image',1);
Insert into CAMAC.AIR_ACTION (AVAILABLE_INSTANCE_RESOURCE_ID,ACTION_NAME,HIDDEN) values ('editnotice','list-notice',0);
Insert into CAMAC.AIR_ACTION (AVAILABLE_INSTANCE_RESOURCE_ID,ACTION_NAME,HIDDEN) values ('editnotice','edit-notice',1);
Insert into CAMAC.AIR_ACTION (AVAILABLE_INSTANCE_RESOURCE_ID,ACTION_NAME,HIDDEN) values ('editnotice','get-image',1);
Insert into CAMAC.AIR_ACTION (AVAILABLE_INSTANCE_RESOURCE_ID,ACTION_NAME,HIDDEN) values ('editnotice','list',1);
Insert into CAMAC.AIR_ACTION (AVAILABLE_INSTANCE_RESOURCE_ID,ACTION_NAME,HIDDEN) values ('editnotice','upload',1);
Insert into CAMAC.AIR_ACTION (AVAILABLE_INSTANCE_RESOURCE_ID,ACTION_NAME,HIDDEN) values ('editcirculation','read-notice',1);
Insert into CAMAC.AIR_ACTION (AVAILABLE_INSTANCE_RESOURCE_ID,ACTION_NAME,HIDDEN) values ('circulation','read-notice',1);
Insert into CAMAC.AIR_ACTION (AVAILABLE_INSTANCE_RESOURCE_ID,ACTION_NAME,HIDDEN) values ('letter','index',0);
Insert into CAMAC.AIR_ACTION (AVAILABLE_INSTANCE_RESOURCE_ID,ACTION_NAME,HIDDEN) values ('letter','get-image',1);
Insert into CAMAC.AIR_ACTION (AVAILABLE_INSTANCE_RESOURCE_ID,ACTION_NAME,HIDDEN) values ('editletter','edit',0);
Insert into CAMAC.AIR_ACTION (AVAILABLE_INSTANCE_RESOURCE_ID,ACTION_NAME,HIDDEN) values ('editletter','get-image',1);
Insert into CAMAC.AIR_ACTION (AVAILABLE_INSTANCE_RESOURCE_ID,ACTION_NAME,HIDDEN) values ('editletter','list',1);
Insert into CAMAC.AIR_ACTION (AVAILABLE_INSTANCE_RESOURCE_ID,ACTION_NAME,HIDDEN) values ('editletter','upload',1);
Insert into CAMAC.AIR_ACTION (AVAILABLE_INSTANCE_RESOURCE_ID,ACTION_NAME,HIDDEN) values ('page','index',0);
Insert into CAMAC.AIR_ACTION (AVAILABLE_INSTANCE_RESOURCE_ID,ACTION_NAME,HIDDEN) values ('history','index',0);
REM INSERTING into CAMAC.ANSWER
SET DEFINE OFF;
Insert into CAMAC.ANSWER (INSTANCE_ID,QUESTION_ID,CHAPTER_ID,ITEM,ANSWER) values (1,6,3,1,'01-014-008');
Insert into CAMAC.ANSWER (INSTANCE_ID,QUESTION_ID,CHAPTER_ID,ITEM,ANSWER) values (1,2,3,1,'1');
Insert into CAMAC.ANSWER (INSTANCE_ID,QUESTION_ID,CHAPTER_ID,ITEM,ANSWER) values (1,5,3,1,'bkbuerg');
REM INSERTING into CAMAC.ANSWER_LIST
SET DEFINE OFF;
Insert into CAMAC.ANSWER_LIST (ANSWER_LIST_ID,QUESTION_ID,VALUE,NAME,SORT) values (1,4,'abm','Brandschutz (ABM)',0);
Insert into CAMAC.ANSWER_LIST (ANSWER_LIST_ID,QUESTION_ID,VALUE,NAME,SORT) values (2,4,'afe','Energienachweis',1);
Insert into CAMAC.ANSWER_LIST (ANSWER_LIST_ID,QUESTION_ID,VALUE,NAME,SORT) values (3,4,'afemin','Minergienachweis (AfE)',2);
Insert into CAMAC.ANSWER_LIST (ANSWER_LIST_ID,QUESTION_ID,VALUE,NAME,SORT) values (4,4,'qgp','Sondernutzunsplanung (QGP / QP)',3);
Insert into CAMAC.ANSWER_LIST (ANSWER_LIST_ID,QUESTION_ID,VALUE,NAME,SORT) values (5,4,'nhsdenkmal','kommunales Kulturobjekt (NHS Denkmalpflege)',4);
Insert into CAMAC.ANSWER_LIST (ANSWER_LIST_ID,QUESTION_ID,VALUE,NAME,SORT) values (6,4,'nhsschutz','kommunales Schutzobjekt /-gebiet (NHS)',5);
Insert into CAMAC.ANSWER_LIST (ANSWER_LIST_ID,QUESTION_ID,VALUE,NAME,SORT) values (7,5,'bkbuerg','Baukomission Bürglen',0);
REM INSERTING into CAMAC.ANSWER_LOG
SET DEFINE OFF;
Insert into CAMAC.ANSWER_LOG (ANSWER_LOG_ID,MODIFICATION_DATE,USER_ID,ACTION,ID1,FIELD1,ID2,FIELD2,ID3,FIELD3,ID4,FIELD4) values (1,to_date('22-MAY-14','DD-MON-RR'),21,'i',1,'INSTANCE_ID',6,'QUESTION_ID',3,'CHAPTER_ID',1,'ITEM');
Insert into CAMAC.ANSWER_LOG (ANSWER_LOG_ID,MODIFICATION_DATE,USER_ID,ACTION,ID1,FIELD1,ID2,FIELD2,ID3,FIELD3,ID4,FIELD4) values (2,to_date('22-MAY-14','DD-MON-RR'),21,'i',1,'INSTANCE_ID',2,'QUESTION_ID',3,'CHAPTER_ID',1,'ITEM');
Insert into CAMAC.ANSWER_LOG (ANSWER_LOG_ID,MODIFICATION_DATE,USER_ID,ACTION,ID1,FIELD1,ID2,FIELD2,ID3,FIELD3,ID4,FIELD4) values (3,to_date('22-MAY-14','DD-MON-RR'),21,'i',1,'INSTANCE_ID',5,'QUESTION_ID',3,'CHAPTER_ID',1,'ITEM');
REM INSERTING into CAMAC.ANSWER_QUERY
SET DEFINE OFF;
Insert into CAMAC.ANSWER_QUERY (ANSWER_QUERY_ID,NAME,QUERY) values (1,'Gemeinde','SELECT
	LOCATION_ID, NAME
FROM
	LOCATION');
REM INSERTING into CAMAC.AR_ACTION
SET DEFINE OFF;
Insert into CAMAC.AR_ACTION (AVAILABLE_RESOURCE_ID,ACTION_NAME,HIDDEN) values ('page','index',0);
Insert into CAMAC.AR_ACTION (AVAILABLE_RESOURCE_ID,ACTION_NAME,HIDDEN) values ('formlist','list',0);
Insert into CAMAC.AR_ACTION (AVAILABLE_RESOURCE_ID,ACTION_NAME,HIDDEN) values ('search','index',0);
Insert into CAMAC.AR_ACTION (AVAILABLE_RESOURCE_ID,ACTION_NAME,HIDDEN) values ('search','result',1);
Insert into CAMAC.AR_ACTION (AVAILABLE_RESOURCE_ID,ACTION_NAME,HIDDEN) values ('list','index',0);
Insert into CAMAC.AR_ACTION (AVAILABLE_RESOURCE_ID,ACTION_NAME,HIDDEN) values ('glossary','index',0);
Insert into CAMAC.AR_ACTION (AVAILABLE_RESOURCE_ID,ACTION_NAME,HIDDEN) values ('glossary','add-category',1);
Insert into CAMAC.AR_ACTION (AVAILABLE_RESOURCE_ID,ACTION_NAME,HIDDEN) values ('glossary','edit-category',1);
Insert into CAMAC.AR_ACTION (AVAILABLE_RESOURCE_ID,ACTION_NAME,HIDDEN) values ('glossary','add-sentence',1);
Insert into CAMAC.AR_ACTION (AVAILABLE_RESOURCE_ID,ACTION_NAME,HIDDEN) values ('glossary','edit-sentence',1);
Insert into CAMAC.AR_ACTION (AVAILABLE_RESOURCE_ID,ACTION_NAME,HIDDEN) values ('glossary','list',1);
REM INSERTING into CAMAC.AVAILABLE_ACTION
SET DEFINE OFF;
Insert into CAMAC.AVAILABLE_ACTION (AVAILABLE_ACTION_ID,MODULE_NAME,DESCRIPTION) values ('save','default','Save');
Insert into CAMAC.AVAILABLE_ACTION (AVAILABLE_ACTION_ID,MODULE_NAME,DESCRIPTION) values ('email','default','Send e-mail');
Insert into CAMAC.AVAILABLE_ACTION (AVAILABLE_ACTION_ID,MODULE_NAME,DESCRIPTION) values ('formtransition','default','Make a transition');
Insert into CAMAC.AVAILABLE_ACTION (AVAILABLE_ACTION_ID,MODULE_NAME,DESCRIPTION) values ('checkquery','default','Check with a SQL query');
Insert into CAMAC.AVAILABLE_ACTION (AVAILABLE_ACTION_ID,MODULE_NAME,DESCRIPTION) values ('php','default','Call PHP');
Insert into CAMAC.AVAILABLE_ACTION (AVAILABLE_ACTION_ID,MODULE_NAME,DESCRIPTION) values ('circulationtransition','default','Change state of the circulation');
Insert into CAMAC.AVAILABLE_ACTION (AVAILABLE_ACTION_ID,MODULE_NAME,DESCRIPTION) values ('proposal','default','Generate proposal activation');
Insert into CAMAC.AVAILABLE_ACTION (AVAILABLE_ACTION_ID,MODULE_NAME,DESCRIPTION) values ('location','default','Set location of instance');
Insert into CAMAC.AVAILABLE_ACTION (AVAILABLE_ACTION_ID,MODULE_NAME,DESCRIPTION) values ('notice','default','Retrieve notice');
Insert into CAMAC.AVAILABLE_ACTION (AVAILABLE_ACTION_ID,MODULE_NAME,DESCRIPTION) values ('copydata','default','Copy data from question to table');
Insert into CAMAC.AVAILABLE_ACTION (AVAILABLE_ACTION_ID,MODULE_NAME,DESCRIPTION) values ('savepdf','default','Save PDF from a form');
Insert into CAMAC.AVAILABLE_ACTION (AVAILABLE_ACTION_ID,MODULE_NAME,DESCRIPTION) values ('validate','default','Validate the form');
Insert into CAMAC.AVAILABLE_ACTION (AVAILABLE_ACTION_ID,MODULE_NAME,DESCRIPTION) values ('wsgeocode','wsgeocode','WS geocode');
REM INSERTING into CAMAC.AVAILABLE_INSTANCE_RESOURCE
SET DEFINE OFF;
Insert into CAMAC.AVAILABLE_INSTANCE_RESOURCE (AVAILABLE_INSTANCE_RESOURCE_ID,MODULE_NAME,CONTROLLER_NAME,DESCRIPTION) values ('newform','default','form','Create the form');
Insert into CAMAC.AVAILABLE_INSTANCE_RESOURCE (AVAILABLE_INSTANCE_RESOURCE_ID,MODULE_NAME,CONTROLLER_NAME,DESCRIPTION) values ('editformpage','default','form','Edit one page of the form');
Insert into CAMAC.AVAILABLE_INSTANCE_RESOURCE (AVAILABLE_INSTANCE_RESOURCE_ID,MODULE_NAME,CONTROLLER_NAME,DESCRIPTION) values ('editformpages','default','form','Edit multiple page of the form');
Insert into CAMAC.AVAILABLE_INSTANCE_RESOURCE (AVAILABLE_INSTANCE_RESOURCE_ID,MODULE_NAME,CONTROLLER_NAME,DESCRIPTION) values ('formpage','default','form','Read one page of the form');
Insert into CAMAC.AVAILABLE_INSTANCE_RESOURCE (AVAILABLE_INSTANCE_RESOURCE_ID,MODULE_NAME,CONTROLLER_NAME,DESCRIPTION) values ('formpages','default','form','Read multiple page of the form');
Insert into CAMAC.AVAILABLE_INSTANCE_RESOURCE (AVAILABLE_INSTANCE_RESOURCE_ID,MODULE_NAME,CONTROLLER_NAME,DESCRIPTION) values ('allformpages','default','form','Read all pages of the form');
Insert into CAMAC.AVAILABLE_INSTANCE_RESOURCE (AVAILABLE_INSTANCE_RESOURCE_ID,MODULE_NAME,CONTROLLER_NAME,DESCRIPTION) values ('formerror','default','form','Page with error list of the form');
Insert into CAMAC.AVAILABLE_INSTANCE_RESOURCE (AVAILABLE_INSTANCE_RESOURCE_ID,MODULE_NAME,CONTROLLER_NAME,DESCRIPTION) values ('formwizard','default','form','Wizard for the creation of a form');
Insert into CAMAC.AVAILABLE_INSTANCE_RESOURCE (AVAILABLE_INSTANCE_RESOURCE_ID,MODULE_NAME,CONTROLLER_NAME,DESCRIPTION) values ('editcirculation','default','circulation','Edit the circulation');
Insert into CAMAC.AVAILABLE_INSTANCE_RESOURCE (AVAILABLE_INSTANCE_RESOURCE_ID,MODULE_NAME,CONTROLLER_NAME,DESCRIPTION) values ('circulation','default','circulation','Read the circulation');
Insert into CAMAC.AVAILABLE_INSTANCE_RESOURCE (AVAILABLE_INSTANCE_RESOURCE_ID,MODULE_NAME,CONTROLLER_NAME,DESCRIPTION) values ('editnotice','default','circulation','Edit the notice');
Insert into CAMAC.AVAILABLE_INSTANCE_RESOURCE (AVAILABLE_INSTANCE_RESOURCE_ID,MODULE_NAME,CONTROLLER_NAME,DESCRIPTION) values ('letter','default','letter','Read letter');
Insert into CAMAC.AVAILABLE_INSTANCE_RESOURCE (AVAILABLE_INSTANCE_RESOURCE_ID,MODULE_NAME,CONTROLLER_NAME,DESCRIPTION) values ('editletter','default','letter','Edit letter');
Insert into CAMAC.AVAILABLE_INSTANCE_RESOURCE (AVAILABLE_INSTANCE_RESOURCE_ID,MODULE_NAME,CONTROLLER_NAME,DESCRIPTION) values ('page','default','page','Page from template');
Insert into CAMAC.AVAILABLE_INSTANCE_RESOURCE (AVAILABLE_INSTANCE_RESOURCE_ID,MODULE_NAME,CONTROLLER_NAME,DESCRIPTION) values ('history','history','index','History of an instance');
REM INSERTING into CAMAC.AVAILABLE_RESOURCE
SET DEFINE OFF;
Insert into CAMAC.AVAILABLE_RESOURCE (AVAILABLE_RESOURCE_ID,MODULE_NAME,CONTROLLER_NAME,DESCRIPTION) values ('page','default','index','Page from template');
Insert into CAMAC.AVAILABLE_RESOURCE (AVAILABLE_RESOURCE_ID,MODULE_NAME,CONTROLLER_NAME,DESCRIPTION) values ('formlist','default','form','Page with a list of forms');
Insert into CAMAC.AVAILABLE_RESOURCE (AVAILABLE_RESOURCE_ID,MODULE_NAME,CONTROLLER_NAME,DESCRIPTION) values ('search','default','search','Page with search function');
Insert into CAMAC.AVAILABLE_RESOURCE (AVAILABLE_RESOURCE_ID,MODULE_NAME,CONTROLLER_NAME,DESCRIPTION) values ('list','default','list','Page with a list of instances');
Insert into CAMAC.AVAILABLE_RESOURCE (AVAILABLE_RESOURCE_ID,MODULE_NAME,CONTROLLER_NAME,DESCRIPTION) values ('glossary','glossary','index','Glossary');
REM INSERTING into CAMAC.A_CHECKQUERY
SET DEFINE OFF;
REM INSERTING into CAMAC.A_CIRCULATIONTRANSITION
SET DEFINE OFF;
REM INSERTING into CAMAC.A_COPYDATA
SET DEFINE OFF;
REM INSERTING into CAMAC.A_COPYDATA_MAPPING
SET DEFINE OFF;
REM INSERTING into CAMAC.A_EMAIL
SET DEFINE OFF;
REM INSERTING into CAMAC.A_FORMTRANSITION
SET DEFINE OFF;
REM INSERTING into CAMAC.A_LOCATION
SET DEFINE OFF;
REM INSERTING into CAMAC.A_LOCATION_QC
SET DEFINE OFF;
REM INSERTING into CAMAC.A_NOTICE
SET DEFINE OFF;
REM INSERTING into CAMAC.A_PHP
SET DEFINE OFF;
REM INSERTING into CAMAC.A_PROPOSAL
SET DEFINE OFF;
REM INSERTING into CAMAC.A_SAVEPDF
SET DEFINE OFF;
REM INSERTING into CAMAC.A_VALIDATE
SET DEFINE OFF;
REM INSERTING into CAMAC.BUTTON
SET DEFINE OFF;
Insert into CAMAC.BUTTON (BUTTON_ID,INSTANCE_RESOURCE_ID,NAME,DESCRIPTION,CLASS,HIDDEN,SORT) values (1,1,'Erstellen',null,null,0,0);
REM INSERTING into CAMAC.B_GROUP_ACL
SET DEFINE OFF;
REM INSERTING into CAMAC.B_ROLE_ACL
SET DEFINE OFF;
Insert into CAMAC.B_ROLE_ACL (BUTTON_ID,ROLE_ID,INSTANCE_STATE_ID) values (1,6,1);
REM INSERTING into CAMAC.B_SERVICE_ACL
SET DEFINE OFF;
REM INSERTING into CAMAC.B_USER_ACL
SET DEFINE OFF;
REM INSERTING into CAMAC.CHAPTER
SET DEFINE OFF;
Insert into CAMAC.CHAPTER (CHAPTER_ID,NAME,DESCRIPTION,JAVASCRIPT) values (1,'Personendaten','Alle Daten der beteiligten Personen',null);
Insert into CAMAC.CHAPTER (CHAPTER_ID,NAME,DESCRIPTION,JAVASCRIPT) values (2,'Generell','Alle Allgemeinen Daten wie Leitbehörde, Dossier-NR',null);
Insert into CAMAC.CHAPTER (CHAPTER_ID,NAME,DESCRIPTION,JAVASCRIPT) values (3,'Erste Daten','Die Daten, die im ersten Schritt erledigt werden',null);
REM INSERTING into CAMAC.CHAPTER_PAGE
SET DEFINE OFF;
Insert into CAMAC.CHAPTER_PAGE (CHAPTER_ID,PAGE_ID,SORT) values (1,1,2);
Insert into CAMAC.CHAPTER_PAGE (CHAPTER_ID,PAGE_ID,SORT) values (2,1,1);
Insert into CAMAC.CHAPTER_PAGE (CHAPTER_ID,PAGE_ID,SORT) values (3,1,0);
REM INSERTING into CAMAC.CHAPTER_PAGE_GROUP_ACL
SET DEFINE OFF;
REM INSERTING into CAMAC.CHAPTER_PAGE_ROLE_ACL
SET DEFINE OFF;
Insert into CAMAC.CHAPTER_PAGE_ROLE_ACL (CHAPTER_ID,PAGE_ID,ROLE_ID,INSTANCE_STATE_ID) values (2,1,6,21);
Insert into CAMAC.CHAPTER_PAGE_ROLE_ACL (CHAPTER_ID,PAGE_ID,ROLE_ID,INSTANCE_STATE_ID) values (3,1,6,1);
REM INSERTING into CAMAC.CHAPTER_PAGE_SERVICE_ACL
SET DEFINE OFF;
REM INSERTING into CAMAC.CHAPTER_PAGE_USER_ACL
SET DEFINE OFF;
REM INSERTING into CAMAC.CIRCULATION
SET DEFINE OFF;
REM INSERTING into CAMAC.CIRCULATION_ANSWER
SET DEFINE OFF;
REM INSERTING into CAMAC.CIRCULATION_ANSWER_TYPE
SET DEFINE OFF;
Insert into CAMAC.CIRCULATION_ANSWER_TYPE (CIRCULATION_ANSWER_TYPE_ID,NAME) values (1,'Response');
Insert into CAMAC.CIRCULATION_ANSWER_TYPE (CIRCULATION_ANSWER_TYPE_ID,NAME) values (2,'Delay');
REM INSERTING into CAMAC.CIRCULATION_LOG
SET DEFINE OFF;
REM INSERTING into CAMAC.CIRCULATION_REASON
SET DEFINE OFF;
REM INSERTING into CAMAC.CIRCULATION_STATE
SET DEFINE OFF;
Insert into CAMAC.CIRCULATION_STATE (CIRCULATION_STATE_ID,NAME,SORT) values (1,'RUN',0);
Insert into CAMAC.CIRCULATION_STATE (CIRCULATION_STATE_ID,NAME,SORT) values (2,'OK',1);
REM INSERTING into CAMAC.CIRCULATION_TYPE
SET DEFINE OFF;
Insert into CAMAC.CIRCULATION_TYPE (CIRCULATION_TYPE_ID,NAME) values (1,'Main circulation');
REM INSERTING into CAMAC.FORM
SET DEFINE OFF;
Insert into CAMAC.FORM (FORM_ID,FORM_STATE_ID,NAME,DESCRIPTION) values (1,1,'Baugesuch mit kantonaler Beteiligung',null);
REM INSERTING into CAMAC.FORM_STATE
SET DEFINE OFF;
Insert into CAMAC.FORM_STATE (FORM_STATE_ID,NAME) values (1,'Published');
Insert into CAMAC.FORM_STATE (FORM_STATE_ID,NAME) values (2,'Not published');
REM INSERTING into CAMAC.GLOSSARY_CATEGORY
SET DEFINE OFF;
REM INSERTING into CAMAC.GLOSSARY_SENTENCE
SET DEFINE OFF;
REM INSERTING into CAMAC."GROUP"
SET DEFINE OFF;
Insert into CAMAC."GROUP" (GROUP_ID,ROLE_ID,SERVICE_ID,NAME) values (1,1,null,'Admin');
Insert into CAMAC."GROUP" (GROUP_ID,ROLE_ID,SERVICE_ID,NAME) values (2,2,null,'Guest');
Insert into CAMAC."GROUP" (GROUP_ID,ROLE_ID,SERVICE_ID,NAME) values (21,4,1,'Koordinationsstelle Baugesuche');
Insert into CAMAC."GROUP" (GROUP_ID,ROLE_ID,SERVICE_ID,NAME) values (22,6,null,'Gemeinde Altdorf');
Insert into CAMAC."GROUP" (GROUP_ID,ROLE_ID,SERVICE_ID,NAME) values (23,4,2,'Amt für Umwelt');
REM INSERTING into CAMAC.GROUP_LOCATION
SET DEFINE OFF;
Insert into CAMAC.GROUP_LOCATION (GROUP_ID,LOCATION_ID) values (22,1);
REM INSERTING into CAMAC.INSTANCE
SET DEFINE OFF;
Insert into CAMAC.INSTANCE (INSTANCE_ID,INSTANCE_STATE_ID,FORM_ID,USER_ID,GROUP_ID,CREATION_DATE,MODIFICATION_DATE) values (1,21,1,21,22,to_date('22-MAY-14','DD-MON-RR'),to_date('22-MAY-14','DD-MON-RR'));
REM INSERTING into CAMAC.INSTANCE_DEMO
SET DEFINE OFF;
REM INSERTING into CAMAC.INSTANCE_DEMO_LOG
SET DEFINE OFF;
REM INSERTING into CAMAC.INSTANCE_FORM_PDF
SET DEFINE OFF;
REM INSERTING into CAMAC.INSTANCE_GUEST
SET DEFINE OFF;
REM INSERTING into CAMAC.INSTANCE_LOCATION
SET DEFINE OFF;
REM INSERTING into CAMAC.INSTANCE_LOCATION_LOG
SET DEFINE OFF;
REM INSERTING into CAMAC.INSTANCE_LOG
SET DEFINE OFF;
Insert into CAMAC.INSTANCE_LOG (INSTANCE_LOG_ID,MODIFICATION_DATE,USER_ID,ACTION,ID) values (1,to_date('22-MAY-14','DD-MON-RR'),21,'i',1);
REM INSERTING into CAMAC.INSTANCE_RESOURCE
SET DEFINE OFF;
Insert into CAMAC.INSTANCE_RESOURCE (INSTANCE_RESOURCE_ID,AVAILABLE_INSTANCE_RESOURCE_ID,RESOURCE_ID,FORM_ID,NAME,DESCRIPTION,TEMPLATE,CLASS,HIDDEN,SORT) values (1,'newform',22,1,'Baugesuch mit kantonaler Beteiligung erstellen',null,null,null,0,0);
Insert into CAMAC.INSTANCE_RESOURCE (INSTANCE_RESOURCE_ID,AVAILABLE_INSTANCE_RESOURCE_ID,RESOURCE_ID,FORM_ID,NAME,DESCRIPTION,TEMPLATE,CLASS,HIDDEN,SORT) values (2,'editformpage',1,1,'Dossier bearbeiten',null,null,null,0,0);
REM INSERTING into CAMAC.INSTANCE_RESOURCE_ACTION
SET DEFINE OFF;
Insert into CAMAC.INSTANCE_RESOURCE_ACTION (AVAILABLE_INSTANCE_RESOURCE_ID,AVAILABLE_ACTION_ID) values ('allformpages','checkquery');
Insert into CAMAC.INSTANCE_RESOURCE_ACTION (AVAILABLE_INSTANCE_RESOURCE_ID,AVAILABLE_ACTION_ID) values ('allformpages','copydata');
Insert into CAMAC.INSTANCE_RESOURCE_ACTION (AVAILABLE_INSTANCE_RESOURCE_ID,AVAILABLE_ACTION_ID) values ('allformpages','email');
Insert into CAMAC.INSTANCE_RESOURCE_ACTION (AVAILABLE_INSTANCE_RESOURCE_ID,AVAILABLE_ACTION_ID) values ('allformpages','formtransition');
Insert into CAMAC.INSTANCE_RESOURCE_ACTION (AVAILABLE_INSTANCE_RESOURCE_ID,AVAILABLE_ACTION_ID) values ('allformpages','location');
Insert into CAMAC.INSTANCE_RESOURCE_ACTION (AVAILABLE_INSTANCE_RESOURCE_ID,AVAILABLE_ACTION_ID) values ('allformpages','php');
Insert into CAMAC.INSTANCE_RESOURCE_ACTION (AVAILABLE_INSTANCE_RESOURCE_ID,AVAILABLE_ACTION_ID) values ('allformpages','proposal');
Insert into CAMAC.INSTANCE_RESOURCE_ACTION (AVAILABLE_INSTANCE_RESOURCE_ID,AVAILABLE_ACTION_ID) values ('allformpages','savepdf');
Insert into CAMAC.INSTANCE_RESOURCE_ACTION (AVAILABLE_INSTANCE_RESOURCE_ID,AVAILABLE_ACTION_ID) values ('allformpages','validate');
Insert into CAMAC.INSTANCE_RESOURCE_ACTION (AVAILABLE_INSTANCE_RESOURCE_ID,AVAILABLE_ACTION_ID) values ('allformpages','wsgeocode');
Insert into CAMAC.INSTANCE_RESOURCE_ACTION (AVAILABLE_INSTANCE_RESOURCE_ID,AVAILABLE_ACTION_ID) values ('circulation','checkquery');
Insert into CAMAC.INSTANCE_RESOURCE_ACTION (AVAILABLE_INSTANCE_RESOURCE_ID,AVAILABLE_ACTION_ID) values ('circulation','email');
Insert into CAMAC.INSTANCE_RESOURCE_ACTION (AVAILABLE_INSTANCE_RESOURCE_ID,AVAILABLE_ACTION_ID) values ('circulation','formtransition');
Insert into CAMAC.INSTANCE_RESOURCE_ACTION (AVAILABLE_INSTANCE_RESOURCE_ID,AVAILABLE_ACTION_ID) values ('circulation','php');
Insert into CAMAC.INSTANCE_RESOURCE_ACTION (AVAILABLE_INSTANCE_RESOURCE_ID,AVAILABLE_ACTION_ID) values ('circulation','proposal');
Insert into CAMAC.INSTANCE_RESOURCE_ACTION (AVAILABLE_INSTANCE_RESOURCE_ID,AVAILABLE_ACTION_ID) values ('circulation','savepdf');
Insert into CAMAC.INSTANCE_RESOURCE_ACTION (AVAILABLE_INSTANCE_RESOURCE_ID,AVAILABLE_ACTION_ID) values ('circulation','validate');
Insert into CAMAC.INSTANCE_RESOURCE_ACTION (AVAILABLE_INSTANCE_RESOURCE_ID,AVAILABLE_ACTION_ID) values ('circulation','wsgeocode');
Insert into CAMAC.INSTANCE_RESOURCE_ACTION (AVAILABLE_INSTANCE_RESOURCE_ID,AVAILABLE_ACTION_ID) values ('editcirculation','checkquery');
Insert into CAMAC.INSTANCE_RESOURCE_ACTION (AVAILABLE_INSTANCE_RESOURCE_ID,AVAILABLE_ACTION_ID) values ('editcirculation','email');
Insert into CAMAC.INSTANCE_RESOURCE_ACTION (AVAILABLE_INSTANCE_RESOURCE_ID,AVAILABLE_ACTION_ID) values ('editcirculation','formtransition');
Insert into CAMAC.INSTANCE_RESOURCE_ACTION (AVAILABLE_INSTANCE_RESOURCE_ID,AVAILABLE_ACTION_ID) values ('editcirculation','php');
Insert into CAMAC.INSTANCE_RESOURCE_ACTION (AVAILABLE_INSTANCE_RESOURCE_ID,AVAILABLE_ACTION_ID) values ('editcirculation','proposal');
Insert into CAMAC.INSTANCE_RESOURCE_ACTION (AVAILABLE_INSTANCE_RESOURCE_ID,AVAILABLE_ACTION_ID) values ('editcirculation','save');
Insert into CAMAC.INSTANCE_RESOURCE_ACTION (AVAILABLE_INSTANCE_RESOURCE_ID,AVAILABLE_ACTION_ID) values ('editcirculation','savepdf');
Insert into CAMAC.INSTANCE_RESOURCE_ACTION (AVAILABLE_INSTANCE_RESOURCE_ID,AVAILABLE_ACTION_ID) values ('editcirculation','validate');
Insert into CAMAC.INSTANCE_RESOURCE_ACTION (AVAILABLE_INSTANCE_RESOURCE_ID,AVAILABLE_ACTION_ID) values ('editcirculation','wsgeocode');
Insert into CAMAC.INSTANCE_RESOURCE_ACTION (AVAILABLE_INSTANCE_RESOURCE_ID,AVAILABLE_ACTION_ID) values ('editformpage','checkquery');
Insert into CAMAC.INSTANCE_RESOURCE_ACTION (AVAILABLE_INSTANCE_RESOURCE_ID,AVAILABLE_ACTION_ID) values ('editformpage','copydata');
Insert into CAMAC.INSTANCE_RESOURCE_ACTION (AVAILABLE_INSTANCE_RESOURCE_ID,AVAILABLE_ACTION_ID) values ('editformpage','email');
Insert into CAMAC.INSTANCE_RESOURCE_ACTION (AVAILABLE_INSTANCE_RESOURCE_ID,AVAILABLE_ACTION_ID) values ('editformpage','formtransition');
Insert into CAMAC.INSTANCE_RESOURCE_ACTION (AVAILABLE_INSTANCE_RESOURCE_ID,AVAILABLE_ACTION_ID) values ('editformpage','location');
Insert into CAMAC.INSTANCE_RESOURCE_ACTION (AVAILABLE_INSTANCE_RESOURCE_ID,AVAILABLE_ACTION_ID) values ('editformpage','php');
Insert into CAMAC.INSTANCE_RESOURCE_ACTION (AVAILABLE_INSTANCE_RESOURCE_ID,AVAILABLE_ACTION_ID) values ('editformpage','proposal');
Insert into CAMAC.INSTANCE_RESOURCE_ACTION (AVAILABLE_INSTANCE_RESOURCE_ID,AVAILABLE_ACTION_ID) values ('editformpage','save');
Insert into CAMAC.INSTANCE_RESOURCE_ACTION (AVAILABLE_INSTANCE_RESOURCE_ID,AVAILABLE_ACTION_ID) values ('editformpage','savepdf');
Insert into CAMAC.INSTANCE_RESOURCE_ACTION (AVAILABLE_INSTANCE_RESOURCE_ID,AVAILABLE_ACTION_ID) values ('editformpage','validate');
Insert into CAMAC.INSTANCE_RESOURCE_ACTION (AVAILABLE_INSTANCE_RESOURCE_ID,AVAILABLE_ACTION_ID) values ('editformpage','wsgeocode');
Insert into CAMAC.INSTANCE_RESOURCE_ACTION (AVAILABLE_INSTANCE_RESOURCE_ID,AVAILABLE_ACTION_ID) values ('editformpages','checkquery');
Insert into CAMAC.INSTANCE_RESOURCE_ACTION (AVAILABLE_INSTANCE_RESOURCE_ID,AVAILABLE_ACTION_ID) values ('editformpages','copydata');
Insert into CAMAC.INSTANCE_RESOURCE_ACTION (AVAILABLE_INSTANCE_RESOURCE_ID,AVAILABLE_ACTION_ID) values ('editformpages','email');
Insert into CAMAC.INSTANCE_RESOURCE_ACTION (AVAILABLE_INSTANCE_RESOURCE_ID,AVAILABLE_ACTION_ID) values ('editformpages','formtransition');
Insert into CAMAC.INSTANCE_RESOURCE_ACTION (AVAILABLE_INSTANCE_RESOURCE_ID,AVAILABLE_ACTION_ID) values ('editformpages','location');
Insert into CAMAC.INSTANCE_RESOURCE_ACTION (AVAILABLE_INSTANCE_RESOURCE_ID,AVAILABLE_ACTION_ID) values ('editformpages','php');
Insert into CAMAC.INSTANCE_RESOURCE_ACTION (AVAILABLE_INSTANCE_RESOURCE_ID,AVAILABLE_ACTION_ID) values ('editformpages','proposal');
Insert into CAMAC.INSTANCE_RESOURCE_ACTION (AVAILABLE_INSTANCE_RESOURCE_ID,AVAILABLE_ACTION_ID) values ('editformpages','save');
Insert into CAMAC.INSTANCE_RESOURCE_ACTION (AVAILABLE_INSTANCE_RESOURCE_ID,AVAILABLE_ACTION_ID) values ('editformpages','savepdf');
Insert into CAMAC.INSTANCE_RESOURCE_ACTION (AVAILABLE_INSTANCE_RESOURCE_ID,AVAILABLE_ACTION_ID) values ('editformpages','validate');
Insert into CAMAC.INSTANCE_RESOURCE_ACTION (AVAILABLE_INSTANCE_RESOURCE_ID,AVAILABLE_ACTION_ID) values ('editformpages','wsgeocode');
Insert into CAMAC.INSTANCE_RESOURCE_ACTION (AVAILABLE_INSTANCE_RESOURCE_ID,AVAILABLE_ACTION_ID) values ('editletter','checkquery');
Insert into CAMAC.INSTANCE_RESOURCE_ACTION (AVAILABLE_INSTANCE_RESOURCE_ID,AVAILABLE_ACTION_ID) values ('editletter','email');
Insert into CAMAC.INSTANCE_RESOURCE_ACTION (AVAILABLE_INSTANCE_RESOURCE_ID,AVAILABLE_ACTION_ID) values ('editletter','formtransition');
Insert into CAMAC.INSTANCE_RESOURCE_ACTION (AVAILABLE_INSTANCE_RESOURCE_ID,AVAILABLE_ACTION_ID) values ('editletter','php');
Insert into CAMAC.INSTANCE_RESOURCE_ACTION (AVAILABLE_INSTANCE_RESOURCE_ID,AVAILABLE_ACTION_ID) values ('editletter','save');
Insert into CAMAC.INSTANCE_RESOURCE_ACTION (AVAILABLE_INSTANCE_RESOURCE_ID,AVAILABLE_ACTION_ID) values ('editletter','savepdf');
Insert into CAMAC.INSTANCE_RESOURCE_ACTION (AVAILABLE_INSTANCE_RESOURCE_ID,AVAILABLE_ACTION_ID) values ('editletter','validate');
Insert into CAMAC.INSTANCE_RESOURCE_ACTION (AVAILABLE_INSTANCE_RESOURCE_ID,AVAILABLE_ACTION_ID) values ('editletter','wsgeocode');
Insert into CAMAC.INSTANCE_RESOURCE_ACTION (AVAILABLE_INSTANCE_RESOURCE_ID,AVAILABLE_ACTION_ID) values ('editnotice','checkquery');
Insert into CAMAC.INSTANCE_RESOURCE_ACTION (AVAILABLE_INSTANCE_RESOURCE_ID,AVAILABLE_ACTION_ID) values ('editnotice','circulationtransition');
Insert into CAMAC.INSTANCE_RESOURCE_ACTION (AVAILABLE_INSTANCE_RESOURCE_ID,AVAILABLE_ACTION_ID) values ('editnotice','email');
Insert into CAMAC.INSTANCE_RESOURCE_ACTION (AVAILABLE_INSTANCE_RESOURCE_ID,AVAILABLE_ACTION_ID) values ('editnotice','formtransition');
Insert into CAMAC.INSTANCE_RESOURCE_ACTION (AVAILABLE_INSTANCE_RESOURCE_ID,AVAILABLE_ACTION_ID) values ('editnotice','notice');
Insert into CAMAC.INSTANCE_RESOURCE_ACTION (AVAILABLE_INSTANCE_RESOURCE_ID,AVAILABLE_ACTION_ID) values ('editnotice','php');
Insert into CAMAC.INSTANCE_RESOURCE_ACTION (AVAILABLE_INSTANCE_RESOURCE_ID,AVAILABLE_ACTION_ID) values ('editnotice','proposal');
Insert into CAMAC.INSTANCE_RESOURCE_ACTION (AVAILABLE_INSTANCE_RESOURCE_ID,AVAILABLE_ACTION_ID) values ('editnotice','save');
Insert into CAMAC.INSTANCE_RESOURCE_ACTION (AVAILABLE_INSTANCE_RESOURCE_ID,AVAILABLE_ACTION_ID) values ('editnotice','savepdf');
Insert into CAMAC.INSTANCE_RESOURCE_ACTION (AVAILABLE_INSTANCE_RESOURCE_ID,AVAILABLE_ACTION_ID) values ('editnotice','validate');
Insert into CAMAC.INSTANCE_RESOURCE_ACTION (AVAILABLE_INSTANCE_RESOURCE_ID,AVAILABLE_ACTION_ID) values ('editnotice','wsgeocode');
Insert into CAMAC.INSTANCE_RESOURCE_ACTION (AVAILABLE_INSTANCE_RESOURCE_ID,AVAILABLE_ACTION_ID) values ('formpage','checkquery');
Insert into CAMAC.INSTANCE_RESOURCE_ACTION (AVAILABLE_INSTANCE_RESOURCE_ID,AVAILABLE_ACTION_ID) values ('formpage','copydata');
Insert into CAMAC.INSTANCE_RESOURCE_ACTION (AVAILABLE_INSTANCE_RESOURCE_ID,AVAILABLE_ACTION_ID) values ('formpage','email');
Insert into CAMAC.INSTANCE_RESOURCE_ACTION (AVAILABLE_INSTANCE_RESOURCE_ID,AVAILABLE_ACTION_ID) values ('formpage','formtransition');
Insert into CAMAC.INSTANCE_RESOURCE_ACTION (AVAILABLE_INSTANCE_RESOURCE_ID,AVAILABLE_ACTION_ID) values ('formpage','location');
Insert into CAMAC.INSTANCE_RESOURCE_ACTION (AVAILABLE_INSTANCE_RESOURCE_ID,AVAILABLE_ACTION_ID) values ('formpage','php');
Insert into CAMAC.INSTANCE_RESOURCE_ACTION (AVAILABLE_INSTANCE_RESOURCE_ID,AVAILABLE_ACTION_ID) values ('formpage','proposal');
Insert into CAMAC.INSTANCE_RESOURCE_ACTION (AVAILABLE_INSTANCE_RESOURCE_ID,AVAILABLE_ACTION_ID) values ('formpage','savepdf');
Insert into CAMAC.INSTANCE_RESOURCE_ACTION (AVAILABLE_INSTANCE_RESOURCE_ID,AVAILABLE_ACTION_ID) values ('formpage','validate');
Insert into CAMAC.INSTANCE_RESOURCE_ACTION (AVAILABLE_INSTANCE_RESOURCE_ID,AVAILABLE_ACTION_ID) values ('formpage','wsgeocode');
Insert into CAMAC.INSTANCE_RESOURCE_ACTION (AVAILABLE_INSTANCE_RESOURCE_ID,AVAILABLE_ACTION_ID) values ('formpages','checkquery');
Insert into CAMAC.INSTANCE_RESOURCE_ACTION (AVAILABLE_INSTANCE_RESOURCE_ID,AVAILABLE_ACTION_ID) values ('formpages','copydata');
Insert into CAMAC.INSTANCE_RESOURCE_ACTION (AVAILABLE_INSTANCE_RESOURCE_ID,AVAILABLE_ACTION_ID) values ('formpages','email');
Insert into CAMAC.INSTANCE_RESOURCE_ACTION (AVAILABLE_INSTANCE_RESOURCE_ID,AVAILABLE_ACTION_ID) values ('formpages','formtransition');
Insert into CAMAC.INSTANCE_RESOURCE_ACTION (AVAILABLE_INSTANCE_RESOURCE_ID,AVAILABLE_ACTION_ID) values ('formpages','location');
Insert into CAMAC.INSTANCE_RESOURCE_ACTION (AVAILABLE_INSTANCE_RESOURCE_ID,AVAILABLE_ACTION_ID) values ('formpages','php');
Insert into CAMAC.INSTANCE_RESOURCE_ACTION (AVAILABLE_INSTANCE_RESOURCE_ID,AVAILABLE_ACTION_ID) values ('formpages','proposal');
Insert into CAMAC.INSTANCE_RESOURCE_ACTION (AVAILABLE_INSTANCE_RESOURCE_ID,AVAILABLE_ACTION_ID) values ('formpages','savepdf');
Insert into CAMAC.INSTANCE_RESOURCE_ACTION (AVAILABLE_INSTANCE_RESOURCE_ID,AVAILABLE_ACTION_ID) values ('formpages','validate');
Insert into CAMAC.INSTANCE_RESOURCE_ACTION (AVAILABLE_INSTANCE_RESOURCE_ID,AVAILABLE_ACTION_ID) values ('formpages','wsgeocode');
Insert into CAMAC.INSTANCE_RESOURCE_ACTION (AVAILABLE_INSTANCE_RESOURCE_ID,AVAILABLE_ACTION_ID) values ('formwizard','checkquery');
Insert into CAMAC.INSTANCE_RESOURCE_ACTION (AVAILABLE_INSTANCE_RESOURCE_ID,AVAILABLE_ACTION_ID) values ('formwizard','copydata');
Insert into CAMAC.INSTANCE_RESOURCE_ACTION (AVAILABLE_INSTANCE_RESOURCE_ID,AVAILABLE_ACTION_ID) values ('formwizard','email');
Insert into CAMAC.INSTANCE_RESOURCE_ACTION (AVAILABLE_INSTANCE_RESOURCE_ID,AVAILABLE_ACTION_ID) values ('formwizard','formtransition');
Insert into CAMAC.INSTANCE_RESOURCE_ACTION (AVAILABLE_INSTANCE_RESOURCE_ID,AVAILABLE_ACTION_ID) values ('formwizard','location');
Insert into CAMAC.INSTANCE_RESOURCE_ACTION (AVAILABLE_INSTANCE_RESOURCE_ID,AVAILABLE_ACTION_ID) values ('formwizard','php');
Insert into CAMAC.INSTANCE_RESOURCE_ACTION (AVAILABLE_INSTANCE_RESOURCE_ID,AVAILABLE_ACTION_ID) values ('formwizard','proposal');
Insert into CAMAC.INSTANCE_RESOURCE_ACTION (AVAILABLE_INSTANCE_RESOURCE_ID,AVAILABLE_ACTION_ID) values ('formwizard','wsgeocode');
Insert into CAMAC.INSTANCE_RESOURCE_ACTION (AVAILABLE_INSTANCE_RESOURCE_ID,AVAILABLE_ACTION_ID) values ('history','checkquery');
Insert into CAMAC.INSTANCE_RESOURCE_ACTION (AVAILABLE_INSTANCE_RESOURCE_ID,AVAILABLE_ACTION_ID) values ('history','email');
Insert into CAMAC.INSTANCE_RESOURCE_ACTION (AVAILABLE_INSTANCE_RESOURCE_ID,AVAILABLE_ACTION_ID) values ('history','php');
Insert into CAMAC.INSTANCE_RESOURCE_ACTION (AVAILABLE_INSTANCE_RESOURCE_ID,AVAILABLE_ACTION_ID) values ('history','wsgeocode');
Insert into CAMAC.INSTANCE_RESOURCE_ACTION (AVAILABLE_INSTANCE_RESOURCE_ID,AVAILABLE_ACTION_ID) values ('letter','checkquery');
Insert into CAMAC.INSTANCE_RESOURCE_ACTION (AVAILABLE_INSTANCE_RESOURCE_ID,AVAILABLE_ACTION_ID) values ('letter','email');
Insert into CAMAC.INSTANCE_RESOURCE_ACTION (AVAILABLE_INSTANCE_RESOURCE_ID,AVAILABLE_ACTION_ID) values ('letter','formtransition');
Insert into CAMAC.INSTANCE_RESOURCE_ACTION (AVAILABLE_INSTANCE_RESOURCE_ID,AVAILABLE_ACTION_ID) values ('letter','php');
Insert into CAMAC.INSTANCE_RESOURCE_ACTION (AVAILABLE_INSTANCE_RESOURCE_ID,AVAILABLE_ACTION_ID) values ('letter','savepdf');
Insert into CAMAC.INSTANCE_RESOURCE_ACTION (AVAILABLE_INSTANCE_RESOURCE_ID,AVAILABLE_ACTION_ID) values ('letter','validate');
Insert into CAMAC.INSTANCE_RESOURCE_ACTION (AVAILABLE_INSTANCE_RESOURCE_ID,AVAILABLE_ACTION_ID) values ('letter','wsgeocode');
Insert into CAMAC.INSTANCE_RESOURCE_ACTION (AVAILABLE_INSTANCE_RESOURCE_ID,AVAILABLE_ACTION_ID) values ('newform','checkquery');
Insert into CAMAC.INSTANCE_RESOURCE_ACTION (AVAILABLE_INSTANCE_RESOURCE_ID,AVAILABLE_ACTION_ID) values ('newform','copydata');
Insert into CAMAC.INSTANCE_RESOURCE_ACTION (AVAILABLE_INSTANCE_RESOURCE_ID,AVAILABLE_ACTION_ID) values ('newform','email');
Insert into CAMAC.INSTANCE_RESOURCE_ACTION (AVAILABLE_INSTANCE_RESOURCE_ID,AVAILABLE_ACTION_ID) values ('newform','location');
Insert into CAMAC.INSTANCE_RESOURCE_ACTION (AVAILABLE_INSTANCE_RESOURCE_ID,AVAILABLE_ACTION_ID) values ('newform','php');
Insert into CAMAC.INSTANCE_RESOURCE_ACTION (AVAILABLE_INSTANCE_RESOURCE_ID,AVAILABLE_ACTION_ID) values ('newform','proposal');
Insert into CAMAC.INSTANCE_RESOURCE_ACTION (AVAILABLE_INSTANCE_RESOURCE_ID,AVAILABLE_ACTION_ID) values ('newform','save');
Insert into CAMAC.INSTANCE_RESOURCE_ACTION (AVAILABLE_INSTANCE_RESOURCE_ID,AVAILABLE_ACTION_ID) values ('newform','savepdf');
Insert into CAMAC.INSTANCE_RESOURCE_ACTION (AVAILABLE_INSTANCE_RESOURCE_ID,AVAILABLE_ACTION_ID) values ('newform','wsgeocode');
Insert into CAMAC.INSTANCE_RESOURCE_ACTION (AVAILABLE_INSTANCE_RESOURCE_ID,AVAILABLE_ACTION_ID) values ('page','checkquery');
Insert into CAMAC.INSTANCE_RESOURCE_ACTION (AVAILABLE_INSTANCE_RESOURCE_ID,AVAILABLE_ACTION_ID) values ('page','email');
Insert into CAMAC.INSTANCE_RESOURCE_ACTION (AVAILABLE_INSTANCE_RESOURCE_ID,AVAILABLE_ACTION_ID) values ('page','formtransition');
Insert into CAMAC.INSTANCE_RESOURCE_ACTION (AVAILABLE_INSTANCE_RESOURCE_ID,AVAILABLE_ACTION_ID) values ('page','php');
Insert into CAMAC.INSTANCE_RESOURCE_ACTION (AVAILABLE_INSTANCE_RESOURCE_ID,AVAILABLE_ACTION_ID) values ('page','proposal');
Insert into CAMAC.INSTANCE_RESOURCE_ACTION (AVAILABLE_INSTANCE_RESOURCE_ID,AVAILABLE_ACTION_ID) values ('page','savepdf');
Insert into CAMAC.INSTANCE_RESOURCE_ACTION (AVAILABLE_INSTANCE_RESOURCE_ID,AVAILABLE_ACTION_ID) values ('page','validate');
Insert into CAMAC.INSTANCE_RESOURCE_ACTION (AVAILABLE_INSTANCE_RESOURCE_ID,AVAILABLE_ACTION_ID) values ('page','wsgeocode');
REM INSERTING into CAMAC.INSTANCE_STATE
SET DEFINE OFF;
Insert into CAMAC.INSTANCE_STATE (INSTANCE_STATE_ID,NAME,SORT) values (1,'New',0);
Insert into CAMAC.INSTANCE_STATE (INSTANCE_STATE_ID,NAME,SORT) values (21,'Bearbeitung Gemeinde',1);
REM INSERTING into CAMAC.IR_ALLFORMPAGES
SET DEFINE OFF;
REM INSERTING into CAMAC.IR_CIRCULATION
SET DEFINE OFF;
REM INSERTING into CAMAC.IR_EDITCIRCULATION
SET DEFINE OFF;
REM INSERTING into CAMAC.IR_EDITCIRCULATION_SG
SET DEFINE OFF;
REM INSERTING into CAMAC.IR_EDITFORMPAGE
SET DEFINE OFF;
Insert into CAMAC.IR_EDITFORMPAGE (INSTANCE_RESOURCE_ID,PAGE_ID,PDF_CLASS) values (2,1,null);
REM INSERTING into CAMAC.IR_EDITFORMPAGES
SET DEFINE OFF;
REM INSERTING into CAMAC.IR_EDITLETTER
SET DEFINE OFF;
REM INSERTING into CAMAC.IR_EDITLETTER_ANSWER
SET DEFINE OFF;
REM INSERTING into CAMAC.IR_EDITNOTICE
SET DEFINE OFF;
REM INSERTING into CAMAC.IR_FORMERROR
SET DEFINE OFF;
REM INSERTING into CAMAC.IR_FORMPAGE
SET DEFINE OFF;
REM INSERTING into CAMAC.IR_FORMPAGES
SET DEFINE OFF;
REM INSERTING into CAMAC.IR_FORMWIZARD
SET DEFINE OFF;
REM INSERTING into CAMAC.IR_GROUP_ACL
SET DEFINE OFF;
REM INSERTING into CAMAC.IR_LETTER
SET DEFINE OFF;
REM INSERTING into CAMAC.IR_NEWFORM
SET DEFINE OFF;
Insert into CAMAC.IR_NEWFORM (INSTANCE_RESOURCE_ID,INSTANCE_STATE_ID) values (1,21);
REM INSERTING into CAMAC.IR_PAGE
SET DEFINE OFF;
REM INSERTING into CAMAC.IR_ROLE_ACL
SET DEFINE OFF;
Insert into CAMAC.IR_ROLE_ACL (INSTANCE_RESOURCE_ID,ROLE_ID,INSTANCE_STATE_ID) values (1,6,1);
Insert into CAMAC.IR_ROLE_ACL (INSTANCE_RESOURCE_ID,ROLE_ID,INSTANCE_STATE_ID) values (2,6,21);
REM INSERTING into CAMAC.IR_SERVICE_ACL
SET DEFINE OFF;
REM INSERTING into CAMAC.IR_USER_ACL
SET DEFINE OFF;
REM INSERTING into CAMAC.LETTER
SET DEFINE OFF;
REM INSERTING into CAMAC.LETTER_IMAGE
SET DEFINE OFF;
REM INSERTING into CAMAC.LOCATION
SET DEFINE OFF;
Insert into CAMAC.LOCATION (LOCATION_ID,COMMUNAL_CANTONAL_NUMBER,COMMUNAL_FEDERAL_NUMBER,DISTRICT_NUMBER,SECTION_NUMBER,NAME,COMMUNE_NAME,DISTRICT_NAME,SECTION_NAME) values (1,1,'1201',null,null,'Altdorf','Altdorf (UR)',null,null);
Insert into CAMAC.LOCATION (LOCATION_ID,COMMUNAL_CANTONAL_NUMBER,COMMUNAL_FEDERAL_NUMBER,DISTRICT_NUMBER,SECTION_NUMBER,NAME,COMMUNE_NAME,DISTRICT_NAME,SECTION_NAME) values (2,2,'1202',null,null,'Andermatt','Andermatt',null,null);
Insert into CAMAC.LOCATION (LOCATION_ID,COMMUNAL_CANTONAL_NUMBER,COMMUNAL_FEDERAL_NUMBER,DISTRICT_NUMBER,SECTION_NUMBER,NAME,COMMUNE_NAME,DISTRICT_NAME,SECTION_NAME) values (5,5,'1205',null,null,'Bürglen','Bürglen',null,null);
Insert into CAMAC.LOCATION (LOCATION_ID,COMMUNAL_CANTONAL_NUMBER,COMMUNAL_FEDERAL_NUMBER,DISTRICT_NUMBER,SECTION_NUMBER,NAME,COMMUNE_NAME,DISTRICT_NAME,SECTION_NAME) values (6,6,'1206',null,null,'Erstfeld','Erstfeld',null,null);
Insert into CAMAC.LOCATION (LOCATION_ID,COMMUNAL_CANTONAL_NUMBER,COMMUNAL_FEDERAL_NUMBER,DISTRICT_NUMBER,SECTION_NUMBER,NAME,COMMUNE_NAME,DISTRICT_NAME,SECTION_NAME) values (7,7,'1207',null,null,'Flüelen','Flüelen',null,null);
Insert into CAMAC.LOCATION (LOCATION_ID,COMMUNAL_CANTONAL_NUMBER,COMMUNAL_FEDERAL_NUMBER,DISTRICT_NUMBER,SECTION_NUMBER,NAME,COMMUNE_NAME,DISTRICT_NAME,SECTION_NAME) values (8,8,'1208',null,null,'Göschenen','Göschenen',null,null);
Insert into CAMAC.LOCATION (LOCATION_ID,COMMUNAL_CANTONAL_NUMBER,COMMUNAL_FEDERAL_NUMBER,DISTRICT_NUMBER,SECTION_NUMBER,NAME,COMMUNE_NAME,DISTRICT_NAME,SECTION_NAME) values (9,9,'1209',null,null,'Gurtnellen','Gurtnellen',null,null);
Insert into CAMAC.LOCATION (LOCATION_ID,COMMUNAL_CANTONAL_NUMBER,COMMUNAL_FEDERAL_NUMBER,DISTRICT_NUMBER,SECTION_NUMBER,NAME,COMMUNE_NAME,DISTRICT_NAME,SECTION_NAME) values (10,10,'1210',null,null,'Hospental','Hospental',null,null);
Insert into CAMAC.LOCATION (LOCATION_ID,COMMUNAL_CANTONAL_NUMBER,COMMUNAL_FEDERAL_NUMBER,DISTRICT_NUMBER,SECTION_NUMBER,NAME,COMMUNE_NAME,DISTRICT_NAME,SECTION_NAME) values (11,11,'1211',null,null,'Isenthal','Isenthal',null,null);
Insert into CAMAC.LOCATION (LOCATION_ID,COMMUNAL_CANTONAL_NUMBER,COMMUNAL_FEDERAL_NUMBER,DISTRICT_NUMBER,SECTION_NUMBER,NAME,COMMUNE_NAME,DISTRICT_NAME,SECTION_NAME) values (12,12,'1212',null,null,'Realp','Realp',null,null);
Insert into CAMAC.LOCATION (LOCATION_ID,COMMUNAL_CANTONAL_NUMBER,COMMUNAL_FEDERAL_NUMBER,DISTRICT_NUMBER,SECTION_NUMBER,NAME,COMMUNE_NAME,DISTRICT_NAME,SECTION_NAME) values (13,13,'1213',null,null,'Schattdorf','Schattdorf',null,null);
Insert into CAMAC.LOCATION (LOCATION_ID,COMMUNAL_CANTONAL_NUMBER,COMMUNAL_FEDERAL_NUMBER,DISTRICT_NUMBER,SECTION_NUMBER,NAME,COMMUNE_NAME,DISTRICT_NAME,SECTION_NAME) values (14,14,'1214',null,null,'Seedorf','Seedorf (UR)',null,null);
Insert into CAMAC.LOCATION (LOCATION_ID,COMMUNAL_CANTONAL_NUMBER,COMMUNAL_FEDERAL_NUMBER,DISTRICT_NUMBER,SECTION_NUMBER,NAME,COMMUNE_NAME,DISTRICT_NAME,SECTION_NAME) values (15,15,'1215',null,null,'Seelisberg','Seelisberg',null,null);
Insert into CAMAC.LOCATION (LOCATION_ID,COMMUNAL_CANTONAL_NUMBER,COMMUNAL_FEDERAL_NUMBER,DISTRICT_NUMBER,SECTION_NUMBER,NAME,COMMUNE_NAME,DISTRICT_NAME,SECTION_NAME) values (16,16,'1216',null,null,'Silenen','Silenen',null,null);
Insert into CAMAC.LOCATION (LOCATION_ID,COMMUNAL_CANTONAL_NUMBER,COMMUNAL_FEDERAL_NUMBER,DISTRICT_NUMBER,SECTION_NUMBER,NAME,COMMUNE_NAME,DISTRICT_NAME,SECTION_NAME) values (19,19,'1219',null,null,'Unterschächen','Unterschächen',null,null);
Insert into CAMAC.LOCATION (LOCATION_ID,COMMUNAL_CANTONAL_NUMBER,COMMUNAL_FEDERAL_NUMBER,DISTRICT_NUMBER,SECTION_NUMBER,NAME,COMMUNE_NAME,DISTRICT_NAME,SECTION_NAME) values (20,20,'1220',null,null,'Wassen','Wassen',null,null);
Insert into CAMAC.LOCATION (LOCATION_ID,COMMUNAL_CANTONAL_NUMBER,COMMUNAL_FEDERAL_NUMBER,DISTRICT_NUMBER,SECTION_NUMBER,NAME,COMMUNE_NAME,DISTRICT_NAME,SECTION_NAME) values (3,3,'1203',null,null,'Attinghausen','Attinghausen',null,null);
Insert into CAMAC.LOCATION (LOCATION_ID,COMMUNAL_CANTONAL_NUMBER,COMMUNAL_FEDERAL_NUMBER,DISTRICT_NUMBER,SECTION_NUMBER,NAME,COMMUNE_NAME,DISTRICT_NAME,SECTION_NAME) values (4,4,'1204',null,null,'Bauen','Bauen',null,null);
Insert into CAMAC.LOCATION (LOCATION_ID,COMMUNAL_CANTONAL_NUMBER,COMMUNAL_FEDERAL_NUMBER,DISTRICT_NUMBER,SECTION_NUMBER,NAME,COMMUNE_NAME,DISTRICT_NAME,SECTION_NAME) values (17,17,'1217',null,null,'Sisikon','Sisikon',null,null);
Insert into CAMAC.LOCATION (LOCATION_ID,COMMUNAL_CANTONAL_NUMBER,COMMUNAL_FEDERAL_NUMBER,DISTRICT_NUMBER,SECTION_NUMBER,NAME,COMMUNE_NAME,DISTRICT_NAME,SECTION_NAME) values (18,18,'1218',null,null,'Spiringen','Spiringen',null,null);
REM INSERTING into CAMAC.MAPPING
SET DEFINE OFF;
Insert into CAMAC.MAPPING (MAPPING_ID,TABLE_NAME,COLUMN_NAME) values (1,'ANSWER','ANSWER');
REM INSERTING into CAMAC.NOTICE
SET DEFINE OFF;
REM INSERTING into CAMAC.NOTICE_IMAGE
SET DEFINE OFF;
REM INSERTING into CAMAC.NOTICE_LOG
SET DEFINE OFF;
REM INSERTING into CAMAC.NOTICE_TYPE
SET DEFINE OFF;
REM INSERTING into CAMAC.PAGE
SET DEFINE OFF;
Insert into CAMAC.PAGE (PAGE_ID,NAME,DESCRIPTION,JAVASCRIPT) values (1,'Hauptformular',null,null);
REM INSERTING into CAMAC.PAGE_ANSWER_ACTIVATION
SET DEFINE OFF;
REM INSERTING into CAMAC.PAGE_FORM
SET DEFINE OFF;
Insert into CAMAC.PAGE_FORM (PAGE_ID,FORM_ID,PAGE_FORM_MODE_ID,PAGE_FORM_GROUP_ID,SORT) values (1,1,3,1,0);
REM INSERTING into CAMAC.PAGE_FORM_GROUP
SET DEFINE OFF;
Insert into CAMAC.PAGE_FORM_GROUP (PAGE_FORM_GROUP_ID,NAME) values (1,'Group 1');
REM INSERTING into CAMAC.PAGE_FORM_GROUP_ACL
SET DEFINE OFF;
REM INSERTING into CAMAC.PAGE_FORM_MODE
SET DEFINE OFF;
Insert into CAMAC.PAGE_FORM_MODE (PAGE_FORM_MODE_ID,NAME) values (1,'Additional');
Insert into CAMAC.PAGE_FORM_MODE (PAGE_FORM_MODE_ID,NAME) values (2,'Activable');
Insert into CAMAC.PAGE_FORM_MODE (PAGE_FORM_MODE_ID,NAME) values (3,'Required');
REM INSERTING into CAMAC.PAGE_FORM_ROLE_ACL
SET DEFINE OFF;
REM INSERTING into CAMAC.PAGE_FORM_SERVICE_ACL
SET DEFINE OFF;
REM INSERTING into CAMAC.PAGE_FORM_USER_ACL
SET DEFINE OFF;
REM INSERTING into CAMAC.PROPOSAL_ACTIVATION
SET DEFINE OFF;
REM INSERTING into CAMAC.QUESTION
SET DEFINE OFF;
Insert into CAMAC.QUESTION (QUESTION_ID,QUESTION_TYPE_ID,MAPPING_ID,ANSWER_QUERY_ID,NAME,DESCRIPTION,JAVASCRIPT,REGEX,DEFAULT_ANSWER) values (1,2,1,null,'Mitteilungen',null,null,null,null);
Insert into CAMAC.QUESTION (QUESTION_ID,QUESTION_TYPE_ID,MAPPING_ID,ANSWER_QUERY_ID,NAME,DESCRIPTION,JAVASCRIPT,REGEX,DEFAULT_ANSWER) values (2,3,1,1,'Gemeinde','Die Auswahl der Gemeinde... muss wohl noch eingeschränkt werden!',null,null,null);
Insert into CAMAC.QUESTION (QUESTION_ID,QUESTION_TYPE_ID,MAPPING_ID,ANSWER_QUERY_ID,NAME,DESCRIPTION,JAVASCRIPT,REGEX,DEFAULT_ANSWER) values (3,6,1,null,'Es werden keine physischen Unterlagen zugestellt',null,null,null,'0');
Insert into CAMAC.QUESTION (QUESTION_ID,QUESTION_TYPE_ID,MAPPING_ID,ANSWER_QUERY_ID,NAME,DESCRIPTION,JAVASCRIPT,REGEX,DEFAULT_ANSWER) values (4,7,1,null,'Die Gemeindebaubehörde wünscht, dass das vorliegende Gesuch hinsichtlich folgender Fachbereiche durch die zuständigen kantonalen Fachstellen geprüft wird',null,null,null,null);
Insert into CAMAC.QUESTION (QUESTION_ID,QUESTION_TYPE_ID,MAPPING_ID,ANSWER_QUERY_ID,NAME,DESCRIPTION,JAVASCRIPT,REGEX,DEFAULT_ANSWER) values (5,3,1,null,'Leitbehörde','hier einschränken für die entsprechenden User',null,null,null);
Insert into CAMAC.QUESTION (QUESTION_ID,QUESTION_TYPE_ID,MAPPING_ID,ANSWER_QUERY_ID,NAME,DESCRIPTION,JAVASCRIPT,REGEX,DEFAULT_ANSWER) values (6,2,1,null,'Dossiernummer',null,'$(''[QUESTION]'').attr(''readonly'', ''readonly'')',null,null);
REM INSERTING into CAMAC.QUESTION_CHAPTER
SET DEFINE OFF;
Insert into CAMAC.QUESTION_CHAPTER (QUESTION_ID,CHAPTER_ID,REQUIRED,ITEM,SORT) values (1,2,0,1,0);
Insert into CAMAC.QUESTION_CHAPTER (QUESTION_ID,CHAPTER_ID,REQUIRED,ITEM,SORT) values (2,2,0,1,1);
Insert into CAMAC.QUESTION_CHAPTER (QUESTION_ID,CHAPTER_ID,REQUIRED,ITEM,SORT) values (3,2,0,1,2);
Insert into CAMAC.QUESTION_CHAPTER (QUESTION_ID,CHAPTER_ID,REQUIRED,ITEM,SORT) values (4,2,0,1,3);
Insert into CAMAC.QUESTION_CHAPTER (QUESTION_ID,CHAPTER_ID,REQUIRED,ITEM,SORT) values (5,2,0,1,4);
Insert into CAMAC.QUESTION_CHAPTER (QUESTION_ID,CHAPTER_ID,REQUIRED,ITEM,SORT) values (6,2,0,1,5);
Insert into CAMAC.QUESTION_CHAPTER (QUESTION_ID,CHAPTER_ID,REQUIRED,ITEM,SORT) values (6,3,0,1,0);
Insert into CAMAC.QUESTION_CHAPTER (QUESTION_ID,CHAPTER_ID,REQUIRED,ITEM,SORT) values (2,3,0,1,1);
Insert into CAMAC.QUESTION_CHAPTER (QUESTION_ID,CHAPTER_ID,REQUIRED,ITEM,SORT) values (5,3,0,1,2);
REM INSERTING into CAMAC.QUESTION_CHAPTER_GROUP_ACL
SET DEFINE OFF;
REM INSERTING into CAMAC.QUESTION_CHAPTER_ROLE_ACL
SET DEFINE OFF;
Insert into CAMAC.QUESTION_CHAPTER_ROLE_ACL (QUESTION_ID,CHAPTER_ID,ROLE_ID,INSTANCE_STATE_ID) values (2,2,6,1);
REM INSERTING into CAMAC.QUESTION_CHAPTER_SERVICE_ACL
SET DEFINE OFF;
REM INSERTING into CAMAC.QUESTION_CHAPTER_USER_ACL
SET DEFINE OFF;
REM INSERTING into CAMAC.QUESTION_TYPE
SET DEFINE OFF;
Insert into CAMAC.QUESTION_TYPE (QUESTION_TYPE_ID,NAME) values (1,'Text');
Insert into CAMAC.QUESTION_TYPE (QUESTION_TYPE_ID,NAME) values (2,'Textarea');
Insert into CAMAC.QUESTION_TYPE (QUESTION_TYPE_ID,NAME) values (3,'Select');
Insert into CAMAC.QUESTION_TYPE (QUESTION_TYPE_ID,NAME) values (4,'Multi select');
Insert into CAMAC.QUESTION_TYPE (QUESTION_TYPE_ID,NAME) values (5,'Radiobox');
Insert into CAMAC.QUESTION_TYPE (QUESTION_TYPE_ID,NAME) values (6,'Checkbox');
Insert into CAMAC.QUESTION_TYPE (QUESTION_TYPE_ID,NAME) values (7,'Multi checkbox');
Insert into CAMAC.QUESTION_TYPE (QUESTION_TYPE_ID,NAME) values (8,'File');
Insert into CAMAC.QUESTION_TYPE (QUESTION_TYPE_ID,NAME) values (9,'Note');
REM INSERTING into CAMAC."RESOURCE"
SET DEFINE OFF;
Insert into CAMAC."RESOURCE" (RESOURCE_ID,AVAILABLE_RESOURCE_ID,NAME,DESCRIPTION,TEMPLATE,CLASS,HIDDEN,SORT) values (1,'list','Dossierliste',null,null,null,0,1);
Insert into CAMAC."RESOURCE" (RESOURCE_ID,AVAILABLE_RESOURCE_ID,NAME,DESCRIPTION,TEMPLATE,CLASS,HIDDEN,SORT) values (21,'formlist','Formlist','ka was das hier macht',null,null,0,2);
Insert into CAMAC."RESOURCE" (RESOURCE_ID,AVAILABLE_RESOURCE_ID,NAME,DESCRIPTION,TEMPLATE,CLASS,HIDDEN,SORT) values (22,'page','Dossier erstellen','Landepage für Gemeinden, links zum Dossiers erstellen','/commune/home.phtml',null,0,0);
REM INSERTING into CAMAC.ROLE
SET DEFINE OFF;
Insert into CAMAC.ROLE (ROLE_ID,ROLE_PARENT_ID,NAME) values (1,null,'Admin');
Insert into CAMAC.ROLE (ROLE_ID,ROLE_PARENT_ID,NAME) values (2,null,'Guest');
Insert into CAMAC.ROLE (ROLE_ID,ROLE_PARENT_ID,NAME) values (3,null,'Pilot');
Insert into CAMAC.ROLE (ROLE_ID,ROLE_PARENT_ID,NAME) values (4,null,'Service');
Insert into CAMAC.ROLE (ROLE_ID,ROLE_PARENT_ID,NAME) values (5,null,'Architect');
Insert into CAMAC.ROLE (ROLE_ID,ROLE_PARENT_ID,NAME) values (6,null,'Commune');
REM INSERTING into CAMAC.R_FORMLIST
SET DEFINE OFF;
Insert into CAMAC.R_FORMLIST (RESOURCE_ID,FORM_ID) values (21,1);
REM INSERTING into CAMAC.R_GROUP_ACL
SET DEFINE OFF;
Insert into CAMAC.R_GROUP_ACL (RESOURCE_ID,GROUP_ID) values (21,21);
REM INSERTING into CAMAC.R_LIST
SET DEFINE OFF;
Insert into CAMAC.R_LIST (RESOURCE_ID,QUERY) values (1,'select * from instance');
REM INSERTING into CAMAC.R_LIST_COLUMN
SET DEFINE OFF;
Insert into CAMAC.R_LIST_COLUMN (R_LIST_COLUMN_ID,RESOURCE_ID,COLUMN_NAME,ALIAS,SORT) values (1,1,'INSTANCE_ID','INSTANCE_ID',0);
Insert into CAMAC.R_LIST_COLUMN (R_LIST_COLUMN_ID,RESOURCE_ID,COLUMN_NAME,ALIAS,SORT) values (2,1,'INSTANCE_STATE_ID','INSTANCE_STATE_ID',1);
Insert into CAMAC.R_LIST_COLUMN (R_LIST_COLUMN_ID,RESOURCE_ID,COLUMN_NAME,ALIAS,SORT) values (3,1,'FORM_ID','FORM_ID',2);
Insert into CAMAC.R_LIST_COLUMN (R_LIST_COLUMN_ID,RESOURCE_ID,COLUMN_NAME,ALIAS,SORT) values (4,1,'USER_ID','USER_ID',3);
Insert into CAMAC.R_LIST_COLUMN (R_LIST_COLUMN_ID,RESOURCE_ID,COLUMN_NAME,ALIAS,SORT) values (5,1,'GROUP_ID','GROUP_ID',4);
Insert into CAMAC.R_LIST_COLUMN (R_LIST_COLUMN_ID,RESOURCE_ID,COLUMN_NAME,ALIAS,SORT) values (6,1,'CREATION_DATE','CREATION_DATE',5);
Insert into CAMAC.R_LIST_COLUMN (R_LIST_COLUMN_ID,RESOURCE_ID,COLUMN_NAME,ALIAS,SORT) values (7,1,'MODIFICATION_DATE','MODIFICATION_DATE',6);
REM INSERTING into CAMAC.R_ROLE_ACL
SET DEFINE OFF;
Insert into CAMAC.R_ROLE_ACL (RESOURCE_ID,ROLE_ID) values (1,4);
Insert into CAMAC.R_ROLE_ACL (RESOURCE_ID,ROLE_ID) values (1,6);
Insert into CAMAC.R_ROLE_ACL (RESOURCE_ID,ROLE_ID) values (21,6);
Insert into CAMAC.R_ROLE_ACL (RESOURCE_ID,ROLE_ID) values (22,6);
REM INSERTING into CAMAC.R_SEARCH
SET DEFINE OFF;
REM INSERTING into CAMAC.R_SEARCH_COLUMN
SET DEFINE OFF;
REM INSERTING into CAMAC.R_SEARCH_FILTER
SET DEFINE OFF;
REM INSERTING into CAMAC.R_SERVICE_ACL
SET DEFINE OFF;
REM INSERTING into CAMAC.R_USER_ACL
SET DEFINE OFF;
REM INSERTING into CAMAC.SERVICE
SET DEFINE OFF;
Insert into CAMAC.SERVICE (SERVICE_ID,SERVICE_GROUP_ID,SERVICE_PARENT_ID,NAME,DESCRIPTION,SORT) values (1,1,null,'Koordination Baugesuche','Ein Mitglied der kantonaler Koordinationsstelle für Baugesuche',2);
Insert into CAMAC.SERVICE (SERVICE_ID,SERVICE_GROUP_ID,SERVICE_PARENT_ID,NAME,DESCRIPTION,SORT) values (2,2,null,'AfU','Amt für Umwelt',0);
Insert into CAMAC.SERVICE (SERVICE_ID,SERVICE_GROUP_ID,SERVICE_PARENT_ID,NAME,DESCRIPTION,SORT) values (3,2,null,'AfG','AfG (Gewässerschutz?)',1);
REM INSERTING into CAMAC.SERVICE_ANSWER_ACTIVATION
SET DEFINE OFF;
REM INSERTING into CAMAC.SERVICE_GROUP
SET DEFINE OFF;
Insert into CAMAC.SERVICE_GROUP (SERVICE_GROUP_ID,NAME) values (1,'Koordinationsstelle');
Insert into CAMAC.SERVICE_GROUP (SERVICE_GROUP_ID,NAME) values (2,'Kantonale Ämter');
REM INSERTING into CAMAC."USER"
SET DEFINE OFF;
Insert into CAMAC."USER" (USER_ID,USERNAME,PASSWORD,NAME,SURNAME,EMAIL,PHONE,DISABLED,LANGUAGE,LAST_REQUEST_DATE) values (1,'admin','10602b62c0f171f626e3d64046c27567','Administrator','Static',null,null,0,'en',to_date('23-MAY-14','DD-MON-RR'));
Insert into CAMAC."USER" (USER_ID,USERNAME,PASSWORD,NAME,SURNAME,EMAIL,PHONE,DISABLED,LANGUAGE,LAST_REQUEST_DATE) values (2,'guest',null,'Guest','Static',null,null,0,'en',to_date('23-MAY-14','DD-MON-RR'));
Insert into CAMAC."USER" (USER_ID,USERNAME,PASSWORD,NAME,SURNAME,EMAIL,PHONE,DISABLED,LANGUAGE,LAST_REQUEST_DATE) values (21,'pwa','c1784faf0e31b8d206c503a861906278','Walker','Paul',null,null,0,'de',to_date('22-MAY-14','DD-MON-RR'));
Insert into CAMAC."USER" (USER_ID,USERNAME,PASSWORD,NAME,SURNAME,EMAIL,PHONE,DISABLED,LANGUAGE,LAST_REQUEST_DATE) values (41,'altdorf1','a3992834da508b36055ed14292c883aa','Jemand','Altdorf',null,null,0,'de',null);
Insert into CAMAC."USER" (USER_ID,USERNAME,PASSWORD,NAME,SURNAME,EMAIL,PHONE,DISABLED,LANGUAGE,LAST_REQUEST_DATE) values (42,'afu1','51b6006db9e292fb1acb270af8dc48af','jemand','Amt für Umwelt',null,null,0,'de',null);
REM INSERTING into CAMAC.USER_GROUP
SET DEFINE OFF;
Insert into CAMAC.USER_GROUP (USER_ID,GROUP_ID,DEFAULT_GROUP) values (1,1,1);
Insert into CAMAC.USER_GROUP (USER_ID,GROUP_ID,DEFAULT_GROUP) values (2,2,1);
Insert into CAMAC.USER_GROUP (USER_ID,GROUP_ID,DEFAULT_GROUP) values (21,21,1);
Insert into CAMAC.USER_GROUP (USER_ID,GROUP_ID,DEFAULT_GROUP) values (41,22,1);
Insert into CAMAC.USER_GROUP (USER_ID,GROUP_ID,DEFAULT_GROUP) values (21,22,0);
Insert into CAMAC.USER_GROUP (USER_ID,GROUP_ID,DEFAULT_GROUP) values (42,23,1);
