[
  {
    "model": "caluma_workflow.flow",
    "pk": "35510a01-c37c-4f0d-b743-e81c2e3df7f6",
    "fields": {
      "created_at": "2020-09-03T14:48:25.479Z",
      "modified_at": "2020-09-03T14:48:25.479Z",
      "created_by_user": "462afaba-aeb7-494a-8596-3497b81ed701",
      "created_by_group": null,
      "modified_by_user": null,
      "modified_by_group": null,
      "next": "['check-statement', 'revise-statement']|tasks"
    }
  },
  {
    "model": "caluma_workflow.flow",
    "pk": "3ee40b13-7014-4efb-8ca7-aeaf1f241c5b",
    "fields": {
      "created_at": "2021-01-12T16:28:31.158Z",
      "modified_at": "2021-01-12T16:28:31.158Z",
      "created_by_user": "462afaba-aeb7-494a-8596-3497b81ed701",
      "created_by_group": null,
      "modified_by_user": null,
      "modified_by_group": null,
      "next": "['reopen-circulation','make-decision']|tasks"
    }
  },
  {
    "model": "caluma_workflow.flow",
    "pk": "4e405383-e014-4106-b95c-853da58a568b",
    "fields": {
      "created_at": "2020-09-03T14:47:54.554Z",
      "modified_at": "2020-09-03T14:47:54.554Z",
      "created_by_user": "462afaba-aeb7-494a-8596-3497b81ed701",
      "created_by_group": null,
      "modified_by_user": null,
      "modified_by_group": null,
      "next": "['start-additional-circulation', 'check-statements', 'start-decision']|tasks"
    }
  },
  {
    "model": "caluma_workflow.flow",
    "pk": "52bc4149-6c84-475b-b85b-e3293b8e7ea0",
    "fields": {
      "created_at": "2020-09-03T14:47:52.928Z",
      "modified_at": "2020-09-03T14:47:52.928Z",
      "created_by_user": "462afaba-aeb7-494a-8596-3497b81ed701",
      "created_by_group": null,
      "modified_by_user": null,
      "modified_by_group": null,
      "next": "['circulation', 'additional-demand']|tasks"
    }
  },
  {
    "model": "caluma_workflow.flow",
    "pk": "5458d733-43b8-46e3-9687-3683a41aea5c",
    "fields": {
      "created_at": "2021-01-18T08:56:55.980Z",
      "modified_at": "2021-01-18T08:56:55.980Z",
      "created_by_user": "462afaba-aeb7-494a-8596-3497b81ed701",
      "created_by_group": null,
      "modified_by_user": null,
      "modified_by_group": null,
      "next": "'alter-statement'|task"
    }
  },
  {
    "model": "caluma_workflow.flow",
    "pk": "7462ad22-2f90-4bb4-815b-496b453dc0f1",
    "fields": {
      "created_at": "2021-01-18T08:49:26.655Z",
      "modified_at": "2021-01-18T08:49:26.655Z",
      "created_by_user": "462afaba-aeb7-494a-8596-3497b81ed701",
      "created_by_group": null,
      "modified_by_user": null,
      "modified_by_group": null,
      "next": "['check-statement', 'revise-statement']|tasks"
    }
  },
  {
    "model": "caluma_workflow.flow",
    "pk": "74adbeb1-9e28-48d7-97f9-62975bdf5b71",
    "fields": {
      "created_at": "2020-09-03T14:47:56.430Z",
      "modified_at": "2020-09-03T14:47:56.430Z",
      "created_by_user": "462afaba-aeb7-494a-8596-3497b81ed701",
      "created_by_group": null,
      "modified_by_user": null,
      "modified_by_group": null,
      "next": "['circulation']|tasks"
    }
  },
  {
    "model": "caluma_workflow.flow",
    "pk": "83f2c279-bc8c-4cf4-97e1-8068fa85e8fa",
    "fields": {
      "created_at": "2020-11-19T16:58:27.552Z",
      "modified_at": "2020-11-19T16:58:27.552Z",
      "created_by_user": "462afaba-aeb7-494a-8596-3497b81ed701",
      "created_by_group": null,
      "modified_by_user": null,
      "modified_by_group": null,
      "next": "['archive-instance']|tasks"
    }
  },
  {
    "model": "caluma_workflow.flow",
    "pk": "915cdda0-42f9-4c76-9c5d-93438db5172b",
    "fields": {
      "created_at": "2020-09-03T14:47:51.420Z",
      "modified_at": "2020-09-03T14:47:51.420Z",
      "created_by_user": "462afaba-aeb7-494a-8596-3497b81ed701",
      "created_by_group": null,
      "modified_by_user": null,
      "modified_by_group": null,
      "next": "['start-circulation', 'publication', 'skip-circulation', 'building-authority']|tasks"
    }
  },
  {
    "model": "caluma_workflow.flow",
    "pk": "b6059235-cba1-403c-9cbb-127502abd9ea",
    "fields": {
      "created_at": "2020-09-28T16:03:36.385Z",
      "modified_at": "2020-09-28T16:03:36.385Z",
      "created_by_user": "462afaba-aeb7-494a-8596-3497b81ed701",
      "created_by_group": null,
      "modified_by_user": null,
      "modified_by_group": null,
      "next": "['submit-additional-demand']|tasks"
    }
  },
  {
    "model": "caluma_workflow.flow",
    "pk": "cddc5d44-ef9d-4d48-9618-21567070b654",
    "fields": {
      "created_at": "2020-09-28T16:04:15.335Z",
      "modified_at": "2020-09-28T16:04:15.335Z",
      "created_by_user": "462afaba-aeb7-494a-8596-3497b81ed701",
      "created_by_group": null,
      "modified_by_user": null,
      "modified_by_group": null,
      "next": "['additional-demand']|tasks"
    }
  },
  {
    "model": "caluma_workflow.flow",
    "pk": "eeb26142-ec06-428b-a971-5dccf67d7812",
    "fields": {
      "created_at": "2020-09-03T14:47:45.616Z",
      "modified_at": "2020-09-03T14:47:45.616Z",
      "created_by_user": "462afaba-aeb7-494a-8596-3497b81ed701",
      "created_by_group": null,
      "modified_by_user": null,
      "modified_by_group": null,
      "next": "['complete-check', 'reject-form', 'create-manual-workitems', 'depreciate-case']|tasks"
    }
  },
  {
    "model": "caluma_workflow.flow",
    "pk": "eef82db1-a20f-4ce0-89c8-145c55575cae",
    "fields": {
      "created_at": "2020-09-03T14:48:00.383Z",
      "modified_at": "2020-09-03T14:48:00.383Z",
      "created_by_user": "462afaba-aeb7-494a-8596-3497b81ed701",
      "created_by_group": null,
      "modified_by_user": null,
      "modified_by_group": null,
      "next": "['start-additional-circulation', 'start-decision']|tasks"
    }
  },
  {
    "model": "caluma_workflow.flow",
    "pk": "f0d95573-f1d6-4e63-bc70-0b145caa6aea",
    "fields": {
      "created_at": "2020-11-02T08:09:57.057Z",
      "modified_at": "2020-11-02T08:09:57.058Z",
      "created_by_user": "462afaba-aeb7-494a-8596-3497b81ed701",
      "created_by_group": null,
      "modified_by_user": null,
      "modified_by_group": null,
      "next": "['reject-form', 'complete-check', 'depreciate-case']|tasks"
    }
  },
  {
    "model": "caluma_workflow.flow",
    "pk": "f28bc947-71c4-4f64-a3ad-c12a664763f9",
    "fields": {
      "created_at": "2020-09-03T14:47:58.504Z",
      "modified_at": "2020-09-03T14:47:58.504Z",
      "created_by_user": "462afaba-aeb7-494a-8596-3497b81ed701",
      "created_by_group": null,
      "modified_by_user": null,
      "modified_by_group": null,
      "next": "['make-decision', 'reopen-circulation']|tasks"
    }
  },
  {
    "model": "caluma_workflow.flow",
    "pk": "f2bb6f3c-8f85-443f-977f-2f05dfb5c996",
    "fields": {
      "created_at": "2020-11-02T07:49:31.817Z",
      "modified_at": "2020-11-02T07:49:31.817Z",
      "created_by_user": "462afaba-aeb7-494a-8596-3497b81ed701",
      "created_by_group": null,
      "modified_by_user": null,
      "modified_by_group": null,
      "next": "['formal-addition', 'archive-instance']|tasks"
    }
  },
  {
    "model": "caluma_workflow.task",
    "pk": "additional-demand",
    "fields": {
      "created_at": "2020-09-28T16:32:10.134Z",
      "modified_at": "2020-09-28T16:32:10.134Z",
      "created_by_user": "462afaba-aeb7-494a-8596-3497b81ed701",
      "created_by_group": null,
      "modified_by_user": null,
      "modified_by_group": null,
      "name": "{\"de\": \"Nachforderung\", \"fr\": null}",
      "description": "{\"de\": null, \"fr\": null}",
      "type": "simple",
      "meta": {},
      "address_groups": "['municipality']|groups",
      "control_groups": null,
      "is_archived": false,
      "form": null,
      "lead_time": null,
      "is_multiple_instance": false
    }
  },
  {
    "model": "caluma_workflow.task",
    "pk": "alter-statement",
    "fields": {
      "created_at": "2021-01-18T08:49:24.751Z",
      "modified_at": "2021-01-18T08:49:24.751Z",
      "created_by_user": "462afaba-aeb7-494a-8596-3497b81ed701",
      "created_by_group": null,
      "modified_by_user": null,
      "modified_by_group": null,
      "name": "{\"de\": \"Stellungnahme anpassen\", \"fr\": null}",
      "description": "{\"de\": null, \"fr\": null}",
      "type": "simple",
      "meta": {},
      "address_groups": "['activation_service']|groups",
      "control_groups": "['activation_service_parent']|groups",
      "is_archived": false,
      "form": null,
      "lead_time": 86400,
      "is_multiple_instance": false
    }
  },
  {
    "model": "caluma_workflow.task",
    "pk": "archive-instance",
    "fields": {
      "created_at": "2020-11-19T16:37:17.039Z",
      "modified_at": "2020-11-19T16:37:17.039Z",
      "created_by_user": "462afaba-aeb7-494a-8596-3497b81ed701",
      "created_by_group": null,
      "modified_by_user": null,
      "modified_by_group": null,
      "name": "{\"de\": \"Dossier archivieren\", \"fr\": null}",
      "description": "{\"de\": null, \"fr\": null}",
      "type": "simple",
      "meta": {},
      "address_groups": "['municipality']|groups",
      "control_groups": null,
      "is_archived": false,
      "form": null,
      "lead_time": null,
      "is_multiple_instance": false
    }
  },
  {
    "model": "caluma_workflow.task",
    "pk": "building-authority",
    "fields": {
      "created_at": "2021-10-29T10:30:28.910Z",
      "modified_at": "2021-10-29T10:30:28.910Z",
      "created_by_user": "462afaba-aeb7-494a-8596-3497b81ed701",
      "created_by_group": null,
      "modified_by_user": null,
      "modified_by_group": null,
      "name": "{\"de\": \"Bauverwaltung\", \"fr\": null}",
      "description": "{\"de\": null, \"fr\": null}",
      "type": "complete_task_form",
      "meta": {},
      "address_groups": "['municipality']|groups",
      "control_groups": "['municipality']|groups",
      "is_archived": false,
      "form": "bauverwaltung",
      "lead_time": null,
      "is_multiple_instance": false
    }
  },
  {
    "model": "caluma_workflow.task",
    "pk": "check-statement",
    "fields": {
      "created_at": "2020-09-03T14:46:30.481Z",
      "modified_at": "2020-09-03T14:46:30.481Z",
      "created_by_user": "462afaba-aeb7-494a-8596-3497b81ed701",
      "created_by_group": null,
      "modified_by_user": null,
      "modified_by_group": null,
      "name": "{\"de\": \"Stellungnahme pr\\u00fcfen\", \"fr\": null}",
      "description": "{\"de\": null, \"fr\": null}",
      "type": "simple",
      "meta": {},
      "address_groups": "['activation_service']|groups",
      "control_groups": "['activation_service_parent']|groups",
      "is_archived": false,
      "form": null,
      "lead_time": 259200,
      "is_multiple_instance": false
    }
  },
  {
    "model": "caluma_workflow.task",
    "pk": "check-statements",
    "fields": {
      "created_at": "2020-09-03T14:46:39.457Z",
      "modified_at": "2020-09-03T14:46:39.457Z",
      "created_by_user": "462afaba-aeb7-494a-8596-3497b81ed701",
      "created_by_group": null,
      "modified_by_user": null,
      "modified_by_group": null,
      "name": "{\"de\": \"R\\u00fcckmeldungen abgleichen\", \"fr\": null}",
      "description": "{\"de\": null, \"fr\": null}",
      "type": "simple",
      "meta": {},
      "address_groups": "['municipality']|groups",
      "control_groups": "['municipality']|groups",
      "is_archived": false,
      "form": null,
      "lead_time": 432000,
      "is_multiple_instance": false
    }
  },
  {
    "model": "caluma_workflow.task",
    "pk": "circulation",
    "fields": {
      "created_at": "2020-09-03T14:46:15.344Z",
      "modified_at": "2020-09-03T14:46:15.344Z",
      "created_by_user": "462afaba-aeb7-494a-8596-3497b81ed701",
      "created_by_group": null,
      "modified_by_user": null,
      "modified_by_group": null,
      "name": "{\"de\": \"Zirkulation\", \"fr\": null}",
      "description": "{\"de\": null, \"fr\": null}",
      "type": "simple",
      "meta": {},
      "address_groups": "['circulation_service']|groups",
      "control_groups": null,
      "is_archived": false,
      "form": null,
      "lead_time": null,
      "is_multiple_instance": true
    }
  },
  {
    "model": "caluma_workflow.task",
    "pk": "complete-check",
    "fields": {
      "created_at": "2020-09-03T14:46:05.009Z",
      "modified_at": "2020-09-03T14:46:05.009Z",
      "created_by_user": "462afaba-aeb7-494a-8596-3497b81ed701",
      "created_by_group": null,
      "modified_by_user": null,
      "modified_by_group": null,
      "name": "{\"de\": \"Vollst\\u00e4ndigkeitspr\\u00fcfung durchf\\u00fchren\", \"fr\": null}",
      "description": "{\"de\": null, \"fr\": null}",
      "type": "simple",
      "meta": {},
      "address_groups": "['municipality']|groups",
      "control_groups": "['municipality']|groups",
      "is_archived": false,
      "form": null,
      "lead_time": 432000,
      "is_multiple_instance": false
    }
  },
  {
    "model": "caluma_workflow.task",
    "pk": "create-manual-workitems",
    "fields": {
      "created_at": "2020-09-03T14:45:56.505Z",
      "modified_at": "2020-09-03T14:45:56.505Z",
      "created_by_user": "462afaba-aeb7-494a-8596-3497b81ed701",
      "created_by_group": null,
      "modified_by_user": null,
      "modified_by_group": null,
      "name": "{\"de\": \"Manuelle Aufgaben erfassen\", \"fr\": null}",
      "description": "{\"de\": null, \"fr\": null}",
      "type": "simple",
      "meta": {
        "is-manually-completable": true
      },
      "address_groups": "[]",
      "control_groups": null,
      "is_archived": false,
      "form": null,
      "lead_time": null,
      "is_multiple_instance": true
    }
  },
  {
    "model": "caluma_workflow.task",
    "pk": "depreciate-case",
    "fields": {
      "created_at": "2020-10-15T12:34:07.978Z",
      "modified_at": "2020-10-15T12:34:07.979Z",
      "created_by_user": "462afaba-aeb7-494a-8596-3497b81ed701",
      "created_by_group": null,
      "modified_by_user": null,
      "modified_by_group": null,
      "name": "{\"de\": \"Gesuch Abschreiben\", \"fr\": null}",
      "description": "{\"de\": null, \"fr\": null}",
      "type": "simple",
      "meta": {},
      "address_groups": "['municipality']|groups",
      "control_groups": null,
      "is_archived": false,
      "form": null,
      "lead_time": null,
      "is_multiple_instance": false
    }
  },
  {
    "model": "caluma_workflow.task",
    "pk": "formal-addition",
    "fields": {
      "created_at": "2020-10-30T14:52:21.081Z",
      "modified_at": "2020-10-30T14:52:21.081Z",
      "created_by_user": "462afaba-aeb7-494a-8596-3497b81ed701",
      "created_by_group": null,
      "modified_by_user": null,
      "modified_by_group": null,
      "name": "{\"de\": \"Formelle Erg\\u00e4nzung\", \"fr\": null}",
      "description": "{\"de\": null, \"fr\": null}",
      "type": "simple",
      "meta": {},
      "address_groups": "['applicant']|groups",
      "control_groups": "['municipality']|groups",
      "is_archived": false,
      "form": null,
      "lead_time": 5184000,
      "is_multiple_instance": false
    }
  },
  {
    "model": "caluma_workflow.task",
    "pk": "make-decision",
    "fields": {
      "created_at": "2020-09-03T14:46:44.263Z",
      "modified_at": "2020-09-03T14:46:44.263Z",
      "created_by_user": "462afaba-aeb7-494a-8596-3497b81ed701",
      "created_by_group": null,
      "modified_by_user": null,
      "modified_by_group": null,
      "name": "{\"de\": \"Entscheid verf\\u00fcgen\", \"fr\": null}",
      "description": "{\"de\": null, \"fr\": null}",
      "type": "simple",
      "meta": {},
      "address_groups": "['municipality']|groups",
      "control_groups": "['municipality']|groups",
      "is_archived": false,
      "form": null,
      "lead_time": 864000,
      "is_multiple_instance": false
    }
  },
  {
    "model": "caluma_workflow.task",
    "pk": "publication",
    "fields": {
      "created_at": "2020-09-03T14:46:13.108Z",
      "modified_at": "2020-09-03T14:46:13.108Z",
      "created_by_user": "462afaba-aeb7-494a-8596-3497b81ed701",
      "created_by_group": null,
      "modified_by_user": null,
      "modified_by_group": null,
      "name": "{\"de\": \"Gesuch publizieren\", \"fr\": null}",
      "description": "{\"de\": null, \"fr\": null}",
      "type": "simple",
      "meta": {},
      "address_groups": "['municipality']|groups",
      "control_groups": "['municipality']|groups",
      "is_archived": false,
      "form": null,
      "lead_time": 345600,
      "is_multiple_instance": false
    }
  },
  {
    "model": "caluma_workflow.task",
    "pk": "reject-form",
    "fields": {
      "created_at": "2020-09-03T14:46:08.340Z",
      "modified_at": "2020-09-03T14:46:08.340Z",
      "created_by_user": "462afaba-aeb7-494a-8596-3497b81ed701",
      "created_by_group": null,
      "modified_by_user": null,
      "modified_by_group": null,
      "name": "{\"de\": \"Gesuch zur\\u00fcckweisen\", \"fr\": null}",
      "description": "{\"de\": null, \"fr\": null}",
      "type": "simple",
      "meta": {},
      "address_groups": "['municipality']|groups",
      "control_groups": null,
      "is_archived": false,
      "form": null,
      "lead_time": null,
      "is_multiple_instance": false
    }
  },
  {
    "model": "caluma_workflow.task",
    "pk": "reopen-circulation",
    "fields": {
      "created_at": "2020-09-03T14:46:46.853Z",
      "modified_at": "2020-09-03T14:46:46.853Z",
      "created_by_user": "462afaba-aeb7-494a-8596-3497b81ed701",
      "created_by_group": null,
      "modified_by_user": null,
      "modified_by_group": null,
      "name": "{\"de\": \"Zur\\u00fcck in Zirkulation\", \"fr\": null}",
      "description": "{\"de\": null, \"fr\": null}",
      "type": "simple",
      "meta": {},
      "address_groups": "['municipality']|groups",
      "control_groups": null,
      "is_archived": false,
      "form": null,
      "lead_time": null,
      "is_multiple_instance": false
    }
  },
  {
    "model": "caluma_workflow.task",
    "pk": "revise-statement",
    "fields": {
      "created_at": "2020-09-03T14:46:32.795Z",
      "modified_at": "2020-09-03T14:46:32.796Z",
      "created_by_user": "462afaba-aeb7-494a-8596-3497b81ed701",
      "created_by_group": null,
      "modified_by_user": null,
      "modified_by_group": null,
      "name": "{\"de\": \"Stellungnahme \\u00fcberarbeiten\", \"fr\": null}",
      "description": "{\"de\": null, \"fr\": null}",
      "type": "simple",
      "meta": {},
      "address_groups": "['activation_service']|groups",
      "control_groups": null,
      "is_archived": false,
      "form": null,
      "lead_time": null,
      "is_multiple_instance": false
    }
  },
  {
    "model": "caluma_workflow.task",
    "pk": "skip-circulation",
    "fields": {
      "created_at": "2021-01-11T16:02:00.150Z",
      "modified_at": "2021-01-11T16:02:00.150Z",
      "created_by_user": "462afaba-aeb7-494a-8596-3497b81ed701",
      "created_by_group": null,
      "modified_by_user": null,
      "modified_by_group": null,
      "name": "{\"de\": \"Zirkulation \\u00fcberspringen\", \"fr\": null}",
      "description": "{\"de\": null, \"fr\": null}",
      "type": "simple",
      "meta": {},
      "address_groups": "['municipality']|groups",
      "control_groups": null,
      "is_archived": false,
      "form": null,
      "lead_time": null,
      "is_multiple_instance": false
    }
  },
  {
    "model": "caluma_workflow.task",
    "pk": "start-additional-circulation",
    "fields": {
      "created_at": "2020-09-03T14:46:36.187Z",
      "modified_at": "2020-09-03T14:46:36.187Z",
      "created_by_user": "462afaba-aeb7-494a-8596-3497b81ed701",
      "created_by_group": null,
      "modified_by_user": null,
      "modified_by_group": null,
      "name": "{\"de\": \"Weitere Zirkulation starten\", \"fr\": null}",
      "description": "{\"de\": null, \"fr\": null}",
      "type": "simple",
      "meta": {},
      "address_groups": "['municipality']|groups",
      "control_groups": null,
      "is_archived": false,
      "form": null,
      "lead_time": null,
      "is_multiple_instance": false
    }
  },
  {
    "model": "caluma_workflow.task",
    "pk": "start-circulation",
    "fields": {
      "created_at": "2020-09-03T14:46:10.134Z",
      "modified_at": "2020-09-03T14:46:10.134Z",
      "created_by_user": "462afaba-aeb7-494a-8596-3497b81ed701",
      "created_by_group": null,
      "modified_by_user": null,
      "modified_by_group": null,
      "name": "{\"de\": \"Zirkulation starten\", \"fr\": null}",
      "description": "{\"de\": null, \"fr\": null}",
      "type": "simple",
      "meta": {},
      "address_groups": "['municipality']|groups",
      "control_groups": "['municipality']|groups",
      "is_archived": false,
      "form": null,
      "lead_time": 345600,
      "is_multiple_instance": false
    }
  },
  {
    "model": "caluma_workflow.task",
    "pk": "start-decision",
    "fields": {
      "created_at": "2020-09-03T14:46:42.282Z",
      "modified_at": "2020-09-03T14:46:42.282Z",
      "created_by_user": "462afaba-aeb7-494a-8596-3497b81ed701",
      "created_by_group": null,
      "modified_by_user": null,
      "modified_by_group": null,
      "name": "{\"de\": \"Nachforderung oder Entscheid starten\", \"fr\": null}",
      "description": "{\"de\": null, \"fr\": null}",
      "type": "simple",
      "meta": {},
      "address_groups": "['municipality']|groups",
      "control_groups": "['municipality']|groups",
      "is_archived": false,
      "form": null,
      "lead_time": 432000,
      "is_multiple_instance": false
    }
  },
  {
    "model": "caluma_workflow.task",
    "pk": "submit",
    "fields": {
      "created_at": "2020-09-03T14:45:47.001Z",
      "modified_at": "2020-09-03T14:45:47.001Z",
      "created_by_user": "462afaba-aeb7-494a-8596-3497b81ed701",
      "created_by_group": null,
      "modified_by_user": null,
      "modified_by_group": null,
      "name": "{\"de\": \"Gesuch einreichen\", \"fr\": null}",
      "description": "{\"de\": null, \"fr\": null}",
      "type": "complete_workflow_form",
      "meta": {},
      "address_groups": "['applicant']|groups",
      "control_groups": null,
      "is_archived": false,
      "form": null,
      "lead_time": 7776000,
      "is_multiple_instance": false
    }
  },
  {
    "model": "caluma_workflow.task",
    "pk": "submit-additional-demand",
    "fields": {
      "created_at": "2020-09-28T16:33:10.134Z",
      "modified_at": "2020-09-28T16:33:10.134Z",
      "created_by_user": "462afaba-aeb7-494a-8596-3497b81ed701",
      "created_by_group": null,
      "modified_by_user": null,
      "modified_by_group": null,
      "name": "{\"de\": \"Nachforderung einreichen\", \"fr\": null}",
      "description": "{\"de\": null, \"fr\": null}",
      "type": "simple",
      "meta": {},
      "address_groups": "['applicant']|groups",
      "control_groups": "['municipality']|groups",
      "is_archived": false,
      "form": null,
      "lead_time": 1728000,
      "is_multiple_instance": false
    }
  },
  {
    "model": "caluma_workflow.task",
    "pk": "write-statement",
    "fields": {
      "created_at": "2020-09-03T14:46:17.597Z",
      "modified_at": "2020-09-03T14:46:28.174Z",
      "created_by_user": "462afaba-aeb7-494a-8596-3497b81ed701",
      "created_by_group": null,
      "modified_by_user": null,
      "modified_by_group": null,
      "name": "{\"de\": \"Stellungnahme verfassen\", \"fr\": null}",
      "description": "{\"de\": null, \"fr\": null}",
      "type": "simple",
      "meta": {},
      "address_groups": "['activation_service']|groups",
      "control_groups": "['activation_service_parent']|groups",
      "is_archived": false,
      "form": null,
      "lead_time": 259200,
      "is_multiple_instance": false
    }
  },
  {
    "model": "caluma_workflow.taskflow",
    "pk": "07a81fe0-a07a-4fc0-ba2f-bd7eb81124ca",
    "fields": {
      "created_at": "2021-01-18T08:56:55.983Z",
      "modified_at": "2021-01-18T08:56:55.983Z",
      "created_by_user": null,
      "created_by_group": null,
      "modified_by_user": null,
      "modified_by_group": null,
      "workflow": "circulation",
      "task": "revise-statement",
      "flow": "5458d733-43b8-46e3-9687-3683a41aea5c"
    }
  },
  {
    "model": "caluma_workflow.taskflow",
    "pk": "0bbceef0-4fb1-4674-b81c-770e9400b7da",
    "fields": {
      "created_at": "2020-09-03T14:48:25.481Z",
      "modified_at": "2020-09-03T14:48:25.481Z",
      "created_by_user": null,
      "created_by_group": null,
      "modified_by_user": null,
      "modified_by_group": null,
      "workflow": "circulation",
      "task": "write-statement",
      "flow": "35510a01-c37c-4f0d-b743-e81c2e3df7f6"
    }
  },
  {
    "model": "caluma_workflow.taskflow",
    "pk": "0ff6b3c2-02f9-4655-b24b-7044530d5d20",
    "fields": {
      "created_at": "2020-09-03T14:47:58.507Z",
      "modified_at": "2020-09-03T14:47:58.507Z",
      "created_by_user": null,
      "created_by_group": null,
      "modified_by_user": null,
      "modified_by_group": null,
      "workflow": "building-permit",
      "task": "start-decision",
      "flow": "f28bc947-71c4-4f64-a3ad-c12a664763f9"
    }
  },
  {
    "model": "caluma_workflow.taskflow",
    "pk": "15e4140f-4ab0-494c-9fc5-a8353ffc6dc2",
    "fields": {
      "created_at": "2020-09-28T16:43:49.527Z",
      "modified_at": "2020-09-28T16:43:49.527Z",
      "created_by_user": null,
      "created_by_group": null,
      "modified_by_user": null,
      "modified_by_group": null,
      "workflow": "building-permit",
      "task": "submit-additional-demand",
      "flow": "cddc5d44-ef9d-4d48-9618-21567070b654"
    }
  },
  {
    "model": "caluma_workflow.taskflow",
    "pk": "175d2ce4-5780-433e-b30c-e3ef13a4fdff",
    "fields": {
      "created_at": "2020-11-19T16:58:27.554Z",
      "modified_at": "2020-11-19T16:58:27.554Z",
      "created_by_user": null,
      "created_by_group": null,
      "modified_by_user": null,
      "modified_by_group": null,
      "workflow": "building-permit",
      "task": "make-decision",
      "flow": "83f2c279-bc8c-4cf4-97e1-8068fa85e8fa"
    }
  },
  {
    "model": "caluma_workflow.taskflow",
    "pk": "1ca7c04f-57d5-4571-b4b5-a1fbbec551cf",
    "fields": {
      "created_at": "2020-09-03T14:47:45.619Z",
      "modified_at": "2020-09-03T14:47:45.619Z",
      "created_by_user": null,
      "created_by_group": null,
      "modified_by_user": null,
      "modified_by_group": null,
      "workflow": "building-permit",
      "task": "submit",
      "flow": "eeb26142-ec06-428b-a971-5dccf67d7812"
    }
  },
  {
    "model": "caluma_workflow.taskflow",
    "pk": "281b2686-346b-41e7-a5c9-73e1d43f8f72",
    "fields": {
      "created_at": "2020-09-03T14:47:51.423Z",
      "modified_at": "2020-09-03T14:47:51.423Z",
      "created_by_user": null,
      "created_by_group": null,
      "modified_by_user": null,
      "modified_by_group": null,
      "workflow": "building-permit",
      "task": "complete-check",
      "flow": "915cdda0-42f9-4c76-9c5d-93438db5172b"
    }
  },
  {
    "model": "caluma_workflow.taskflow",
    "pk": "444f02d3-0dcc-4527-8bd7-1cea618e4ef2",
    "fields": {
      "created_at": "2021-01-12T16:28:31.162Z",
      "modified_at": "2021-01-12T16:28:31.162Z",
      "created_by_user": null,
      "created_by_group": null,
      "modified_by_user": null,
      "modified_by_group": null,
      "workflow": "building-permit",
      "task": "skip-circulation",
      "flow": "3ee40b13-7014-4efb-8ca7-aeaf1f241c5b"
    }
  },
  {
    "model": "caluma_workflow.taskflow",
    "pk": "6d4e81a6-3d4c-43dd-b7ca-94438d539218",
    "fields": {
      "created_at": "2020-09-03T14:48:00.387Z",
      "modified_at": "2020-09-03T14:48:00.387Z",
      "created_by_user": null,
      "created_by_group": null,
      "modified_by_user": null,
      "modified_by_group": null,
      "workflow": "building-permit",
      "task": "reopen-circulation",
      "flow": "eef82db1-a20f-4ce0-89c8-145c55575cae"
    }
  },
  {
    "model": "caluma_workflow.taskflow",
    "pk": "7484155b-d19f-4283-9c9c-bc48091f0f7e",
    "fields": {
      "created_at": "2020-09-28T16:40:49.527Z",
      "modified_at": "2020-09-28T16:40:49.527Z",
      "created_by_user": null,
      "created_by_group": null,
      "modified_by_user": null,
      "modified_by_group": null,
      "workflow": "building-permit",
      "task": "additional-demand",
      "flow": "b6059235-cba1-403c-9cbb-127502abd9ea"
    }
  },
  {
    "model": "caluma_workflow.taskflow",
    "pk": "77e1eb2f-4cdc-4c03-9193-675b47037fe0",
    "fields": {
      "created_at": "2020-09-03T14:47:52.932Z",
      "modified_at": "2020-09-03T14:47:52.932Z",
      "created_by_user": null,
      "created_by_group": null,
      "modified_by_user": null,
      "modified_by_group": null,
      "workflow": "building-permit",
      "task": "start-circulation",
      "flow": "52bc4149-6c84-475b-b85b-e3293b8e7ea0"
    }
  },
  {
    "model": "caluma_workflow.taskflow",
    "pk": "805b8150-ef71-4066-825f-251e597351ba",
    "fields": {
      "created_at": "2021-01-18T08:49:26.657Z",
      "modified_at": "2021-01-18T08:49:26.657Z",
      "created_by_user": null,
      "created_by_group": null,
      "modified_by_user": null,
      "modified_by_group": null,
      "workflow": "circulation",
      "task": "alter-statement",
      "flow": "7462ad22-2f90-4bb4-815b-496b453dc0f1"
    }
  },
  {
    "model": "caluma_workflow.taskflow",
    "pk": "8955930f-82ef-41d5-9f53-e4f9f713c38a",
    "fields": {
      "created_at": "2020-09-03T14:47:56.434Z",
      "modified_at": "2020-09-03T14:47:56.434Z",
      "created_by_user": null,
      "created_by_group": null,
      "modified_by_user": null,
      "modified_by_group": null,
      "workflow": "building-permit",
      "task": "start-additional-circulation",
      "flow": "74adbeb1-9e28-48d7-97f9-62975bdf5b71"
    }
  },
  {
    "model": "caluma_workflow.taskflow",
    "pk": "95d05e90-4eaf-4627-a437-eba51b48a64e",
    "fields": {
      "created_at": "2020-11-02T07:49:31.820Z",
      "modified_at": "2020-11-02T07:49:31.820Z",
      "created_by_user": null,
      "created_by_group": null,
      "modified_by_user": null,
      "modified_by_group": null,
      "workflow": "building-permit",
      "task": "reject-form",
      "flow": "f2bb6f3c-8f85-443f-977f-2f05dfb5c996"
    }
  },
  {
    "model": "caluma_workflow.taskflow",
    "pk": "9fe6a270-ee49-4166-ae8c-d93568e0f6c4",
    "fields": {
      "created_at": "2020-09-03T14:47:54.557Z",
      "modified_at": "2020-09-03T14:47:54.557Z",
      "created_by_user": null,
      "created_by_group": null,
      "modified_by_user": null,
      "modified_by_group": null,
      "workflow": "building-permit",
      "task": "circulation",
      "flow": "4e405383-e014-4106-b95c-853da58a568b"
    }
  },
  {
    "model": "caluma_workflow.taskflow",
    "pk": "c7803ae1-1a0d-4ac8-9876-ab4fa5a51a67",
    "fields": {
      "created_at": "2020-11-02T08:09:57.061Z",
      "modified_at": "2020-11-02T08:09:57.061Z",
      "created_by_user": null,
      "created_by_group": null,
      "modified_by_user": null,
      "modified_by_group": null,
      "workflow": "building-permit",
      "task": "formal-addition",
      "flow": "f0d95573-f1d6-4e63-bc70-0b145caa6aea"
    }
  },
  {
    "model": "caluma_workflow.taskflow",
    "pk": "e0002fe5-9d86-4a6b-8c41-b4cf9d576f56",
    "fields": {
      "created_at": "2020-11-19T16:58:27.554Z",
      "modified_at": "2020-11-19T16:58:27.554Z",
      "created_by_user": null,
      "created_by_group": null,
      "modified_by_user": null,
      "modified_by_group": null,
      "workflow": "building-permit",
      "task": "depreciate-case",
      "flow": "83f2c279-bc8c-4cf4-97e1-8068fa85e8fa"
    }
  },
  {
    "model": "caluma_workflow.workflow",
    "pk": "building-permit",
    "fields": {
      "created_at": "2020-09-03T14:47:42.013Z",
      "modified_at": "2020-09-03T14:47:42.013Z",
      "created_by_user": "462afaba-aeb7-494a-8596-3497b81ed701",
      "created_by_group": null,
      "modified_by_user": null,
      "modified_by_group": null,
      "name": "{\"de\": \"Baugesuch\", \"fr\": null}",
      "description": "{\"de\": null, \"fr\": null}",
      "meta": {},
      "is_published": true,
      "is_archived": false,
      "allow_all_forms": true,
      "start_tasks": ["submit"],
      "allow_forms": []
    }
  },
  {
    "model": "caluma_workflow.workflow",
    "pk": "circulation",
    "fields": {
      "created_at": "2020-09-03T14:48:23.798Z",
      "modified_at": "2020-09-03T14:48:23.798Z",
      "created_by_user": "462afaba-aeb7-494a-8596-3497b81ed701",
      "created_by_group": null,
      "modified_by_user": null,
      "modified_by_group": null,
      "name": "{\"de\": \"Zirkulation\", \"fr\": null}",
      "description": "{\"de\": null, \"fr\": null}",
      "meta": {},
      "is_published": true,
      "is_archived": false,
      "allow_all_forms": true,
      "start_tasks": ["write-statement"],
      "allow_forms": []
    }
  },
  {
    "model": "caluma_workflow.workflow",
    "pk": "internal-document",
    "fields": {
      "created_at": "2021-09-22T07:29:27.363Z",
      "modified_at": "2021-09-22T07:29:27.363Z",
      "created_by_user": "462afaba-aeb7-494a-8596-3497b81ed701",
      "created_by_group": null,
      "modified_by_user": null,
      "modified_by_group": null,
      "name": "{\"de\": \"Gesch\\u00e4ftskontrolle\", \"fr\": null}",
      "description": "{\"de\": null, \"fr\": null}",
      "meta": {},
      "is_published": false,
      "is_archived": false,
      "allow_all_forms": false,
      "start_tasks": ["create-manual-workitems"],
      "allow_forms": []
    }
  }
]
