[
  {
    "model": "core.acirculationtransition",
    "pk": 8,
    "fields": {
      "current_circulation_state": null,
      "next_circulation_state": 2
    }
  },
  {
    "model": "core.acirculationtransition",
    "pk": 51,
    "fields": {
      "current_circulation_state": 1,
      "next_circulation_state": 6
    }
  },
  {
    "model": "core.acirculationtransition",
    "pk": 53,
    "fields": {
      "current_circulation_state": 6,
      "next_circulation_state": 1
    }
  },
  {
    "model": "core.aformtransition",
    "pk": 18,
    "fields": {
      "current_instance_state": 3,
      "next_instance_state": 5
    }
  },
  {
    "model": "core.aformtransition",
    "pk": 86,
    "fields": {
      "current_instance_state": 3,
      "next_instance_state": 5
    }
  },
  {
    "model": "core.anotification",
    "pk": 48,
    "fields": {
      "template": "einladung-zur-stellungnahme",
      "recipient_type": "Notification_Manager_UnnotifiedService",
      "processor": "Notification_Processor_SendEmailAPI"
    }
  },
  {
    "model": "core.anotification",
    "pk": 58,
    "fields": {
      "template": "einladung-zur-stellungnahme",
      "recipient_type": "Notification_Manager_UnnotifiedService",
      "processor": "Notification_Processor_SendEmailAPI"
    }
  },
  {
    "model": "core.anotification",
    "pk": 62,
    "fields": {
      "template": "einladung-zur-stellungnahme",
      "recipient_type": "Notification_Manager_UnnotifiedService",
      "processor": "Notification_Processor_SendEmailAPI"
    }
  },
  {
    "model": "core.anotification",
    "pk": 71,
    "fields": {
      "template": "einladung-zur-stellungnahme",
      "recipient_type": "Notification_Manager_UnnotifiedService",
      "processor": "Notification_Processor_SendEmailAPI"
    }
  },
  {
    "model": "core.anotification",
    "pk": 89,
    "fields": {
      "template": "einladung-zur-stellungnahme",
      "recipient_type": "Notification_Manager_UnnotifiedService",
      "processor": "Notification_Processor_SendEmailAPI"
    }
  },
  {
    "model": "core.anotification",
    "pk": 92,
    "fields": {
      "template": "einladung-zur-stellungnahme",
      "recipient_type": "Notification_Manager_UnnotifiedService",
      "processor": "Notification_Processor_SendEmailAPI"
    }
  },
  {
    "model": "core.apageredirect",
    "pk": 9,
    "fields": {
      "resource": 6,
      "instance_resource": null,
      "air_action_name": null
    }
  },
  {
    "model": "core.apageredirect",
    "pk": 74,
    "fields": {
      "resource": 1,
      "instance_resource": 7,
      "air_action_name": "edit"
    }
  },
  {
    "model": "core.apageredirect",
    "pk": 77,
    "fields": {
      "resource": 6,
      "instance_resource": 18,
      "air_action_name": "edit"
    }
  },
  {
    "model": "core.apageredirect",
    "pk": 79,
    "fields": {
      "resource": 6,
      "instance_resource": 39,
      "air_action_name": "edit"
    }
  },
  {
    "model": "core.apageredirect",
    "pk": 84,
    "fields": {
      "resource": 1,
      "instance_resource": 47,
      "air_action_name": "edit"
    }
  },
  {
    "model": "core.apageredirect",
    "pk": 148,
    "fields": {
      "resource": 23,
      "instance_resource": null,
      "air_action_name": null
    }
  },
  {
    "model": "core.apageredirect",
    "pk": 149,
    "fields": {
      "resource": 1,
      "instance_resource": 7,
      "air_action_name": "edit"
    }
  },
  {
    "model": "core.apageredirect",
    "pk": 150,
    "fields": {
      "resource": 1,
      "instance_resource": 7,
      "air_action_name": "edit"
    }
  },
  {
    "model": "core.apageredirect",
    "pk": 151,
    "fields": {
      "resource": 1,
      "instance_resource": 47,
      "air_action_name": "edit"
    }
  },
  {
    "model": "core.apageredirect",
    "pk": 152,
    "fields": {
      "resource": 1,
      "instance_resource": 47,
      "air_action_name": null
    }
  },
  {
    "model": "core.apageredirect",
    "pk": 153,
    "fields": {
      "resource": 1,
      "instance_resource": 47,
      "air_action_name": "edit"
    }
  },
  {
    "model": "core.apageredirect",
    "pk": 154,
    "fields": {
      "resource": 23,
      "instance_resource": null,
      "air_action_name": null
    }
  },
  {
    "model": "core.apageredirect",
    "pk": 155,
    "fields": {
      "resource": 23,
      "instance_resource": null,
      "air_action_name": null
    }
  },
  {
    "model": "core.apageredirect",
    "pk": 156,
    "fields": {
      "resource": 1,
      "instance_resource": 7,
      "air_action_name": "edit"
    }
  },
  {
    "model": "core.apageredirect",
    "pk": 157,
    "fields": {
      "resource": 1,
      "instance_resource": 49,
      "air_action_name": "index"
    }
  },
  {
    "model": "core.apageredirect",
    "pk": 158,
    "fields": {
      "resource": 1,
      "instance_resource": 49,
      "air_action_name": "index"
    }
  },
  {
    "model": "core.aphp",
    "pk": 20,
    "fields": {
      "php_class": "CircStart"
    }
  },
  {
    "model": "core.aphp",
    "pk": 22,
    "fields": {
      "php_class": "CircStart"
    }
  },
  {
    "model": "core.aphp",
    "pk": 42,
    "fields": {
      "php_class": "AllCircEnd"
    }
  },
  {
    "model": "core.aphp",
    "pk": 43,
    "fields": {
      "php_class": "CircEnd"
    }
  },
  {
    "model": "core.aphp",
    "pk": 52,
    "fields": {
      "php_class": "SetReview"
    }
  },
  {
    "model": "core.aphp",
    "pk": 61,
    "fields": {
      "php_class": "CircStart"
    }
  },
  {
    "model": "core.aphp",
    "pk": 70,
    "fields": {
      "php_class": "CircStart"
    }
  },
  {
    "model": "core.aphp",
    "pk": 72,
    "fields": {
      "php_class": "CircEnd"
    }
  },
  {
    "model": "core.aphp",
    "pk": 73,
    "fields": {
      "php_class": "CreateCirc"
    }
  },
  {
    "model": "core.aphp",
    "pk": 76,
    "fields": {
      "php_class": "CreateCirc"
    }
  },
  {
    "model": "core.aphp",
    "pk": 78,
    "fields": {
      "php_class": "CreateCirc"
    }
  },
  {
    "model": "core.aphp",
    "pk": 81,
    "fields": {
      "php_class": "SetReviewDone"
    }
  },
  {
    "model": "core.aphp",
    "pk": 83,
    "fields": {
      "php_class": "CreateCirc"
    }
  },
  {
    "model": "core.aphp",
    "pk": 88,
    "fields": {
      "php_class": "CircStart"
    }
  },
  {
    "model": "core.aphp",
    "pk": 91,
    "fields": {
      "php_class": "CircStart"
    }
  },
  {
    "model": "core.aphp",
    "pk": 93,
    "fields": {
      "php_class": "AllCircEnd"
    }
  },
  {
    "model": "core.aphp",
    "pk": 130,
    "fields": {
      "php_class": "CircSync"
    }
  },
  {
    "model": "core.aphp",
    "pk": 131,
    "fields": {
      "php_class": "CircSync"
    }
  },
  {
    "model": "core.action",
    "pk": 2,
    "fields": {
      "available_action": "workflow",
      "button": 1,
      "name": "Workflow Datum Dossier vollst\u00e4ndig setzen",
      "description": null,
      "success_message": null,
      "error_message": null,
      "execute_always": 0,
      "sort": 1
    }
  },
  {
    "model": "core.action",
    "pk": 5,
    "fields": {
      "available_action": "workflow",
      "button": 3,
      "name": "Workflow Datum Nachforderung der Gemeinde",
      "description": null,
      "success_message": null,
      "error_message": null,
      "execute_always": 0,
      "sort": 1
    }
  },
  {
    "model": "core.action",
    "pk": 6,
    "fields": {
      "available_action": "save",
      "button": 4,
      "name": "Fachbericht speichern",
      "description": null,
      "success_message": "Fachbericht erfolgreich gespeichert.",
      "error_message": "Fachbericht konnte nicht gespeichert werden.",
      "execute_always": 0,
      "sort": 0
    }
  },
  {
    "model": "core.action",
    "pk": 8,
    "fields": {
      "available_action": "circulationtransition",
      "button": 5,
      "name": "circ state to OK",
      "description": null,
      "success_message": "Stellungnahme erfolgreich abgeschlossen.",
      "error_message": "Stellungnahme konnte nicht abgeschlossen werden.",
      "execute_always": 0,
      "sort": 2
    }
  },
  {
    "model": "core.action",
    "pk": 9,
    "fields": {
      "available_action": "pageredirect",
      "button": 5,
      "name": "Weiterleitung zu Liste",
      "description": null,
      "success_message": null,
      "error_message": null,
      "execute_always": 0,
      "sort": 4
    }
  },
  {
    "model": "core.action",
    "pk": 16,
    "fields": {
      "available_action": "save",
      "button": 8,
      "name": "save",
      "description": null,
      "success_message": "Zirkulation erfolgreich aktualisiert.",
      "error_message": "Zirkulation konnte nicht aktualisiert werden.",
      "execute_always": 0,
      "sort": 0
    }
  },
  {
    "model": "core.action",
    "pk": 17,
    "fields": {
      "available_action": "save",
      "button": 9,
      "name": "save",
      "description": null,
      "success_message": null,
      "error_message": null,
      "execute_always": 0,
      "sort": 0
    }
  },
  {
    "model": "core.action",
    "pk": 18,
    "fields": {
      "available_action": "formtransition",
      "button": 9,
      "name": "Dossierstatus setzen circ",
      "description": null,
      "success_message": "Zirkulation erfolgreich gestartet.",
      "error_message": "Zirkulation konnte nicht gestartet werden.",
      "execute_always": 0,
      "sort": 1
    }
  },
  {
    "model": "core.action",
    "pk": 19,
    "fields": {
      "available_action": "workflow",
      "button": 9,
      "name": "Datum Zirkulation start",
      "description": null,
      "success_message": null,
      "error_message": null,
      "execute_always": 0,
      "sort": 2
    }
  },
  {
    "model": "core.action",
    "pk": 20,
    "fields": {
      "available_action": "php",
      "button": 9,
      "name": "activation idle to run",
      "description": null,
      "success_message": null,
      "error_message": null,
      "execute_always": 0,
      "sort": 3
    }
  },
  {
    "model": "core.action",
    "pk": 21,
    "fields": {
      "available_action": "save",
      "button": 10,
      "name": "save",
      "description": null,
      "success_message": null,
      "error_message": null,
      "execute_always": 0,
      "sort": 0
    }
  },
  {
    "model": "core.action",
    "pk": 22,
    "fields": {
      "available_action": "php",
      "button": 10,
      "name": "activation idle to run",
      "description": null,
      "success_message": null,
      "error_message": null,
      "execute_always": 0,
      "sort": 2
    }
  },
  {
    "model": "core.action",
    "pk": 23,
    "fields": {
      "available_action": "save",
      "button": 11,
      "name": "save",
      "description": null,
      "success_message": "Zirkulation erfolgreich aktualisiert.",
      "error_message": "Zirkulation konnte nicht aktualisiert werden.",
      "execute_always": 0,
      "sort": 0
    }
  },
  {
    "model": "core.action",
    "pk": 42,
    "fields": {
      "available_action": "php",
      "button": 18,
      "name": "circ state to DONE",
      "description": null,
      "success_message": null,
      "error_message": null,
      "execute_always": 0,
      "sort": 0
    }
  },
  {
    "model": "core.action",
    "pk": 43,
    "fields": {
      "available_action": "php",
      "button": 22,
      "name": "circ state to DONE",
      "description": null,
      "success_message": "Zirkulation erfolgreich abgeschlossen.",
      "error_message": "Zirkulation konnte nicht abgeschlossen werden.",
      "execute_always": 0,
      "sort": 0
    }
  },
  {
    "model": "core.action",
    "pk": 48,
    "fields": {
      "available_action": "notification",
      "button": 9,
      "name": "Email Stellungnahme",
      "description": null,
      "success_message": "Email wurde erfolgreich versandt.",
      "error_message": "Email konnte nicht versandt werden.",
      "execute_always": 0,
      "sort": 4
    }
  },
  {
    "model": "core.action",
    "pk": 50,
    "fields": {
      "available_action": "save",
      "button": 24,
      "name": "Fachbericht speichern",
      "description": null,
      "success_message": "Der Fachbericht wurde erfolgreich gespeichert.",
      "error_message": "Der Fachbericht konnte nicht gespeichert werden.",
      "execute_always": 0,
      "sort": 0
    }
  },
  {
    "model": "core.action",
    "pk": 51,
    "fields": {
      "available_action": "circulationtransition",
      "button": 24,
      "name": "circ state to REVIEW",
      "description": null,
      "success_message": null,
      "error_message": null,
      "execute_always": 0,
      "sort": 2
    }
  },
  {
    "model": "core.action",
    "pk": 52,
    "fields": {
      "available_action": "php",
      "button": 24,
      "name": "Set circ date REVIEW",
      "description": null,
      "success_message": null,
      "error_message": null,
      "execute_always": 0,
      "sort": 3
    }
  },
  {
    "model": "core.action",
    "pk": 53,
    "fields": {
      "available_action": "circulationtransition",
      "button": 25,
      "name": "circ state to RUN",
      "description": null,
      "success_message": null,
      "error_message": null,
      "execute_always": 0,
      "sort": 1
    }
  },
  {
    "model": "core.action",
    "pk": 58,
    "fields": {
      "available_action": "notification",
      "button": 10,
      "name": "Email Stellungnahme",
      "description": null,
      "success_message": "Email wurde erfolgreich versandt.",
      "error_message": "Email konnte nicht versandt werden.",
      "execute_always": 0,
      "sort": 3
    }
  },
  {
    "model": "core.action",
    "pk": 60,
    "fields": {
      "available_action": "save",
      "button": 28,
      "name": "save",
      "description": null,
      "success_message": null,
      "error_message": null,
      "execute_always": 0,
      "sort": 0
    }
  },
  {
    "model": "core.action",
    "pk": 61,
    "fields": {
      "available_action": "php",
      "button": 28,
      "name": "activation idle to run",
      "description": null,
      "success_message": null,
      "error_message": null,
      "execute_always": 0,
      "sort": 2
    }
  },
  {
    "model": "core.action",
    "pk": 62,
    "fields": {
      "available_action": "notification",
      "button": 28,
      "name": "Email Stellungnahme",
      "description": null,
      "success_message": "Email wurde erfolgreich versandt.",
      "error_message": "Email konnte nicht versandt werden.",
      "execute_always": 0,
      "sort": 3
    }
  },
  {
    "model": "core.action",
    "pk": 63,
    "fields": {
      "available_action": "workflow",
      "button": 23,
      "name": "Workflow Datum Nachforderung der Gemeinde",
      "description": null,
      "success_message": null,
      "error_message": null,
      "execute_always": 0,
      "sort": 1
    }
  },
  {
    "model": "core.action",
    "pk": 65,
    "fields": {
      "available_action": "save",
      "button": 29,
      "name": "save",
      "description": null,
      "success_message": "Zirkulation erfolgreich aktualisiert.",
      "error_message": "Zirkulation konnte nicht aktualisiert werden.",
      "execute_always": 0,
      "sort": 0
    }
  },
  {
    "model": "core.action",
    "pk": 69,
    "fields": {
      "available_action": "save",
      "button": 31,
      "name": "save",
      "description": null,
      "success_message": null,
      "error_message": null,
      "execute_always": 0,
      "sort": 0
    }
  },
  {
    "model": "core.action",
    "pk": 70,
    "fields": {
      "available_action": "php",
      "button": 31,
      "name": "activation idle to run",
      "description": null,
      "success_message": "Erfolgreich zur Zirkulation hinzugef\u00fcgt.",
      "error_message": "Konnte nicht zur Zirkulation hinzugef\u00fcgt werden.",
      "execute_always": 0,
      "sort": 1
    }
  },
  {
    "model": "core.action",
    "pk": 71,
    "fields": {
      "available_action": "notification",
      "button": 31,
      "name": "Email Stellungnahme",
      "description": null,
      "success_message": "Email erfolgreich versendet.",
      "error_message": "Email konnte nicht versendet werden.",
      "execute_always": 0,
      "sort": 2
    }
  },
  {
    "model": "core.action",
    "pk": 72,
    "fields": {
      "available_action": "php",
      "button": 32,
      "name": "circ state to DONE",
      "description": null,
      "success_message": "Zirkulation abgeschlossen.",
      "error_message": "Zirkulation konnte nicht abgeschlossen werden.",
      "execute_always": 0,
      "sort": 0
    }
  },
  {
    "model": "core.action",
    "pk": 73,
    "fields": {
      "available_action": "php",
      "button": 33,
      "name": "Create new circulation",
      "description": null,
      "success_message": "Neue Zirkulation erstellt.",
      "error_message": "Die neue Zirkulation konnte nicht erstellt werden.",
      "execute_always": 0,
      "sort": 0
    }
  },
  {
    "model": "core.action",
    "pk": 74,
    "fields": {
      "available_action": "pageredirect",
      "button": 33,
      "name": "Redirect to newest circulation page",
      "description": null,
      "success_message": null,
      "error_message": null,
      "execute_always": 0,
      "sort": 3
    }
  },
  {
    "model": "core.action",
    "pk": 76,
    "fields": {
      "available_action": "php",
      "button": 35,
      "name": "Create new circulation",
      "description": null,
      "success_message": "Neue Zirkulation erstellt.",
      "error_message": "Die neue Zirkulation konnte nicht erstellt werden.",
      "execute_always": 0,
      "sort": 0
    }
  },
  {
    "model": "core.action",
    "pk": 77,
    "fields": {
      "available_action": "pageredirect",
      "button": 35,
      "name": "Redirect to newest circulation page",
      "description": null,
      "success_message": null,
      "error_message": null,
      "execute_always": 0,
      "sort": 1
    }
  },
  {
    "model": "core.action",
    "pk": 78,
    "fields": {
      "available_action": "php",
      "button": 36,
      "name": "Create new circulation",
      "description": null,
      "success_message": "Neue Zirkulation erstellt.",
      "error_message": "Die neue Zirkulation konnte nicht erstellt werden.",
      "execute_always": 0,
      "sort": 0
    }
  },
  {
    "model": "core.action",
    "pk": 79,
    "fields": {
      "available_action": "pageredirect",
      "button": 36,
      "name": "Redirect to newest circulation page",
      "description": null,
      "success_message": null,
      "error_message": null,
      "execute_always": 0,
      "sort": 1
    }
  },
  {
    "model": "core.action",
    "pk": 81,
    "fields": {
      "available_action": "php",
      "button": 5,
      "name": "Set superior date and name",
      "description": null,
      "success_message": null,
      "error_message": null,
      "execute_always": 0,
      "sort": 0
    }
  },
  {
    "model": "core.action",
    "pk": 82,
    "fields": {
      "available_action": "save",
      "button": 39,
      "name": "save",
      "description": null,
      "success_message": "Zirkulation erfolgreich aktualisiert.",
      "error_message": "Zirkulation konnte nicht aktualisiert werden.",
      "execute_always": 0,
      "sort": 0
    }
  },
  {
    "model": "core.action",
    "pk": 83,
    "fields": {
      "available_action": "php",
      "button": 40,
      "name": "Create new circulation",
      "description": null,
      "success_message": "Neue Zirkulation erstellt.",
      "error_message": "Die neue Zirkulation konnte nicht erstellt werden.",
      "execute_always": 0,
      "sort": 0
    }
  },
  {
    "model": "core.action",
    "pk": 84,
    "fields": {
      "available_action": "pageredirect",
      "button": 40,
      "name": "Redirect to newest circulation page",
      "description": null,
      "success_message": null,
      "error_message": null,
      "execute_always": 0,
      "sort": 3
    }
  },
  {
    "model": "core.action",
    "pk": 85,
    "fields": {
      "available_action": "save",
      "button": 41,
      "name": "save",
      "description": null,
      "success_message": null,
      "error_message": null,
      "execute_always": 0,
      "sort": 0
    }
  },
  {
    "model": "core.action",
    "pk": 86,
    "fields": {
      "available_action": "formtransition",
      "button": 41,
      "name": "Dossierstatus setzen circ",
      "description": null,
      "success_message": "Zirkulation erfolgreich gestartet.",
      "error_message": "Zirkulation konnte nicht gestartet werden.",
      "execute_always": 0,
      "sort": 1
    }
  },
  {
    "model": "core.action",
    "pk": 87,
    "fields": {
      "available_action": "workflow",
      "button": 41,
      "name": "Datum Zirkulation start",
      "description": null,
      "success_message": null,
      "error_message": null,
      "execute_always": 0,
      "sort": 2
    }
  },
  {
    "model": "core.action",
    "pk": 88,
    "fields": {
      "available_action": "php",
      "button": 41,
      "name": "activation idle to run",
      "description": null,
      "success_message": null,
      "error_message": null,
      "execute_always": 0,
      "sort": 3
    }
  },
  {
    "model": "core.action",
    "pk": 89,
    "fields": {
      "available_action": "notification",
      "button": 41,
      "name": "Email Stellungnahme",
      "description": null,
      "success_message": "Email wurde erfolgreich versandt.",
      "error_message": "Email konnte nicht versandt werden.",
      "execute_always": 0,
      "sort": 4
    }
  },
  {
    "model": "core.action",
    "pk": 90,
    "fields": {
      "available_action": "save",
      "button": 42,
      "name": "save",
      "description": null,
      "success_message": null,
      "error_message": null,
      "execute_always": 0,
      "sort": 0
    }
  },
  {
    "model": "core.action",
    "pk": 91,
    "fields": {
      "available_action": "php",
      "button": 42,
      "name": "activation idle to run",
      "description": null,
      "success_message": null,
      "error_message": null,
      "execute_always": 0,
      "sort": 1
    }
  },
  {
    "model": "core.action",
    "pk": 92,
    "fields": {
      "available_action": "notification",
      "button": 42,
      "name": "Email Stellungnahme",
      "description": null,
      "success_message": "Email wurde erfolgreich versandt.",
      "error_message": "Email konnte nicht versandt werden.",
      "execute_always": 0,
      "sort": 2
    }
  },
  {
    "model": "core.action",
    "pk": 93,
    "fields": {
      "available_action": "php",
      "button": 43,
      "name": "circ state to DONE",
      "description": null,
      "success_message": null,
      "error_message": null,
      "execute_always": 0,
      "sort": 0
    }
  },
  {
    "model": "core.action",
    "pk": 95,
    "fields": {
      "available_action": "workflow",
      "button": 44,
      "name": "Workflow Datum Nachforderung der Gemeinde",
      "description": null,
      "success_message": null,
      "error_message": null,
      "execute_always": 0,
      "sort": 1
    }
  },
  {
    "model": "core.action",
    "pk": 105,
    "fields": {
      "available_action": "workitem",
      "button": 1,
      "name": "Aufgabe: complete complete-check",
      "description": null,
      "success_message": null,
      "error_message": null,
      "execute_always": 0,
      "sort": 0
    }
  },
  {
    "model": "core.action",
    "pk": 106,
    "fields": {
      "available_action": "workitem",
      "button": 3,
      "name": "Aufgabe: complete reject-form",
      "description": null,
      "success_message": null,
      "error_message": null,
      "execute_always": 0,
      "sort": 0
    }
  },
  {
    "model": "core.action",
    "pk": 108,
    "fields": {
      "available_action": "workitem",
      "button": 18,
      "name": "Aufgabe: complete check-statements",
      "description": null,
      "success_message": null,
      "error_message": null,
      "execute_always": 0,
      "sort": 2
    }
  },
  {
    "model": "core.action",
    "pk": 109,
    "fields": {
      "available_action": "workitem",
      "button": 34,
      "name": "Aufgabe: complete start-decision, skip-circulation",
      "description": null,
      "success_message": null,
      "error_message": null,
      "execute_always": 0,
      "sort": 0
    }
  },
  {
    "model": "core.action",
    "pk": 110,
    "fields": {
      "available_action": "workitem",
      "button": 37,
      "name": "Aufgabe: complete reopen-circulation",
      "description": null,
      "success_message": null,
      "error_message": null,
      "execute_always": 0,
      "sort": 0
    }
  },
  {
    "model": "core.action",
    "pk": 111,
    "fields": {
      "available_action": "workitem",
      "button": 19,
      "name": "Aufgabe: complete make-decision",
      "description": null,
      "success_message": null,
      "error_message": null,
      "execute_always": 0,
      "sort": 0
    }
  },
  {
    "model": "core.action",
    "pk": 114,
    "fields": {
      "available_action": "workitem",
      "button": 43,
      "name": "Aufgabe: complete check-statements",
      "description": null,
      "success_message": null,
      "error_message": null,
      "execute_always": 0,
      "sort": 2
    }
  },
  {
    "model": "core.action",
    "pk": 115,
    "fields": {
      "available_action": "workitem",
      "button": 45,
      "name": "Aufgabe: complete start-decision, skip-circulation",
      "description": null,
      "success_message": null,
      "error_message": null,
      "execute_always": 0,
      "sort": 0
    }
  },
  {
    "model": "core.action",
    "pk": 116,
    "fields": {
      "available_action": "workitem",
      "button": 46,
      "name": "Aufgabe: complete reopen-circulation",
      "description": null,
      "success_message": null,
      "error_message": null,
      "execute_always": 0,
      "sort": 0
    }
  },
  {
    "model": "core.action",
    "pk": 117,
    "fields": {
      "available_action": "workitem",
      "button": 24,
      "name": "Aufgabe: complete write-statement, alter-statement",
      "description": null,
      "success_message": null,
      "error_message": null,
      "execute_always": 0,
      "sort": 1
    }
  },
  {
    "model": "core.action",
    "pk": 118,
    "fields": {
      "available_action": "workitem",
      "button": 5,
      "name": "Aufgabe: complete check-statement",
      "description": null,
      "success_message": null,
      "error_message": null,
      "execute_always": 0,
      "sort": 1
    }
  },
  {
    "model": "core.action",
    "pk": 119,
    "fields": {
      "available_action": "workitem",
      "button": 25,
      "name": "Aufgabe: complete revise-statement",
      "description": null,
      "success_message": null,
      "error_message": null,
      "execute_always": 0,
      "sort": 0
    }
  },
  {
    "model": "core.action",
    "pk": 128,
    "fields": {
      "available_action": "workitem",
      "button": 23,
      "name": "Aufgabe: complete additional-demand",
      "description": null,
      "success_message": null,
      "error_message": null,
      "execute_always": 0,
      "sort": 0
    }
  },
  {
    "model": "core.action",
    "pk": 129,
    "fields": {
      "available_action": "workitem",
      "button": 44,
      "name": "Aufgabe: complete additional-demand",
      "description": null,
      "success_message": null,
      "error_message": null,
      "execute_always": 0,
      "sort": 0
    }
  },
  {
    "model": "core.action",
    "pk": 130,
    "fields": {
      "available_action": "php",
      "button": 39,
      "name": "Sync Zirkulation",
      "description": null,
      "success_message": null,
      "error_message": null,
      "execute_always": 0,
      "sort": 1
    }
  },
  {
    "model": "core.action",
    "pk": 131,
    "fields": {
      "available_action": "php",
      "button": 8,
      "name": "Sync Zirkulation",
      "description": null,
      "success_message": null,
      "error_message": null,
      "execute_always": 0,
      "sort": 1
    }
  },
  {
    "model": "core.action",
    "pk": 132,
    "fields": {
      "available_action": "workitem",
      "button": 38,
      "name": "Aufgabe: complete depreciate-case",
      "description": null,
      "success_message": null,
      "error_message": null,
      "execute_always": 0,
      "sort": 0
    }
  },
  {
    "model": "core.action",
    "pk": 137,
    "fields": {
      "available_action": "addhistory",
      "button": 9,
      "name": "History: Zirkulation gestartet",
      "description": null,
      "success_message": null,
      "error_message": null,
      "execute_always": 0,
      "sort": 5
    }
  },
  {
    "model": "core.action",
    "pk": 141,
    "fields": {
      "available_action": "addhistory",
      "button": 41,
      "name": "History: Zirkulation gestartet",
      "description": null,
      "success_message": null,
      "error_message": null,
      "execute_always": 0,
      "sort": 5
    }
  },
  {
    "model": "core.action",
    "pk": 145,
    "fields": {
      "available_action": "workitem",
      "button": 21,
      "name": "Aufgabe: complete archive-form",
      "description": null,
      "success_message": null,
      "error_message": null,
      "execute_always": 0,
      "sort": 0
    }
  },
  {
    "model": "core.action",
    "pk": 146,
    "fields": {
      "available_action": "workitem",
      "button": 18,
      "name": "Aufgabe: skip circulation",
      "description": null,
      "success_message": null,
      "error_message": null,
      "execute_always": 0,
      "sort": 1
    }
  },
  {
    "model": "core.action",
    "pk": 147,
    "fields": {
      "available_action": "workitem",
      "button": 43,
      "name": "Aufgabe: skip circulation",
      "description": null,
      "success_message": null,
      "error_message": null,
      "execute_always": 0,
      "sort": 1
    }
  },
  {
    "model": "core.action",
    "pk": 148,
    "fields": {
      "available_action": "pageredirect",
      "button": 38,
      "name": "Zur\u00fcck zur Aufgabenliste",
      "description": null,
      "success_message": null,
      "error_message": null,
      "execute_always": 0,
      "sort": 2
    }
  },
  {
    "model": "core.action",
    "pk": 149,
    "fields": {
      "available_action": "pageredirect",
      "button": 34,
      "name": "Zur\u00fcck zur Zirkulation",
      "description": null,
      "success_message": null,
      "error_message": null,
      "execute_always": 0,
      "sort": 1
    }
  },
  {
    "model": "core.action",
    "pk": 150,
    "fields": {
      "available_action": "pageredirect",
      "button": 37,
      "name": "Zur\u00fcck zur Zirkulation",
      "description": null,
      "success_message": null,
      "error_message": null,
      "execute_always": 0,
      "sort": 1
    }
  },
  {
    "model": "core.action",
    "pk": 151,
    "fields": {
      "available_action": "pageredirect",
      "button": 44,
      "name": "Zur\u00fcck zur Zirkulation",
      "description": null,
      "success_message": null,
      "error_message": null,
      "execute_always": 0,
      "sort": 2
    }
  },
  {
    "model": "core.action",
    "pk": 152,
    "fields": {
      "available_action": "pageredirect",
      "button": 45,
      "name": "Zur\u00fcck zur Zirkulation",
      "description": null,
      "success_message": null,
      "error_message": null,
      "execute_always": 0,
      "sort": 1
    }
  },
  {
    "model": "core.action",
    "pk": 153,
    "fields": {
      "available_action": "pageredirect",
      "button": 46,
      "name": "Zur\u00fcck zur Zirkulation",
      "description": null,
      "success_message": null,
      "error_message": null,
      "execute_always": 0,
      "sort": 1
    }
  },
  {
    "model": "core.action",
    "pk": 154,
    "fields": {
      "available_action": "pageredirect",
      "button": 21,
      "name": "Zur\u00fcck zur Aufgabenliste",
      "description": null,
      "success_message": null,
      "error_message": null,
      "execute_always": 0,
      "sort": 1
    }
  },
  {
    "model": "core.action",
    "pk": 155,
    "fields": {
      "available_action": "pageredirect",
      "button": 3,
      "name": "Zur\u00fcck zur Aufgabenliste",
      "description": null,
      "success_message": null,
      "error_message": null,
      "execute_always": 0,
      "sort": 3
    }
  },
  {
    "model": "core.action",
    "pk": 156,
    "fields": {
      "available_action": "pageredirect",
      "button": 23,
      "name": "Zur\u00fcck zur Zirkulation",
      "description": null,
      "success_message": null,
      "error_message": null,
      "execute_always": 0,
      "sort": 2
    }
  },
  {
    "model": "core.action",
    "pk": 157,
    "fields": {
      "available_action": "pageredirect",
      "button": 19,
      "name": "Zur\u00fcck zur Aufgabenliste",
      "description": null,
      "success_message": null,
      "error_message": null,
      "execute_always": 0,
      "sort": 1
    }
  },
  {
    "model": "core.action",
    "pk": 158,
    "fields": {
      "available_action": "pageredirect",
      "button": 1,
      "name": "Zur\u00fcck zur Aufgabenliste",
      "description": null,
      "success_message": null,
      "error_message": null,
      "execute_always": 0,
      "sort": 2
    }
  },
  {
    "model": "core.action",
    "pk": 159,
    "fields": {
      "available_action": "workflow",
      "button": 3,
      "name": "Workflow Datum R\u00fcckweisung",
      "description": null,
      "success_message": null,
      "error_message": null,
      "execute_always": 0,
      "sort": 2
    }
  },
  {
    "model": "core.action",
    "pk": 160,
    "fields": {
      "available_action": "workflow",
      "button": 38,
      "name": "Workflow Datum Abschreibung",
      "description": null,
      "success_message": null,
      "error_message": null,
      "execute_always": 0,
      "sort": 1
    }
  },
  {
    "model": "core.actionworkitem",
    "pk": 105,
    "fields": {
      "tasks": "[\"complete-check\"]",
      "process_type": "complete",
      "process_all": false,
      "is_activation": false,
      "fail_on_empty": true
    }
  },
  {
    "model": "core.actionworkitem",
    "pk": 106,
    "fields": {
      "tasks": "[\"reject-form\"]",
      "process_type": "complete",
      "process_all": false,
      "is_activation": false,
      "fail_on_empty": true
    }
  },
  {
    "model": "core.actionworkitem",
    "pk": 108,
    "fields": {
      "tasks": "[\"check-statements\"]",
      "process_type": "complete",
      "process_all": false,
      "is_activation": false,
      "fail_on_empty": true
    }
  },
  {
    "model": "core.actionworkitem",
    "pk": 109,
    "fields": {
      "tasks": "[\"skip-circulation\", \"start-decision\"]",
      "process_type": "complete",
      "process_all": false,
      "is_activation": false,
      "fail_on_empty": false
    }
  },
  {
    "model": "core.actionworkitem",
    "pk": 110,
    "fields": {
      "tasks": "[\"reopen-circulation\"]",
      "process_type": "complete",
      "process_all": false,
      "is_activation": false,
      "fail_on_empty": true
    }
  },
  {
    "model": "core.actionworkitem",
    "pk": 111,
    "fields": {
      "tasks": "[\"make-decision\"]",
      "process_type": "complete",
      "process_all": false,
      "is_activation": false,
      "fail_on_empty": true
    }
  },
  {
    "model": "core.actionworkitem",
    "pk": 114,
    "fields": {
      "tasks": "[\"check-statements\"]",
      "process_type": "complete",
      "process_all": false,
      "is_activation": false,
      "fail_on_empty": true
    }
  },
  {
    "model": "core.actionworkitem",
    "pk": 115,
    "fields": {
      "tasks": "[\"skip-circulation\", \"start-decision\"]",
      "process_type": "complete",
      "process_all": false,
      "is_activation": false,
      "fail_on_empty": true
    }
  },
  {
    "model": "core.actionworkitem",
    "pk": 116,
    "fields": {
      "tasks": "[\"reopen-circulation\"]",
      "process_type": "complete",
      "process_all": false,
      "is_activation": false,
      "fail_on_empty": true
    }
  },
  {
    "model": "core.actionworkitem",
    "pk": 117,
    "fields": {
      "tasks": "[\"alter-statement\", \"write-statement\"]",
      "process_type": "complete",
      "process_all": false,
      "is_activation": true,
      "fail_on_empty": false
    }
  },
  {
    "model": "core.actionworkitem",
    "pk": 118,
    "fields": {
      "tasks": "[\"check-statement\"]",
      "process_type": "complete",
      "process_all": false,
      "is_activation": true,
      "fail_on_empty": false
    }
  },
  {
    "model": "core.actionworkitem",
    "pk": 119,
    "fields": {
      "tasks": "[\"revise-statement\"]",
      "process_type": "complete",
      "process_all": false,
      "is_activation": true,
      "fail_on_empty": false
    }
  },
  {
    "model": "core.actionworkitem",
    "pk": 128,
    "fields": {
      "tasks": "[\"additional-demand\"]",
      "process_type": "complete",
      "process_all": false,
      "is_activation": false,
      "fail_on_empty": true
    }
  },
  {
    "model": "core.actionworkitem",
    "pk": 129,
    "fields": {
      "tasks": "[\"additional-demand\"]",
      "process_type": "complete",
      "process_all": false,
      "is_activation": false,
      "fail_on_empty": true
    }
  },
  {
    "model": "core.actionworkitem",
    "pk": 132,
    "fields": {
      "tasks": "[\"depreciate-case\"]",
      "process_type": "complete",
      "process_all": false,
      "is_activation": false,
      "fail_on_empty": true
    }
  },
  {
    "model": "core.actionworkitem",
    "pk": 145,
    "fields": {
      "tasks": "[\"archive-instance\"]",
      "process_type": "complete",
      "process_all": false,
      "is_activation": false,
      "fail_on_empty": true
    }
  },
  {
    "model": "core.actionworkitem",
    "pk": 146,
    "fields": {
      "tasks": "[\"circulation\"]",
      "process_type": "skip",
      "process_all": false,
      "is_activation": false,
      "fail_on_empty": false
    }
  },
  {
    "model": "core.actionworkitem",
    "pk": 147,
    "fields": {
      "tasks": "[\"circulation\"]",
      "process_type": "skip",
      "process_all": false,
      "is_activation": false,
      "fail_on_empty": false
    }
  },
  {
    "model": "core.airaction",
    "pk": 1,
    "fields": {
      "available_instance_resource": "newform",
      "action_name": "new",
      "hidden": 0
    }
  },
  {
    "model": "core.airaction",
    "pk": 2,
    "fields": {
      "available_instance_resource": "editformpage",
      "action_name": "edit-page",
      "hidden": 0
    }
  },
  {
    "model": "core.airaction",
    "pk": 3,
    "fields": {
      "available_instance_resource": "editformpage",
      "action_name": "get-file",
      "hidden": 1
    }
  },
  {
    "model": "core.airaction",
    "pk": 4,
    "fields": {
      "available_instance_resource": "editformpages",
      "action_name": "edit-pages",
      "hidden": 0
    }
  },
  {
    "model": "core.airaction",
    "pk": 5,
    "fields": {
      "available_instance_resource": "editformpages",
      "action_name": "get-file",
      "hidden": 1
    }
  },
  {
    "model": "core.airaction",
    "pk": 6,
    "fields": {
      "available_instance_resource": "formpage",
      "action_name": "read-page",
      "hidden": 0
    }
  },
  {
    "model": "core.airaction",
    "pk": 7,
    "fields": {
      "available_instance_resource": "formpage",
      "action_name": "get-file",
      "hidden": 1
    }
  },
  {
    "model": "core.airaction",
    "pk": 8,
    "fields": {
      "available_instance_resource": "formpages",
      "action_name": "read-pages",
      "hidden": 0
    }
  },
  {
    "model": "core.airaction",
    "pk": 9,
    "fields": {
      "available_instance_resource": "formpages",
      "action_name": "get-file",
      "hidden": 1
    }
  },
  {
    "model": "core.airaction",
    "pk": 10,
    "fields": {
      "available_instance_resource": "allformpages",
      "action_name": "index",
      "hidden": 0
    }
  },
  {
    "model": "core.airaction",
    "pk": 11,
    "fields": {
      "available_instance_resource": "allformpages",
      "action_name": "get-file",
      "hidden": 1
    }
  },
  {
    "model": "core.airaction",
    "pk": 12,
    "fields": {
      "available_instance_resource": "editcirculation",
      "action_name": "edit",
      "hidden": 0
    }
  },
  {
    "model": "core.airaction",
    "pk": 13,
    "fields": {
      "available_instance_resource": "editcirculation",
      "action_name": "add",
      "hidden": 1
    }
  },
  {
    "model": "core.airaction",
    "pk": 14,
    "fields": {
      "available_instance_resource": "editcirculation",
      "action_name": "add-activation",
      "hidden": 1
    }
  },
  {
    "model": "core.airaction",
    "pk": 15,
    "fields": {
      "available_instance_resource": "editcirculation",
      "action_name": "get-image",
      "hidden": 1
    }
  },
  {
    "model": "core.airaction",
    "pk": 16,
    "fields": {
      "available_instance_resource": "circulation",
      "action_name": "index",
      "hidden": 0
    }
  },
  {
    "model": "core.airaction",
    "pk": 17,
    "fields": {
      "available_instance_resource": "circulation",
      "action_name": "get-image",
      "hidden": 1
    }
  },
  {
    "model": "core.airaction",
    "pk": 18,
    "fields": {
      "available_instance_resource": "editnotice",
      "action_name": "list-notice",
      "hidden": 0
    }
  },
  {
    "model": "core.airaction",
    "pk": 19,
    "fields": {
      "available_instance_resource": "editnotice",
      "action_name": "edit-notice",
      "hidden": 1
    }
  },
  {
    "model": "core.airaction",
    "pk": 20,
    "fields": {
      "available_instance_resource": "editnotice",
      "action_name": "get-image",
      "hidden": 1
    }
  },
  {
    "model": "core.airaction",
    "pk": 21,
    "fields": {
      "available_instance_resource": "editnotice",
      "action_name": "list",
      "hidden": 1
    }
  },
  {
    "model": "core.airaction",
    "pk": 22,
    "fields": {
      "available_instance_resource": "editnotice",
      "action_name": "upload",
      "hidden": 1
    }
  },
  {
    "model": "core.airaction",
    "pk": 23,
    "fields": {
      "available_instance_resource": "editcirculation",
      "action_name": "read-notice",
      "hidden": 1
    }
  },
  {
    "model": "core.airaction",
    "pk": 24,
    "fields": {
      "available_instance_resource": "circulation",
      "action_name": "read-notice",
      "hidden": 1
    }
  },
  {
    "model": "core.airaction",
    "pk": 25,
    "fields": {
      "available_instance_resource": "letter",
      "action_name": "index",
      "hidden": 0
    }
  },
  {
    "model": "core.airaction",
    "pk": 26,
    "fields": {
      "available_instance_resource": "letter",
      "action_name": "get-image",
      "hidden": 1
    }
  },
  {
    "model": "core.airaction",
    "pk": 27,
    "fields": {
      "available_instance_resource": "editletter",
      "action_name": "edit",
      "hidden": 0
    }
  },
  {
    "model": "core.airaction",
    "pk": 28,
    "fields": {
      "available_instance_resource": "editletter",
      "action_name": "get-image",
      "hidden": 1
    }
  },
  {
    "model": "core.airaction",
    "pk": 29,
    "fields": {
      "available_instance_resource": "editletter",
      "action_name": "list",
      "hidden": 1
    }
  },
  {
    "model": "core.airaction",
    "pk": 30,
    "fields": {
      "available_instance_resource": "editletter",
      "action_name": "upload",
      "hidden": 1
    }
  },
  {
    "model": "core.airaction",
    "pk": 31,
    "fields": {
      "available_instance_resource": "page",
      "action_name": "index",
      "hidden": 0
    }
  },
  {
    "model": "core.airaction",
    "pk": 32,
    "fields": {
      "available_instance_resource": "formwizard",
      "action_name": "wizard",
      "hidden": 0
    }
  },
  {
    "model": "core.airaction",
    "pk": 33,
    "fields": {
      "available_instance_resource": "formwizard",
      "action_name": "get-file",
      "hidden": 1
    }
  },
  {
    "model": "core.airaction",
    "pk": 34,
    "fields": {
      "available_instance_resource": "formerror",
      "action_name": "form-error",
      "hidden": 0
    }
  },
  {
    "model": "core.airaction",
    "pk": 35,
    "fields": {
      "available_instance_resource": "apidocuments",
      "action_name": "list",
      "hidden": 0
    }
  },
  {
    "model": "core.airaction",
    "pk": 36,
    "fields": {
      "available_instance_resource": "apidocuments",
      "action_name": "upload",
      "hidden": 1
    }
  },
  {
    "model": "core.airaction",
    "pk": 37,
    "fields": {
      "available_instance_resource": "apidocuments",
      "action_name": "download",
      "hidden": 1
    }
  },
  {
    "model": "core.airaction",
    "pk": 38,
    "fields": {
      "available_instance_resource": "apidocuments",
      "action_name": "delete",
      "hidden": 1
    }
  },
  {
    "model": "core.airaction",
    "pk": 39,
    "fields": {
      "available_instance_resource": "publication",
      "action_name": "list",
      "hidden": 0
    }
  },
  {
    "model": "core.airaction",
    "pk": 43,
    "fields": {
      "available_instance_resource": "workflow",
      "action_name": "delete",
      "hidden": 1
    }
  },
  {
    "model": "core.airaction",
    "pk": 44,
    "fields": {
      "available_instance_resource": "workflow",
      "action_name": "list",
      "hidden": 0
    }
  },
  {
    "model": "core.airaction",
    "pk": 45,
    "fields": {
      "available_instance_resource": "workflow",
      "action_name": "save",
      "hidden": 1
    }
  },
  {
    "model": "core.airaction",
    "pk": 46,
    "fields": {
      "available_instance_resource": "buildingauthority",
      "action_name": "edit",
      "hidden": 0
    }
  },
  {
    "model": "core.airaction",
    "pk": 47,
    "fields": {
      "available_instance_resource": "buildingauthority",
      "action_name": "notify",
      "hidden": 1
    }
  },
  {
    "model": "core.airaction",
    "pk": 49,
    "fields": {
      "available_instance_resource": "billing",
      "action_name": "delete",
      "hidden": 1
    }
  },
  {
    "model": "core.airaction",
    "pk": 53,
    "fields": {
      "available_instance_resource": "templatecenter",
      "action_name": "index",
      "hidden": 0
    }
  },
  {
    "model": "core.airaction",
    "pk": 54,
    "fields": {
      "available_instance_resource": "templatecenter",
      "action_name": "download",
      "hidden": 1
    }
  },
  {
    "model": "core.airaction",
    "pk": 55,
    "fields": {
      "available_instance_resource": "objection",
      "action_name": "index",
      "hidden": 0
    }
  },
  {
    "model": "core.airaction",
    "pk": 57,
    "fields": {
      "available_instance_resource": "issue",
      "action_name": "index",
      "hidden": 0
    }
  },
  {
    "model": "core.airaction",
    "pk": 58,
    "fields": {
      "available_instance_resource": "editcirculation",
      "action_name": "rename",
      "hidden": 1
    }
  },
  {
    "model": "core.airaction",
    "pk": 10000,
    "fields": {
      "available_instance_resource": "billing",
      "action_name": "index",
      "hidden": 0
    }
  },
  {
    "model": "core.airaction",
    "pk": 10001,
    "fields": {
      "available_instance_resource": "integritydashboard",
      "action_name": "index",
      "hidden": 0
    }
  },
  {
    "model": "core.airaction",
    "pk": 10002,
    "fields": {
      "available_instance_resource": "history",
      "action_name": "index",
      "hidden": 0
    }
  },
  {
    "model": "core.airaction",
    "pk": 10003,
    "fields": {
      "available_instance_resource": "workitemlistinstance",
      "action_name": "index",
      "hidden": 0
    }
  },
  {
    "model": "core.airaction",
    "pk": 10004,
    "fields": {
      "available_instance_resource": "taskform",
      "action_name": "index",
      "hidden": 0
    }
  },
  {
    "model": "core.araction",
    "pk": 1,
    "fields": {
      "available_resource": "apilistinstance",
      "action_name": "indexInstance",
      "hidden": 0
    }
  },
  {
    "model": "core.araction",
    "pk": 2,
    "fields": {
      "available_resource": "apilistactivation",
      "action_name": "indexActivation",
      "hidden": 0
    }
  },
  {
    "model": "core.araction",
    "pk": 3,
    "fields": {
      "available_resource": "apilistinstance",
      "action_name": "exportinstance",
      "hidden": 1
    }
  },
  {
    "model": "core.araction",
    "pk": 4,
    "fields": {
      "available_resource": "apilistinstance",
      "action_name": "exportactivation",
      "hidden": 1
    }
  },
  {
    "model": "core.araction",
    "pk": 5,
    "fields": {
      "available_resource": "apilistinstance",
      "action_name": "index",
      "hidden": 1
    }
  },
  {
    "model": "core.araction",
    "pk": 6,
    "fields": {
      "available_resource": "apilistactivation",
      "action_name": "index",
      "hidden": 1
    }
  },
  {
    "model": "core.araction",
    "pk": 7,
    "fields": {
      "available_resource": "templatemanager",
      "action_name": "index",
      "hidden": 0
    }
  },
  {
    "model": "core.araction",
    "pk": 8,
    "fields": {
      "available_resource": "issuedashboard",
      "action_name": "index",
      "hidden": 0
    }
  },
  {
    "model": "core.araction",
    "pk": 9,
    "fields": {
      "available_resource": "issuetemplates",
      "action_name": "index",
      "hidden": 0
    }
  },
  {
    "model": "core.araction",
    "pk": 10,
    "fields": {
      "available_resource": "useradmin",
      "action_name": "index",
      "hidden": 0
    }
  },
  {
    "model": "core.araction",
    "pk": 11,
    "fields": {
      "available_resource": "useradmin",
      "action_name": "add",
      "hidden": 1
    }
  },
  {
    "model": "core.araction",
    "pk": 12,
    "fields": {
      "available_resource": "useradmin",
      "action_name": "list-service",
      "hidden": 1
    }
  },
  {
    "model": "core.araction",
    "pk": 13,
    "fields": {
      "available_resource": "useradmin",
      "action_name": "add-service",
      "hidden": 1
    }
  },
  {
    "model": "core.araction",
    "pk": 14,
    "fields": {
      "available_resource": "useradmin",
      "action_name": "edit-service",
      "hidden": 1
    }
  },
  {
    "model": "core.araction",
    "pk": 15,
    "fields": {
      "available_resource": "useradmin",
      "action_name": "email-configuration",
      "hidden": 1
    }
  },
  {
    "model": "core.araction",
    "pk": 16,
    "fields": {
      "available_resource": "textcomponentadmin",
      "action_name": "index",
      "hidden": 0
    }
  },
  {
    "model": "core.araction",
    "pk": 17,
    "fields": {
      "available_resource": "businesscontrolcreate",
      "action_name": "indexCreate",
      "hidden": 0
    }
  },
  {
    "model": "core.araction",
    "pk": 18,
    "fields": {
      "available_resource": "businesscontrollist",
      "action_name": "indexList",
      "hidden": 0
    }
  },
  {
    "model": "core.araction",
    "pk": 19,
    "fields": {
      "available_resource": "workitemlistall",
      "action_name": "index",
      "hidden": 0
    }
  },
  {
    "model": "core.araction",
    "pk": 20,
    "fields": {
      "available_resource": "apilistactivation",
      "action_name": "exportactivation",
      "hidden": 1
    }
  },
  {
    "model": "core.araction",
    "pk": 21,
    "fields": {
      "available_resource": "page",
      "action_name": "template",
      "hidden": 0
    }
  },
  {
    "model": "core.availableaction",
    "pk": "addhistory",
    "fields": {
      "module_name": "history",
      "description": "Add a history entry"
    }
  },
  {
    "model": "core.availableaction",
    "pk": "checkquery",
    "fields": {
      "module_name": "default",
      "description": "Check with a SQL query"
    }
  },
  {
    "model": "core.availableaction",
    "pk": "circulationemail",
    "fields": {
      "module_name": "default",
      "description": "Send email to activated services"
    }
  },
  {
    "model": "core.availableaction",
    "pk": "circulationtransition",
    "fields": {
      "module_name": "default",
      "description": "Change state of the circulation"
    }
  },
  {
    "model": "core.availableaction",
    "pk": "copyanswer",
    "fields": {
      "module_name": "default",
      "description": "Copy data from question to question"
    }
  },
  {
    "model": "core.availableaction",
    "pk": "copydata",
    "fields": {
      "module_name": "default",
      "description": "Copy data from question to table"
    }
  },
  {
    "model": "core.availableaction",
    "pk": "deletecirculation",
    "fields": {
      "module_name": "default",
      "description": "Delete the circulation"
    }
  },
  {
    "model": "core.availableaction",
    "pk": "email",
    "fields": {
      "module_name": "default",
      "description": "Send e-mail"
    }
  },
  {
    "model": "core.availableaction",
    "pk": "formtransition",
    "fields": {
      "module_name": "default",
      "description": "Make a transition"
    }
  },
  {
    "model": "core.availableaction",
    "pk": "generate",
    "fields": {
      "module_name": "docgen",
      "description": "Generate document with configured template"
    }
  },
  {
    "model": "core.availableaction",
    "pk": "location",
    "fields": {
      "module_name": "default",
      "description": "Set location of instance"
    }
  },
  {
    "model": "core.availableaction",
    "pk": "notice",
    "fields": {
      "module_name": "default",
      "description": "Retrieve notice"
    }
  },
  {
    "model": "core.availableaction",
    "pk": "notification",
    "fields": {
      "module_name": "notification",
      "description": "Send a notification"
    }
  },
  {
    "model": "core.availableaction",
    "pk": "pageredirect",
    "fields": {
      "module_name": "default",
      "description": "Make a redirect to a specific page"
    }
  },
  {
    "model": "core.availableaction",
    "pk": "php",
    "fields": {
      "module_name": "default",
      "description": "Call PHP"
    }
  },
  {
    "model": "core.availableaction",
    "pk": "proposal",
    "fields": {
      "module_name": "default",
      "description": "Generate proposal activation"
    }
  },
  {
    "model": "core.availableaction",
    "pk": "save",
    "fields": {
      "module_name": "default",
      "description": "Save"
    }
  },
  {
    "model": "core.availableaction",
    "pk": "savepdf",
    "fields": {
      "module_name": "default",
      "description": "Save PDF from a form"
    }
  },
  {
    "model": "core.availableaction",
    "pk": "validate",
    "fields": {
      "module_name": "default",
      "description": "Validate the form"
    }
  },
  {
    "model": "core.availableaction",
    "pk": "workflow",
    "fields": {
      "module_name": "workflow",
      "description": "Set workflow date"
    }
  },
  {
    "model": "core.availableaction",
    "pk": "workitem",
    "fields": {
      "module_name": "workitem",
      "description": "Process a work item"
    }
  },
  {
    "model": "core.availableinstanceresource",
    "pk": "allformpages",
    "fields": {
      "module_name": "default",
      "controller_name": "form",
      "description": "Read all pages of the form"
    }
  },
  {
    "model": "core.availableinstanceresource",
    "pk": "apidocuments",
    "fields": {
      "module_name": "apidocuments",
      "controller_name": "list",
      "description": "List of instance documents (API source)"
    }
  },
  {
    "model": "core.availableinstanceresource",
    "pk": "billing",
    "fields": {
      "module_name": "billing",
      "controller_name": "billing",
      "description": "Edit the billing"
    }
  },
  {
    "model": "core.availableinstanceresource",
    "pk": "buildingauthority",
    "fields": {
      "module_name": "buildingauthority",
      "controller_name": "edit",
      "description": "Edit the building authority entries"
    }
  },
  {
    "model": "core.availableinstanceresource",
    "pk": "circulation",
    "fields": {
      "module_name": "default",
      "controller_name": "circulation",
      "description": "Read the circulation"
    }
  },
  {
    "model": "core.availableinstanceresource",
    "pk": "editcirculation",
    "fields": {
      "module_name": "default",
      "controller_name": "circulation",
      "description": "Edit the circulation"
    }
  },
  {
    "model": "core.availableinstanceresource",
    "pk": "editformpage",
    "fields": {
      "module_name": "default",
      "controller_name": "form",
      "description": "Edit one page of the form"
    }
  },
  {
    "model": "core.availableinstanceresource",
    "pk": "editformpages",
    "fields": {
      "module_name": "default",
      "controller_name": "form",
      "description": "Edit multiple page of the form"
    }
  },
  {
    "model": "core.availableinstanceresource",
    "pk": "editletter",
    "fields": {
      "module_name": "default",
      "controller_name": "letter",
      "description": "Edit letter"
    }
  },
  {
    "model": "core.availableinstanceresource",
    "pk": "editnotice",
    "fields": {
      "module_name": "default",
      "controller_name": "circulation",
      "description": "Edit the notice"
    }
  },
  {
    "model": "core.availableinstanceresource",
    "pk": "formerror",
    "fields": {
      "module_name": "default",
      "controller_name": "form",
      "description": "Page with error list of the form"
    }
  },
  {
    "model": "core.availableinstanceresource",
    "pk": "formpage",
    "fields": {
      "module_name": "default",
      "controller_name": "form",
      "description": "Read one page of the form"
    }
  },
  {
    "model": "core.availableinstanceresource",
    "pk": "formpages",
    "fields": {
      "module_name": "default",
      "controller_name": "form",
      "description": "Read multiple page of the form"
    }
  },
  {
    "model": "core.availableinstanceresource",
    "pk": "formwizard",
    "fields": {
      "module_name": "default",
      "controller_name": "form",
      "description": "Wizard for the creation of a form"
    }
  },
  {
    "model": "core.availableinstanceresource",
    "pk": "history",
    "fields": {
      "module_name": "history",
      "controller_name": "history",
      "description": "Show instance history"
    }
  },
  {
    "model": "core.availableinstanceresource",
    "pk": "integritydashboard",
    "fields": {
      "module_name": "integritydashboard",
      "controller_name": "integritydashboard",
      "description": "IntegrityDashboard module"
    }
  },
  {
    "model": "core.availableinstanceresource",
    "pk": "issue",
    "fields": {
      "module_name": "issue",
      "controller_name": "issue",
      "description": "Issue management"
    }
  },
  {
    "model": "core.availableinstanceresource",
    "pk": "letter",
    "fields": {
      "module_name": "default",
      "controller_name": "letter",
      "description": "Read letter"
    }
  },
  {
    "model": "core.availableinstanceresource",
    "pk": "newform",
    "fields": {
      "module_name": "default",
      "controller_name": "form",
      "description": "Create the form"
    }
  },
  {
    "model": "core.availableinstanceresource",
    "pk": "objection",
    "fields": {
      "module_name": "objection",
      "controller_name": "objection",
      "description": "Instance objections"
    }
  },
  {
    "model": "core.availableinstanceresource",
    "pk": "page",
    "fields": {
      "module_name": "default",
      "controller_name": "page",
      "description": "Page from template"
    }
  },
  {
    "model": "core.availableinstanceresource",
    "pk": "publication",
    "fields": {
      "module_name": "publication",
      "controller_name": "publish",
      "description": "Publish a document"
    }
  },
  {
    "model": "core.availableinstanceresource",
    "pk": "taskform",
    "fields": {
      "module_name": "taskform",
      "controller_name": "taskform",
      "description": "Render a Caluma form of a given task"
    }
  },
  {
    "model": "core.availableinstanceresource",
    "pk": "templatecenter",
    "fields": {
      "module_name": "docgen",
      "controller_name": "templatecenter",
      "description": "Center for generating all instance related documents (API)"
    }
  },
  {
    "model": "core.availableinstanceresource",
    "pk": "workflow",
    "fields": {
      "module_name": "workflow",
      "controller_name": "list",
      "description": "Show the workflow entries"
    }
  },
  {
    "model": "core.availableinstanceresource",
    "pk": "workitemlistinstance",
    "fields": {
      "module_name": "workitem",
      "controller_name": "workitemlistinstance",
      "description": "Display work items of the instance"
    }
  },
  {
    "model": "core.availableresource",
    "pk": "apilistactivation",
    "fields": {
      "module_name": "apilist",
      "controller_name": "apilist",
      "description": "Page with a list of activations received from an API backend"
    }
  },
  {
    "model": "core.availableresource",
    "pk": "apilistinstance",
    "fields": {
      "module_name": "apilist",
      "controller_name": "apilist",
      "description": "Page with a list of instances received from an API backend"
    }
  },
  {
    "model": "core.availableresource",
    "pk": "businesscontrolcreate",
    "fields": {
      "module_name": "businesscontrol",
      "controller_name": "businesscontrol",
      "description": "Page to create business control form"
    }
  },
  {
    "model": "core.availableresource",
    "pk": "businesscontrollist",
    "fields": {
      "module_name": "businesscontrol",
      "controller_name": "businesscontrol",
      "description": "Page to list business control forms"
    }
  },
  {
    "model": "core.availableresource",
    "pk": "issuedashboard",
    "fields": {
      "module_name": "issue",
      "controller_name": "issuedashboard",
      "description": "Dashboard for all owned issues"
    }
  },
  {
    "model": "core.availableresource",
    "pk": "issuetemplates",
    "fields": {
      "module_name": "issue",
      "controller_name": "issuetemplates",
      "description": "Dashboard for template issues"
    }
  },
  {
    "model": "core.availableresource",
    "pk": "page",
    "fields": {
      "module_name": "default",
      "controller_name": "index",
      "description": "Display page from template"
    }
  },
  {
    "model": "core.availableresource",
    "pk": "templatemanager",
    "fields": {
      "module_name": "docgen",
      "controller_name": "templatemanager",
      "description": "Page for managing group specific templates"
    }
  },
  {
    "model": "core.availableresource",
    "pk": "textcomponentadmin",
    "fields": {
      "module_name": "textcomponentadmin",
      "controller_name": "textcomponentadmin",
      "description": "Page for managing text components"
    }
  },
  {
    "model": "core.availableresource",
    "pk": "useradmin",
    "fields": {
      "module_name": "useradmin",
      "controller_name": "user",
      "description": "Group settings"
    }
  },
  {
    "model": "core.availableresource",
    "pk": "workitemlistall",
    "fields": {
      "module_name": "workitem",
      "controller_name": "workitemlistall",
      "description": "Display work items"
    }
  },
  {
    "model": "core.bgroupacl",
    "pk": 1,
    "fields": {
      "button": 11,
      "group": 7,
      "instance_state": 5
    }
  },
  {
    "model": "core.bgroupacl",
    "pk": 2,
    "fields": {
      "button": 11,
      "group": 7,
      "instance_state": 7
    }
  },
  {
    "model": "core.bgroupacl",
    "pk": 5,
    "fields": {
      "button": 22,
      "group": 7,
      "instance_state": 5
    }
  },
  {
    "model": "core.bgroupacl",
    "pk": 6,
    "fields": {
      "button": 22,
      "group": 7,
      "instance_state": 7
    }
  },
  {
    "model": "core.bgroupacl",
    "pk": 7,
    "fields": {
      "button": 28,
      "group": 7,
      "instance_state": 5
    }
  },
  {
    "model": "core.bgroupacl",
    "pk": 8,
    "fields": {
      "button": 28,
      "group": 7,
      "instance_state": 7
    }
  },
  {
    "model": "core.broleacl",
    "pk": 1,
    "fields": {
      "button": 1,
      "role": 3,
      "instance_state": 2
    }
  },
  {
    "model": "core.broleacl",
    "pk": 3,
    "fields": {
      "button": 3,
      "role": 3,
      "instance_state": 2
    }
  },
  {
    "model": "core.broleacl",
    "pk": 4,
    "fields": {
      "button": 4,
      "role": 5,
      "instance_state": 5
    }
  },
  {
    "model": "core.broleacl",
    "pk": 5,
    "fields": {
      "button": 4,
      "role": 5,
      "instance_state": 7
    }
  },
  {
    "model": "core.broleacl",
    "pk": 6,
    "fields": {
      "button": 5,
      "role": 5,
      "instance_state": 5
    }
  },
  {
    "model": "core.broleacl",
    "pk": 7,
    "fields": {
      "button": 5,
      "role": 5,
      "instance_state": 7
    }
  },
  {
    "model": "core.broleacl",
    "pk": 12,
    "fields": {
      "button": 8,
      "role": 3,
      "instance_state": 3
    }
  },
  {
    "model": "core.broleacl",
    "pk": 13,
    "fields": {
      "button": 8,
      "role": 3,
      "instance_state": 5
    }
  },
  {
    "model": "core.broleacl",
    "pk": 14,
    "fields": {
      "button": 8,
      "role": 3,
      "instance_state": 7
    }
  },
  {
    "model": "core.broleacl",
    "pk": 15,
    "fields": {
      "button": 9,
      "role": 3,
      "instance_state": 3
    }
  },
  {
    "model": "core.broleacl",
    "pk": 16,
    "fields": {
      "button": 10,
      "role": 3,
      "instance_state": 5
    }
  },
  {
    "model": "core.broleacl",
    "pk": 17,
    "fields": {
      "button": 10,
      "role": 3,
      "instance_state": 7
    }
  },
  {
    "model": "core.broleacl",
    "pk": 26,
    "fields": {
      "button": 18,
      "role": 3,
      "instance_state": 5
    }
  },
  {
    "model": "core.broleacl",
    "pk": 28,
    "fields": {
      "button": 19,
      "role": 3,
      "instance_state": 6
    }
  },
  {
    "model": "core.broleacl",
    "pk": 34,
    "fields": {
      "button": 21,
      "role": 3,
      "instance_state": 8
    }
  },
  {
    "model": "core.broleacl",
    "pk": 35,
    "fields": {
      "button": 21,
      "role": 3,
      "instance_state": 9
    }
  },
  {
    "model": "core.broleacl",
    "pk": 36,
    "fields": {
      "button": 23,
      "role": 3,
      "instance_state": 5
    }
  },
  {
    "model": "core.broleacl",
    "pk": 37,
    "fields": {
      "button": 4,
      "role": 7,
      "instance_state": 5
    }
  },
  {
    "model": "core.broleacl",
    "pk": 38,
    "fields": {
      "button": 4,
      "role": 7,
      "instance_state": 7
    }
  },
  {
    "model": "core.broleacl",
    "pk": 39,
    "fields": {
      "button": 24,
      "role": 7,
      "instance_state": 5
    }
  },
  {
    "model": "core.broleacl",
    "pk": 40,
    "fields": {
      "button": 24,
      "role": 7,
      "instance_state": 7
    }
  },
  {
    "model": "core.broleacl",
    "pk": 41,
    "fields": {
      "button": 24,
      "role": 5,
      "instance_state": 5
    }
  },
  {
    "model": "core.broleacl",
    "pk": 42,
    "fields": {
      "button": 24,
      "role": 5,
      "instance_state": 7
    }
  },
  {
    "model": "core.broleacl",
    "pk": 43,
    "fields": {
      "button": 25,
      "role": 5,
      "instance_state": 5
    }
  },
  {
    "model": "core.broleacl",
    "pk": 44,
    "fields": {
      "button": 25,
      "role": 5,
      "instance_state": 7
    }
  },
  {
    "model": "core.broleacl",
    "pk": 45,
    "fields": {
      "button": 34,
      "role": 3,
      "instance_state": 3
    }
  },
  {
    "model": "core.broleacl",
    "pk": 46,
    "fields": {
      "button": 34,
      "role": 3,
      "instance_state": 5
    }
  },
  {
    "model": "core.broleacl",
    "pk": 47,
    "fields": {
      "button": 33,
      "role": 3,
      "instance_state": 5
    }
  },
  {
    "model": "core.broleacl",
    "pk": 48,
    "fields": {
      "button": 33,
      "role": 3,
      "instance_state": 7
    }
  },
  {
    "model": "core.broleacl",
    "pk": 49,
    "fields": {
      "button": 37,
      "role": 3,
      "instance_state": 6
    }
  },
  {
    "model": "core.broleacl",
    "pk": 50,
    "fields": {
      "button": 33,
      "role": 3,
      "instance_state": 3
    }
  },
  {
    "model": "core.broleacl",
    "pk": 55,
    "fields": {
      "button": 38,
      "role": 3,
      "instance_state": 3
    }
  },
  {
    "model": "core.broleacl",
    "pk": 56,
    "fields": {
      "button": 38,
      "role": 3,
      "instance_state": 5
    }
  },
  {
    "model": "core.broleacl",
    "pk": 57,
    "fields": {
      "button": 38,
      "role": 3,
      "instance_state": 6
    }
  },
  {
    "model": "core.broleacl",
    "pk": 58,
    "fields": {
      "button": 38,
      "role": 3,
      "instance_state": 7
    }
  },
  {
    "model": "core.broleacl",
    "pk": 59,
    "fields": {
      "button": 21,
      "role": 3,
      "instance_state": 12
    }
  },
  {
    "model": "core.broleacl",
    "pk": 60,
    "fields": {
      "button": 21,
      "role": 3,
      "instance_state": 13
    }
  },
  {
    "model": "core.broleacl",
    "pk": 61,
    "fields": {
      "button": 1,
      "role": 11,
      "instance_state": 2
    }
  },
  {
    "model": "core.broleacl",
    "pk": 62,
    "fields": {
      "button": 3,
      "role": 11,
      "instance_state": 2
    }
  },
  {
    "model": "core.broleacl",
    "pk": 63,
    "fields": {
      "button": 19,
      "role": 11,
      "instance_state": 6
    }
  },
  {
    "model": "core.broleacl",
    "pk": 64,
    "fields": {
      "button": 21,
      "role": 11,
      "instance_state": 13
    }
  },
  {
    "model": "core.broleacl",
    "pk": 65,
    "fields": {
      "button": 21,
      "role": 11,
      "instance_state": 8
    }
  },
  {
    "model": "core.broleacl",
    "pk": 66,
    "fields": {
      "button": 21,
      "role": 11,
      "instance_state": 9
    }
  },
  {
    "model": "core.broleacl",
    "pk": 67,
    "fields": {
      "button": 21,
      "role": 11,
      "instance_state": 12
    }
  },
  {
    "model": "core.broleacl",
    "pk": 68,
    "fields": {
      "button": 38,
      "role": 11,
      "instance_state": 3
    }
  },
  {
    "model": "core.broleacl",
    "pk": 69,
    "fields": {
      "button": 38,
      "role": 11,
      "instance_state": 5
    }
  },
  {
    "model": "core.broleacl",
    "pk": 70,
    "fields": {
      "button": 38,
      "role": 11,
      "instance_state": 6
    }
  },
  {
    "model": "core.broleacl",
    "pk": 71,
    "fields": {
      "button": 38,
      "role": 11,
      "instance_state": 7
    }
  },
  {
    "model": "core.broleacl",
    "pk": 72,
    "fields": {
      "button": 39,
      "role": 11,
      "instance_state": 3
    }
  },
  {
    "model": "core.broleacl",
    "pk": 73,
    "fields": {
      "button": 39,
      "role": 11,
      "instance_state": 5
    }
  },
  {
    "model": "core.broleacl",
    "pk": 74,
    "fields": {
      "button": 39,
      "role": 11,
      "instance_state": 7
    }
  },
  {
    "model": "core.broleacl",
    "pk": 75,
    "fields": {
      "button": 40,
      "role": 11,
      "instance_state": 3
    }
  },
  {
    "model": "core.broleacl",
    "pk": 76,
    "fields": {
      "button": 40,
      "role": 11,
      "instance_state": 5
    }
  },
  {
    "model": "core.broleacl",
    "pk": 77,
    "fields": {
      "button": 40,
      "role": 11,
      "instance_state": 7
    }
  },
  {
    "model": "core.broleacl",
    "pk": 78,
    "fields": {
      "button": 41,
      "role": 11,
      "instance_state": 3
    }
  },
  {
    "model": "core.broleacl",
    "pk": 79,
    "fields": {
      "button": 42,
      "role": 11,
      "instance_state": 5
    }
  },
  {
    "model": "core.broleacl",
    "pk": 80,
    "fields": {
      "button": 42,
      "role": 11,
      "instance_state": 7
    }
  },
  {
    "model": "core.broleacl",
    "pk": 81,
    "fields": {
      "button": 43,
      "role": 11,
      "instance_state": 5
    }
  },
  {
    "model": "core.broleacl",
    "pk": 82,
    "fields": {
      "button": 44,
      "role": 11,
      "instance_state": 5
    }
  },
  {
    "model": "core.broleacl",
    "pk": 83,
    "fields": {
      "button": 45,
      "role": 11,
      "instance_state": 3
    }
  },
  {
    "model": "core.broleacl",
    "pk": 84,
    "fields": {
      "button": 45,
      "role": 11,
      "instance_state": 5
    }
  },
  {
    "model": "core.broleacl",
    "pk": 85,
    "fields": {
      "button": 46,
      "role": 11,
      "instance_state": 6
    }
  },
  {
    "model": "core.billingconfig",
    "pk": 1,
    "fields": {
      "name": "hourly_rate",
      "value": "100"
    }
  },
  {
    "model": "core.buildingauthoritysection",
    "pk": 1,
    "fields": {
      "name": "Ordentliches Verfahren"
    }
  },
  {
    "model": "core.buildingauthoritysection",
    "pk": 2,
    "fields": {
      "name": "Rechtsmittelverfahren"
    }
  },
  {
    "model": "core.buildingauthoritysection",
    "pk": 3,
    "fields": {
      "name": "Realisierungsphase"
    }
  },
  {
    "model": "core.buildingauthoritysection",
    "pk": 4,
    "fields": {
      "name": "Meldungen / Dokumente"
    }
  },
  {
    "model": "core.button",
    "pk": 1,
    "fields": {
      "instance_resource": 33,
      "name": "Dossier annehmen",
      "description": null,
      "class_field": null,
      "hidden": 0,
      "sort": 0
    }
  },
  {
    "model": "core.button",
    "pk": 3,
    "fields": {
      "instance_resource": 33,
      "name": "R\u00fcckweisung",
      "description": null,
      "class_field": null,
      "hidden": 0,
      "sort": 1
    }
  },
  {
    "model": "core.button",
    "pk": 4,
    "fields": {
      "instance_resource": 14,
      "name": "Speichern",
      "description": null,
      "class_field": "save",
      "hidden": 0,
      "sort": 0
    }
  },
  {
    "model": "core.button",
    "pk": 5,
    "fields": {
      "instance_resource": 14,
      "name": "Fachbericht abschliessen",
      "description": null,
      "class_field": "done",
      "hidden": 0,
      "sort": 3
    }
  },
  {
    "model": "core.button",
    "pk": 8,
    "fields": {
      "instance_resource": 7,
      "name": "Speichern",
      "description": null,
      "class_field": "save",
      "hidden": 0,
      "sort": 0
    }
  },
  {
    "model": "core.button",
    "pk": 9,
    "fields": {
      "instance_resource": 7,
      "name": "Zirkulation starten",
      "description": null,
      "class_field": "circ_start",
      "hidden": 0,
      "sort": 2
    }
  },
  {
    "model": "core.button",
    "pk": 10,
    "fields": {
      "instance_resource": 7,
      "name": "Zu aktueller Zirkulation hinzuf\u00fcgen",
      "description": null,
      "class_field": "add_to_circ",
      "hidden": 0,
      "sort": 3
    }
  },
  {
    "model": "core.button",
    "pk": 11,
    "fields": {
      "instance_resource": 18,
      "name": "Speichern",
      "description": null,
      "class_field": "save",
      "hidden": 0,
      "sort": 0
    }
  },
  {
    "model": "core.button",
    "pk": 18,
    "fields": {
      "instance_resource": 7,
      "name": "Zirkulation abschliessen",
      "description": null,
      "class_field": "circ_end",
      "hidden": 0,
      "sort": 4
    }
  },
  {
    "model": "core.button",
    "pk": 19,
    "fields": {
      "instance_resource": 33,
      "name": "Bewilligung erteilen",
      "description": null,
      "class_field": null,
      "hidden": 0,
      "sort": 2
    }
  },
  {
    "model": "core.button",
    "pk": 21,
    "fields": {
      "instance_resource": 33,
      "name": "Archivieren",
      "description": null,
      "class_field": null,
      "hidden": 0,
      "sort": 3
    }
  },
  {
    "model": "core.button",
    "pk": 22,
    "fields": {
      "instance_resource": 18,
      "name": "Zirkulation abschliessen",
      "description": null,
      "class_field": "circ_end",
      "hidden": 0,
      "sort": 3
    }
  },
  {
    "model": "core.button",
    "pk": 23,
    "fields": {
      "instance_resource": 7,
      "name": "Nachforderung an Gesuchsteller",
      "description": null,
      "class_field": null,
      "hidden": 0,
      "sort": 5
    }
  },
  {
    "model": "core.button",
    "pk": 24,
    "fields": {
      "instance_resource": 14,
      "name": "Fachbericht erfasst",
      "description": null,
      "class_field": "review",
      "hidden": 0,
      "sort": 1
    }
  },
  {
    "model": "core.button",
    "pk": 25,
    "fields": {
      "instance_resource": 14,
      "name": "Fachbericht anpassen",
      "description": null,
      "class_field": "edit",
      "hidden": 0,
      "sort": 2
    }
  },
  {
    "model": "core.button",
    "pk": 28,
    "fields": {
      "instance_resource": 18,
      "name": "Zu aktueller Zirkulation hinzuf\u00fcgen",
      "description": null,
      "class_field": "add_to_circ",
      "hidden": 0,
      "sort": 2
    }
  },
  {
    "model": "core.button",
    "pk": 29,
    "fields": {
      "instance_resource": 39,
      "name": "Speichern",
      "description": null,
      "class_field": "save",
      "hidden": 0,
      "sort": 0
    }
  },
  {
    "model": "core.button",
    "pk": 31,
    "fields": {
      "instance_resource": 39,
      "name": "Zu aktueller Zirkulation hinzuf\u00fcgen",
      "description": null,
      "class_field": "add_to_circ",
      "hidden": 0,
      "sort": 2
    }
  },
  {
    "model": "core.button",
    "pk": 32,
    "fields": {
      "instance_resource": 39,
      "name": "Zirkulation abschliessen",
      "description": null,
      "class_field": "circ_end",
      "hidden": 0,
      "sort": 3
    }
  },
  {
    "model": "core.button",
    "pk": 33,
    "fields": {
      "instance_resource": 7,
      "name": "Neue Zirkulation erstellen",
      "description": null,
      "class_field": "create_new_circ",
      "hidden": 0,
      "sort": 1
    }
  },
  {
    "model": "core.button",
    "pk": 34,
    "fields": {
      "instance_resource": 7,
      "name": "Entscheid starten",
      "description": null,
      "class_field": "decision_start",
      "hidden": 0,
      "sort": 6
    }
  },
  {
    "model": "core.button",
    "pk": 35,
    "fields": {
      "instance_resource": 18,
      "name": "Neue Zirkulation erstellen",
      "description": null,
      "class_field": "create_new_circ",
      "hidden": 0,
      "sort": 1
    }
  },
  {
    "model": "core.button",
    "pk": 36,
    "fields": {
      "instance_resource": 39,
      "name": "Neue Zirkulation erstellen",
      "description": null,
      "class_field": "create_new_circ",
      "hidden": 0,
      "sort": 1
    }
  },
  {
    "model": "core.button",
    "pk": 37,
    "fields": {
      "instance_resource": 7,
      "name": "Zur\u00fcck in Zirkulation",
      "description": null,
      "class_field": null,
      "hidden": 0,
      "sort": 7
    }
  },
  {
    "model": "core.button",
    "pk": 38,
    "fields": {
      "instance_resource": 33,
      "name": "Abschreiben",
      "description": null,
      "class_field": "abschreiben",
      "hidden": 0,
      "sort": 4
    }
  },
  {
    "model": "core.button",
    "pk": 39,
    "fields": {
      "instance_resource": 47,
      "name": "Speichern",
      "description": null,
      "class_field": "save",
      "hidden": 0,
      "sort": 0
    }
  },
  {
    "model": "core.button",
    "pk": 40,
    "fields": {
      "instance_resource": 47,
      "name": "Neue Zirkulation erstellen",
      "description": null,
      "class_field": "create_new_circ",
      "hidden": 0,
      "sort": 1
    }
  },
  {
    "model": "core.button",
    "pk": 41,
    "fields": {
      "instance_resource": 47,
      "name": "Zirkulation starten",
      "description": null,
      "class_field": "circ_start",
      "hidden": 0,
      "sort": 2
    }
  },
  {
    "model": "core.button",
    "pk": 42,
    "fields": {
      "instance_resource": 47,
      "name": "Zu aktueller Zirkulation hinzuf\u00fcgen",
      "description": null,
      "class_field": "add_to_circ",
      "hidden": 0,
      "sort": 3
    }
  },
  {
    "model": "core.button",
    "pk": 43,
    "fields": {
      "instance_resource": 47,
      "name": "Zirkulation abschliessen",
      "description": null,
      "class_field": "circ_end",
      "hidden": 0,
      "sort": 4
    }
  },
  {
    "model": "core.button",
    "pk": 44,
    "fields": {
      "instance_resource": 47,
      "name": "Nachforderung an Gesuchsteller",
      "description": null,
      "class_field": null,
      "hidden": 0,
      "sort": 5
    }
  },
  {
    "model": "core.button",
    "pk": 45,
    "fields": {
      "instance_resource": 47,
      "name": "Entscheid starten",
      "description": null,
      "class_field": "decision_start",
      "hidden": 0,
      "sort": 6
    }
  },
  {
    "model": "core.button",
    "pk": 46,
    "fields": {
      "instance_resource": 47,
      "name": "Zur\u00fcck in Zirkulation",
      "description": null,
      "class_field": null,
      "hidden": 0,
      "sort": 7
    }
  },
  {
    "model": "core.chapter",
    "pk": 1,
    "fields": {
      "name": "Stellungnahme",
      "description": null,
      "javascript": null
    }
  },
  {
    "model": "core.chapterpage",
    "pk": 1,
    "fields": {
      "chapter": 1,
      "page": 2,
      "sort": 0
    }
  },
  {
    "model": "core.circulationanswer",
    "pk": 1,
    "fields": {
      "circulation_type": 1,
      "circulation_answer_type": 1,
      "name": "Fachbereich nicht betroffen / keine Bemerkungen",
      "sort": 1
    }
  },
  {
    "model": "core.circulationanswer",
    "pk": 2,
    "fields": {
      "circulation_type": 1,
      "circulation_answer_type": 1,
      "name": "Unterlagenerg\u00e4nzung",
      "sort": 2
    }
  },
  {
    "model": "core.circulationanswer",
    "pk": 3,
    "fields": {
      "circulation_type": 1,
      "circulation_answer_type": 1,
      "name": "Rechtliches Geh\u00f6r",
      "sort": 3
    }
  },
  {
    "model": "core.circulationanswer",
    "pk": 4,
    "fields": {
      "circulation_type": 1,
      "circulation_answer_type": 1,
      "name": "Unterlagenerg\u00e4nzung & Rechtliches Geh\u00f6r",
      "sort": 4
    }
  },
  {
    "model": "core.circulationanswer",
    "pk": 9,
    "fields": {
      "circulation_type": 1,
      "circulation_answer_type": 1,
      "name": "Abschliessend beurteilbar",
      "sort": 5
    }
  },
  {
    "model": "core.circulationanswer",
    "pk": 10,
    "fields": {
      "circulation_type": 1,
      "circulation_answer_type": 1,
      "name": "Widerspruch",
      "sort": 6
    }
  },
  {
    "model": "core.circulationanswer",
    "pk": 11,
    "fields": {
      "circulation_type": 1,
      "circulation_answer_type": 1,
      "name": "Augenschein",
      "sort": 7
    }
  },
  {
    "model": "core.circulationanswer",
    "pk": 12,
    "fields": {
      "circulation_type": 1,
      "circulation_answer_type": 1,
      "name": "Weitere Abkl\u00e4rungen",
      "sort": 0
    }
  },
  {
    "model": "core.circulationanswertype",
    "pk": 1,
    "fields": {
      "name": "Kurzantwort"
    }
  },
  {
    "model": "core.circulationstate",
    "pk": 1,
    "fields": {
      "name": "RUN",
      "sort": 0
    }
  },
  {
    "model": "core.circulationstate",
    "pk": 2,
    "fields": {
      "name": "OK",
      "sort": 1
    }
  },
  {
    "model": "core.circulationstate",
    "pk": 3,
    "fields": {
      "name": "IDLE",
      "sort": 2
    }
  },
  {
    "model": "core.circulationstate",
    "pk": 4,
    "fields": {
      "name": "NFD",
      "sort": 3
    }
  },
  {
    "model": "core.circulationstate",
    "pk": 5,
    "fields": {
      "name": "DONE",
      "sort": 5
    }
  },
  {
    "model": "core.circulationstate",
    "pk": 6,
    "fields": {
      "name": "REVIEW",
      "sort": 4
    }
  },
  {
    "model": "core.circulationtype",
    "pk": 1,
    "fields": {
      "name": "Zirkulation",
      "page_id": 2,
      "parent_specific_activations": 0
    }
  },
  {
    "model": "core.formgroup",
    "pk": 1,
    "fields": {
      "name": "Alle Dossiers",
      "description": null
    }
  },
  {
    "model": "core.formgroupform",
    "pk": 1,
    "fields": {
      "form_group": 1,
      "form": 10
    }
  },
  {
    "model": "core.formgroupform",
    "pk": 2,
    "fields": {
      "form_group": 1,
      "form": 1
    }
  },
  {
    "model": "core.formgroupform",
    "pk": 3,
    "fields": {
      "form_group": 1,
      "form": 5
    }
  },
  {
    "model": "core.formgroupform",
    "pk": 4,
    "fields": {
      "form_group": 1,
      "form": 7
    }
  },
  {
    "model": "core.formgroupform",
    "pk": 5,
    "fields": {
      "form_group": 1,
      "form": 8
    }
  },
  {
    "model": "core.formgroupform",
    "pk": 6,
    "fields": {
      "form_group": 1,
      "form": 2
    }
  },
  {
    "model": "core.formgroupform",
    "pk": 7,
    "fields": {
      "form_group": 1,
      "form": 9
    }
  },
  {
    "model": "core.formgroupform",
    "pk": 8,
    "fields": {
      "form_group": 1,
      "form": 6
    }
  },
  {
    "model": "core.formgroupform",
    "pk": 9,
    "fields": {
      "form_group": 1,
      "form": 4
    }
  },
  {
    "model": "core.formgroupform",
    "pk": 10,
    "fields": {
      "form_group": 1,
      "form": 3
    }
  },
  {
    "model": "core.formgroupform",
    "pk": 11,
    "fields": {
      "form_group": 1,
      "form": 11
    }
  },
  {
    "model": "core.formgroupform",
    "pk": 12,
    "fields": {
      "form_group": 1,
      "form": 17
    }
  },
  {
    "model": "core.formgroupform",
    "pk": 13,
    "fields": {
      "form_group": 1,
      "form": 13
    }
  },
  {
    "model": "core.formgroupform",
    "pk": 14,
    "fields": {
      "form_group": 1,
      "form": 14
    }
  },
  {
    "model": "core.formgroupform",
    "pk": 15,
    "fields": {
      "form_group": 1,
      "form": 15
    }
  },
  {
    "model": "core.formgroupform",
    "pk": 16,
    "fields": {
      "form_group": 1,
      "form": 16
    }
  },
  {
    "model": "core.formgroupform",
    "pk": 17,
    "fields": {
      "form_group": 1,
      "form": 12
    }
  },
  {
    "model": "core.formgroupform",
    "pk": 18,
    "fields": {
      "form_group": 1,
      "form": 18
    }
  },
  {
    "model": "core.formgroupform",
    "pk": 19,
    "fields": {
      "form_group": 1,
      "form": 19
    }
  },
  {
    "model": "core.formgroupform",
    "pk": 20,
    "fields": {
      "form_group": 1,
      "form": 20
    }
  },
  {
    "model": "core.formgroupform",
    "pk": 21,
    "fields": {
      "form_group": 1,
      "form": 21
    }
  },
  {
    "model": "core.formgroupform",
    "pk": 22,
    "fields": {
      "form_group": 1,
      "form": 22
    }
  },
  {
    "model": "core.formgroupform",
    "pk": 23,
    "fields": {
      "form_group": 1,
      "form": 23
    }
  },
  {
    "model": "core.formgroupform",
    "pk": 24,
    "fields": {
      "form_group": 1,
      "form": 24
    }
  },
  {
    "model": "core.formgroupform",
    "pk": 25,
    "fields": {
      "form_group": 1,
      "form": 25
    }
  },
  {
    "model": "core.formgroupform",
    "pk": 26,
    "fields": {
      "form_group": 1,
      "form": 26
    }
  },
  {
    "model": "core.formgroupform",
    "pk": 27,
    "fields": {
      "form_group": 1,
      "form": 27
    }
  },
  {
    "model": "core.formgroupform",
    "pk": 28,
    "fields": {
      "form_group": 1,
      "form": 28
    }
  },
  {
    "model": "core.grouppermission",
    "pk": 1,
    "fields": {
      "group": 1,
      "permission_id": "menu_account"
    }
  },
  {
    "model": "core.grouppermission",
    "pk": 2,
    "fields": {
      "group": 1,
      "permission_id": "account_user"
    }
  },
  {
    "model": "core.grouppermission",
    "pk": 3,
    "fields": {
      "group": 1,
      "permission_id": "account_group"
    }
  },
  {
    "model": "core.grouppermission",
    "pk": 4,
    "fields": {
      "group": 1,
      "permission_id": "account_role"
    }
  },
  {
    "model": "core.grouppermission",
    "pk": 5,
    "fields": {
      "group": 1,
      "permission_id": "account_service-group"
    }
  },
  {
    "model": "core.grouppermission",
    "pk": 6,
    "fields": {
      "group": 1,
      "permission_id": "account_service"
    }
  },
  {
    "model": "core.grouppermission",
    "pk": 7,
    "fields": {
      "group": 1,
      "permission_id": "menu_form"
    }
  },
  {
    "model": "core.grouppermission",
    "pk": 8,
    "fields": {
      "group": 1,
      "permission_id": "form_form"
    }
  },
  {
    "model": "core.grouppermission",
    "pk": 9,
    "fields": {
      "group": 1,
      "permission_id": "form_page"
    }
  },
  {
    "model": "core.grouppermission",
    "pk": 10,
    "fields": {
      "group": 1,
      "permission_id": "form_chapter"
    }
  },
  {
    "model": "core.grouppermission",
    "pk": 11,
    "fields": {
      "group": 1,
      "permission_id": "form_question"
    }
  },
  {
    "model": "core.grouppermission",
    "pk": 12,
    "fields": {
      "group": 1,
      "permission_id": "form_form-group"
    }
  },
  {
    "model": "core.grouppermission",
    "pk": 13,
    "fields": {
      "group": 1,
      "permission_id": "form_answer-query"
    }
  },
  {
    "model": "core.grouppermission",
    "pk": 14,
    "fields": {
      "group": 1,
      "permission_id": "form_answer-list"
    }
  },
  {
    "model": "core.grouppermission",
    "pk": 15,
    "fields": {
      "group": 1,
      "permission_id": "form_service-answer-activation"
    }
  },
  {
    "model": "core.grouppermission",
    "pk": 16,
    "fields": {
      "group": 1,
      "permission_id": "form_page-answer-activation"
    }
  },
  {
    "model": "core.grouppermission",
    "pk": 17,
    "fields": {
      "group": 1,
      "permission_id": "form_mapping"
    }
  },
  {
    "model": "core.grouppermission",
    "pk": 18,
    "fields": {
      "group": 1,
      "permission_id": "form_page-form-group"
    }
  },
  {
    "model": "core.grouppermission",
    "pk": 19,
    "fields": {
      "group": 1,
      "permission_id": "menu_resource"
    }
  },
  {
    "model": "core.grouppermission",
    "pk": 20,
    "fields": {
      "group": 1,
      "permission_id": "resource_tree"
    }
  },
  {
    "model": "core.grouppermission",
    "pk": 21,
    "fields": {
      "group": 1,
      "permission_id": "resource_resource"
    }
  },
  {
    "model": "core.grouppermission",
    "pk": 22,
    "fields": {
      "group": 1,
      "permission_id": "resource_instance-resource"
    }
  },
  {
    "model": "core.grouppermission",
    "pk": 23,
    "fields": {
      "group": 1,
      "permission_id": "resource_button"
    }
  },
  {
    "model": "core.grouppermission",
    "pk": 24,
    "fields": {
      "group": 1,
      "permission_id": "resource_action"
    }
  },
  {
    "model": "core.grouppermission",
    "pk": 25,
    "fields": {
      "group": 1,
      "permission_id": "resource_instance-state"
    }
  },
  {
    "model": "core.grouppermission",
    "pk": 26,
    "fields": {
      "group": 1,
      "permission_id": "resource_search-filter"
    }
  },
  {
    "model": "core.grouppermission",
    "pk": 27,
    "fields": {
      "group": 1,
      "permission_id": "resource_resource-loader"
    }
  },
  {
    "model": "core.grouppermission",
    "pk": 28,
    "fields": {
      "group": 1,
      "permission_id": "resource_instance-resource-loader"
    }
  },
  {
    "model": "core.grouppermission",
    "pk": 29,
    "fields": {
      "group": 1,
      "permission_id": "resource_action-loader"
    }
  },
  {
    "model": "core.grouppermission",
    "pk": 30,
    "fields": {
      "group": 1,
      "permission_id": "menu_circulation"
    }
  },
  {
    "model": "core.grouppermission",
    "pk": 31,
    "fields": {
      "group": 1,
      "permission_id": "circulation_type"
    }
  },
  {
    "model": "core.grouppermission",
    "pk": 32,
    "fields": {
      "group": 1,
      "permission_id": "circulation_state"
    }
  },
  {
    "model": "core.grouppermission",
    "pk": 33,
    "fields": {
      "group": 1,
      "permission_id": "circulation_answer-type"
    }
  },
  {
    "model": "core.grouppermission",
    "pk": 34,
    "fields": {
      "group": 1,
      "permission_id": "circulation_answer"
    }
  },
  {
    "model": "core.grouppermission",
    "pk": 35,
    "fields": {
      "group": 1,
      "permission_id": "circulation_reason"
    }
  },
  {
    "model": "core.grouppermission",
    "pk": 36,
    "fields": {
      "group": 1,
      "permission_id": "circulation_notice-type"
    }
  },
  {
    "model": "core.grouppermission",
    "pk": 37,
    "fields": {
      "group": 1,
      "permission_id": "menu_module"
    }
  },
  {
    "model": "core.grouppermission",
    "pk": 38,
    "fields": {
      "group": 1,
      "permission_id": "module_module"
    }
  },
  {
    "model": "core.grouppermission",
    "pk": 39,
    "fields": {
      "group": 1,
      "permission_id": "module_data-loader"
    }
  },
  {
    "model": "core.historyactionconfig",
    "pk": 137,
    "fields": {
      "title": null,
      "body": null,
      "history_type": "status-change"
    }
  },
  {
    "model": "core.historyactionconfig",
    "pk": 141,
    "fields": {
      "title": null,
      "body": null,
      "history_type": "status-change"
    }
  },
  {
    "model": "core.historyactionconfigt",
    "pk": 6,
    "fields": {
      "action": 137,
      "title": "Zirkulation gestartet",
      "body": null,
      "language": "de"
    }
  },
  {
    "model": "core.historyactionconfigt",
    "pk": 10,
    "fields": {
      "action": 141,
      "title": "Zirkulation gestartet",
      "body": null,
      "language": "de"
    }
  },
  {
    "model": "core.instanceresource",
    "pk": 1,
    "fields": {
      "available_instance_resource": "apidocuments",
      "resource": 1,
      "name": "Dokumente",
      "description": null,
      "template": null,
      "class_field": null,
      "hidden": 0,
      "sort": 2,
      "form_group": 1
    }
  },
  {
    "model": "core.instanceresource",
    "pk": 3,
    "fields": {
      "available_instance_resource": "editformpage",
      "resource": 1,
      "name": "Formular",
      "description": null,
      "template": "/ember/instance.phtml",
      "class_field": null,
      "hidden": 0,
      "sort": 1,
      "form_group": 1
    }
  },
  {
    "model": "core.instanceresource",
    "pk": 4,
    "fields": {
      "available_instance_resource": "publication",
      "resource": 1,
      "name": "Publikation",
      "description": null,
      "template": null,
      "class_field": null,
      "hidden": 0,
      "sort": 4,
      "form_group": 1
    }
  },
  {
    "model": "core.instanceresource",
    "pk": 5,
    "fields": {
      "available_instance_resource": "workflow",
      "resource": 1,
      "name": "Workflow",
      "description": null,
      "template": null,
      "class_field": null,
      "hidden": 0,
      "sort": 11,
      "form_group": 1
    }
  },
  {
    "model": "core.instanceresource",
    "pk": 7,
    "fields": {
      "available_instance_resource": "editcirculation",
      "resource": 1,
      "name": "Zirkulation",
      "description": "Zirkulation Gemeinde",
      "template": null,
      "class_field": null,
      "hidden": 0,
      "sort": 5,
      "form_group": 1
    }
  },
  {
    "model": "core.instanceresource",
    "pk": 8,
    "fields": {
      "available_instance_resource": "buildingauthority",
      "resource": 1,
      "name": "Bauverwaltung",
      "description": null,
      "template": null,
      "class_field": null,
      "hidden": 0,
      "sort": 12,
      "form_group": 1
    }
  },
  {
    "model": "core.instanceresource",
    "pk": 10,
    "fields": {
      "available_instance_resource": "circulation",
      "resource": 1,
      "name": "Stellungnahmen",
      "description": null,
      "template": null,
      "class_field": null,
      "hidden": 0,
      "sort": 8,
      "form_group": 1
    }
  },
  {
    "model": "core.instanceresource",
    "pk": 11,
    "fields": {
      "available_instance_resource": "editformpage",
      "resource": 6,
      "name": "Formular",
      "description": null,
      "template": "/ember/instance.phtml",
      "class_field": null,
      "hidden": 0,
      "sort": 1,
      "form_group": 1
    }
  },
  {
    "model": "core.instanceresource",
    "pk": 12,
    "fields": {
      "available_instance_resource": "apidocuments",
      "resource": 6,
      "name": "Dokumente",
      "description": null,
      "template": null,
      "class_field": null,
      "hidden": 0,
      "sort": 2,
      "form_group": 1
    }
  },
  {
    "model": "core.instanceresource",
    "pk": 14,
    "fields": {
      "available_instance_resource": "editnotice",
      "resource": 6,
      "name": "Eigener Fachbericht",
      "description": null,
      "template": null,
      "class_field": null,
      "hidden": 0,
      "sort": 8,
      "form_group": 1
    }
  },
  {
    "model": "core.instanceresource",
    "pk": 15,
    "fields": {
      "available_instance_resource": "editformpage",
      "resource": 7,
      "name": "Dossier",
      "description": null,
      "template": "/ember/instance.phtml",
      "class_field": null,
      "hidden": 0,
      "sort": 0,
      "form_group": 1
    }
  },
  {
    "model": "core.instanceresource",
    "pk": 16,
    "fields": {
      "available_instance_resource": "apidocuments",
      "resource": 7,
      "name": "Dokumente",
      "description": null,
      "template": null,
      "class_field": null,
      "hidden": 0,
      "sort": 1,
      "form_group": 1
    }
  },
  {
    "model": "core.instanceresource",
    "pk": 18,
    "fields": {
      "available_instance_resource": "editcirculation",
      "resource": 6,
      "name": "Zirkulation BGZ",
      "description": "Zirkulation des Kantons (BGZ)",
      "template": null,
      "class_field": null,
      "hidden": 0,
      "sort": 4,
      "form_group": 1
    }
  },
  {
    "model": "core.instanceresource",
    "pk": 20,
    "fields": {
      "available_instance_resource": "circulation",
      "resource": 6,
      "name": "Stellungnahmen",
      "description": "Stellungnahmen der Fachstellen Zirkulation",
      "template": null,
      "class_field": null,
      "hidden": 0,
      "sort": 7,
      "form_group": 1
    }
  },
  {
    "model": "core.instanceresource",
    "pk": 21,
    "fields": {
      "available_instance_resource": "page",
      "resource": 1,
      "name": "Verantwortliche Person",
      "description": null,
      "template": "/ember-camac-ng/responsible.phtml",
      "class_field": null,
      "hidden": 0,
      "sort": 7,
      "form_group": 1
    }
  },
  {
    "model": "core.instanceresource",
    "pk": 22,
    "fields": {
      "available_instance_resource": "page",
      "resource": 6,
      "name": "Verantwortliche Person",
      "description": null,
      "template": "/ember-camac-ng/responsible.phtml",
      "class_field": null,
      "hidden": 0,
      "sort": 6,
      "form_group": 1
    }
  },
  {
    "model": "core.instanceresource",
    "pk": 23,
    "fields": {
      "available_instance_resource": "templatecenter",
      "resource": 1,
      "name": "Dokumente generieren",
      "description": null,
      "template": null,
      "class_field": null,
      "hidden": 0,
      "sort": 13,
      "form_group": 1
    }
  },
  {
    "model": "core.instanceresource",
    "pk": 24,
    "fields": {
      "available_instance_resource": "templatecenter",
      "resource": 6,
      "name": "Dokumente generieren",
      "description": null,
      "template": null,
      "class_field": null,
      "hidden": 0,
      "sort": 10,
      "form_group": 1
    }
  },
  {
    "model": "core.instanceresource",
    "pk": 25,
    "fields": {
      "available_instance_resource": "objection",
      "resource": 1,
      "name": "Einsprecher",
      "description": null,
      "template": null,
      "class_field": null,
      "hidden": 0,
      "sort": 10,
      "form_group": 1
    }
  },
  {
    "model": "core.instanceresource",
    "pk": 26,
    "fields": {
      "available_instance_resource": "page",
      "resource": 1,
      "name": "Notizen",
      "description": null,
      "template": "/ember-camac-ng/journal.phtml",
      "class_field": null,
      "hidden": 0,
      "sort": 14,
      "form_group": 1
    }
  },
  {
    "model": "core.instanceresource",
    "pk": 27,
    "fields": {
      "available_instance_resource": "issue",
      "resource": 1,
      "name": "Pendenzen",
      "description": null,
      "template": null,
      "class_field": null,
      "hidden": 0,
      "sort": 16,
      "form_group": 1
    }
  },
  {
    "model": "core.instanceresource",
    "pk": 28,
    "fields": {
      "available_instance_resource": "apidocuments",
      "resource": 12,
      "name": "Dokumente",
      "description": null,
      "template": null,
      "class_field": null,
      "hidden": 0,
      "sort": 1,
      "form_group": 1
    }
  },
  {
    "model": "core.instanceresource",
    "pk": 29,
    "fields": {
      "available_instance_resource": "editformpage",
      "resource": 12,
      "name": "Formular",
      "description": null,
      "template": "/ember/instance.phtml",
      "class_field": null,
      "hidden": 0,
      "sort": 0,
      "form_group": 1
    }
  },
  {
    "model": "core.instanceresource",
    "pk": 30,
    "fields": {
      "available_instance_resource": "billing",
      "resource": 1,
      "name": "Geb\u00fchren",
      "description": "Geb\u00fchren der Gemeinde",
      "template": null,
      "class_field": null,
      "hidden": 0,
      "sort": 17,
      "form_group": 1
    }
  },
  {
    "model": "core.instanceresource",
    "pk": 31,
    "fields": {
      "available_instance_resource": "billing",
      "resource": 6,
      "name": "Geb\u00fchren",
      "description": "Geb\u00fchren der Fachstelle",
      "template": null,
      "class_field": null,
      "hidden": 0,
      "sort": 14,
      "form_group": 1
    }
  },
  {
    "model": "core.instanceresource",
    "pk": 33,
    "fields": {
      "available_instance_resource": "integritydashboard",
      "resource": 1,
      "name": "Vollst\u00e4ndigkeitspr\u00fcfung",
      "description": null,
      "template": null,
      "class_field": null,
      "hidden": 0,
      "sort": 3,
      "form_group": 1
    }
  },
  {
    "model": "core.instanceresource",
    "pk": 34,
    "fields": {
      "available_instance_resource": "editformpage",
      "resource": 15,
      "name": "Formular",
      "description": "Forumlar ansicht f\u00fcr Leserolle",
      "template": "/ember/instance.phtml",
      "class_field": null,
      "hidden": 0,
      "sort": 0,
      "form_group": 1
    }
  },
  {
    "model": "core.instanceresource",
    "pk": 35,
    "fields": {
      "available_instance_resource": "apidocuments",
      "resource": 15,
      "name": "Dokumente",
      "description": "Dokumente f\u00fcr Leserolle",
      "template": null,
      "class_field": null,
      "hidden": 0,
      "sort": 1,
      "form_group": 1
    }
  },
  {
    "model": "core.instanceresource",
    "pk": 36,
    "fields": {
      "available_instance_resource": "integritydashboard",
      "resource": 15,
      "name": "Vollst\u00e4ndigkeitspr\u00fcfung",
      "description": "Vollst\u00e4ndigkeitspr\u00fcfung f\u00fcr Leserolle",
      "template": null,
      "class_field": null,
      "hidden": 0,
      "sort": 2,
      "form_group": 1
    }
  },
  {
    "model": "core.instanceresource",
    "pk": 37,
    "fields": {
      "available_instance_resource": "circulation",
      "resource": 15,
      "name": "Stellungnahmen",
      "description": "Stellungsnahmen f\u00fcr Leserolle",
      "template": null,
      "class_field": null,
      "hidden": 0,
      "sort": 3,
      "form_group": 1
    }
  },
  {
    "model": "core.instanceresource",
    "pk": 39,
    "fields": {
      "available_instance_resource": "editcirculation",
      "resource": 6,
      "name": "Zirkulation",
      "description": "Zirkulation der Fachstellen f\u00fcr die Unterfachstellen",
      "template": null,
      "class_field": null,
      "hidden": 0,
      "sort": 5,
      "form_group": 1
    }
  },
  {
    "model": "core.instanceresource",
    "pk": 40,
    "fields": {
      "available_instance_resource": "integritydashboard",
      "resource": 6,
      "name": "Vollst\u00e4ndigkeitspr\u00fcfung",
      "description": null,
      "template": null,
      "class_field": null,
      "hidden": 0,
      "sort": 3,
      "form_group": 1
    }
  },
  {
    "model": "core.instanceresource",
    "pk": 41,
    "fields": {
      "available_instance_resource": "page",
      "resource": 6,
      "name": "Notizen",
      "description": null,
      "template": "/ember-camac-ng/journal.phtml",
      "class_field": null,
      "hidden": 0,
      "sort": 11,
      "form_group": 1
    }
  },
  {
    "model": "core.instanceresource",
    "pk": 42,
    "fields": {
      "available_instance_resource": "issue",
      "resource": 6,
      "name": "Pendenzen",
      "description": null,
      "template": null,
      "class_field": null,
      "hidden": 0,
      "sort": 13,
      "form_group": 1
    }
  },
  {
    "model": "core.instanceresource",
    "pk": 43,
    "fields": {
      "available_instance_resource": "objection",
      "resource": 6,
      "name": "Einsprecher",
      "description": null,
      "template": null,
      "class_field": null,
      "hidden": 0,
      "sort": 9,
      "form_group": 1
    }
  },
  {
    "model": "core.instanceresource",
    "pk": 46,
    "fields": {
      "available_instance_resource": "editformpage",
      "resource": 22,
      "name": "Formular",
      "description": "Formular der Gesch\u00e4ftskontrollen",
      "template": "/ember/instance.phtml",
      "class_field": null,
      "hidden": 0,
      "sort": 0,
      "form_group": 1
    }
  },
  {
    "model": "core.instanceresource",
    "pk": 47,
    "fields": {
      "available_instance_resource": "editcirculation",
      "resource": 1,
      "name": "Zirkulation",
      "description": "Zirkulation einer Fachstelle als Leitbeh\u00f6rde",
      "template": null,
      "class_field": null,
      "hidden": 0,
      "sort": 6,
      "form_group": 1
    }
  },
  {
    "model": "core.instanceresource",
    "pk": 48,
    "fields": {
      "available_instance_resource": "history",
      "resource": 1,
      "name": "Verlauf",
      "description": null,
      "template": null,
      "class_field": null,
      "hidden": 0,
      "sort": 15,
      "form_group": 1
    }
  },
  {
    "model": "core.instanceresource",
    "pk": 49,
    "fields": {
      "available_instance_resource": "workitemlistinstance",
      "resource": 1,
      "name": "Aufgaben",
      "description": null,
      "template": null,
      "class_field": null,
      "hidden": 0,
      "sort": 0,
      "form_group": 1
    }
  },
  {
    "model": "core.instanceresource",
    "pk": 50,
    "fields": {
      "available_instance_resource": "workitemlistinstance",
      "resource": 6,
      "name": "Aufgaben",
      "description": null,
      "template": null,
      "class_field": null,
      "hidden": 0,
      "sort": 0,
      "form_group": 1
    }
  },
  {
    "model": "core.instanceresource",
    "pk": 51,
    "fields": {
      "available_instance_resource": "history",
      "resource": 6,
      "name": "Verlauf",
      "description": null,
      "template": null,
      "class_field": null,
      "hidden": 0,
      "sort": 12,
      "form_group": 1
    }
  },
  {
    "model": "core.instanceresource",
    "pk": 52,
    "fields": {
      "available_instance_resource": "page",
      "resource": 1,
      "name": "GWR",
      "description": null,
      "template": "/ember-camac-ng/gwr.phtml",
      "class_field": null,
      "hidden": 1,
      "sort": 18,
      "form_group": 1
    }
  },
  {
    "model": "core.instanceresource",
    "pk": 53,
    "fields": {
      "available_instance_resource": "editnotice",
      "resource": 1,
      "name": "Eigener Fachbericht",
      "description": null,
      "template": null,
      "class_field": null,
      "hidden": 0,
      "sort": 9,
      "form_group": 1
    }
  },
  {
    "model": "core.instanceresourceaction",
    "pk": 1,
    "fields": {
      "available_instance_resource": "allformpages",
      "available_action": "checkquery"
    }
  },
  {
    "model": "core.instanceresourceaction",
    "pk": 2,
    "fields": {
      "available_instance_resource": "allformpages",
      "available_action": "copydata"
    }
  },
  {
    "model": "core.instanceresourceaction",
    "pk": 3,
    "fields": {
      "available_instance_resource": "allformpages",
      "available_action": "email"
    }
  },
  {
    "model": "core.instanceresourceaction",
    "pk": 4,
    "fields": {
      "available_instance_resource": "allformpages",
      "available_action": "formtransition"
    }
  },
  {
    "model": "core.instanceresourceaction",
    "pk": 5,
    "fields": {
      "available_instance_resource": "allformpages",
      "available_action": "location"
    }
  },
  {
    "model": "core.instanceresourceaction",
    "pk": 6,
    "fields": {
      "available_instance_resource": "allformpages",
      "available_action": "php"
    }
  },
  {
    "model": "core.instanceresourceaction",
    "pk": 7,
    "fields": {
      "available_instance_resource": "allformpages",
      "available_action": "proposal"
    }
  },
  {
    "model": "core.instanceresourceaction",
    "pk": 8,
    "fields": {
      "available_instance_resource": "allformpages",
      "available_action": "savepdf"
    }
  },
  {
    "model": "core.instanceresourceaction",
    "pk": 9,
    "fields": {
      "available_instance_resource": "allformpages",
      "available_action": "validate"
    }
  },
  {
    "model": "core.instanceresourceaction",
    "pk": 10,
    "fields": {
      "available_instance_resource": "allformpages",
      "available_action": "copyanswer"
    }
  },
  {
    "model": "core.instanceresourceaction",
    "pk": 11,
    "fields": {
      "available_instance_resource": "circulation",
      "available_action": "checkquery"
    }
  },
  {
    "model": "core.instanceresourceaction",
    "pk": 12,
    "fields": {
      "available_instance_resource": "circulation",
      "available_action": "email"
    }
  },
  {
    "model": "core.instanceresourceaction",
    "pk": 13,
    "fields": {
      "available_instance_resource": "circulation",
      "available_action": "formtransition"
    }
  },
  {
    "model": "core.instanceresourceaction",
    "pk": 14,
    "fields": {
      "available_instance_resource": "circulation",
      "available_action": "php"
    }
  },
  {
    "model": "core.instanceresourceaction",
    "pk": 15,
    "fields": {
      "available_instance_resource": "circulation",
      "available_action": "proposal"
    }
  },
  {
    "model": "core.instanceresourceaction",
    "pk": 16,
    "fields": {
      "available_instance_resource": "circulation",
      "available_action": "savepdf"
    }
  },
  {
    "model": "core.instanceresourceaction",
    "pk": 17,
    "fields": {
      "available_instance_resource": "circulation",
      "available_action": "validate"
    }
  },
  {
    "model": "core.instanceresourceaction",
    "pk": 18,
    "fields": {
      "available_instance_resource": "editcirculation",
      "available_action": "checkquery"
    }
  },
  {
    "model": "core.instanceresourceaction",
    "pk": 19,
    "fields": {
      "available_instance_resource": "editcirculation",
      "available_action": "email"
    }
  },
  {
    "model": "core.instanceresourceaction",
    "pk": 20,
    "fields": {
      "available_instance_resource": "editcirculation",
      "available_action": "formtransition"
    }
  },
  {
    "model": "core.instanceresourceaction",
    "pk": 21,
    "fields": {
      "available_instance_resource": "editcirculation",
      "available_action": "php"
    }
  },
  {
    "model": "core.instanceresourceaction",
    "pk": 22,
    "fields": {
      "available_instance_resource": "editcirculation",
      "available_action": "proposal"
    }
  },
  {
    "model": "core.instanceresourceaction",
    "pk": 23,
    "fields": {
      "available_instance_resource": "editcirculation",
      "available_action": "save"
    }
  },
  {
    "model": "core.instanceresourceaction",
    "pk": 24,
    "fields": {
      "available_instance_resource": "editcirculation",
      "available_action": "savepdf"
    }
  },
  {
    "model": "core.instanceresourceaction",
    "pk": 25,
    "fields": {
      "available_instance_resource": "editcirculation",
      "available_action": "validate"
    }
  },
  {
    "model": "core.instanceresourceaction",
    "pk": 26,
    "fields": {
      "available_instance_resource": "editcirculation",
      "available_action": "copyanswer"
    }
  },
  {
    "model": "core.instanceresourceaction",
    "pk": 27,
    "fields": {
      "available_instance_resource": "editformpage",
      "available_action": "checkquery"
    }
  },
  {
    "model": "core.instanceresourceaction",
    "pk": 28,
    "fields": {
      "available_instance_resource": "editformpage",
      "available_action": "copydata"
    }
  },
  {
    "model": "core.instanceresourceaction",
    "pk": 29,
    "fields": {
      "available_instance_resource": "editformpage",
      "available_action": "email"
    }
  },
  {
    "model": "core.instanceresourceaction",
    "pk": 30,
    "fields": {
      "available_instance_resource": "editformpage",
      "available_action": "formtransition"
    }
  },
  {
    "model": "core.instanceresourceaction",
    "pk": 31,
    "fields": {
      "available_instance_resource": "editformpage",
      "available_action": "location"
    }
  },
  {
    "model": "core.instanceresourceaction",
    "pk": 32,
    "fields": {
      "available_instance_resource": "editformpage",
      "available_action": "php"
    }
  },
  {
    "model": "core.instanceresourceaction",
    "pk": 33,
    "fields": {
      "available_instance_resource": "editformpage",
      "available_action": "proposal"
    }
  },
  {
    "model": "core.instanceresourceaction",
    "pk": 34,
    "fields": {
      "available_instance_resource": "editformpage",
      "available_action": "save"
    }
  },
  {
    "model": "core.instanceresourceaction",
    "pk": 35,
    "fields": {
      "available_instance_resource": "editformpage",
      "available_action": "savepdf"
    }
  },
  {
    "model": "core.instanceresourceaction",
    "pk": 36,
    "fields": {
      "available_instance_resource": "editformpage",
      "available_action": "validate"
    }
  },
  {
    "model": "core.instanceresourceaction",
    "pk": 37,
    "fields": {
      "available_instance_resource": "editformpage",
      "available_action": "copyanswer"
    }
  },
  {
    "model": "core.instanceresourceaction",
    "pk": 38,
    "fields": {
      "available_instance_resource": "editformpages",
      "available_action": "checkquery"
    }
  },
  {
    "model": "core.instanceresourceaction",
    "pk": 39,
    "fields": {
      "available_instance_resource": "editformpages",
      "available_action": "copydata"
    }
  },
  {
    "model": "core.instanceresourceaction",
    "pk": 40,
    "fields": {
      "available_instance_resource": "editformpages",
      "available_action": "email"
    }
  },
  {
    "model": "core.instanceresourceaction",
    "pk": 41,
    "fields": {
      "available_instance_resource": "editformpages",
      "available_action": "formtransition"
    }
  },
  {
    "model": "core.instanceresourceaction",
    "pk": 42,
    "fields": {
      "available_instance_resource": "editformpages",
      "available_action": "location"
    }
  },
  {
    "model": "core.instanceresourceaction",
    "pk": 43,
    "fields": {
      "available_instance_resource": "editformpages",
      "available_action": "php"
    }
  },
  {
    "model": "core.instanceresourceaction",
    "pk": 44,
    "fields": {
      "available_instance_resource": "editformpages",
      "available_action": "proposal"
    }
  },
  {
    "model": "core.instanceresourceaction",
    "pk": 45,
    "fields": {
      "available_instance_resource": "editformpages",
      "available_action": "save"
    }
  },
  {
    "model": "core.instanceresourceaction",
    "pk": 46,
    "fields": {
      "available_instance_resource": "editformpages",
      "available_action": "savepdf"
    }
  },
  {
    "model": "core.instanceresourceaction",
    "pk": 47,
    "fields": {
      "available_instance_resource": "editformpages",
      "available_action": "validate"
    }
  },
  {
    "model": "core.instanceresourceaction",
    "pk": 100,
    "fields": {
      "available_instance_resource": "editformpages",
      "available_action": "copyanswer"
    }
  },
  {
    "model": "core.instanceresourceaction",
    "pk": 101,
    "fields": {
      "available_instance_resource": "editletter",
      "available_action": "checkquery"
    }
  },
  {
    "model": "core.instanceresourceaction",
    "pk": 102,
    "fields": {
      "available_instance_resource": "editletter",
      "available_action": "email"
    }
  },
  {
    "model": "core.instanceresourceaction",
    "pk": 103,
    "fields": {
      "available_instance_resource": "editletter",
      "available_action": "formtransition"
    }
  },
  {
    "model": "core.instanceresourceaction",
    "pk": 104,
    "fields": {
      "available_instance_resource": "editletter",
      "available_action": "php"
    }
  },
  {
    "model": "core.instanceresourceaction",
    "pk": 105,
    "fields": {
      "available_instance_resource": "editletter",
      "available_action": "save"
    }
  },
  {
    "model": "core.instanceresourceaction",
    "pk": 106,
    "fields": {
      "available_instance_resource": "editletter",
      "available_action": "savepdf"
    }
  },
  {
    "model": "core.instanceresourceaction",
    "pk": 107,
    "fields": {
      "available_instance_resource": "editletter",
      "available_action": "validate"
    }
  },
  {
    "model": "core.instanceresourceaction",
    "pk": 109,
    "fields": {
      "available_instance_resource": "editnotice",
      "available_action": "checkquery"
    }
  },
  {
    "model": "core.instanceresourceaction",
    "pk": 110,
    "fields": {
      "available_instance_resource": "editnotice",
      "available_action": "circulationtransition"
    }
  },
  {
    "model": "core.instanceresourceaction",
    "pk": 111,
    "fields": {
      "available_instance_resource": "editnotice",
      "available_action": "email"
    }
  },
  {
    "model": "core.instanceresourceaction",
    "pk": 112,
    "fields": {
      "available_instance_resource": "editnotice",
      "available_action": "formtransition"
    }
  },
  {
    "model": "core.instanceresourceaction",
    "pk": 113,
    "fields": {
      "available_instance_resource": "editnotice",
      "available_action": "notice"
    }
  },
  {
    "model": "core.instanceresourceaction",
    "pk": 114,
    "fields": {
      "available_instance_resource": "editnotice",
      "available_action": "php"
    }
  },
  {
    "model": "core.instanceresourceaction",
    "pk": 115,
    "fields": {
      "available_instance_resource": "editnotice",
      "available_action": "proposal"
    }
  },
  {
    "model": "core.instanceresourceaction",
    "pk": 116,
    "fields": {
      "available_instance_resource": "editnotice",
      "available_action": "save"
    }
  },
  {
    "model": "core.instanceresourceaction",
    "pk": 117,
    "fields": {
      "available_instance_resource": "editnotice",
      "available_action": "savepdf"
    }
  },
  {
    "model": "core.instanceresourceaction",
    "pk": 118,
    "fields": {
      "available_instance_resource": "editnotice",
      "available_action": "validate"
    }
  },
  {
    "model": "core.instanceresourceaction",
    "pk": 120,
    "fields": {
      "available_instance_resource": "formpage",
      "available_action": "checkquery"
    }
  },
  {
    "model": "core.instanceresourceaction",
    "pk": 121,
    "fields": {
      "available_instance_resource": "formpage",
      "available_action": "copydata"
    }
  },
  {
    "model": "core.instanceresourceaction",
    "pk": 122,
    "fields": {
      "available_instance_resource": "formpage",
      "available_action": "email"
    }
  },
  {
    "model": "core.instanceresourceaction",
    "pk": 123,
    "fields": {
      "available_instance_resource": "formpage",
      "available_action": "formtransition"
    }
  },
  {
    "model": "core.instanceresourceaction",
    "pk": 124,
    "fields": {
      "available_instance_resource": "formpage",
      "available_action": "location"
    }
  },
  {
    "model": "core.instanceresourceaction",
    "pk": 125,
    "fields": {
      "available_instance_resource": "formpage",
      "available_action": "php"
    }
  },
  {
    "model": "core.instanceresourceaction",
    "pk": 126,
    "fields": {
      "available_instance_resource": "formpage",
      "available_action": "proposal"
    }
  },
  {
    "model": "core.instanceresourceaction",
    "pk": 127,
    "fields": {
      "available_instance_resource": "formpage",
      "available_action": "savepdf"
    }
  },
  {
    "model": "core.instanceresourceaction",
    "pk": 128,
    "fields": {
      "available_instance_resource": "formpage",
      "available_action": "validate"
    }
  },
  {
    "model": "core.instanceresourceaction",
    "pk": 130,
    "fields": {
      "available_instance_resource": "formpage",
      "available_action": "copyanswer"
    }
  },
  {
    "model": "core.instanceresourceaction",
    "pk": 131,
    "fields": {
      "available_instance_resource": "formpages",
      "available_action": "checkquery"
    }
  },
  {
    "model": "core.instanceresourceaction",
    "pk": 132,
    "fields": {
      "available_instance_resource": "formpages",
      "available_action": "copydata"
    }
  },
  {
    "model": "core.instanceresourceaction",
    "pk": 133,
    "fields": {
      "available_instance_resource": "formpages",
      "available_action": "email"
    }
  },
  {
    "model": "core.instanceresourceaction",
    "pk": 134,
    "fields": {
      "available_instance_resource": "formpages",
      "available_action": "formtransition"
    }
  },
  {
    "model": "core.instanceresourceaction",
    "pk": 135,
    "fields": {
      "available_instance_resource": "formpages",
      "available_action": "location"
    }
  },
  {
    "model": "core.instanceresourceaction",
    "pk": 136,
    "fields": {
      "available_instance_resource": "formpages",
      "available_action": "php"
    }
  },
  {
    "model": "core.instanceresourceaction",
    "pk": 137,
    "fields": {
      "available_instance_resource": "formpages",
      "available_action": "proposal"
    }
  },
  {
    "model": "core.instanceresourceaction",
    "pk": 138,
    "fields": {
      "available_instance_resource": "formpages",
      "available_action": "savepdf"
    }
  },
  {
    "model": "core.instanceresourceaction",
    "pk": 139,
    "fields": {
      "available_instance_resource": "formpages",
      "available_action": "validate"
    }
  },
  {
    "model": "core.instanceresourceaction",
    "pk": 141,
    "fields": {
      "available_instance_resource": "formpages",
      "available_action": "copyanswer"
    }
  },
  {
    "model": "core.instanceresourceaction",
    "pk": 142,
    "fields": {
      "available_instance_resource": "formwizard",
      "available_action": "checkquery"
    }
  },
  {
    "model": "core.instanceresourceaction",
    "pk": 143,
    "fields": {
      "available_instance_resource": "formwizard",
      "available_action": "copydata"
    }
  },
  {
    "model": "core.instanceresourceaction",
    "pk": 144,
    "fields": {
      "available_instance_resource": "formwizard",
      "available_action": "email"
    }
  },
  {
    "model": "core.instanceresourceaction",
    "pk": 145,
    "fields": {
      "available_instance_resource": "formwizard",
      "available_action": "formtransition"
    }
  },
  {
    "model": "core.instanceresourceaction",
    "pk": 146,
    "fields": {
      "available_instance_resource": "formwizard",
      "available_action": "location"
    }
  },
  {
    "model": "core.instanceresourceaction",
    "pk": 147,
    "fields": {
      "available_instance_resource": "formwizard",
      "available_action": "php"
    }
  },
  {
    "model": "core.instanceresourceaction",
    "pk": 148,
    "fields": {
      "available_instance_resource": "formwizard",
      "available_action": "proposal"
    }
  },
  {
    "model": "core.instanceresourceaction",
    "pk": 150,
    "fields": {
      "available_instance_resource": "formwizard",
      "available_action": "copyanswer"
    }
  },
  {
    "model": "core.instanceresourceaction",
    "pk": 151,
    "fields": {
      "available_instance_resource": "formwizard",
      "available_action": "save"
    }
  },
  {
    "model": "core.instanceresourceaction",
    "pk": 158,
    "fields": {
      "available_instance_resource": "letter",
      "available_action": "checkquery"
    }
  },
  {
    "model": "core.instanceresourceaction",
    "pk": 159,
    "fields": {
      "available_instance_resource": "letter",
      "available_action": "email"
    }
  },
  {
    "model": "core.instanceresourceaction",
    "pk": 160,
    "fields": {
      "available_instance_resource": "letter",
      "available_action": "formtransition"
    }
  },
  {
    "model": "core.instanceresourceaction",
    "pk": 161,
    "fields": {
      "available_instance_resource": "letter",
      "available_action": "php"
    }
  },
  {
    "model": "core.instanceresourceaction",
    "pk": 162,
    "fields": {
      "available_instance_resource": "letter",
      "available_action": "savepdf"
    }
  },
  {
    "model": "core.instanceresourceaction",
    "pk": 163,
    "fields": {
      "available_instance_resource": "letter",
      "available_action": "validate"
    }
  },
  {
    "model": "core.instanceresourceaction",
    "pk": 165,
    "fields": {
      "available_instance_resource": "newform",
      "available_action": "checkquery"
    }
  },
  {
    "model": "core.instanceresourceaction",
    "pk": 166,
    "fields": {
      "available_instance_resource": "newform",
      "available_action": "copydata"
    }
  },
  {
    "model": "core.instanceresourceaction",
    "pk": 167,
    "fields": {
      "available_instance_resource": "newform",
      "available_action": "email"
    }
  },
  {
    "model": "core.instanceresourceaction",
    "pk": 168,
    "fields": {
      "available_instance_resource": "newform",
      "available_action": "location"
    }
  },
  {
    "model": "core.instanceresourceaction",
    "pk": 169,
    "fields": {
      "available_instance_resource": "newform",
      "available_action": "php"
    }
  },
  {
    "model": "core.instanceresourceaction",
    "pk": 170,
    "fields": {
      "available_instance_resource": "newform",
      "available_action": "proposal"
    }
  },
  {
    "model": "core.instanceresourceaction",
    "pk": 171,
    "fields": {
      "available_instance_resource": "newform",
      "available_action": "save"
    }
  },
  {
    "model": "core.instanceresourceaction",
    "pk": 172,
    "fields": {
      "available_instance_resource": "newform",
      "available_action": "savepdf"
    }
  },
  {
    "model": "core.instanceresourceaction",
    "pk": 174,
    "fields": {
      "available_instance_resource": "newform",
      "available_action": "copyanswer"
    }
  },
  {
    "model": "core.instanceresourceaction",
    "pk": 175,
    "fields": {
      "available_instance_resource": "page",
      "available_action": "checkquery"
    }
  },
  {
    "model": "core.instanceresourceaction",
    "pk": 176,
    "fields": {
      "available_instance_resource": "page",
      "available_action": "email"
    }
  },
  {
    "model": "core.instanceresourceaction",
    "pk": 177,
    "fields": {
      "available_instance_resource": "page",
      "available_action": "formtransition"
    }
  },
  {
    "model": "core.instanceresourceaction",
    "pk": 178,
    "fields": {
      "available_instance_resource": "page",
      "available_action": "php"
    }
  },
  {
    "model": "core.instanceresourceaction",
    "pk": 179,
    "fields": {
      "available_instance_resource": "page",
      "available_action": "proposal"
    }
  },
  {
    "model": "core.instanceresourceaction",
    "pk": 180,
    "fields": {
      "available_instance_resource": "page",
      "available_action": "savepdf"
    }
  },
  {
    "model": "core.instanceresourceaction",
    "pk": 181,
    "fields": {
      "available_instance_resource": "page",
      "available_action": "validate"
    }
  },
  {
    "model": "core.instanceresourceaction",
    "pk": 183,
    "fields": {
      "available_instance_resource": "editformpage",
      "available_action": "deletecirculation"
    }
  },
  {
    "model": "core.instanceresourceaction",
    "pk": 184,
    "fields": {
      "available_instance_resource": "editformpages",
      "available_action": "deletecirculation"
    }
  },
  {
    "model": "core.instanceresourceaction",
    "pk": 185,
    "fields": {
      "available_instance_resource": "formpage",
      "available_action": "deletecirculation"
    }
  },
  {
    "model": "core.instanceresourceaction",
    "pk": 186,
    "fields": {
      "available_instance_resource": "formpages",
      "available_action": "deletecirculation"
    }
  },
  {
    "model": "core.instanceresourceaction",
    "pk": 187,
    "fields": {
      "available_instance_resource": "allformpages",
      "available_action": "deletecirculation"
    }
  },
  {
    "model": "core.instanceresourceaction",
    "pk": 188,
    "fields": {
      "available_instance_resource": "formerror",
      "available_action": "deletecirculation"
    }
  },
  {
    "model": "core.instanceresourceaction",
    "pk": 189,
    "fields": {
      "available_instance_resource": "formwizard",
      "available_action": "deletecirculation"
    }
  },
  {
    "model": "core.instanceresourceaction",
    "pk": 190,
    "fields": {
      "available_instance_resource": "editcirculation",
      "available_action": "deletecirculation"
    }
  },
  {
    "model": "core.instanceresourceaction",
    "pk": 191,
    "fields": {
      "available_instance_resource": "circulation",
      "available_action": "deletecirculation"
    }
  },
  {
    "model": "core.instanceresourceaction",
    "pk": 192,
    "fields": {
      "available_instance_resource": "editnotice",
      "available_action": "deletecirculation"
    }
  },
  {
    "model": "core.instanceresourceaction",
    "pk": 193,
    "fields": {
      "available_instance_resource": "letter",
      "available_action": "deletecirculation"
    }
  },
  {
    "model": "core.instanceresourceaction",
    "pk": 194,
    "fields": {
      "available_instance_resource": "editletter",
      "available_action": "deletecirculation"
    }
  },
  {
    "model": "core.instanceresourceaction",
    "pk": 195,
    "fields": {
      "available_instance_resource": "page",
      "available_action": "deletecirculation"
    }
  },
  {
    "model": "core.instanceresourceaction",
    "pk": 196,
    "fields": {
      "available_instance_resource": "editformpage",
      "available_action": "circulationemail"
    }
  },
  {
    "model": "core.instanceresourceaction",
    "pk": 197,
    "fields": {
      "available_instance_resource": "editformpages",
      "available_action": "circulationemail"
    }
  },
  {
    "model": "core.instanceresourceaction",
    "pk": 198,
    "fields": {
      "available_instance_resource": "formpage",
      "available_action": "circulationemail"
    }
  },
  {
    "model": "core.instanceresourceaction",
    "pk": 199,
    "fields": {
      "available_instance_resource": "formpages",
      "available_action": "circulationemail"
    }
  },
  {
    "model": "core.instanceresourceaction",
    "pk": 200,
    "fields": {
      "available_instance_resource": "allformpages",
      "available_action": "circulationemail"
    }
  },
  {
    "model": "core.instanceresourceaction",
    "pk": 201,
    "fields": {
      "available_instance_resource": "formerror",
      "available_action": "circulationemail"
    }
  },
  {
    "model": "core.instanceresourceaction",
    "pk": 202,
    "fields": {
      "available_instance_resource": "formwizard",
      "available_action": "circulationemail"
    }
  },
  {
    "model": "core.instanceresourceaction",
    "pk": 203,
    "fields": {
      "available_instance_resource": "editcirculation",
      "available_action": "circulationemail"
    }
  },
  {
    "model": "core.instanceresourceaction",
    "pk": 204,
    "fields": {
      "available_instance_resource": "circulation",
      "available_action": "circulationemail"
    }
  },
  {
    "model": "core.instanceresourceaction",
    "pk": 205,
    "fields": {
      "available_instance_resource": "editnotice",
      "available_action": "circulationemail"
    }
  },
  {
    "model": "core.instanceresourceaction",
    "pk": 206,
    "fields": {
      "available_instance_resource": "letter",
      "available_action": "circulationemail"
    }
  },
  {
    "model": "core.instanceresourceaction",
    "pk": 207,
    "fields": {
      "available_instance_resource": "editletter",
      "available_action": "circulationemail"
    }
  },
  {
    "model": "core.instanceresourceaction",
    "pk": 208,
    "fields": {
      "available_instance_resource": "page",
      "available_action": "circulationemail"
    }
  },
  {
    "model": "core.instanceresourceaction",
    "pk": 209,
    "fields": {
      "available_instance_resource": "editformpage",
      "available_action": "pageredirect"
    }
  },
  {
    "model": "core.instanceresourceaction",
    "pk": 210,
    "fields": {
      "available_instance_resource": "editformpages",
      "available_action": "pageredirect"
    }
  },
  {
    "model": "core.instanceresourceaction",
    "pk": 211,
    "fields": {
      "available_instance_resource": "formpage",
      "available_action": "pageredirect"
    }
  },
  {
    "model": "core.instanceresourceaction",
    "pk": 212,
    "fields": {
      "available_instance_resource": "formpages",
      "available_action": "pageredirect"
    }
  },
  {
    "model": "core.instanceresourceaction",
    "pk": 213,
    "fields": {
      "available_instance_resource": "allformpages",
      "available_action": "pageredirect"
    }
  },
  {
    "model": "core.instanceresourceaction",
    "pk": 214,
    "fields": {
      "available_instance_resource": "editcirculation",
      "available_action": "pageredirect"
    }
  },
  {
    "model": "core.instanceresourceaction",
    "pk": 215,
    "fields": {
      "available_instance_resource": "circulation",
      "available_action": "pageredirect"
    }
  },
  {
    "model": "core.instanceresourceaction",
    "pk": 216,
    "fields": {
      "available_instance_resource": "editnotice",
      "available_action": "pageredirect"
    }
  },
  {
    "model": "core.instanceresourceaction",
    "pk": 217,
    "fields": {
      "available_instance_resource": "letter",
      "available_action": "pageredirect"
    }
  },
  {
    "model": "core.instanceresourceaction",
    "pk": 218,
    "fields": {
      "available_instance_resource": "editletter",
      "available_action": "pageredirect"
    }
  },
  {
    "model": "core.instanceresourceaction",
    "pk": 219,
    "fields": {
      "available_instance_resource": "page",
      "available_action": "pageredirect"
    }
  },
  {
    "model": "core.instanceresourceaction",
    "pk": 220,
    "fields": {
      "available_instance_resource": "formwizard",
      "available_action": "pageredirect"
    }
  },
  {
    "model": "core.instanceresourceaction",
    "pk": 221,
    "fields": {
      "available_instance_resource": "allformpages",
      "available_action": "workflow"
    }
  },
  {
    "model": "core.instanceresourceaction",
    "pk": 222,
    "fields": {
      "available_instance_resource": "circulation",
      "available_action": "workflow"
    }
  },
  {
    "model": "core.instanceresourceaction",
    "pk": 223,
    "fields": {
      "available_instance_resource": "editcirculation",
      "available_action": "workflow"
    }
  },
  {
    "model": "core.instanceresourceaction",
    "pk": 224,
    "fields": {
      "available_instance_resource": "editformpage",
      "available_action": "workflow"
    }
  },
  {
    "model": "core.instanceresourceaction",
    "pk": 225,
    "fields": {
      "available_instance_resource": "editformpages",
      "available_action": "workflow"
    }
  },
  {
    "model": "core.instanceresourceaction",
    "pk": 226,
    "fields": {
      "available_instance_resource": "editnotice",
      "available_action": "workflow"
    }
  },
  {
    "model": "core.instanceresourceaction",
    "pk": 227,
    "fields": {
      "available_instance_resource": "formpages",
      "available_action": "workflow"
    }
  },
  {
    "model": "core.instanceresourceaction",
    "pk": 228,
    "fields": {
      "available_instance_resource": "newform",
      "available_action": "workflow"
    }
  },
  {
    "model": "core.instanceresourceaction",
    "pk": 229,
    "fields": {
      "available_instance_resource": "page",
      "available_action": "workflow"
    }
  },
  {
    "model": "core.instanceresourceaction",
    "pk": 230,
    "fields": {
      "available_instance_resource": "allformpages",
      "available_action": "generate"
    }
  },
  {
    "model": "core.instanceresourceaction",
    "pk": 231,
    "fields": {
      "available_instance_resource": "circulation",
      "available_action": "generate"
    }
  },
  {
    "model": "core.instanceresourceaction",
    "pk": 232,
    "fields": {
      "available_instance_resource": "editcirculation",
      "available_action": "generate"
    }
  },
  {
    "model": "core.instanceresourceaction",
    "pk": 233,
    "fields": {
      "available_instance_resource": "editformpage",
      "available_action": "generate"
    }
  },
  {
    "model": "core.instanceresourceaction",
    "pk": 234,
    "fields": {
      "available_instance_resource": "editformpages",
      "available_action": "generate"
    }
  },
  {
    "model": "core.instanceresourceaction",
    "pk": 235,
    "fields": {
      "available_instance_resource": "editnotice",
      "available_action": "generate"
    }
  },
  {
    "model": "core.instanceresourceaction",
    "pk": 236,
    "fields": {
      "available_instance_resource": "formpages",
      "available_action": "generate"
    }
  },
  {
    "model": "core.instanceresourceaction",
    "pk": 237,
    "fields": {
      "available_instance_resource": "newform",
      "available_action": "generate"
    }
  },
  {
    "model": "core.instanceresourceaction",
    "pk": 238,
    "fields": {
      "available_instance_resource": "page",
      "available_action": "generate"
    }
  },
  {
    "model": "core.instanceresourceaction",
    "pk": 239,
    "fields": {
      "available_instance_resource": "allformpages",
      "available_action": "notification"
    }
  },
  {
    "model": "core.instanceresourceaction",
    "pk": 240,
    "fields": {
      "available_instance_resource": "circulation",
      "available_action": "notification"
    }
  },
  {
    "model": "core.instanceresourceaction",
    "pk": 241,
    "fields": {
      "available_instance_resource": "editcirculation",
      "available_action": "notification"
    }
  },
  {
    "model": "core.instanceresourceaction",
    "pk": 242,
    "fields": {
      "available_instance_resource": "editformpage",
      "available_action": "notification"
    }
  },
  {
    "model": "core.instanceresourceaction",
    "pk": 243,
    "fields": {
      "available_instance_resource": "editformpages",
      "available_action": "notification"
    }
  },
  {
    "model": "core.instanceresourceaction",
    "pk": 244,
    "fields": {
      "available_instance_resource": "editnotice",
      "available_action": "notification"
    }
  },
  {
    "model": "core.instanceresourceaction",
    "pk": 245,
    "fields": {
      "available_instance_resource": "formpages",
      "available_action": "notification"
    }
  },
  {
    "model": "core.instanceresourceaction",
    "pk": 246,
    "fields": {
      "available_instance_resource": "newform",
      "available_action": "notification"
    }
  },
  {
    "model": "core.instanceresourceaction",
    "pk": 247,
    "fields": {
      "available_instance_resource": "page",
      "available_action": "notification"
    }
  },
  {
    "model": "core.instanceresourceaction",
    "pk": 248,
    "fields": {
      "available_instance_resource": "publication",
      "available_action": "generate"
    }
  },
  {
    "model": "core.instanceresourceaction",
    "pk": 327,
    "fields": {
      "available_instance_resource": "objection",
      "available_action": "addhistory"
    }
  },
  {
    "model": "core.instanceresourceaction",
    "pk": 328,
    "fields": {
      "available_instance_resource": "billing",
      "available_action": "addhistory"
    }
  },
  {
    "model": "core.instanceresourceaction",
    "pk": 329,
    "fields": {
      "available_instance_resource": "letter",
      "available_action": "addhistory"
    }
  },
  {
    "model": "core.instanceresourceaction",
    "pk": 330,
    "fields": {
      "available_instance_resource": "integritydashboard",
      "available_action": "addhistory"
    }
  },
  {
    "model": "core.instanceresourceaction",
    "pk": 331,
    "fields": {
      "available_instance_resource": "editnotice",
      "available_action": "addhistory"
    }
  },
  {
    "model": "core.instanceresourceaction",
    "pk": 332,
    "fields": {
      "available_instance_resource": "circulation",
      "available_action": "addhistory"
    }
  },
  {
    "model": "core.instanceresourceaction",
    "pk": 333,
    "fields": {
      "available_instance_resource": "editletter",
      "available_action": "addhistory"
    }
  },
  {
    "model": "core.instanceresourceaction",
    "pk": 334,
    "fields": {
      "available_instance_resource": "issue",
      "available_action": "addhistory"
    }
  },
  {
    "model": "core.instanceresourceaction",
    "pk": 335,
    "fields": {
      "available_instance_resource": "newform",
      "available_action": "addhistory"
    }
  },
  {
    "model": "core.instanceresourceaction",
    "pk": 336,
    "fields": {
      "available_instance_resource": "editcirculation",
      "available_action": "addhistory"
    }
  },
  {
    "model": "core.instanceresourceaction",
    "pk": 337,
    "fields": {
      "available_instance_resource": "apidocuments",
      "available_action": "addhistory"
    }
  },
  {
    "model": "core.instanceresourceaction",
    "pk": 338,
    "fields": {
      "available_instance_resource": "publication",
      "available_action": "addhistory"
    }
  },
  {
    "model": "core.instanceresourceaction",
    "pk": 339,
    "fields": {
      "available_instance_resource": "workflow",
      "available_action": "addhistory"
    }
  },
  {
    "model": "core.instanceresourceaction",
    "pk": 340,
    "fields": {
      "available_instance_resource": "formerror",
      "available_action": "addhistory"
    }
  },
  {
    "model": "core.instanceresourceaction",
    "pk": 341,
    "fields": {
      "available_instance_resource": "formpages",
      "available_action": "addhistory"
    }
  },
  {
    "model": "core.instanceresourceaction",
    "pk": 342,
    "fields": {
      "available_instance_resource": "formwizard",
      "available_action": "addhistory"
    }
  },
  {
    "model": "core.instanceresourceaction",
    "pk": 343,
    "fields": {
      "available_instance_resource": "history",
      "available_action": "addhistory"
    }
  },
  {
    "model": "core.instanceresourceaction",
    "pk": 344,
    "fields": {
      "available_instance_resource": "templatecenter",
      "available_action": "addhistory"
    }
  },
  {
    "model": "core.instanceresourceaction",
    "pk": 345,
    "fields": {
      "available_instance_resource": "editformpage",
      "available_action": "addhistory"
    }
  },
  {
    "model": "core.instanceresourceaction",
    "pk": 346,
    "fields": {
      "available_instance_resource": "allformpages",
      "available_action": "addhistory"
    }
  },
  {
    "model": "core.instanceresourceaction",
    "pk": 348,
    "fields": {
      "available_instance_resource": "page",
      "available_action": "addhistory"
    }
  },
  {
    "model": "core.instanceresourceaction",
    "pk": 349,
    "fields": {
      "available_instance_resource": "editformpages",
      "available_action": "addhistory"
    }
  },
  {
    "model": "core.instanceresourceaction",
    "pk": 351,
    "fields": {
      "available_instance_resource": "formpage",
      "available_action": "addhistory"
    }
  },
  {
    "model": "core.instanceresourceaction",
    "pk": 352,
    "fields": {
      "available_instance_resource": "buildingauthority",
      "available_action": "addhistory"
    }
  },
  {
    "model": "core.instanceresourceaction",
    "pk": 354,
    "fields": {
      "available_instance_resource": "formerror",
      "available_action": "workitem"
    }
  },
  {
    "model": "core.instanceresourceaction",
    "pk": 355,
    "fields": {
      "available_instance_resource": "formpages",
      "available_action": "workitem"
    }
  },
  {
    "model": "core.instanceresourceaction",
    "pk": 356,
    "fields": {
      "available_instance_resource": "billing",
      "available_action": "workitem"
    }
  },
  {
    "model": "core.instanceresourceaction",
    "pk": 357,
    "fields": {
      "available_instance_resource": "editletter",
      "available_action": "workitem"
    }
  },
  {
    "model": "core.instanceresourceaction",
    "pk": 358,
    "fields": {
      "available_instance_resource": "editformpage",
      "available_action": "workitem"
    }
  },
  {
    "model": "core.instanceresourceaction",
    "pk": 359,
    "fields": {
      "available_instance_resource": "formwizard",
      "available_action": "workitem"
    }
  },
  {
    "model": "core.instanceresourceaction",
    "pk": 360,
    "fields": {
      "available_instance_resource": "history",
      "available_action": "workitem"
    }
  },
  {
    "model": "core.instanceresourceaction",
    "pk": 361,
    "fields": {
      "available_instance_resource": "templatecenter",
      "available_action": "workitem"
    }
  },
  {
    "model": "core.instanceresourceaction",
    "pk": 362,
    "fields": {
      "available_instance_resource": "issue",
      "available_action": "workitem"
    }
  },
  {
    "model": "core.instanceresourceaction",
    "pk": 363,
    "fields": {
      "available_instance_resource": "workflow",
      "available_action": "workitem"
    }
  },
  {
    "model": "core.instanceresourceaction",
    "pk": 364,
    "fields": {
      "available_instance_resource": "editformpages",
      "available_action": "workitem"
    }
  },
  {
    "model": "core.instanceresourceaction",
    "pk": 365,
    "fields": {
      "available_instance_resource": "apidocuments",
      "available_action": "workitem"
    }
  },
  {
    "model": "core.instanceresourceaction",
    "pk": 366,
    "fields": {
      "available_instance_resource": "page",
      "available_action": "workitem"
    }
  },
  {
    "model": "core.instanceresourceaction",
    "pk": 367,
    "fields": {
      "available_instance_resource": "publication",
      "available_action": "workitem"
    }
  },
  {
    "model": "core.instanceresourceaction",
    "pk": 368,
    "fields": {
      "available_instance_resource": "circulation",
      "available_action": "workitem"
    }
  },
  {
    "model": "core.instanceresourceaction",
    "pk": 369,
    "fields": {
      "available_instance_resource": "objection",
      "available_action": "workitem"
    }
  },
  {
    "model": "core.instanceresourceaction",
    "pk": 370,
    "fields": {
      "available_instance_resource": "editcirculation",
      "available_action": "workitem"
    }
  },
  {
    "model": "core.instanceresourceaction",
    "pk": 371,
    "fields": {
      "available_instance_resource": "integritydashboard",
      "available_action": "workitem"
    }
  },
  {
    "model": "core.instanceresourceaction",
    "pk": 372,
    "fields": {
      "available_instance_resource": "newform",
      "available_action": "workitem"
    }
  },
  {
    "model": "core.instanceresourceaction",
    "pk": 373,
    "fields": {
      "available_instance_resource": "letter",
      "available_action": "workitem"
    }
  },
  {
    "model": "core.instanceresourceaction",
    "pk": 374,
    "fields": {
      "available_instance_resource": "formpage",
      "available_action": "workitem"
    }
  },
  {
    "model": "core.instanceresourceaction",
    "pk": 375,
    "fields": {
      "available_instance_resource": "buildingauthority",
      "available_action": "workitem"
    }
  },
  {
    "model": "core.instanceresourceaction",
    "pk": 376,
    "fields": {
      "available_instance_resource": "editnotice",
      "available_action": "workitem"
    }
  },
  {
    "model": "core.instanceresourceaction",
    "pk": 377,
    "fields": {
      "available_instance_resource": "allformpages",
      "available_action": "workitem"
    }
  },
  {
    "model": "core.instanceresourceaction",
    "pk": 378,
    "fields": {
      "available_instance_resource": "integritydashboard",
      "available_action": "workflow"
    }
  },
  {
    "model": "core.ircirculation",
    "pk": 10,
    "fields": {
      "circulation_type": 1,
      "service": null,
      "draft_circulation_answer": null,
      "show_notice": 2,
      "show_history": 0,
      "show_all_children": 0,
      "read_notice_template": null,
      "pdf_class": null,
      "service_to_be_interpreted": "[SERVICE_ID]"
    }
  },
  {
    "model": "core.ircirculation",
    "pk": 20,
    "fields": {
      "circulation_type": 1,
      "service": null,
      "draft_circulation_answer": null,
      "show_notice": 2,
      "show_history": 0,
      "show_all_children": 0,
      "read_notice_template": null,
      "pdf_class": null,
      "service_to_be_interpreted": "[SERVICE_ID]"
    }
  },
  {
    "model": "core.ircirculation",
    "pk": 37,
    "fields": {
      "circulation_type": 1,
      "service": null,
      "draft_circulation_answer": null,
      "show_notice": 2,
      "show_history": 0,
      "show_all_children": 1,
      "read_notice_template": null,
      "pdf_class": null,
      "service_to_be_interpreted": "[SERVICE_ID]"
    }
  },
  {
    "model": "core.ireditcirculation",
    "pk": 7,
    "fields": {
      "circulation_type": 1,
      "draft_circulation_answer": null,
      "show_notice": 1,
      "add_template": null,
      "add_activation_template": null,
      "read_notice_template": null,
      "pdf_class": null,
      "default_circulation_name": "Zirkulation",
      "single_circulation": 0,
      "inherit_notices": 0,
      "display_first_circulation": 0,
      "circulation_email_action_id": null
    }
  },
  {
    "model": "core.ireditcirculation",
    "pk": 18,
    "fields": {
      "circulation_type": 1,
      "draft_circulation_answer": null,
      "show_notice": 1,
      "add_template": null,
      "add_activation_template": null,
      "read_notice_template": null,
      "pdf_class": null,
      "default_circulation_name": "Zirkulation",
      "single_circulation": 0,
      "inherit_notices": 0,
      "display_first_circulation": 0,
      "circulation_email_action_id": null
    }
  },
  {
    "model": "core.ireditcirculation",
    "pk": 39,
    "fields": {
      "circulation_type": 1,
      "draft_circulation_answer": null,
      "show_notice": 1,
      "add_template": null,
      "add_activation_template": null,
      "read_notice_template": null,
      "pdf_class": null,
      "default_circulation_name": null,
      "single_circulation": 0,
      "inherit_notices": 0,
      "display_first_circulation": 0,
      "circulation_email_action_id": null
    }
  },
  {
    "model": "core.ireditcirculation",
    "pk": 47,
    "fields": {
      "circulation_type": 1,
      "draft_circulation_answer": null,
      "show_notice": 1,
      "add_template": null,
      "add_activation_template": null,
      "read_notice_template": null,
      "pdf_class": null,
      "default_circulation_name": "Zirkulation",
      "single_circulation": 0,
      "inherit_notices": 0,
      "display_first_circulation": 0,
      "circulation_email_action_id": null
    }
  },
  {
    "model": "core.ireditcirculationsg",
    "pk": 3,
    "fields": {
      "instance_resource": 18,
      "service_group": 2,
      "localized": 0
    }
  },
  {
    "model": "core.ireditcirculationsg",
    "pk": 4,
    "fields": {
      "instance_resource": 18,
      "service_group": 1,
      "localized": 0
    }
  },
  {
    "model": "core.ireditcirculationsg",
    "pk": 5,
    "fields": {
      "instance_resource": 7,
      "service_group": 4,
      "localized": 0
    }
  },
  {
    "model": "core.ireditcirculationsg",
    "pk": 6,
    "fields": {
      "instance_resource": 7,
      "service_group": 5,
      "localized": 1
    }
  },
  {
    "model": "core.ireditcirculationsg",
    "pk": 7,
    "fields": {
      "instance_resource": 47,
      "service_group": 3,
      "localized": 0
    }
  },
  {
    "model": "core.ireditcirculationsg",
    "pk": 8,
    "fields": {
      "instance_resource": 47,
      "service_group": 4,
      "localized": 0
    }
  },
  {
    "model": "core.ireditformpage",
    "pk": 3,
    "fields": {
      "page": 1,
      "pdf_class": null
    }
  },
  {
    "model": "core.ireditformpage",
    "pk": 11,
    "fields": {
      "page": 1,
      "pdf_class": null
    }
  },
  {
    "model": "core.ireditformpage",
    "pk": 15,
    "fields": {
      "page": 1,
      "pdf_class": null
    }
  },
  {
    "model": "core.ireditformpage",
    "pk": 29,
    "fields": {
      "page": 1,
      "pdf_class": null
    }
  },
  {
    "model": "core.ireditformpage",
    "pk": 34,
    "fields": {
      "page": 1,
      "pdf_class": null
    }
  },
  {
    "model": "core.ireditformpage",
    "pk": 46,
    "fields": {
      "page": 1,
      "pdf_class": null
    }
  },
  {
    "model": "core.ireditnotice",
    "pk": 14,
    "fields": {
      "circulation_type": 1,
      "editable_after_deadline": 1,
      "pdf_class": null,
      "edit_notice_template": null,
      "hide_answered_notices": 0,
      "is_always_editable": 1
    }
  },
  {
    "model": "core.ireditnotice",
    "pk": 53,
    "fields": {
      "circulation_type": 1,
      "editable_after_deadline": 1,
      "pdf_class": null,
      "edit_notice_template": null,
      "hide_answered_notices": 0,
      "is_always_editable": 1
    }
  },
  {
    "model": "core.irformpage",
    "pk": 33,
    "fields": {
      "page": 1,
      "pdf_class": null
    }
  },
  {
    "model": "core.irformpage",
    "pk": 36,
    "fields": {
      "page": 1,
      "pdf_class": null
    }
  },
  {
    "model": "core.irformpage",
    "pk": 40,
    "fields": {
      "page": 1,
      "pdf_class": null
    }
  },
  {
    "model": "core.irgroupacl",
    "pk": 1,
    "fields": {
      "instance_resource": 18,
      "group": 7,
      "instance_state": 5
    }
  },
  {
    "model": "core.irgroupacl",
    "pk": 2,
    "fields": {
      "instance_resource": 18,
      "group": 7,
      "instance_state": 7
    }
  },
  {
    "model": "core.irpage",
    "pk": 21,
    "fields": {
      "pdf_class": null
    }
  },
  {
    "model": "core.irpage",
    "pk": 22,
    "fields": {
      "pdf_class": null
    }
  },
  {
    "model": "core.irpage",
    "pk": 26,
    "fields": {
      "pdf_class": null
    }
  },
  {
    "model": "core.irpage",
    "pk": 41,
    "fields": {
      "pdf_class": null
    }
  },
  {
    "model": "core.irpage",
    "pk": 52,
    "fields": {
      "pdf_class": null
    }
  },
  {
    "model": "core.irroleacl",
    "pk": 1,
    "fields": {
      "instance_resource": 1,
      "role": 3,
      "instance_state": 2
    }
  },
  {
    "model": "core.irroleacl",
    "pk": 3,
    "fields": {
      "instance_resource": 3,
      "role": 3,
      "instance_state": 2
    }
  },
  {
    "model": "core.irroleacl",
    "pk": 4,
    "fields": {
      "instance_resource": 4,
      "role": 3,
      "instance_state": 3
    }
  },
  {
    "model": "core.irroleacl",
    "pk": 5,
    "fields": {
      "instance_resource": 4,
      "role": 3,
      "instance_state": 4
    }
  },
  {
    "model": "core.irroleacl",
    "pk": 6,
    "fields": {
      "instance_resource": 4,
      "role": 3,
      "instance_state": 5
    }
  },
  {
    "model": "core.irroleacl",
    "pk": 7,
    "fields": {
      "instance_resource": 4,
      "role": 3,
      "instance_state": 6
    }
  },
  {
    "model": "core.irroleacl",
    "pk": 8,
    "fields": {
      "instance_resource": 4,
      "role": 3,
      "instance_state": 8
    }
  },
  {
    "model": "core.irroleacl",
    "pk": 9,
    "fields": {
      "instance_resource": 4,
      "role": 3,
      "instance_state": 10
    }
  },
  {
    "model": "core.irroleacl",
    "pk": 10,
    "fields": {
      "instance_resource": 3,
      "role": 3,
      "instance_state": 3
    }
  },
  {
    "model": "core.irroleacl",
    "pk": 11,
    "fields": {
      "instance_resource": 3,
      "role": 3,
      "instance_state": 4
    }
  },
  {
    "model": "core.irroleacl",
    "pk": 12,
    "fields": {
      "instance_resource": 3,
      "role": 3,
      "instance_state": 5
    }
  },
  {
    "model": "core.irroleacl",
    "pk": 13,
    "fields": {
      "instance_resource": 3,
      "role": 3,
      "instance_state": 6
    }
  },
  {
    "model": "core.irroleacl",
    "pk": 14,
    "fields": {
      "instance_resource": 3,
      "role": 3,
      "instance_state": 7
    }
  },
  {
    "model": "core.irroleacl",
    "pk": 15,
    "fields": {
      "instance_resource": 3,
      "role": 3,
      "instance_state": 8
    }
  },
  {
    "model": "core.irroleacl",
    "pk": 16,
    "fields": {
      "instance_resource": 3,
      "role": 3,
      "instance_state": 9
    }
  },
  {
    "model": "core.irroleacl",
    "pk": 17,
    "fields": {
      "instance_resource": 3,
      "role": 3,
      "instance_state": 10
    }
  },
  {
    "model": "core.irroleacl",
    "pk": 18,
    "fields": {
      "instance_resource": 1,
      "role": 3,
      "instance_state": 3
    }
  },
  {
    "model": "core.irroleacl",
    "pk": 19,
    "fields": {
      "instance_resource": 1,
      "role": 3,
      "instance_state": 4
    }
  },
  {
    "model": "core.irroleacl",
    "pk": 20,
    "fields": {
      "instance_resource": 1,
      "role": 3,
      "instance_state": 5
    }
  },
  {
    "model": "core.irroleacl",
    "pk": 21,
    "fields": {
      "instance_resource": 1,
      "role": 3,
      "instance_state": 6
    }
  },
  {
    "model": "core.irroleacl",
    "pk": 22,
    "fields": {
      "instance_resource": 1,
      "role": 3,
      "instance_state": 7
    }
  },
  {
    "model": "core.irroleacl",
    "pk": 23,
    "fields": {
      "instance_resource": 1,
      "role": 3,
      "instance_state": 8
    }
  },
  {
    "model": "core.irroleacl",
    "pk": 24,
    "fields": {
      "instance_resource": 1,
      "role": 3,
      "instance_state": 9
    }
  },
  {
    "model": "core.irroleacl",
    "pk": 25,
    "fields": {
      "instance_resource": 1,
      "role": 3,
      "instance_state": 10
    }
  },
  {
    "model": "core.irroleacl",
    "pk": 34,
    "fields": {
      "instance_resource": 5,
      "role": 3,
      "instance_state": 3
    }
  },
  {
    "model": "core.irroleacl",
    "pk": 35,
    "fields": {
      "instance_resource": 5,
      "role": 3,
      "instance_state": 4
    }
  },
  {
    "model": "core.irroleacl",
    "pk": 36,
    "fields": {
      "instance_resource": 5,
      "role": 3,
      "instance_state": 5
    }
  },
  {
    "model": "core.irroleacl",
    "pk": 37,
    "fields": {
      "instance_resource": 5,
      "role": 3,
      "instance_state": 6
    }
  },
  {
    "model": "core.irroleacl",
    "pk": 38,
    "fields": {
      "instance_resource": 5,
      "role": 3,
      "instance_state": 7
    }
  },
  {
    "model": "core.irroleacl",
    "pk": 39,
    "fields": {
      "instance_resource": 5,
      "role": 3,
      "instance_state": 8
    }
  },
  {
    "model": "core.irroleacl",
    "pk": 40,
    "fields": {
      "instance_resource": 5,
      "role": 3,
      "instance_state": 9
    }
  },
  {
    "model": "core.irroleacl",
    "pk": 41,
    "fields": {
      "instance_resource": 5,
      "role": 3,
      "instance_state": 10
    }
  },
  {
    "model": "core.irroleacl",
    "pk": 42,
    "fields": {
      "instance_resource": 7,
      "role": 3,
      "instance_state": 3
    }
  },
  {
    "model": "core.irroleacl",
    "pk": 43,
    "fields": {
      "instance_resource": 7,
      "role": 3,
      "instance_state": 4
    }
  },
  {
    "model": "core.irroleacl",
    "pk": 44,
    "fields": {
      "instance_resource": 7,
      "role": 3,
      "instance_state": 5
    }
  },
  {
    "model": "core.irroleacl",
    "pk": 45,
    "fields": {
      "instance_resource": 7,
      "role": 3,
      "instance_state": 6
    }
  },
  {
    "model": "core.irroleacl",
    "pk": 48,
    "fields": {
      "instance_resource": 8,
      "role": 3,
      "instance_state": 3
    }
  },
  {
    "model": "core.irroleacl",
    "pk": 49,
    "fields": {
      "instance_resource": 8,
      "role": 3,
      "instance_state": 4
    }
  },
  {
    "model": "core.irroleacl",
    "pk": 50,
    "fields": {
      "instance_resource": 8,
      "role": 3,
      "instance_state": 5
    }
  },
  {
    "model": "core.irroleacl",
    "pk": 51,
    "fields": {
      "instance_resource": 8,
      "role": 3,
      "instance_state": 6
    }
  },
  {
    "model": "core.irroleacl",
    "pk": 52,
    "fields": {
      "instance_resource": 8,
      "role": 3,
      "instance_state": 7
    }
  },
  {
    "model": "core.irroleacl",
    "pk": 53,
    "fields": {
      "instance_resource": 8,
      "role": 3,
      "instance_state": 8
    }
  },
  {
    "model": "core.irroleacl",
    "pk": 54,
    "fields": {
      "instance_resource": 8,
      "role": 3,
      "instance_state": 10
    }
  },
  {
    "model": "core.irroleacl",
    "pk": 63,
    "fields": {
      "instance_resource": 10,
      "role": 3,
      "instance_state": 3
    }
  },
  {
    "model": "core.irroleacl",
    "pk": 64,
    "fields": {
      "instance_resource": 10,
      "role": 3,
      "instance_state": 4
    }
  },
  {
    "model": "core.irroleacl",
    "pk": 65,
    "fields": {
      "instance_resource": 10,
      "role": 3,
      "instance_state": 5
    }
  },
  {
    "model": "core.irroleacl",
    "pk": 66,
    "fields": {
      "instance_resource": 10,
      "role": 3,
      "instance_state": 6
    }
  },
  {
    "model": "core.irroleacl",
    "pk": 67,
    "fields": {
      "instance_resource": 10,
      "role": 3,
      "instance_state": 7
    }
  },
  {
    "model": "core.irroleacl",
    "pk": 68,
    "fields": {
      "instance_resource": 10,
      "role": 3,
      "instance_state": 8
    }
  },
  {
    "model": "core.irroleacl",
    "pk": 69,
    "fields": {
      "instance_resource": 10,
      "role": 3,
      "instance_state": 9
    }
  },
  {
    "model": "core.irroleacl",
    "pk": 70,
    "fields": {
      "instance_resource": 10,
      "role": 3,
      "instance_state": 10
    }
  },
  {
    "model": "core.irroleacl",
    "pk": 75,
    "fields": {
      "instance_resource": 11,
      "role": 5,
      "instance_state": 5
    }
  },
  {
    "model": "core.irroleacl",
    "pk": 76,
    "fields": {
      "instance_resource": 11,
      "role": 5,
      "instance_state": 7
    }
  },
  {
    "model": "core.irroleacl",
    "pk": 77,
    "fields": {
      "instance_resource": 12,
      "role": 5,
      "instance_state": 5
    }
  },
  {
    "model": "core.irroleacl",
    "pk": 78,
    "fields": {
      "instance_resource": 12,
      "role": 5,
      "instance_state": 7
    }
  },
  {
    "model": "core.irroleacl",
    "pk": 83,
    "fields": {
      "instance_resource": 14,
      "role": 5,
      "instance_state": 5
    }
  },
  {
    "model": "core.irroleacl",
    "pk": 84,
    "fields": {
      "instance_resource": 14,
      "role": 5,
      "instance_state": 7
    }
  },
  {
    "model": "core.irroleacl",
    "pk": 85,
    "fields": {
      "instance_resource": 15,
      "role": 6,
      "instance_state": 3
    }
  },
  {
    "model": "core.irroleacl",
    "pk": 86,
    "fields": {
      "instance_resource": 15,
      "role": 6,
      "instance_state": 5
    }
  },
  {
    "model": "core.irroleacl",
    "pk": 87,
    "fields": {
      "instance_resource": 15,
      "role": 6,
      "instance_state": 6
    }
  },
  {
    "model": "core.irroleacl",
    "pk": 88,
    "fields": {
      "instance_resource": 15,
      "role": 6,
      "instance_state": 7
    }
  },
  {
    "model": "core.irroleacl",
    "pk": 89,
    "fields": {
      "instance_resource": 15,
      "role": 6,
      "instance_state": 8
    }
  },
  {
    "model": "core.irroleacl",
    "pk": 90,
    "fields": {
      "instance_resource": 16,
      "role": 6,
      "instance_state": 3
    }
  },
  {
    "model": "core.irroleacl",
    "pk": 91,
    "fields": {
      "instance_resource": 16,
      "role": 6,
      "instance_state": 5
    }
  },
  {
    "model": "core.irroleacl",
    "pk": 92,
    "fields": {
      "instance_resource": 16,
      "role": 6,
      "instance_state": 6
    }
  },
  {
    "model": "core.irroleacl",
    "pk": 93,
    "fields": {
      "instance_resource": 16,
      "role": 6,
      "instance_state": 7
    }
  },
  {
    "model": "core.irroleacl",
    "pk": 94,
    "fields": {
      "instance_resource": 16,
      "role": 6,
      "instance_state": 8
    }
  },
  {
    "model": "core.irroleacl",
    "pk": 103,
    "fields": {
      "instance_resource": 21,
      "role": 3,
      "instance_state": 2
    }
  },
  {
    "model": "core.irroleacl",
    "pk": 104,
    "fields": {
      "instance_resource": 21,
      "role": 3,
      "instance_state": 3
    }
  },
  {
    "model": "core.irroleacl",
    "pk": 105,
    "fields": {
      "instance_resource": 21,
      "role": 3,
      "instance_state": 4
    }
  },
  {
    "model": "core.irroleacl",
    "pk": 106,
    "fields": {
      "instance_resource": 21,
      "role": 3,
      "instance_state": 5
    }
  },
  {
    "model": "core.irroleacl",
    "pk": 107,
    "fields": {
      "instance_resource": 21,
      "role": 3,
      "instance_state": 6
    }
  },
  {
    "model": "core.irroleacl",
    "pk": 108,
    "fields": {
      "instance_resource": 21,
      "role": 3,
      "instance_state": 7
    }
  },
  {
    "model": "core.irroleacl",
    "pk": 109,
    "fields": {
      "instance_resource": 21,
      "role": 3,
      "instance_state": 8
    }
  },
  {
    "model": "core.irroleacl",
    "pk": 110,
    "fields": {
      "instance_resource": 21,
      "role": 3,
      "instance_state": 9
    }
  },
  {
    "model": "core.irroleacl",
    "pk": 111,
    "fields": {
      "instance_resource": 22,
      "role": 5,
      "instance_state": 5
    }
  },
  {
    "model": "core.irroleacl",
    "pk": 112,
    "fields": {
      "instance_resource": 22,
      "role": 5,
      "instance_state": 7
    }
  },
  {
    "model": "core.irroleacl",
    "pk": 113,
    "fields": {
      "instance_resource": 23,
      "role": 3,
      "instance_state": 2
    }
  },
  {
    "model": "core.irroleacl",
    "pk": 114,
    "fields": {
      "instance_resource": 23,
      "role": 3,
      "instance_state": 3
    }
  },
  {
    "model": "core.irroleacl",
    "pk": 115,
    "fields": {
      "instance_resource": 23,
      "role": 3,
      "instance_state": 4
    }
  },
  {
    "model": "core.irroleacl",
    "pk": 116,
    "fields": {
      "instance_resource": 23,
      "role": 3,
      "instance_state": 5
    }
  },
  {
    "model": "core.irroleacl",
    "pk": 117,
    "fields": {
      "instance_resource": 23,
      "role": 3,
      "instance_state": 6
    }
  },
  {
    "model": "core.irroleacl",
    "pk": 118,
    "fields": {
      "instance_resource": 23,
      "role": 3,
      "instance_state": 7
    }
  },
  {
    "model": "core.irroleacl",
    "pk": 119,
    "fields": {
      "instance_resource": 23,
      "role": 3,
      "instance_state": 8
    }
  },
  {
    "model": "core.irroleacl",
    "pk": 120,
    "fields": {
      "instance_resource": 23,
      "role": 3,
      "instance_state": 9
    }
  },
  {
    "model": "core.irroleacl",
    "pk": 121,
    "fields": {
      "instance_resource": 24,
      "role": 5,
      "instance_state": 5
    }
  },
  {
    "model": "core.irroleacl",
    "pk": 122,
    "fields": {
      "instance_resource": 24,
      "role": 5,
      "instance_state": 7
    }
  },
  {
    "model": "core.irroleacl",
    "pk": 123,
    "fields": {
      "instance_resource": 25,
      "role": 3,
      "instance_state": 3
    }
  },
  {
    "model": "core.irroleacl",
    "pk": 124,
    "fields": {
      "instance_resource": 25,
      "role": 3,
      "instance_state": 4
    }
  },
  {
    "model": "core.irroleacl",
    "pk": 125,
    "fields": {
      "instance_resource": 25,
      "role": 3,
      "instance_state": 5
    }
  },
  {
    "model": "core.irroleacl",
    "pk": 126,
    "fields": {
      "instance_resource": 25,
      "role": 3,
      "instance_state": 6
    }
  },
  {
    "model": "core.irroleacl",
    "pk": 127,
    "fields": {
      "instance_resource": 25,
      "role": 3,
      "instance_state": 7
    }
  },
  {
    "model": "core.irroleacl",
    "pk": 128,
    "fields": {
      "instance_resource": 25,
      "role": 3,
      "instance_state": 8
    }
  },
  {
    "model": "core.irroleacl",
    "pk": 129,
    "fields": {
      "instance_resource": 25,
      "role": 3,
      "instance_state": 9
    }
  },
  {
    "model": "core.irroleacl",
    "pk": 130,
    "fields": {
      "instance_resource": 25,
      "role": 3,
      "instance_state": 10
    }
  },
  {
    "model": "core.irroleacl",
    "pk": 131,
    "fields": {
      "instance_resource": 26,
      "role": 3,
      "instance_state": 2
    }
  },
  {
    "model": "core.irroleacl",
    "pk": 132,
    "fields": {
      "instance_resource": 26,
      "role": 3,
      "instance_state": 3
    }
  },
  {
    "model": "core.irroleacl",
    "pk": 133,
    "fields": {
      "instance_resource": 26,
      "role": 3,
      "instance_state": 4
    }
  },
  {
    "model": "core.irroleacl",
    "pk": 134,
    "fields": {
      "instance_resource": 26,
      "role": 3,
      "instance_state": 5
    }
  },
  {
    "model": "core.irroleacl",
    "pk": 135,
    "fields": {
      "instance_resource": 26,
      "role": 3,
      "instance_state": 6
    }
  },
  {
    "model": "core.irroleacl",
    "pk": 136,
    "fields": {
      "instance_resource": 26,
      "role": 3,
      "instance_state": 7
    }
  },
  {
    "model": "core.irroleacl",
    "pk": 137,
    "fields": {
      "instance_resource": 26,
      "role": 3,
      "instance_state": 8
    }
  },
  {
    "model": "core.irroleacl",
    "pk": 138,
    "fields": {
      "instance_resource": 26,
      "role": 3,
      "instance_state": 9
    }
  },
  {
    "model": "core.irroleacl",
    "pk": 139,
    "fields": {
      "instance_resource": 26,
      "role": 3,
      "instance_state": 10
    }
  },
  {
    "model": "core.irroleacl",
    "pk": 140,
    "fields": {
      "instance_resource": 27,
      "role": 3,
      "instance_state": 2
    }
  },
  {
    "model": "core.irroleacl",
    "pk": 141,
    "fields": {
      "instance_resource": 27,
      "role": 3,
      "instance_state": 3
    }
  },
  {
    "model": "core.irroleacl",
    "pk": 142,
    "fields": {
      "instance_resource": 27,
      "role": 3,
      "instance_state": 4
    }
  },
  {
    "model": "core.irroleacl",
    "pk": 143,
    "fields": {
      "instance_resource": 27,
      "role": 3,
      "instance_state": 5
    }
  },
  {
    "model": "core.irroleacl",
    "pk": 144,
    "fields": {
      "instance_resource": 27,
      "role": 3,
      "instance_state": 6
    }
  },
  {
    "model": "core.irroleacl",
    "pk": 145,
    "fields": {
      "instance_resource": 27,
      "role": 3,
      "instance_state": 7
    }
  },
  {
    "model": "core.irroleacl",
    "pk": 146,
    "fields": {
      "instance_resource": 27,
      "role": 3,
      "instance_state": 8
    }
  },
  {
    "model": "core.irroleacl",
    "pk": 147,
    "fields": {
      "instance_resource": 27,
      "role": 3,
      "instance_state": 9
    }
  },
  {
    "model": "core.irroleacl",
    "pk": 148,
    "fields": {
      "instance_resource": 27,
      "role": 8,
      "instance_state": 2
    }
  },
  {
    "model": "core.irroleacl",
    "pk": 149,
    "fields": {
      "instance_resource": 27,
      "role": 8,
      "instance_state": 3
    }
  },
  {
    "model": "core.irroleacl",
    "pk": 150,
    "fields": {
      "instance_resource": 27,
      "role": 8,
      "instance_state": 4
    }
  },
  {
    "model": "core.irroleacl",
    "pk": 151,
    "fields": {
      "instance_resource": 27,
      "role": 8,
      "instance_state": 5
    }
  },
  {
    "model": "core.irroleacl",
    "pk": 152,
    "fields": {
      "instance_resource": 27,
      "role": 8,
      "instance_state": 6
    }
  },
  {
    "model": "core.irroleacl",
    "pk": 153,
    "fields": {
      "instance_resource": 27,
      "role": 8,
      "instance_state": 7
    }
  },
  {
    "model": "core.irroleacl",
    "pk": 154,
    "fields": {
      "instance_resource": 27,
      "role": 8,
      "instance_state": 8
    }
  },
  {
    "model": "core.irroleacl",
    "pk": 155,
    "fields": {
      "instance_resource": 27,
      "role": 8,
      "instance_state": 9
    }
  },
  {
    "model": "core.irroleacl",
    "pk": 156,
    "fields": {
      "instance_resource": 11,
      "role": 7,
      "instance_state": 5
    }
  },
  {
    "model": "core.irroleacl",
    "pk": 157,
    "fields": {
      "instance_resource": 11,
      "role": 7,
      "instance_state": 7
    }
  },
  {
    "model": "core.irroleacl",
    "pk": 158,
    "fields": {
      "instance_resource": 12,
      "role": 7,
      "instance_state": 5
    }
  },
  {
    "model": "core.irroleacl",
    "pk": 159,
    "fields": {
      "instance_resource": 12,
      "role": 7,
      "instance_state": 7
    }
  },
  {
    "model": "core.irroleacl",
    "pk": 162,
    "fields": {
      "instance_resource": 22,
      "role": 7,
      "instance_state": 5
    }
  },
  {
    "model": "core.irroleacl",
    "pk": 163,
    "fields": {
      "instance_resource": 22,
      "role": 7,
      "instance_state": 7
    }
  },
  {
    "model": "core.irroleacl",
    "pk": 164,
    "fields": {
      "instance_resource": 14,
      "role": 7,
      "instance_state": 5
    }
  },
  {
    "model": "core.irroleacl",
    "pk": 165,
    "fields": {
      "instance_resource": 14,
      "role": 7,
      "instance_state": 7
    }
  },
  {
    "model": "core.irroleacl",
    "pk": 168,
    "fields": {
      "instance_resource": 28,
      "role": 9,
      "instance_state": 3
    }
  },
  {
    "model": "core.irroleacl",
    "pk": 169,
    "fields": {
      "instance_resource": 28,
      "role": 9,
      "instance_state": 5
    }
  },
  {
    "model": "core.irroleacl",
    "pk": 170,
    "fields": {
      "instance_resource": 28,
      "role": 9,
      "instance_state": 6
    }
  },
  {
    "model": "core.irroleacl",
    "pk": 171,
    "fields": {
      "instance_resource": 28,
      "role": 9,
      "instance_state": 7
    }
  },
  {
    "model": "core.irroleacl",
    "pk": 172,
    "fields": {
      "instance_resource": 29,
      "role": 9,
      "instance_state": 3
    }
  },
  {
    "model": "core.irroleacl",
    "pk": 173,
    "fields": {
      "instance_resource": 29,
      "role": 9,
      "instance_state": 5
    }
  },
  {
    "model": "core.irroleacl",
    "pk": 174,
    "fields": {
      "instance_resource": 29,
      "role": 9,
      "instance_state": 6
    }
  },
  {
    "model": "core.irroleacl",
    "pk": 175,
    "fields": {
      "instance_resource": 29,
      "role": 9,
      "instance_state": 7
    }
  },
  {
    "model": "core.irroleacl",
    "pk": 176,
    "fields": {
      "instance_resource": 30,
      "role": 3,
      "instance_state": 3
    }
  },
  {
    "model": "core.irroleacl",
    "pk": 177,
    "fields": {
      "instance_resource": 30,
      "role": 3,
      "instance_state": 4
    }
  },
  {
    "model": "core.irroleacl",
    "pk": 178,
    "fields": {
      "instance_resource": 30,
      "role": 3,
      "instance_state": 5
    }
  },
  {
    "model": "core.irroleacl",
    "pk": 179,
    "fields": {
      "instance_resource": 30,
      "role": 3,
      "instance_state": 6
    }
  },
  {
    "model": "core.irroleacl",
    "pk": 180,
    "fields": {
      "instance_resource": 30,
      "role": 3,
      "instance_state": 7
    }
  },
  {
    "model": "core.irroleacl",
    "pk": 181,
    "fields": {
      "instance_resource": 30,
      "role": 3,
      "instance_state": 8
    }
  },
  {
    "model": "core.irroleacl",
    "pk": 182,
    "fields": {
      "instance_resource": 30,
      "role": 3,
      "instance_state": 9
    }
  },
  {
    "model": "core.irroleacl",
    "pk": 183,
    "fields": {
      "instance_resource": 30,
      "role": 3,
      "instance_state": 10
    }
  },
  {
    "model": "core.irroleacl",
    "pk": 184,
    "fields": {
      "instance_resource": 31,
      "role": 5,
      "instance_state": 5
    }
  },
  {
    "model": "core.irroleacl",
    "pk": 185,
    "fields": {
      "instance_resource": 31,
      "role": 5,
      "instance_state": 7
    }
  },
  {
    "model": "core.irroleacl",
    "pk": 193,
    "fields": {
      "instance_resource": 33,
      "role": 3,
      "instance_state": 2
    }
  },
  {
    "model": "core.irroleacl",
    "pk": 194,
    "fields": {
      "instance_resource": 33,
      "role": 3,
      "instance_state": 3
    }
  },
  {
    "model": "core.irroleacl",
    "pk": 195,
    "fields": {
      "instance_resource": 33,
      "role": 3,
      "instance_state": 4
    }
  },
  {
    "model": "core.irroleacl",
    "pk": 196,
    "fields": {
      "instance_resource": 33,
      "role": 3,
      "instance_state": 5
    }
  },
  {
    "model": "core.irroleacl",
    "pk": 197,
    "fields": {
      "instance_resource": 33,
      "role": 3,
      "instance_state": 6
    }
  },
  {
    "model": "core.irroleacl",
    "pk": 198,
    "fields": {
      "instance_resource": 33,
      "role": 3,
      "instance_state": 7
    }
  },
  {
    "model": "core.irroleacl",
    "pk": 199,
    "fields": {
      "instance_resource": 33,
      "role": 3,
      "instance_state": 8
    }
  },
  {
    "model": "core.irroleacl",
    "pk": 200,
    "fields": {
      "instance_resource": 33,
      "role": 3,
      "instance_state": 9
    }
  },
  {
    "model": "core.irroleacl",
    "pk": 201,
    "fields": {
      "instance_resource": 33,
      "role": 3,
      "instance_state": 10
    }
  },
  {
    "model": "core.irroleacl",
    "pk": 270,
    "fields": {
      "instance_resource": 34,
      "role": 10,
      "instance_state": 3
    }
  },
  {
    "model": "core.irroleacl",
    "pk": 271,
    "fields": {
      "instance_resource": 34,
      "role": 10,
      "instance_state": 4
    }
  },
  {
    "model": "core.irroleacl",
    "pk": 272,
    "fields": {
      "instance_resource": 34,
      "role": 10,
      "instance_state": 5
    }
  },
  {
    "model": "core.irroleacl",
    "pk": 273,
    "fields": {
      "instance_resource": 34,
      "role": 10,
      "instance_state": 6
    }
  },
  {
    "model": "core.irroleacl",
    "pk": 274,
    "fields": {
      "instance_resource": 34,
      "role": 10,
      "instance_state": 7
    }
  },
  {
    "model": "core.irroleacl",
    "pk": 275,
    "fields": {
      "instance_resource": 34,
      "role": 10,
      "instance_state": 8
    }
  },
  {
    "model": "core.irroleacl",
    "pk": 276,
    "fields": {
      "instance_resource": 34,
      "role": 10,
      "instance_state": 9
    }
  },
  {
    "model": "core.irroleacl",
    "pk": 284,
    "fields": {
      "instance_resource": 36,
      "role": 10,
      "instance_state": 3
    }
  },
  {
    "model": "core.irroleacl",
    "pk": 285,
    "fields": {
      "instance_resource": 36,
      "role": 10,
      "instance_state": 4
    }
  },
  {
    "model": "core.irroleacl",
    "pk": 286,
    "fields": {
      "instance_resource": 36,
      "role": 10,
      "instance_state": 5
    }
  },
  {
    "model": "core.irroleacl",
    "pk": 287,
    "fields": {
      "instance_resource": 36,
      "role": 10,
      "instance_state": 6
    }
  },
  {
    "model": "core.irroleacl",
    "pk": 288,
    "fields": {
      "instance_resource": 36,
      "role": 10,
      "instance_state": 7
    }
  },
  {
    "model": "core.irroleacl",
    "pk": 289,
    "fields": {
      "instance_resource": 36,
      "role": 10,
      "instance_state": 8
    }
  },
  {
    "model": "core.irroleacl",
    "pk": 290,
    "fields": {
      "instance_resource": 36,
      "role": 10,
      "instance_state": 9
    }
  },
  {
    "model": "core.irroleacl",
    "pk": 305,
    "fields": {
      "instance_resource": 35,
      "role": 10,
      "instance_state": 3
    }
  },
  {
    "model": "core.irroleacl",
    "pk": 306,
    "fields": {
      "instance_resource": 35,
      "role": 10,
      "instance_state": 4
    }
  },
  {
    "model": "core.irroleacl",
    "pk": 307,
    "fields": {
      "instance_resource": 35,
      "role": 10,
      "instance_state": 5
    }
  },
  {
    "model": "core.irroleacl",
    "pk": 308,
    "fields": {
      "instance_resource": 35,
      "role": 10,
      "instance_state": 6
    }
  },
  {
    "model": "core.irroleacl",
    "pk": 309,
    "fields": {
      "instance_resource": 35,
      "role": 10,
      "instance_state": 7
    }
  },
  {
    "model": "core.irroleacl",
    "pk": 310,
    "fields": {
      "instance_resource": 35,
      "role": 10,
      "instance_state": 8
    }
  },
  {
    "model": "core.irroleacl",
    "pk": 311,
    "fields": {
      "instance_resource": 35,
      "role": 10,
      "instance_state": 9
    }
  },
  {
    "model": "core.irroleacl",
    "pk": 313,
    "fields": {
      "instance_resource": 37,
      "role": 10,
      "instance_state": 4
    }
  },
  {
    "model": "core.irroleacl",
    "pk": 314,
    "fields": {
      "instance_resource": 37,
      "role": 10,
      "instance_state": 5
    }
  },
  {
    "model": "core.irroleacl",
    "pk": 315,
    "fields": {
      "instance_resource": 37,
      "role": 10,
      "instance_state": 6
    }
  },
  {
    "model": "core.irroleacl",
    "pk": 316,
    "fields": {
      "instance_resource": 37,
      "role": 10,
      "instance_state": 7
    }
  },
  {
    "model": "core.irroleacl",
    "pk": 317,
    "fields": {
      "instance_resource": 37,
      "role": 10,
      "instance_state": 8
    }
  },
  {
    "model": "core.irroleacl",
    "pk": 318,
    "fields": {
      "instance_resource": 37,
      "role": 10,
      "instance_state": 9
    }
  },
  {
    "model": "core.irroleacl",
    "pk": 319,
    "fields": {
      "instance_resource": 7,
      "role": 3,
      "instance_state": 7
    }
  },
  {
    "model": "core.irroleacl",
    "pk": 320,
    "fields": {
      "instance_resource": 30,
      "role": 8,
      "instance_state": 3
    }
  },
  {
    "model": "core.irroleacl",
    "pk": 321,
    "fields": {
      "instance_resource": 30,
      "role": 8,
      "instance_state": 5
    }
  },
  {
    "model": "core.irroleacl",
    "pk": 322,
    "fields": {
      "instance_resource": 30,
      "role": 8,
      "instance_state": 6
    }
  },
  {
    "model": "core.irroleacl",
    "pk": 323,
    "fields": {
      "instance_resource": 30,
      "role": 8,
      "instance_state": 7
    }
  },
  {
    "model": "core.irroleacl",
    "pk": 324,
    "fields": {
      "instance_resource": 30,
      "role": 8,
      "instance_state": 8
    }
  },
  {
    "model": "core.irroleacl",
    "pk": 325,
    "fields": {
      "instance_resource": 30,
      "role": 8,
      "instance_state": 9
    }
  },
  {
    "model": "core.irroleacl",
    "pk": 326,
    "fields": {
      "instance_resource": 30,
      "role": 8,
      "instance_state": 10
    }
  },
  {
    "model": "core.irroleacl",
    "pk": 327,
    "fields": {
      "instance_resource": 30,
      "role": 8,
      "instance_state": 4
    }
  },
  {
    "model": "core.irroleacl",
    "pk": 328,
    "fields": {
      "instance_resource": 31,
      "role": 7,
      "instance_state": 5
    }
  },
  {
    "model": "core.irroleacl",
    "pk": 329,
    "fields": {
      "instance_resource": 31,
      "role": 7,
      "instance_state": 7
    }
  },
  {
    "model": "core.irroleacl",
    "pk": 330,
    "fields": {
      "instance_resource": 39,
      "role": 5,
      "instance_state": 5
    }
  },
  {
    "model": "core.irroleacl",
    "pk": 331,
    "fields": {
      "instance_resource": 39,
      "role": 5,
      "instance_state": 7
    }
  },
  {
    "model": "core.irroleacl",
    "pk": 332,
    "fields": {
      "instance_resource": 20,
      "role": 5,
      "instance_state": 5
    }
  },
  {
    "model": "core.irroleacl",
    "pk": 333,
    "fields": {
      "instance_resource": 20,
      "role": 5,
      "instance_state": 7
    }
  },
  {
    "model": "core.irroleacl",
    "pk": 335,
    "fields": {
      "instance_resource": 3,
      "role": 8,
      "instance_state": 2
    }
  },
  {
    "model": "core.irroleacl",
    "pk": 336,
    "fields": {
      "instance_resource": 3,
      "role": 8,
      "instance_state": 3
    }
  },
  {
    "model": "core.irroleacl",
    "pk": 337,
    "fields": {
      "instance_resource": 3,
      "role": 8,
      "instance_state": 4
    }
  },
  {
    "model": "core.irroleacl",
    "pk": 338,
    "fields": {
      "instance_resource": 3,
      "role": 8,
      "instance_state": 5
    }
  },
  {
    "model": "core.irroleacl",
    "pk": 339,
    "fields": {
      "instance_resource": 3,
      "role": 8,
      "instance_state": 6
    }
  },
  {
    "model": "core.irroleacl",
    "pk": 340,
    "fields": {
      "instance_resource": 3,
      "role": 8,
      "instance_state": 7
    }
  },
  {
    "model": "core.irroleacl",
    "pk": 341,
    "fields": {
      "instance_resource": 3,
      "role": 8,
      "instance_state": 8
    }
  },
  {
    "model": "core.irroleacl",
    "pk": 342,
    "fields": {
      "instance_resource": 3,
      "role": 8,
      "instance_state": 9
    }
  },
  {
    "model": "core.irroleacl",
    "pk": 343,
    "fields": {
      "instance_resource": 3,
      "role": 8,
      "instance_state": 10
    }
  },
  {
    "model": "core.irroleacl",
    "pk": 344,
    "fields": {
      "instance_resource": 33,
      "role": 8,
      "instance_state": 2
    }
  },
  {
    "model": "core.irroleacl",
    "pk": 345,
    "fields": {
      "instance_resource": 33,
      "role": 8,
      "instance_state": 3
    }
  },
  {
    "model": "core.irroleacl",
    "pk": 346,
    "fields": {
      "instance_resource": 33,
      "role": 8,
      "instance_state": 4
    }
  },
  {
    "model": "core.irroleacl",
    "pk": 347,
    "fields": {
      "instance_resource": 33,
      "role": 8,
      "instance_state": 5
    }
  },
  {
    "model": "core.irroleacl",
    "pk": 348,
    "fields": {
      "instance_resource": 33,
      "role": 8,
      "instance_state": 6
    }
  },
  {
    "model": "core.irroleacl",
    "pk": 349,
    "fields": {
      "instance_resource": 33,
      "role": 8,
      "instance_state": 7
    }
  },
  {
    "model": "core.irroleacl",
    "pk": 350,
    "fields": {
      "instance_resource": 33,
      "role": 8,
      "instance_state": 8
    }
  },
  {
    "model": "core.irroleacl",
    "pk": 351,
    "fields": {
      "instance_resource": 33,
      "role": 8,
      "instance_state": 9
    }
  },
  {
    "model": "core.irroleacl",
    "pk": 352,
    "fields": {
      "instance_resource": 33,
      "role": 8,
      "instance_state": 10
    }
  },
  {
    "model": "core.irroleacl",
    "pk": 353,
    "fields": {
      "instance_resource": 4,
      "role": 8,
      "instance_state": 3
    }
  },
  {
    "model": "core.irroleacl",
    "pk": 354,
    "fields": {
      "instance_resource": 4,
      "role": 8,
      "instance_state": 4
    }
  },
  {
    "model": "core.irroleacl",
    "pk": 355,
    "fields": {
      "instance_resource": 4,
      "role": 8,
      "instance_state": 5
    }
  },
  {
    "model": "core.irroleacl",
    "pk": 356,
    "fields": {
      "instance_resource": 4,
      "role": 8,
      "instance_state": 6
    }
  },
  {
    "model": "core.irroleacl",
    "pk": 357,
    "fields": {
      "instance_resource": 4,
      "role": 8,
      "instance_state": 7
    }
  },
  {
    "model": "core.irroleacl",
    "pk": 358,
    "fields": {
      "instance_resource": 4,
      "role": 8,
      "instance_state": 8
    }
  },
  {
    "model": "core.irroleacl",
    "pk": 359,
    "fields": {
      "instance_resource": 4,
      "role": 8,
      "instance_state": 10
    }
  },
  {
    "model": "core.irroleacl",
    "pk": 360,
    "fields": {
      "instance_resource": 7,
      "role": 8,
      "instance_state": 3
    }
  },
  {
    "model": "core.irroleacl",
    "pk": 361,
    "fields": {
      "instance_resource": 7,
      "role": 8,
      "instance_state": 4
    }
  },
  {
    "model": "core.irroleacl",
    "pk": 362,
    "fields": {
      "instance_resource": 7,
      "role": 8,
      "instance_state": 5
    }
  },
  {
    "model": "core.irroleacl",
    "pk": 363,
    "fields": {
      "instance_resource": 7,
      "role": 8,
      "instance_state": 6
    }
  },
  {
    "model": "core.irroleacl",
    "pk": 364,
    "fields": {
      "instance_resource": 7,
      "role": 8,
      "instance_state": 7
    }
  },
  {
    "model": "core.irroleacl",
    "pk": 368,
    "fields": {
      "instance_resource": 21,
      "role": 8,
      "instance_state": 2
    }
  },
  {
    "model": "core.irroleacl",
    "pk": 369,
    "fields": {
      "instance_resource": 21,
      "role": 8,
      "instance_state": 3
    }
  },
  {
    "model": "core.irroleacl",
    "pk": 370,
    "fields": {
      "instance_resource": 21,
      "role": 8,
      "instance_state": 4
    }
  },
  {
    "model": "core.irroleacl",
    "pk": 371,
    "fields": {
      "instance_resource": 21,
      "role": 8,
      "instance_state": 5
    }
  },
  {
    "model": "core.irroleacl",
    "pk": 372,
    "fields": {
      "instance_resource": 21,
      "role": 8,
      "instance_state": 6
    }
  },
  {
    "model": "core.irroleacl",
    "pk": 373,
    "fields": {
      "instance_resource": 21,
      "role": 8,
      "instance_state": 7
    }
  },
  {
    "model": "core.irroleacl",
    "pk": 374,
    "fields": {
      "instance_resource": 21,
      "role": 8,
      "instance_state": 8
    }
  },
  {
    "model": "core.irroleacl",
    "pk": 375,
    "fields": {
      "instance_resource": 21,
      "role": 8,
      "instance_state": 9
    }
  },
  {
    "model": "core.irroleacl",
    "pk": 376,
    "fields": {
      "instance_resource": 10,
      "role": 8,
      "instance_state": 3
    }
  },
  {
    "model": "core.irroleacl",
    "pk": 377,
    "fields": {
      "instance_resource": 10,
      "role": 8,
      "instance_state": 4
    }
  },
  {
    "model": "core.irroleacl",
    "pk": 378,
    "fields": {
      "instance_resource": 10,
      "role": 8,
      "instance_state": 5
    }
  },
  {
    "model": "core.irroleacl",
    "pk": 379,
    "fields": {
      "instance_resource": 10,
      "role": 8,
      "instance_state": 6
    }
  },
  {
    "model": "core.irroleacl",
    "pk": 380,
    "fields": {
      "instance_resource": 10,
      "role": 8,
      "instance_state": 7
    }
  },
  {
    "model": "core.irroleacl",
    "pk": 381,
    "fields": {
      "instance_resource": 10,
      "role": 8,
      "instance_state": 8
    }
  },
  {
    "model": "core.irroleacl",
    "pk": 382,
    "fields": {
      "instance_resource": 10,
      "role": 8,
      "instance_state": 9
    }
  },
  {
    "model": "core.irroleacl",
    "pk": 383,
    "fields": {
      "instance_resource": 10,
      "role": 8,
      "instance_state": 10
    }
  },
  {
    "model": "core.irroleacl",
    "pk": 384,
    "fields": {
      "instance_resource": 25,
      "role": 8,
      "instance_state": 3
    }
  },
  {
    "model": "core.irroleacl",
    "pk": 385,
    "fields": {
      "instance_resource": 25,
      "role": 8,
      "instance_state": 4
    }
  },
  {
    "model": "core.irroleacl",
    "pk": 386,
    "fields": {
      "instance_resource": 25,
      "role": 8,
      "instance_state": 5
    }
  },
  {
    "model": "core.irroleacl",
    "pk": 387,
    "fields": {
      "instance_resource": 25,
      "role": 8,
      "instance_state": 6
    }
  },
  {
    "model": "core.irroleacl",
    "pk": 388,
    "fields": {
      "instance_resource": 25,
      "role": 8,
      "instance_state": 7
    }
  },
  {
    "model": "core.irroleacl",
    "pk": 389,
    "fields": {
      "instance_resource": 25,
      "role": 8,
      "instance_state": 8
    }
  },
  {
    "model": "core.irroleacl",
    "pk": 390,
    "fields": {
      "instance_resource": 25,
      "role": 8,
      "instance_state": 9
    }
  },
  {
    "model": "core.irroleacl",
    "pk": 391,
    "fields": {
      "instance_resource": 25,
      "role": 8,
      "instance_state": 10
    }
  },
  {
    "model": "core.irroleacl",
    "pk": 392,
    "fields": {
      "instance_resource": 5,
      "role": 8,
      "instance_state": 3
    }
  },
  {
    "model": "core.irroleacl",
    "pk": 393,
    "fields": {
      "instance_resource": 5,
      "role": 8,
      "instance_state": 4
    }
  },
  {
    "model": "core.irroleacl",
    "pk": 394,
    "fields": {
      "instance_resource": 5,
      "role": 8,
      "instance_state": 5
    }
  },
  {
    "model": "core.irroleacl",
    "pk": 395,
    "fields": {
      "instance_resource": 5,
      "role": 8,
      "instance_state": 6
    }
  },
  {
    "model": "core.irroleacl",
    "pk": 396,
    "fields": {
      "instance_resource": 5,
      "role": 8,
      "instance_state": 7
    }
  },
  {
    "model": "core.irroleacl",
    "pk": 397,
    "fields": {
      "instance_resource": 5,
      "role": 8,
      "instance_state": 8
    }
  },
  {
    "model": "core.irroleacl",
    "pk": 398,
    "fields": {
      "instance_resource": 5,
      "role": 8,
      "instance_state": 9
    }
  },
  {
    "model": "core.irroleacl",
    "pk": 399,
    "fields": {
      "instance_resource": 5,
      "role": 8,
      "instance_state": 10
    }
  },
  {
    "model": "core.irroleacl",
    "pk": 407,
    "fields": {
      "instance_resource": 8,
      "role": 8,
      "instance_state": 3
    }
  },
  {
    "model": "core.irroleacl",
    "pk": 408,
    "fields": {
      "instance_resource": 8,
      "role": 8,
      "instance_state": 4
    }
  },
  {
    "model": "core.irroleacl",
    "pk": 409,
    "fields": {
      "instance_resource": 8,
      "role": 8,
      "instance_state": 5
    }
  },
  {
    "model": "core.irroleacl",
    "pk": 410,
    "fields": {
      "instance_resource": 8,
      "role": 8,
      "instance_state": 6
    }
  },
  {
    "model": "core.irroleacl",
    "pk": 411,
    "fields": {
      "instance_resource": 8,
      "role": 8,
      "instance_state": 7
    }
  },
  {
    "model": "core.irroleacl",
    "pk": 412,
    "fields": {
      "instance_resource": 8,
      "role": 8,
      "instance_state": 8
    }
  },
  {
    "model": "core.irroleacl",
    "pk": 413,
    "fields": {
      "instance_resource": 8,
      "role": 8,
      "instance_state": 10
    }
  },
  {
    "model": "core.irroleacl",
    "pk": 414,
    "fields": {
      "instance_resource": 23,
      "role": 8,
      "instance_state": 2
    }
  },
  {
    "model": "core.irroleacl",
    "pk": 415,
    "fields": {
      "instance_resource": 23,
      "role": 8,
      "instance_state": 3
    }
  },
  {
    "model": "core.irroleacl",
    "pk": 416,
    "fields": {
      "instance_resource": 23,
      "role": 8,
      "instance_state": 4
    }
  },
  {
    "model": "core.irroleacl",
    "pk": 417,
    "fields": {
      "instance_resource": 23,
      "role": 8,
      "instance_state": 5
    }
  },
  {
    "model": "core.irroleacl",
    "pk": 418,
    "fields": {
      "instance_resource": 23,
      "role": 8,
      "instance_state": 6
    }
  },
  {
    "model": "core.irroleacl",
    "pk": 419,
    "fields": {
      "instance_resource": 23,
      "role": 8,
      "instance_state": 7
    }
  },
  {
    "model": "core.irroleacl",
    "pk": 420,
    "fields": {
      "instance_resource": 23,
      "role": 8,
      "instance_state": 8
    }
  },
  {
    "model": "core.irroleacl",
    "pk": 421,
    "fields": {
      "instance_resource": 23,
      "role": 8,
      "instance_state": 9
    }
  },
  {
    "model": "core.irroleacl",
    "pk": 422,
    "fields": {
      "instance_resource": 23,
      "role": 8,
      "instance_state": 10
    }
  },
  {
    "model": "core.irroleacl",
    "pk": 423,
    "fields": {
      "instance_resource": 23,
      "role": 3,
      "instance_state": 10
    }
  },
  {
    "model": "core.irroleacl",
    "pk": 424,
    "fields": {
      "instance_resource": 26,
      "role": 8,
      "instance_state": 2
    }
  },
  {
    "model": "core.irroleacl",
    "pk": 425,
    "fields": {
      "instance_resource": 26,
      "role": 8,
      "instance_state": 3
    }
  },
  {
    "model": "core.irroleacl",
    "pk": 426,
    "fields": {
      "instance_resource": 26,
      "role": 8,
      "instance_state": 4
    }
  },
  {
    "model": "core.irroleacl",
    "pk": 427,
    "fields": {
      "instance_resource": 26,
      "role": 8,
      "instance_state": 5
    }
  },
  {
    "model": "core.irroleacl",
    "pk": 428,
    "fields": {
      "instance_resource": 26,
      "role": 8,
      "instance_state": 6
    }
  },
  {
    "model": "core.irroleacl",
    "pk": 429,
    "fields": {
      "instance_resource": 26,
      "role": 8,
      "instance_state": 7
    }
  },
  {
    "model": "core.irroleacl",
    "pk": 430,
    "fields": {
      "instance_resource": 26,
      "role": 8,
      "instance_state": 8
    }
  },
  {
    "model": "core.irroleacl",
    "pk": 431,
    "fields": {
      "instance_resource": 26,
      "role": 8,
      "instance_state": 9
    }
  },
  {
    "model": "core.irroleacl",
    "pk": 432,
    "fields": {
      "instance_resource": 26,
      "role": 8,
      "instance_state": 10
    }
  },
  {
    "model": "core.irroleacl",
    "pk": 433,
    "fields": {
      "instance_resource": 1,
      "role": 8,
      "instance_state": 2
    }
  },
  {
    "model": "core.irroleacl",
    "pk": 434,
    "fields": {
      "instance_resource": 1,
      "role": 8,
      "instance_state": 3
    }
  },
  {
    "model": "core.irroleacl",
    "pk": 435,
    "fields": {
      "instance_resource": 1,
      "role": 8,
      "instance_state": 4
    }
  },
  {
    "model": "core.irroleacl",
    "pk": 436,
    "fields": {
      "instance_resource": 1,
      "role": 8,
      "instance_state": 5
    }
  },
  {
    "model": "core.irroleacl",
    "pk": 437,
    "fields": {
      "instance_resource": 1,
      "role": 8,
      "instance_state": 6
    }
  },
  {
    "model": "core.irroleacl",
    "pk": 438,
    "fields": {
      "instance_resource": 1,
      "role": 8,
      "instance_state": 7
    }
  },
  {
    "model": "core.irroleacl",
    "pk": 439,
    "fields": {
      "instance_resource": 1,
      "role": 8,
      "instance_state": 8
    }
  },
  {
    "model": "core.irroleacl",
    "pk": 440,
    "fields": {
      "instance_resource": 1,
      "role": 8,
      "instance_state": 9
    }
  },
  {
    "model": "core.irroleacl",
    "pk": 441,
    "fields": {
      "instance_resource": 1,
      "role": 8,
      "instance_state": 10
    }
  },
  {
    "model": "core.irroleacl",
    "pk": 442,
    "fields": {
      "instance_resource": 40,
      "role": 5,
      "instance_state": 5
    }
  },
  {
    "model": "core.irroleacl",
    "pk": 443,
    "fields": {
      "instance_resource": 40,
      "role": 5,
      "instance_state": 7
    }
  },
  {
    "model": "core.irroleacl",
    "pk": 444,
    "fields": {
      "instance_resource": 40,
      "role": 7,
      "instance_state": 5
    }
  },
  {
    "model": "core.irroleacl",
    "pk": 445,
    "fields": {
      "instance_resource": 40,
      "role": 7,
      "instance_state": 7
    }
  },
  {
    "model": "core.irroleacl",
    "pk": 446,
    "fields": {
      "instance_resource": 41,
      "role": 5,
      "instance_state": 5
    }
  },
  {
    "model": "core.irroleacl",
    "pk": 447,
    "fields": {
      "instance_resource": 41,
      "role": 5,
      "instance_state": 7
    }
  },
  {
    "model": "core.irroleacl",
    "pk": 448,
    "fields": {
      "instance_resource": 41,
      "role": 7,
      "instance_state": 5
    }
  },
  {
    "model": "core.irroleacl",
    "pk": 449,
    "fields": {
      "instance_resource": 41,
      "role": 7,
      "instance_state": 7
    }
  },
  {
    "model": "core.irroleacl",
    "pk": 450,
    "fields": {
      "instance_resource": 42,
      "role": 5,
      "instance_state": 5
    }
  },
  {
    "model": "core.irroleacl",
    "pk": 451,
    "fields": {
      "instance_resource": 42,
      "role": 5,
      "instance_state": 7
    }
  },
  {
    "model": "core.irroleacl",
    "pk": 452,
    "fields": {
      "instance_resource": 42,
      "role": 7,
      "instance_state": 5
    }
  },
  {
    "model": "core.irroleacl",
    "pk": 453,
    "fields": {
      "instance_resource": 42,
      "role": 7,
      "instance_state": 7
    }
  },
  {
    "model": "core.irroleacl",
    "pk": 454,
    "fields": {
      "instance_resource": 20,
      "role": 7,
      "instance_state": 5
    }
  },
  {
    "model": "core.irroleacl",
    "pk": 455,
    "fields": {
      "instance_resource": 20,
      "role": 7,
      "instance_state": 7
    }
  },
  {
    "model": "core.irroleacl",
    "pk": 456,
    "fields": {
      "instance_resource": 24,
      "role": 7,
      "instance_state": 5
    }
  },
  {
    "model": "core.irroleacl",
    "pk": 457,
    "fields": {
      "instance_resource": 24,
      "role": 7,
      "instance_state": 7
    }
  },
  {
    "model": "core.irroleacl",
    "pk": 458,
    "fields": {
      "instance_resource": 37,
      "role": 10,
      "instance_state": 3
    }
  },
  {
    "model": "core.irroleacl",
    "pk": 459,
    "fields": {
      "instance_resource": 37,
      "role": 10,
      "instance_state": 10
    }
  },
  {
    "model": "core.irroleacl",
    "pk": 460,
    "fields": {
      "instance_resource": 11,
      "role": 5,
      "instance_state": 8
    }
  },
  {
    "model": "core.irroleacl",
    "pk": 461,
    "fields": {
      "instance_resource": 11,
      "role": 5,
      "instance_state": 9
    }
  },
  {
    "model": "core.irroleacl",
    "pk": 462,
    "fields": {
      "instance_resource": 11,
      "role": 5,
      "instance_state": 10
    }
  },
  {
    "model": "core.irroleacl",
    "pk": 464,
    "fields": {
      "instance_resource": 11,
      "role": 7,
      "instance_state": 8
    }
  },
  {
    "model": "core.irroleacl",
    "pk": 465,
    "fields": {
      "instance_resource": 11,
      "role": 7,
      "instance_state": 9
    }
  },
  {
    "model": "core.irroleacl",
    "pk": 466,
    "fields": {
      "instance_resource": 11,
      "role": 7,
      "instance_state": 10
    }
  },
  {
    "model": "core.irroleacl",
    "pk": 468,
    "fields": {
      "instance_resource": 11,
      "role": 5,
      "instance_state": 6
    }
  },
  {
    "model": "core.irroleacl",
    "pk": 469,
    "fields": {
      "instance_resource": 11,
      "role": 7,
      "instance_state": 6
    }
  },
  {
    "model": "core.irroleacl",
    "pk": 470,
    "fields": {
      "instance_resource": 12,
      "role": 5,
      "instance_state": 6
    }
  },
  {
    "model": "core.irroleacl",
    "pk": 471,
    "fields": {
      "instance_resource": 12,
      "role": 5,
      "instance_state": 8
    }
  },
  {
    "model": "core.irroleacl",
    "pk": 472,
    "fields": {
      "instance_resource": 12,
      "role": 5,
      "instance_state": 9
    }
  },
  {
    "model": "core.irroleacl",
    "pk": 473,
    "fields": {
      "instance_resource": 12,
      "role": 5,
      "instance_state": 10
    }
  },
  {
    "model": "core.irroleacl",
    "pk": 474,
    "fields": {
      "instance_resource": 12,
      "role": 7,
      "instance_state": 6
    }
  },
  {
    "model": "core.irroleacl",
    "pk": 475,
    "fields": {
      "instance_resource": 12,
      "role": 7,
      "instance_state": 8
    }
  },
  {
    "model": "core.irroleacl",
    "pk": 476,
    "fields": {
      "instance_resource": 12,
      "role": 7,
      "instance_state": 9
    }
  },
  {
    "model": "core.irroleacl",
    "pk": 477,
    "fields": {
      "instance_resource": 12,
      "role": 7,
      "instance_state": 10
    }
  },
  {
    "model": "core.irroleacl",
    "pk": 478,
    "fields": {
      "instance_resource": 14,
      "role": 5,
      "instance_state": 6
    }
  },
  {
    "model": "core.irroleacl",
    "pk": 479,
    "fields": {
      "instance_resource": 14,
      "role": 5,
      "instance_state": 8
    }
  },
  {
    "model": "core.irroleacl",
    "pk": 480,
    "fields": {
      "instance_resource": 14,
      "role": 5,
      "instance_state": 9
    }
  },
  {
    "model": "core.irroleacl",
    "pk": 481,
    "fields": {
      "instance_resource": 14,
      "role": 5,
      "instance_state": 10
    }
  },
  {
    "model": "core.irroleacl",
    "pk": 482,
    "fields": {
      "instance_resource": 14,
      "role": 7,
      "instance_state": 6
    }
  },
  {
    "model": "core.irroleacl",
    "pk": 483,
    "fields": {
      "instance_resource": 14,
      "role": 7,
      "instance_state": 8
    }
  },
  {
    "model": "core.irroleacl",
    "pk": 484,
    "fields": {
      "instance_resource": 14,
      "role": 7,
      "instance_state": 9
    }
  },
  {
    "model": "core.irroleacl",
    "pk": 485,
    "fields": {
      "instance_resource": 14,
      "role": 7,
      "instance_state": 10
    }
  },
  {
    "model": "core.irroleacl",
    "pk": 486,
    "fields": {
      "instance_resource": 3,
      "role": 3,
      "instance_state": 12
    }
  },
  {
    "model": "core.irroleacl",
    "pk": 487,
    "fields": {
      "instance_resource": 3,
      "role": 8,
      "instance_state": 12
    }
  },
  {
    "model": "core.irroleacl",
    "pk": 488,
    "fields": {
      "instance_resource": 1,
      "role": 3,
      "instance_state": 12
    }
  },
  {
    "model": "core.irroleacl",
    "pk": 489,
    "fields": {
      "instance_resource": 1,
      "role": 8,
      "instance_state": 12
    }
  },
  {
    "model": "core.irroleacl",
    "pk": 490,
    "fields": {
      "instance_resource": 33,
      "role": 3,
      "instance_state": 12
    }
  },
  {
    "model": "core.irroleacl",
    "pk": 491,
    "fields": {
      "instance_resource": 33,
      "role": 8,
      "instance_state": 12
    }
  },
  {
    "model": "core.irroleacl",
    "pk": 492,
    "fields": {
      "instance_resource": 21,
      "role": 3,
      "instance_state": 12
    }
  },
  {
    "model": "core.irroleacl",
    "pk": 493,
    "fields": {
      "instance_resource": 21,
      "role": 8,
      "instance_state": 12
    }
  },
  {
    "model": "core.irroleacl",
    "pk": 494,
    "fields": {
      "instance_resource": 23,
      "role": 3,
      "instance_state": 12
    }
  },
  {
    "model": "core.irroleacl",
    "pk": 495,
    "fields": {
      "instance_resource": 23,
      "role": 8,
      "instance_state": 12
    }
  },
  {
    "model": "core.irroleacl",
    "pk": 496,
    "fields": {
      "instance_resource": 26,
      "role": 3,
      "instance_state": 12
    }
  },
  {
    "model": "core.irroleacl",
    "pk": 497,
    "fields": {
      "instance_resource": 26,
      "role": 8,
      "instance_state": 12
    }
  },
  {
    "model": "core.irroleacl",
    "pk": 498,
    "fields": {
      "instance_resource": 27,
      "role": 3,
      "instance_state": 12
    }
  },
  {
    "model": "core.irroleacl",
    "pk": 499,
    "fields": {
      "instance_resource": 27,
      "role": 8,
      "instance_state": 12
    }
  },
  {
    "model": "core.irroleacl",
    "pk": 500,
    "fields": {
      "instance_resource": 4,
      "role": 3,
      "instance_state": 7
    }
  },
  {
    "model": "core.irroleacl",
    "pk": 501,
    "fields": {
      "instance_resource": 4,
      "role": 3,
      "instance_state": 9
    }
  },
  {
    "model": "core.irroleacl",
    "pk": 502,
    "fields": {
      "instance_resource": 4,
      "role": 8,
      "instance_state": 9
    }
  },
  {
    "model": "core.irroleacl",
    "pk": 503,
    "fields": {
      "instance_resource": 3,
      "role": 3,
      "instance_state": 13
    }
  },
  {
    "model": "core.irroleacl",
    "pk": 504,
    "fields": {
      "instance_resource": 3,
      "role": 8,
      "instance_state": 13
    }
  },
  {
    "model": "core.irroleacl",
    "pk": 505,
    "fields": {
      "instance_resource": 1,
      "role": 3,
      "instance_state": 13
    }
  },
  {
    "model": "core.irroleacl",
    "pk": 506,
    "fields": {
      "instance_resource": 1,
      "role": 8,
      "instance_state": 13
    }
  },
  {
    "model": "core.irroleacl",
    "pk": 507,
    "fields": {
      "instance_resource": 33,
      "role": 3,
      "instance_state": 13
    }
  },
  {
    "model": "core.irroleacl",
    "pk": 508,
    "fields": {
      "instance_resource": 33,
      "role": 8,
      "instance_state": 13
    }
  },
  {
    "model": "core.irroleacl",
    "pk": 509,
    "fields": {
      "instance_resource": 4,
      "role": 3,
      "instance_state": 13
    }
  },
  {
    "model": "core.irroleacl",
    "pk": 510,
    "fields": {
      "instance_resource": 4,
      "role": 8,
      "instance_state": 13
    }
  },
  {
    "model": "core.irroleacl",
    "pk": 511,
    "fields": {
      "instance_resource": 21,
      "role": 3,
      "instance_state": 13
    }
  },
  {
    "model": "core.irroleacl",
    "pk": 512,
    "fields": {
      "instance_resource": 21,
      "role": 8,
      "instance_state": 13
    }
  },
  {
    "model": "core.irroleacl",
    "pk": 513,
    "fields": {
      "instance_resource": 10,
      "role": 3,
      "instance_state": 13
    }
  },
  {
    "model": "core.irroleacl",
    "pk": 514,
    "fields": {
      "instance_resource": 10,
      "role": 8,
      "instance_state": 13
    }
  },
  {
    "model": "core.irroleacl",
    "pk": 515,
    "fields": {
      "instance_resource": 25,
      "role": 3,
      "instance_state": 13
    }
  },
  {
    "model": "core.irroleacl",
    "pk": 516,
    "fields": {
      "instance_resource": 25,
      "role": 8,
      "instance_state": 13
    }
  },
  {
    "model": "core.irroleacl",
    "pk": 517,
    "fields": {
      "instance_resource": 5,
      "role": 3,
      "instance_state": 13
    }
  },
  {
    "model": "core.irroleacl",
    "pk": 518,
    "fields": {
      "instance_resource": 5,
      "role": 8,
      "instance_state": 13
    }
  },
  {
    "model": "core.irroleacl",
    "pk": 519,
    "fields": {
      "instance_resource": 8,
      "role": 3,
      "instance_state": 13
    }
  },
  {
    "model": "core.irroleacl",
    "pk": 520,
    "fields": {
      "instance_resource": 8,
      "role": 8,
      "instance_state": 13
    }
  },
  {
    "model": "core.irroleacl",
    "pk": 521,
    "fields": {
      "instance_resource": 23,
      "role": 3,
      "instance_state": 13
    }
  },
  {
    "model": "core.irroleacl",
    "pk": 522,
    "fields": {
      "instance_resource": 23,
      "role": 8,
      "instance_state": 13
    }
  },
  {
    "model": "core.irroleacl",
    "pk": 523,
    "fields": {
      "instance_resource": 26,
      "role": 3,
      "instance_state": 13
    }
  },
  {
    "model": "core.irroleacl",
    "pk": 524,
    "fields": {
      "instance_resource": 26,
      "role": 8,
      "instance_state": 13
    }
  },
  {
    "model": "core.irroleacl",
    "pk": 525,
    "fields": {
      "instance_resource": 30,
      "role": 3,
      "instance_state": 13
    }
  },
  {
    "model": "core.irroleacl",
    "pk": 526,
    "fields": {
      "instance_resource": 30,
      "role": 8,
      "instance_state": 13
    }
  },
  {
    "model": "core.irroleacl",
    "pk": 527,
    "fields": {
      "instance_resource": 27,
      "role": 3,
      "instance_state": 13
    }
  },
  {
    "model": "core.irroleacl",
    "pk": 528,
    "fields": {
      "instance_resource": 27,
      "role": 8,
      "instance_state": 13
    }
  },
  {
    "model": "core.irroleacl",
    "pk": 529,
    "fields": {
      "instance_resource": 39,
      "role": 5,
      "instance_state": 6
    }
  },
  {
    "model": "core.irroleacl",
    "pk": 534,
    "fields": {
      "instance_resource": 22,
      "role": 5,
      "instance_state": 6
    }
  },
  {
    "model": "core.irroleacl",
    "pk": 535,
    "fields": {
      "instance_resource": 22,
      "role": 5,
      "instance_state": 8
    }
  },
  {
    "model": "core.irroleacl",
    "pk": 536,
    "fields": {
      "instance_resource": 22,
      "role": 5,
      "instance_state": 9
    }
  },
  {
    "model": "core.irroleacl",
    "pk": 537,
    "fields": {
      "instance_resource": 22,
      "role": 5,
      "instance_state": 10
    }
  },
  {
    "model": "core.irroleacl",
    "pk": 538,
    "fields": {
      "instance_resource": 22,
      "role": 7,
      "instance_state": 6
    }
  },
  {
    "model": "core.irroleacl",
    "pk": 539,
    "fields": {
      "instance_resource": 22,
      "role": 7,
      "instance_state": 8
    }
  },
  {
    "model": "core.irroleacl",
    "pk": 540,
    "fields": {
      "instance_resource": 22,
      "role": 7,
      "instance_state": 9
    }
  },
  {
    "model": "core.irroleacl",
    "pk": 541,
    "fields": {
      "instance_resource": 22,
      "role": 7,
      "instance_state": 10
    }
  },
  {
    "model": "core.irroleacl",
    "pk": 542,
    "fields": {
      "instance_resource": 40,
      "role": 5,
      "instance_state": 6
    }
  },
  {
    "model": "core.irroleacl",
    "pk": 543,
    "fields": {
      "instance_resource": 40,
      "role": 5,
      "instance_state": 13
    }
  },
  {
    "model": "core.irroleacl",
    "pk": 544,
    "fields": {
      "instance_resource": 40,
      "role": 5,
      "instance_state": 8
    }
  },
  {
    "model": "core.irroleacl",
    "pk": 545,
    "fields": {
      "instance_resource": 40,
      "role": 5,
      "instance_state": 9
    }
  },
  {
    "model": "core.irroleacl",
    "pk": 546,
    "fields": {
      "instance_resource": 40,
      "role": 5,
      "instance_state": 10
    }
  },
  {
    "model": "core.irroleacl",
    "pk": 547,
    "fields": {
      "instance_resource": 40,
      "role": 7,
      "instance_state": 6
    }
  },
  {
    "model": "core.irroleacl",
    "pk": 548,
    "fields": {
      "instance_resource": 40,
      "role": 7,
      "instance_state": 13
    }
  },
  {
    "model": "core.irroleacl",
    "pk": 549,
    "fields": {
      "instance_resource": 40,
      "role": 7,
      "instance_state": 8
    }
  },
  {
    "model": "core.irroleacl",
    "pk": 550,
    "fields": {
      "instance_resource": 40,
      "role": 7,
      "instance_state": 9
    }
  },
  {
    "model": "core.irroleacl",
    "pk": 551,
    "fields": {
      "instance_resource": 40,
      "role": 7,
      "instance_state": 10
    }
  },
  {
    "model": "core.irroleacl",
    "pk": 552,
    "fields": {
      "instance_resource": 11,
      "role": 5,
      "instance_state": 13
    }
  },
  {
    "model": "core.irroleacl",
    "pk": 553,
    "fields": {
      "instance_resource": 11,
      "role": 7,
      "instance_state": 13
    }
  },
  {
    "model": "core.irroleacl",
    "pk": 554,
    "fields": {
      "instance_resource": 12,
      "role": 5,
      "instance_state": 13
    }
  },
  {
    "model": "core.irroleacl",
    "pk": 555,
    "fields": {
      "instance_resource": 12,
      "role": 7,
      "instance_state": 13
    }
  },
  {
    "model": "core.irroleacl",
    "pk": 557,
    "fields": {
      "instance_resource": 20,
      "role": 5,
      "instance_state": 6
    }
  },
  {
    "model": "core.irroleacl",
    "pk": 558,
    "fields": {
      "instance_resource": 20,
      "role": 5,
      "instance_state": 13
    }
  },
  {
    "model": "core.irroleacl",
    "pk": 559,
    "fields": {
      "instance_resource": 20,
      "role": 5,
      "instance_state": 8
    }
  },
  {
    "model": "core.irroleacl",
    "pk": 560,
    "fields": {
      "instance_resource": 20,
      "role": 5,
      "instance_state": 9
    }
  },
  {
    "model": "core.irroleacl",
    "pk": 561,
    "fields": {
      "instance_resource": 20,
      "role": 5,
      "instance_state": 10
    }
  },
  {
    "model": "core.irroleacl",
    "pk": 562,
    "fields": {
      "instance_resource": 20,
      "role": 7,
      "instance_state": 6
    }
  },
  {
    "model": "core.irroleacl",
    "pk": 563,
    "fields": {
      "instance_resource": 20,
      "role": 7,
      "instance_state": 13
    }
  },
  {
    "model": "core.irroleacl",
    "pk": 564,
    "fields": {
      "instance_resource": 20,
      "role": 7,
      "instance_state": 8
    }
  },
  {
    "model": "core.irroleacl",
    "pk": 565,
    "fields": {
      "instance_resource": 20,
      "role": 7,
      "instance_state": 9
    }
  },
  {
    "model": "core.irroleacl",
    "pk": 566,
    "fields": {
      "instance_resource": 20,
      "role": 7,
      "instance_state": 10
    }
  },
  {
    "model": "core.irroleacl",
    "pk": 567,
    "fields": {
      "instance_resource": 14,
      "role": 5,
      "instance_state": 13
    }
  },
  {
    "model": "core.irroleacl",
    "pk": 568,
    "fields": {
      "instance_resource": 14,
      "role": 7,
      "instance_state": 13
    }
  },
  {
    "model": "core.irroleacl",
    "pk": 569,
    "fields": {
      "instance_resource": 24,
      "role": 5,
      "instance_state": 6
    }
  },
  {
    "model": "core.irroleacl",
    "pk": 570,
    "fields": {
      "instance_resource": 24,
      "role": 5,
      "instance_state": 13
    }
  },
  {
    "model": "core.irroleacl",
    "pk": 571,
    "fields": {
      "instance_resource": 24,
      "role": 5,
      "instance_state": 8
    }
  },
  {
    "model": "core.irroleacl",
    "pk": 572,
    "fields": {
      "instance_resource": 24,
      "role": 5,
      "instance_state": 9
    }
  },
  {
    "model": "core.irroleacl",
    "pk": 573,
    "fields": {
      "instance_resource": 24,
      "role": 5,
      "instance_state": 10
    }
  },
  {
    "model": "core.irroleacl",
    "pk": 574,
    "fields": {
      "instance_resource": 24,
      "role": 7,
      "instance_state": 6
    }
  },
  {
    "model": "core.irroleacl",
    "pk": 575,
    "fields": {
      "instance_resource": 24,
      "role": 7,
      "instance_state": 13
    }
  },
  {
    "model": "core.irroleacl",
    "pk": 576,
    "fields": {
      "instance_resource": 24,
      "role": 7,
      "instance_state": 8
    }
  },
  {
    "model": "core.irroleacl",
    "pk": 577,
    "fields": {
      "instance_resource": 24,
      "role": 7,
      "instance_state": 9
    }
  },
  {
    "model": "core.irroleacl",
    "pk": 578,
    "fields": {
      "instance_resource": 24,
      "role": 7,
      "instance_state": 10
    }
  },
  {
    "model": "core.irroleacl",
    "pk": 579,
    "fields": {
      "instance_resource": 41,
      "role": 5,
      "instance_state": 6
    }
  },
  {
    "model": "core.irroleacl",
    "pk": 580,
    "fields": {
      "instance_resource": 41,
      "role": 5,
      "instance_state": 13
    }
  },
  {
    "model": "core.irroleacl",
    "pk": 581,
    "fields": {
      "instance_resource": 41,
      "role": 5,
      "instance_state": 8
    }
  },
  {
    "model": "core.irroleacl",
    "pk": 582,
    "fields": {
      "instance_resource": 41,
      "role": 5,
      "instance_state": 9
    }
  },
  {
    "model": "core.irroleacl",
    "pk": 583,
    "fields": {
      "instance_resource": 41,
      "role": 5,
      "instance_state": 10
    }
  },
  {
    "model": "core.irroleacl",
    "pk": 584,
    "fields": {
      "instance_resource": 41,
      "role": 7,
      "instance_state": 6
    }
  },
  {
    "model": "core.irroleacl",
    "pk": 585,
    "fields": {
      "instance_resource": 41,
      "role": 7,
      "instance_state": 13
    }
  },
  {
    "model": "core.irroleacl",
    "pk": 586,
    "fields": {
      "instance_resource": 41,
      "role": 7,
      "instance_state": 8
    }
  },
  {
    "model": "core.irroleacl",
    "pk": 587,
    "fields": {
      "instance_resource": 41,
      "role": 7,
      "instance_state": 9
    }
  },
  {
    "model": "core.irroleacl",
    "pk": 588,
    "fields": {
      "instance_resource": 41,
      "role": 7,
      "instance_state": 10
    }
  },
  {
    "model": "core.irroleacl",
    "pk": 589,
    "fields": {
      "instance_resource": 42,
      "role": 5,
      "instance_state": 6
    }
  },
  {
    "model": "core.irroleacl",
    "pk": 590,
    "fields": {
      "instance_resource": 42,
      "role": 5,
      "instance_state": 13
    }
  },
  {
    "model": "core.irroleacl",
    "pk": 591,
    "fields": {
      "instance_resource": 42,
      "role": 5,
      "instance_state": 8
    }
  },
  {
    "model": "core.irroleacl",
    "pk": 592,
    "fields": {
      "instance_resource": 42,
      "role": 5,
      "instance_state": 9
    }
  },
  {
    "model": "core.irroleacl",
    "pk": 593,
    "fields": {
      "instance_resource": 42,
      "role": 5,
      "instance_state": 10
    }
  },
  {
    "model": "core.irroleacl",
    "pk": 594,
    "fields": {
      "instance_resource": 31,
      "role": 5,
      "instance_state": 6
    }
  },
  {
    "model": "core.irroleacl",
    "pk": 595,
    "fields": {
      "instance_resource": 31,
      "role": 5,
      "instance_state": 13
    }
  },
  {
    "model": "core.irroleacl",
    "pk": 596,
    "fields": {
      "instance_resource": 31,
      "role": 5,
      "instance_state": 8
    }
  },
  {
    "model": "core.irroleacl",
    "pk": 597,
    "fields": {
      "instance_resource": 31,
      "role": 5,
      "instance_state": 9
    }
  },
  {
    "model": "core.irroleacl",
    "pk": 598,
    "fields": {
      "instance_resource": 31,
      "role": 5,
      "instance_state": 10
    }
  },
  {
    "model": "core.irroleacl",
    "pk": 599,
    "fields": {
      "instance_resource": 31,
      "role": 7,
      "instance_state": 6
    }
  },
  {
    "model": "core.irroleacl",
    "pk": 600,
    "fields": {
      "instance_resource": 31,
      "role": 7,
      "instance_state": 13
    }
  },
  {
    "model": "core.irroleacl",
    "pk": 601,
    "fields": {
      "instance_resource": 31,
      "role": 7,
      "instance_state": 8
    }
  },
  {
    "model": "core.irroleacl",
    "pk": 602,
    "fields": {
      "instance_resource": 31,
      "role": 7,
      "instance_state": 9
    }
  },
  {
    "model": "core.irroleacl",
    "pk": 603,
    "fields": {
      "instance_resource": 31,
      "role": 7,
      "instance_state": 10
    }
  },
  {
    "model": "core.irroleacl",
    "pk": 604,
    "fields": {
      "instance_resource": 39,
      "role": 7,
      "instance_state": 5
    }
  },
  {
    "model": "core.irroleacl",
    "pk": 605,
    "fields": {
      "instance_resource": 39,
      "role": 7,
      "instance_state": 6
    }
  },
  {
    "model": "core.irroleacl",
    "pk": 606,
    "fields": {
      "instance_resource": 39,
      "role": 7,
      "instance_state": 7
    }
  },
  {
    "model": "core.irroleacl",
    "pk": 611,
    "fields": {
      "instance_resource": 42,
      "role": 7,
      "instance_state": 6
    }
  },
  {
    "model": "core.irroleacl",
    "pk": 612,
    "fields": {
      "instance_resource": 42,
      "role": 7,
      "instance_state": 13
    }
  },
  {
    "model": "core.irroleacl",
    "pk": 613,
    "fields": {
      "instance_resource": 42,
      "role": 7,
      "instance_state": 8
    }
  },
  {
    "model": "core.irroleacl",
    "pk": 614,
    "fields": {
      "instance_resource": 42,
      "role": 7,
      "instance_state": 9
    }
  },
  {
    "model": "core.irroleacl",
    "pk": 615,
    "fields": {
      "instance_resource": 42,
      "role": 7,
      "instance_state": 10
    }
  },
  {
    "model": "core.irroleacl",
    "pk": 649,
    "fields": {
      "instance_resource": 46,
      "role": 3,
      "instance_state": 1
    }
  },
  {
    "model": "core.irroleacl",
    "pk": 650,
    "fields": {
      "instance_resource": 46,
      "role": 8,
      "instance_state": 1
    }
  },
  {
    "model": "core.irroleacl",
    "pk": 651,
    "fields": {
      "instance_resource": 3,
      "role": 11,
      "instance_state": 12
    }
  },
  {
    "model": "core.irroleacl",
    "pk": 652,
    "fields": {
      "instance_resource": 3,
      "role": 11,
      "instance_state": 2
    }
  },
  {
    "model": "core.irroleacl",
    "pk": 653,
    "fields": {
      "instance_resource": 3,
      "role": 11,
      "instance_state": 3
    }
  },
  {
    "model": "core.irroleacl",
    "pk": 654,
    "fields": {
      "instance_resource": 3,
      "role": 11,
      "instance_state": 4
    }
  },
  {
    "model": "core.irroleacl",
    "pk": 655,
    "fields": {
      "instance_resource": 3,
      "role": 11,
      "instance_state": 5
    }
  },
  {
    "model": "core.irroleacl",
    "pk": 656,
    "fields": {
      "instance_resource": 3,
      "role": 11,
      "instance_state": 6
    }
  },
  {
    "model": "core.irroleacl",
    "pk": 657,
    "fields": {
      "instance_resource": 3,
      "role": 11,
      "instance_state": 7
    }
  },
  {
    "model": "core.irroleacl",
    "pk": 658,
    "fields": {
      "instance_resource": 3,
      "role": 11,
      "instance_state": 13
    }
  },
  {
    "model": "core.irroleacl",
    "pk": 659,
    "fields": {
      "instance_resource": 3,
      "role": 11,
      "instance_state": 8
    }
  },
  {
    "model": "core.irroleacl",
    "pk": 660,
    "fields": {
      "instance_resource": 3,
      "role": 11,
      "instance_state": 9
    }
  },
  {
    "model": "core.irroleacl",
    "pk": 661,
    "fields": {
      "instance_resource": 1,
      "role": 11,
      "instance_state": 2
    }
  },
  {
    "model": "core.irroleacl",
    "pk": 662,
    "fields": {
      "instance_resource": 1,
      "role": 11,
      "instance_state": 3
    }
  },
  {
    "model": "core.irroleacl",
    "pk": 663,
    "fields": {
      "instance_resource": 1,
      "role": 11,
      "instance_state": 4
    }
  },
  {
    "model": "core.irroleacl",
    "pk": 664,
    "fields": {
      "instance_resource": 1,
      "role": 11,
      "instance_state": 5
    }
  },
  {
    "model": "core.irroleacl",
    "pk": 665,
    "fields": {
      "instance_resource": 1,
      "role": 11,
      "instance_state": 6
    }
  },
  {
    "model": "core.irroleacl",
    "pk": 666,
    "fields": {
      "instance_resource": 1,
      "role": 11,
      "instance_state": 7
    }
  },
  {
    "model": "core.irroleacl",
    "pk": 667,
    "fields": {
      "instance_resource": 1,
      "role": 11,
      "instance_state": 13
    }
  },
  {
    "model": "core.irroleacl",
    "pk": 668,
    "fields": {
      "instance_resource": 1,
      "role": 11,
      "instance_state": 8
    }
  },
  {
    "model": "core.irroleacl",
    "pk": 669,
    "fields": {
      "instance_resource": 1,
      "role": 11,
      "instance_state": 9
    }
  },
  {
    "model": "core.irroleacl",
    "pk": 670,
    "fields": {
      "instance_resource": 1,
      "role": 11,
      "instance_state": 10
    }
  },
  {
    "model": "core.irroleacl",
    "pk": 671,
    "fields": {
      "instance_resource": 3,
      "role": 11,
      "instance_state": 10
    }
  },
  {
    "model": "core.irroleacl",
    "pk": 672,
    "fields": {
      "instance_resource": 47,
      "role": 11,
      "instance_state": 3
    }
  },
  {
    "model": "core.irroleacl",
    "pk": 673,
    "fields": {
      "instance_resource": 47,
      "role": 11,
      "instance_state": 4
    }
  },
  {
    "model": "core.irroleacl",
    "pk": 674,
    "fields": {
      "instance_resource": 47,
      "role": 11,
      "instance_state": 5
    }
  },
  {
    "model": "core.irroleacl",
    "pk": 675,
    "fields": {
      "instance_resource": 47,
      "role": 11,
      "instance_state": 6
    }
  },
  {
    "model": "core.irroleacl",
    "pk": 676,
    "fields": {
      "instance_resource": 47,
      "role": 11,
      "instance_state": 7
    }
  },
  {
    "model": "core.irroleacl",
    "pk": 677,
    "fields": {
      "instance_resource": 33,
      "role": 11,
      "instance_state": 12
    }
  },
  {
    "model": "core.irroleacl",
    "pk": 678,
    "fields": {
      "instance_resource": 33,
      "role": 11,
      "instance_state": 2
    }
  },
  {
    "model": "core.irroleacl",
    "pk": 679,
    "fields": {
      "instance_resource": 33,
      "role": 11,
      "instance_state": 3
    }
  },
  {
    "model": "core.irroleacl",
    "pk": 680,
    "fields": {
      "instance_resource": 33,
      "role": 11,
      "instance_state": 4
    }
  },
  {
    "model": "core.irroleacl",
    "pk": 681,
    "fields": {
      "instance_resource": 33,
      "role": 11,
      "instance_state": 5
    }
  },
  {
    "model": "core.irroleacl",
    "pk": 682,
    "fields": {
      "instance_resource": 33,
      "role": 11,
      "instance_state": 6
    }
  },
  {
    "model": "core.irroleacl",
    "pk": 683,
    "fields": {
      "instance_resource": 33,
      "role": 11,
      "instance_state": 7
    }
  },
  {
    "model": "core.irroleacl",
    "pk": 684,
    "fields": {
      "instance_resource": 33,
      "role": 11,
      "instance_state": 13
    }
  },
  {
    "model": "core.irroleacl",
    "pk": 685,
    "fields": {
      "instance_resource": 33,
      "role": 11,
      "instance_state": 8
    }
  },
  {
    "model": "core.irroleacl",
    "pk": 686,
    "fields": {
      "instance_resource": 33,
      "role": 11,
      "instance_state": 9
    }
  },
  {
    "model": "core.irroleacl",
    "pk": 687,
    "fields": {
      "instance_resource": 33,
      "role": 11,
      "instance_state": 10
    }
  },
  {
    "model": "core.irroleacl",
    "pk": 688,
    "fields": {
      "instance_resource": 21,
      "role": 11,
      "instance_state": 12
    }
  },
  {
    "model": "core.irroleacl",
    "pk": 689,
    "fields": {
      "instance_resource": 21,
      "role": 11,
      "instance_state": 2
    }
  },
  {
    "model": "core.irroleacl",
    "pk": 690,
    "fields": {
      "instance_resource": 21,
      "role": 11,
      "instance_state": 3
    }
  },
  {
    "model": "core.irroleacl",
    "pk": 691,
    "fields": {
      "instance_resource": 21,
      "role": 11,
      "instance_state": 4
    }
  },
  {
    "model": "core.irroleacl",
    "pk": 692,
    "fields": {
      "instance_resource": 21,
      "role": 11,
      "instance_state": 5
    }
  },
  {
    "model": "core.irroleacl",
    "pk": 693,
    "fields": {
      "instance_resource": 21,
      "role": 11,
      "instance_state": 6
    }
  },
  {
    "model": "core.irroleacl",
    "pk": 694,
    "fields": {
      "instance_resource": 21,
      "role": 11,
      "instance_state": 7
    }
  },
  {
    "model": "core.irroleacl",
    "pk": 695,
    "fields": {
      "instance_resource": 21,
      "role": 11,
      "instance_state": 13
    }
  },
  {
    "model": "core.irroleacl",
    "pk": 696,
    "fields": {
      "instance_resource": 21,
      "role": 11,
      "instance_state": 8
    }
  },
  {
    "model": "core.irroleacl",
    "pk": 697,
    "fields": {
      "instance_resource": 21,
      "role": 11,
      "instance_state": 9
    }
  },
  {
    "model": "core.irroleacl",
    "pk": 698,
    "fields": {
      "instance_resource": 21,
      "role": 11,
      "instance_state": 10
    }
  },
  {
    "model": "core.irroleacl",
    "pk": 699,
    "fields": {
      "instance_resource": 10,
      "role": 11,
      "instance_state": 12
    }
  },
  {
    "model": "core.irroleacl",
    "pk": 700,
    "fields": {
      "instance_resource": 10,
      "role": 11,
      "instance_state": 3
    }
  },
  {
    "model": "core.irroleacl",
    "pk": 701,
    "fields": {
      "instance_resource": 10,
      "role": 11,
      "instance_state": 4
    }
  },
  {
    "model": "core.irroleacl",
    "pk": 702,
    "fields": {
      "instance_resource": 10,
      "role": 11,
      "instance_state": 5
    }
  },
  {
    "model": "core.irroleacl",
    "pk": 703,
    "fields": {
      "instance_resource": 10,
      "role": 11,
      "instance_state": 6
    }
  },
  {
    "model": "core.irroleacl",
    "pk": 704,
    "fields": {
      "instance_resource": 10,
      "role": 11,
      "instance_state": 7
    }
  },
  {
    "model": "core.irroleacl",
    "pk": 705,
    "fields": {
      "instance_resource": 10,
      "role": 11,
      "instance_state": 13
    }
  },
  {
    "model": "core.irroleacl",
    "pk": 706,
    "fields": {
      "instance_resource": 10,
      "role": 11,
      "instance_state": 8
    }
  },
  {
    "model": "core.irroleacl",
    "pk": 707,
    "fields": {
      "instance_resource": 10,
      "role": 11,
      "instance_state": 9
    }
  },
  {
    "model": "core.irroleacl",
    "pk": 708,
    "fields": {
      "instance_resource": 10,
      "role": 11,
      "instance_state": 10
    }
  },
  {
    "model": "core.irroleacl",
    "pk": 709,
    "fields": {
      "instance_resource": 25,
      "role": 11,
      "instance_state": 12
    }
  },
  {
    "model": "core.irroleacl",
    "pk": 710,
    "fields": {
      "instance_resource": 25,
      "role": 11,
      "instance_state": 3
    }
  },
  {
    "model": "core.irroleacl",
    "pk": 711,
    "fields": {
      "instance_resource": 25,
      "role": 11,
      "instance_state": 4
    }
  },
  {
    "model": "core.irroleacl",
    "pk": 712,
    "fields": {
      "instance_resource": 25,
      "role": 11,
      "instance_state": 5
    }
  },
  {
    "model": "core.irroleacl",
    "pk": 713,
    "fields": {
      "instance_resource": 25,
      "role": 11,
      "instance_state": 6
    }
  },
  {
    "model": "core.irroleacl",
    "pk": 714,
    "fields": {
      "instance_resource": 25,
      "role": 11,
      "instance_state": 7
    }
  },
  {
    "model": "core.irroleacl",
    "pk": 715,
    "fields": {
      "instance_resource": 25,
      "role": 11,
      "instance_state": 13
    }
  },
  {
    "model": "core.irroleacl",
    "pk": 716,
    "fields": {
      "instance_resource": 25,
      "role": 11,
      "instance_state": 8
    }
  },
  {
    "model": "core.irroleacl",
    "pk": 717,
    "fields": {
      "instance_resource": 25,
      "role": 11,
      "instance_state": 9
    }
  },
  {
    "model": "core.irroleacl",
    "pk": 718,
    "fields": {
      "instance_resource": 25,
      "role": 11,
      "instance_state": 10
    }
  },
  {
    "model": "core.irroleacl",
    "pk": 719,
    "fields": {
      "instance_resource": 5,
      "role": 11,
      "instance_state": 12
    }
  },
  {
    "model": "core.irroleacl",
    "pk": 720,
    "fields": {
      "instance_resource": 5,
      "role": 11,
      "instance_state": 3
    }
  },
  {
    "model": "core.irroleacl",
    "pk": 721,
    "fields": {
      "instance_resource": 5,
      "role": 11,
      "instance_state": 4
    }
  },
  {
    "model": "core.irroleacl",
    "pk": 722,
    "fields": {
      "instance_resource": 5,
      "role": 11,
      "instance_state": 5
    }
  },
  {
    "model": "core.irroleacl",
    "pk": 723,
    "fields": {
      "instance_resource": 5,
      "role": 11,
      "instance_state": 6
    }
  },
  {
    "model": "core.irroleacl",
    "pk": 724,
    "fields": {
      "instance_resource": 5,
      "role": 11,
      "instance_state": 7
    }
  },
  {
    "model": "core.irroleacl",
    "pk": 725,
    "fields": {
      "instance_resource": 5,
      "role": 11,
      "instance_state": 13
    }
  },
  {
    "model": "core.irroleacl",
    "pk": 726,
    "fields": {
      "instance_resource": 5,
      "role": 11,
      "instance_state": 8
    }
  },
  {
    "model": "core.irroleacl",
    "pk": 727,
    "fields": {
      "instance_resource": 5,
      "role": 11,
      "instance_state": 9
    }
  },
  {
    "model": "core.irroleacl",
    "pk": 728,
    "fields": {
      "instance_resource": 5,
      "role": 11,
      "instance_state": 10
    }
  },
  {
    "model": "core.irroleacl",
    "pk": 729,
    "fields": {
      "instance_resource": 8,
      "role": 11,
      "instance_state": 12
    }
  },
  {
    "model": "core.irroleacl",
    "pk": 730,
    "fields": {
      "instance_resource": 8,
      "role": 11,
      "instance_state": 3
    }
  },
  {
    "model": "core.irroleacl",
    "pk": 731,
    "fields": {
      "instance_resource": 8,
      "role": 11,
      "instance_state": 4
    }
  },
  {
    "model": "core.irroleacl",
    "pk": 732,
    "fields": {
      "instance_resource": 8,
      "role": 11,
      "instance_state": 5
    }
  },
  {
    "model": "core.irroleacl",
    "pk": 733,
    "fields": {
      "instance_resource": 8,
      "role": 11,
      "instance_state": 6
    }
  },
  {
    "model": "core.irroleacl",
    "pk": 734,
    "fields": {
      "instance_resource": 8,
      "role": 11,
      "instance_state": 7
    }
  },
  {
    "model": "core.irroleacl",
    "pk": 735,
    "fields": {
      "instance_resource": 8,
      "role": 11,
      "instance_state": 13
    }
  },
  {
    "model": "core.irroleacl",
    "pk": 736,
    "fields": {
      "instance_resource": 8,
      "role": 11,
      "instance_state": 8
    }
  },
  {
    "model": "core.irroleacl",
    "pk": 737,
    "fields": {
      "instance_resource": 8,
      "role": 11,
      "instance_state": 9
    }
  },
  {
    "model": "core.irroleacl",
    "pk": 738,
    "fields": {
      "instance_resource": 8,
      "role": 11,
      "instance_state": 10
    }
  },
  {
    "model": "core.irroleacl",
    "pk": 739,
    "fields": {
      "instance_resource": 26,
      "role": 11,
      "instance_state": 12
    }
  },
  {
    "model": "core.irroleacl",
    "pk": 740,
    "fields": {
      "instance_resource": 26,
      "role": 11,
      "instance_state": 3
    }
  },
  {
    "model": "core.irroleacl",
    "pk": 741,
    "fields": {
      "instance_resource": 26,
      "role": 11,
      "instance_state": 4
    }
  },
  {
    "model": "core.irroleacl",
    "pk": 742,
    "fields": {
      "instance_resource": 26,
      "role": 11,
      "instance_state": 5
    }
  },
  {
    "model": "core.irroleacl",
    "pk": 743,
    "fields": {
      "instance_resource": 26,
      "role": 11,
      "instance_state": 6
    }
  },
  {
    "model": "core.irroleacl",
    "pk": 744,
    "fields": {
      "instance_resource": 26,
      "role": 11,
      "instance_state": 7
    }
  },
  {
    "model": "core.irroleacl",
    "pk": 745,
    "fields": {
      "instance_resource": 26,
      "role": 11,
      "instance_state": 13
    }
  },
  {
    "model": "core.irroleacl",
    "pk": 746,
    "fields": {
      "instance_resource": 26,
      "role": 11,
      "instance_state": 8
    }
  },
  {
    "model": "core.irroleacl",
    "pk": 747,
    "fields": {
      "instance_resource": 26,
      "role": 11,
      "instance_state": 9
    }
  },
  {
    "model": "core.irroleacl",
    "pk": 748,
    "fields": {
      "instance_resource": 26,
      "role": 11,
      "instance_state": 10
    }
  },
  {
    "model": "core.irroleacl",
    "pk": 749,
    "fields": {
      "instance_resource": 26,
      "role": 11,
      "instance_state": 2
    }
  },
  {
    "model": "core.irroleacl",
    "pk": 750,
    "fields": {
      "instance_resource": 27,
      "role": 11,
      "instance_state": 12
    }
  },
  {
    "model": "core.irroleacl",
    "pk": 751,
    "fields": {
      "instance_resource": 27,
      "role": 11,
      "instance_state": 2
    }
  },
  {
    "model": "core.irroleacl",
    "pk": 752,
    "fields": {
      "instance_resource": 27,
      "role": 11,
      "instance_state": 3
    }
  },
  {
    "model": "core.irroleacl",
    "pk": 753,
    "fields": {
      "instance_resource": 27,
      "role": 11,
      "instance_state": 4
    }
  },
  {
    "model": "core.irroleacl",
    "pk": 754,
    "fields": {
      "instance_resource": 27,
      "role": 11,
      "instance_state": 5
    }
  },
  {
    "model": "core.irroleacl",
    "pk": 755,
    "fields": {
      "instance_resource": 27,
      "role": 11,
      "instance_state": 6
    }
  },
  {
    "model": "core.irroleacl",
    "pk": 756,
    "fields": {
      "instance_resource": 27,
      "role": 11,
      "instance_state": 7
    }
  },
  {
    "model": "core.irroleacl",
    "pk": 757,
    "fields": {
      "instance_resource": 27,
      "role": 11,
      "instance_state": 13
    }
  },
  {
    "model": "core.irroleacl",
    "pk": 758,
    "fields": {
      "instance_resource": 27,
      "role": 11,
      "instance_state": 8
    }
  },
  {
    "model": "core.irroleacl",
    "pk": 759,
    "fields": {
      "instance_resource": 27,
      "role": 11,
      "instance_state": 9
    }
  },
  {
    "model": "core.irroleacl",
    "pk": 760,
    "fields": {
      "instance_resource": 27,
      "role": 11,
      "instance_state": 10
    }
  },
  {
    "model": "core.irroleacl",
    "pk": 761,
    "fields": {
      "instance_resource": 30,
      "role": 11,
      "instance_state": 12
    }
  },
  {
    "model": "core.irroleacl",
    "pk": 762,
    "fields": {
      "instance_resource": 30,
      "role": 11,
      "instance_state": 3
    }
  },
  {
    "model": "core.irroleacl",
    "pk": 763,
    "fields": {
      "instance_resource": 30,
      "role": 11,
      "instance_state": 4
    }
  },
  {
    "model": "core.irroleacl",
    "pk": 764,
    "fields": {
      "instance_resource": 30,
      "role": 11,
      "instance_state": 5
    }
  },
  {
    "model": "core.irroleacl",
    "pk": 765,
    "fields": {
      "instance_resource": 30,
      "role": 11,
      "instance_state": 6
    }
  },
  {
    "model": "core.irroleacl",
    "pk": 766,
    "fields": {
      "instance_resource": 30,
      "role": 11,
      "instance_state": 7
    }
  },
  {
    "model": "core.irroleacl",
    "pk": 767,
    "fields": {
      "instance_resource": 30,
      "role": 11,
      "instance_state": 13
    }
  },
  {
    "model": "core.irroleacl",
    "pk": 768,
    "fields": {
      "instance_resource": 30,
      "role": 11,
      "instance_state": 8
    }
  },
  {
    "model": "core.irroleacl",
    "pk": 769,
    "fields": {
      "instance_resource": 30,
      "role": 11,
      "instance_state": 9
    }
  },
  {
    "model": "core.irroleacl",
    "pk": 770,
    "fields": {
      "instance_resource": 30,
      "role": 11,
      "instance_state": 10
    }
  },
  {
    "model": "core.irroleacl",
    "pk": 771,
    "fields": {
      "instance_resource": 48,
      "role": 3,
      "instance_state": 12
    }
  },
  {
    "model": "core.irroleacl",
    "pk": 772,
    "fields": {
      "instance_resource": 48,
      "role": 3,
      "instance_state": 2
    }
  },
  {
    "model": "core.irroleacl",
    "pk": 773,
    "fields": {
      "instance_resource": 48,
      "role": 3,
      "instance_state": 3
    }
  },
  {
    "model": "core.irroleacl",
    "pk": 774,
    "fields": {
      "instance_resource": 48,
      "role": 3,
      "instance_state": 4
    }
  },
  {
    "model": "core.irroleacl",
    "pk": 775,
    "fields": {
      "instance_resource": 48,
      "role": 3,
      "instance_state": 5
    }
  },
  {
    "model": "core.irroleacl",
    "pk": 776,
    "fields": {
      "instance_resource": 48,
      "role": 3,
      "instance_state": 6
    }
  },
  {
    "model": "core.irroleacl",
    "pk": 777,
    "fields": {
      "instance_resource": 48,
      "role": 3,
      "instance_state": 7
    }
  },
  {
    "model": "core.irroleacl",
    "pk": 778,
    "fields": {
      "instance_resource": 48,
      "role": 3,
      "instance_state": 13
    }
  },
  {
    "model": "core.irroleacl",
    "pk": 779,
    "fields": {
      "instance_resource": 48,
      "role": 3,
      "instance_state": 8
    }
  },
  {
    "model": "core.irroleacl",
    "pk": 780,
    "fields": {
      "instance_resource": 48,
      "role": 3,
      "instance_state": 9
    }
  },
  {
    "model": "core.irroleacl",
    "pk": 781,
    "fields": {
      "instance_resource": 48,
      "role": 3,
      "instance_state": 10
    }
  },
  {
    "model": "core.irroleacl",
    "pk": 782,
    "fields": {
      "instance_resource": 48,
      "role": 8,
      "instance_state": 12
    }
  },
  {
    "model": "core.irroleacl",
    "pk": 783,
    "fields": {
      "instance_resource": 48,
      "role": 8,
      "instance_state": 2
    }
  },
  {
    "model": "core.irroleacl",
    "pk": 784,
    "fields": {
      "instance_resource": 48,
      "role": 8,
      "instance_state": 3
    }
  },
  {
    "model": "core.irroleacl",
    "pk": 785,
    "fields": {
      "instance_resource": 48,
      "role": 8,
      "instance_state": 4
    }
  },
  {
    "model": "core.irroleacl",
    "pk": 786,
    "fields": {
      "instance_resource": 48,
      "role": 8,
      "instance_state": 5
    }
  },
  {
    "model": "core.irroleacl",
    "pk": 787,
    "fields": {
      "instance_resource": 48,
      "role": 8,
      "instance_state": 6
    }
  },
  {
    "model": "core.irroleacl",
    "pk": 788,
    "fields": {
      "instance_resource": 48,
      "role": 8,
      "instance_state": 7
    }
  },
  {
    "model": "core.irroleacl",
    "pk": 789,
    "fields": {
      "instance_resource": 48,
      "role": 8,
      "instance_state": 13
    }
  },
  {
    "model": "core.irroleacl",
    "pk": 790,
    "fields": {
      "instance_resource": 48,
      "role": 8,
      "instance_state": 8
    }
  },
  {
    "model": "core.irroleacl",
    "pk": 791,
    "fields": {
      "instance_resource": 48,
      "role": 8,
      "instance_state": 9
    }
  },
  {
    "model": "core.irroleacl",
    "pk": 792,
    "fields": {
      "instance_resource": 48,
      "role": 8,
      "instance_state": 10
    }
  },
  {
    "model": "core.irroleacl",
    "pk": 804,
    "fields": {
      "instance_resource": 49,
      "role": 3,
      "instance_state": 12
    }
  },
  {
    "model": "core.irroleacl",
    "pk": 805,
    "fields": {
      "instance_resource": 49,
      "role": 3,
      "instance_state": 2
    }
  },
  {
    "model": "core.irroleacl",
    "pk": 806,
    "fields": {
      "instance_resource": 49,
      "role": 3,
      "instance_state": 3
    }
  },
  {
    "model": "core.irroleacl",
    "pk": 807,
    "fields": {
      "instance_resource": 49,
      "role": 3,
      "instance_state": 4
    }
  },
  {
    "model": "core.irroleacl",
    "pk": 808,
    "fields": {
      "instance_resource": 49,
      "role": 3,
      "instance_state": 5
    }
  },
  {
    "model": "core.irroleacl",
    "pk": 809,
    "fields": {
      "instance_resource": 49,
      "role": 3,
      "instance_state": 6
    }
  },
  {
    "model": "core.irroleacl",
    "pk": 810,
    "fields": {
      "instance_resource": 49,
      "role": 3,
      "instance_state": 7
    }
  },
  {
    "model": "core.irroleacl",
    "pk": 811,
    "fields": {
      "instance_resource": 49,
      "role": 3,
      "instance_state": 13
    }
  },
  {
    "model": "core.irroleacl",
    "pk": 812,
    "fields": {
      "instance_resource": 49,
      "role": 3,
      "instance_state": 8
    }
  },
  {
    "model": "core.irroleacl",
    "pk": 813,
    "fields": {
      "instance_resource": 49,
      "role": 3,
      "instance_state": 9
    }
  },
  {
    "model": "core.irroleacl",
    "pk": 814,
    "fields": {
      "instance_resource": 49,
      "role": 3,
      "instance_state": 10
    }
  },
  {
    "model": "core.irroleacl",
    "pk": 815,
    "fields": {
      "instance_resource": 49,
      "role": 8,
      "instance_state": 12
    }
  },
  {
    "model": "core.irroleacl",
    "pk": 816,
    "fields": {
      "instance_resource": 49,
      "role": 8,
      "instance_state": 2
    }
  },
  {
    "model": "core.irroleacl",
    "pk": 817,
    "fields": {
      "instance_resource": 49,
      "role": 8,
      "instance_state": 3
    }
  },
  {
    "model": "core.irroleacl",
    "pk": 818,
    "fields": {
      "instance_resource": 49,
      "role": 8,
      "instance_state": 4
    }
  },
  {
    "model": "core.irroleacl",
    "pk": 819,
    "fields": {
      "instance_resource": 49,
      "role": 8,
      "instance_state": 5
    }
  },
  {
    "model": "core.irroleacl",
    "pk": 820,
    "fields": {
      "instance_resource": 49,
      "role": 8,
      "instance_state": 6
    }
  },
  {
    "model": "core.irroleacl",
    "pk": 821,
    "fields": {
      "instance_resource": 49,
      "role": 8,
      "instance_state": 7
    }
  },
  {
    "model": "core.irroleacl",
    "pk": 822,
    "fields": {
      "instance_resource": 49,
      "role": 8,
      "instance_state": 13
    }
  },
  {
    "model": "core.irroleacl",
    "pk": 823,
    "fields": {
      "instance_resource": 49,
      "role": 8,
      "instance_state": 8
    }
  },
  {
    "model": "core.irroleacl",
    "pk": 824,
    "fields": {
      "instance_resource": 49,
      "role": 8,
      "instance_state": 9
    }
  },
  {
    "model": "core.irroleacl",
    "pk": 825,
    "fields": {
      "instance_resource": 49,
      "role": 8,
      "instance_state": 10
    }
  },
  {
    "model": "core.irroleacl",
    "pk": 826,
    "fields": {
      "instance_resource": 50,
      "role": 5,
      "instance_state": 5
    }
  },
  {
    "model": "core.irroleacl",
    "pk": 827,
    "fields": {
      "instance_resource": 50,
      "role": 5,
      "instance_state": 6
    }
  },
  {
    "model": "core.irroleacl",
    "pk": 828,
    "fields": {
      "instance_resource": 50,
      "role": 5,
      "instance_state": 7
    }
  },
  {
    "model": "core.irroleacl",
    "pk": 829,
    "fields": {
      "instance_resource": 50,
      "role": 5,
      "instance_state": 13
    }
  },
  {
    "model": "core.irroleacl",
    "pk": 830,
    "fields": {
      "instance_resource": 50,
      "role": 5,
      "instance_state": 8
    }
  },
  {
    "model": "core.irroleacl",
    "pk": 831,
    "fields": {
      "instance_resource": 50,
      "role": 5,
      "instance_state": 9
    }
  },
  {
    "model": "core.irroleacl",
    "pk": 832,
    "fields": {
      "instance_resource": 50,
      "role": 5,
      "instance_state": 10
    }
  },
  {
    "model": "core.irroleacl",
    "pk": 833,
    "fields": {
      "instance_resource": 50,
      "role": 7,
      "instance_state": 5
    }
  },
  {
    "model": "core.irroleacl",
    "pk": 834,
    "fields": {
      "instance_resource": 50,
      "role": 7,
      "instance_state": 6
    }
  },
  {
    "model": "core.irroleacl",
    "pk": 835,
    "fields": {
      "instance_resource": 50,
      "role": 7,
      "instance_state": 7
    }
  },
  {
    "model": "core.irroleacl",
    "pk": 836,
    "fields": {
      "instance_resource": 50,
      "role": 7,
      "instance_state": 13
    }
  },
  {
    "model": "core.irroleacl",
    "pk": 837,
    "fields": {
      "instance_resource": 50,
      "role": 7,
      "instance_state": 8
    }
  },
  {
    "model": "core.irroleacl",
    "pk": 838,
    "fields": {
      "instance_resource": 50,
      "role": 7,
      "instance_state": 9
    }
  },
  {
    "model": "core.irroleacl",
    "pk": 839,
    "fields": {
      "instance_resource": 50,
      "role": 7,
      "instance_state": 10
    }
  },
  {
    "model": "core.irroleacl",
    "pk": 840,
    "fields": {
      "instance_resource": 49,
      "role": 11,
      "instance_state": 12
    }
  },
  {
    "model": "core.irroleacl",
    "pk": 841,
    "fields": {
      "instance_resource": 49,
      "role": 11,
      "instance_state": 2
    }
  },
  {
    "model": "core.irroleacl",
    "pk": 842,
    "fields": {
      "instance_resource": 49,
      "role": 11,
      "instance_state": 3
    }
  },
  {
    "model": "core.irroleacl",
    "pk": 843,
    "fields": {
      "instance_resource": 49,
      "role": 11,
      "instance_state": 4
    }
  },
  {
    "model": "core.irroleacl",
    "pk": 844,
    "fields": {
      "instance_resource": 49,
      "role": 11,
      "instance_state": 5
    }
  },
  {
    "model": "core.irroleacl",
    "pk": 845,
    "fields": {
      "instance_resource": 49,
      "role": 11,
      "instance_state": 6
    }
  },
  {
    "model": "core.irroleacl",
    "pk": 846,
    "fields": {
      "instance_resource": 49,
      "role": 11,
      "instance_state": 7
    }
  },
  {
    "model": "core.irroleacl",
    "pk": 847,
    "fields": {
      "instance_resource": 49,
      "role": 11,
      "instance_state": 13
    }
  },
  {
    "model": "core.irroleacl",
    "pk": 848,
    "fields": {
      "instance_resource": 49,
      "role": 11,
      "instance_state": 8
    }
  },
  {
    "model": "core.irroleacl",
    "pk": 849,
    "fields": {
      "instance_resource": 49,
      "role": 11,
      "instance_state": 9
    }
  },
  {
    "model": "core.irroleacl",
    "pk": 850,
    "fields": {
      "instance_resource": 49,
      "role": 11,
      "instance_state": 10
    }
  },
  {
    "model": "core.irroleacl",
    "pk": 862,
    "fields": {
      "instance_resource": 23,
      "role": 11,
      "instance_state": 12
    }
  },
  {
    "model": "core.irroleacl",
    "pk": 863,
    "fields": {
      "instance_resource": 23,
      "role": 11,
      "instance_state": 2
    }
  },
  {
    "model": "core.irroleacl",
    "pk": 864,
    "fields": {
      "instance_resource": 23,
      "role": 11,
      "instance_state": 3
    }
  },
  {
    "model": "core.irroleacl",
    "pk": 865,
    "fields": {
      "instance_resource": 23,
      "role": 11,
      "instance_state": 4
    }
  },
  {
    "model": "core.irroleacl",
    "pk": 866,
    "fields": {
      "instance_resource": 23,
      "role": 11,
      "instance_state": 5
    }
  },
  {
    "model": "core.irroleacl",
    "pk": 867,
    "fields": {
      "instance_resource": 23,
      "role": 11,
      "instance_state": 6
    }
  },
  {
    "model": "core.irroleacl",
    "pk": 868,
    "fields": {
      "instance_resource": 23,
      "role": 11,
      "instance_state": 7
    }
  },
  {
    "model": "core.irroleacl",
    "pk": 869,
    "fields": {
      "instance_resource": 23,
      "role": 11,
      "instance_state": 13
    }
  },
  {
    "model": "core.irroleacl",
    "pk": 870,
    "fields": {
      "instance_resource": 23,
      "role": 11,
      "instance_state": 8
    }
  },
  {
    "model": "core.irroleacl",
    "pk": 871,
    "fields": {
      "instance_resource": 23,
      "role": 11,
      "instance_state": 9
    }
  },
  {
    "model": "core.irroleacl",
    "pk": 872,
    "fields": {
      "instance_resource": 23,
      "role": 11,
      "instance_state": 10
    }
  },
  {
    "model": "core.irroleacl",
    "pk": 873,
    "fields": {
      "instance_resource": 4,
      "role": 11,
      "instance_state": 12
    }
  },
  {
    "model": "core.irroleacl",
    "pk": 874,
    "fields": {
      "instance_resource": 4,
      "role": 11,
      "instance_state": 2
    }
  },
  {
    "model": "core.irroleacl",
    "pk": 875,
    "fields": {
      "instance_resource": 4,
      "role": 11,
      "instance_state": 3
    }
  },
  {
    "model": "core.irroleacl",
    "pk": 876,
    "fields": {
      "instance_resource": 4,
      "role": 11,
      "instance_state": 4
    }
  },
  {
    "model": "core.irroleacl",
    "pk": 877,
    "fields": {
      "instance_resource": 4,
      "role": 11,
      "instance_state": 5
    }
  },
  {
    "model": "core.irroleacl",
    "pk": 878,
    "fields": {
      "instance_resource": 4,
      "role": 11,
      "instance_state": 6
    }
  },
  {
    "model": "core.irroleacl",
    "pk": 879,
    "fields": {
      "instance_resource": 4,
      "role": 11,
      "instance_state": 7
    }
  },
  {
    "model": "core.irroleacl",
    "pk": 880,
    "fields": {
      "instance_resource": 4,
      "role": 11,
      "instance_state": 13
    }
  },
  {
    "model": "core.irroleacl",
    "pk": 881,
    "fields": {
      "instance_resource": 4,
      "role": 11,
      "instance_state": 8
    }
  },
  {
    "model": "core.irroleacl",
    "pk": 882,
    "fields": {
      "instance_resource": 4,
      "role": 11,
      "instance_state": 9
    }
  },
  {
    "model": "core.irroleacl",
    "pk": 883,
    "fields": {
      "instance_resource": 4,
      "role": 11,
      "instance_state": 10
    }
  },
  {
    "model": "core.irroleacl",
    "pk": 884,
    "fields": {
      "instance_resource": 48,
      "role": 11,
      "instance_state": 12
    }
  },
  {
    "model": "core.irroleacl",
    "pk": 885,
    "fields": {
      "instance_resource": 48,
      "role": 11,
      "instance_state": 2
    }
  },
  {
    "model": "core.irroleacl",
    "pk": 886,
    "fields": {
      "instance_resource": 48,
      "role": 11,
      "instance_state": 3
    }
  },
  {
    "model": "core.irroleacl",
    "pk": 887,
    "fields": {
      "instance_resource": 48,
      "role": 11,
      "instance_state": 4
    }
  },
  {
    "model": "core.irroleacl",
    "pk": 888,
    "fields": {
      "instance_resource": 48,
      "role": 11,
      "instance_state": 5
    }
  },
  {
    "model": "core.irroleacl",
    "pk": 889,
    "fields": {
      "instance_resource": 48,
      "role": 11,
      "instance_state": 6
    }
  },
  {
    "model": "core.irroleacl",
    "pk": 890,
    "fields": {
      "instance_resource": 48,
      "role": 11,
      "instance_state": 7
    }
  },
  {
    "model": "core.irroleacl",
    "pk": 891,
    "fields": {
      "instance_resource": 48,
      "role": 11,
      "instance_state": 13
    }
  },
  {
    "model": "core.irroleacl",
    "pk": 892,
    "fields": {
      "instance_resource": 48,
      "role": 11,
      "instance_state": 8
    }
  },
  {
    "model": "core.irroleacl",
    "pk": 893,
    "fields": {
      "instance_resource": 48,
      "role": 11,
      "instance_state": 9
    }
  },
  {
    "model": "core.irroleacl",
    "pk": 894,
    "fields": {
      "instance_resource": 48,
      "role": 11,
      "instance_state": 10
    }
  },
  {
    "model": "core.irroleacl",
    "pk": 895,
    "fields": {
      "instance_resource": 51,
      "role": 5,
      "instance_state": 5
    }
  },
  {
    "model": "core.irroleacl",
    "pk": 896,
    "fields": {
      "instance_resource": 51,
      "role": 5,
      "instance_state": 6
    }
  },
  {
    "model": "core.irroleacl",
    "pk": 897,
    "fields": {
      "instance_resource": 51,
      "role": 5,
      "instance_state": 7
    }
  },
  {
    "model": "core.irroleacl",
    "pk": 898,
    "fields": {
      "instance_resource": 51,
      "role": 5,
      "instance_state": 13
    }
  },
  {
    "model": "core.irroleacl",
    "pk": 899,
    "fields": {
      "instance_resource": 51,
      "role": 5,
      "instance_state": 8
    }
  },
  {
    "model": "core.irroleacl",
    "pk": 900,
    "fields": {
      "instance_resource": 51,
      "role": 5,
      "instance_state": 9
    }
  },
  {
    "model": "core.irroleacl",
    "pk": 901,
    "fields": {
      "instance_resource": 51,
      "role": 5,
      "instance_state": 10
    }
  },
  {
    "model": "core.irroleacl",
    "pk": 902,
    "fields": {
      "instance_resource": 51,
      "role": 7,
      "instance_state": 5
    }
  },
  {
    "model": "core.irroleacl",
    "pk": 903,
    "fields": {
      "instance_resource": 51,
      "role": 7,
      "instance_state": 6
    }
  },
  {
    "model": "core.irroleacl",
    "pk": 904,
    "fields": {
      "instance_resource": 51,
      "role": 7,
      "instance_state": 7
    }
  },
  {
    "model": "core.irroleacl",
    "pk": 905,
    "fields": {
      "instance_resource": 51,
      "role": 7,
      "instance_state": 13
    }
  },
  {
    "model": "core.irroleacl",
    "pk": 906,
    "fields": {
      "instance_resource": 51,
      "role": 7,
      "instance_state": 8
    }
  },
  {
    "model": "core.irroleacl",
    "pk": 907,
    "fields": {
      "instance_resource": 51,
      "role": 7,
      "instance_state": 9
    }
  },
  {
    "model": "core.irroleacl",
    "pk": 908,
    "fields": {
      "instance_resource": 51,
      "role": 7,
      "instance_state": 10
    }
  },
  {
    "model": "core.irroleacl",
    "pk": 909,
    "fields": {
      "instance_resource": 52,
      "role": 3,
      "instance_state": 2
    }
  },
  {
    "model": "core.irroleacl",
    "pk": 910,
    "fields": {
      "instance_resource": 52,
      "role": 3,
      "instance_state": 3
    }
  },
  {
    "model": "core.irroleacl",
    "pk": 911,
    "fields": {
      "instance_resource": 52,
      "role": 3,
      "instance_state": 4
    }
  },
  {
    "model": "core.irroleacl",
    "pk": 912,
    "fields": {
      "instance_resource": 52,
      "role": 3,
      "instance_state": 5
    }
  },
  {
    "model": "core.irroleacl",
    "pk": 913,
    "fields": {
      "instance_resource": 52,
      "role": 3,
      "instance_state": 6
    }
  },
  {
    "model": "core.irroleacl",
    "pk": 914,
    "fields": {
      "instance_resource": 52,
      "role": 3,
      "instance_state": 7
    }
  },
  {
    "model": "core.irroleacl",
    "pk": 915,
    "fields": {
      "instance_resource": 52,
      "role": 3,
      "instance_state": 13
    }
  },
  {
    "model": "core.irroleacl",
    "pk": 916,
    "fields": {
      "instance_resource": 52,
      "role": 3,
      "instance_state": 8
    }
  },
  {
    "model": "core.irroleacl",
    "pk": 917,
    "fields": {
      "instance_resource": 52,
      "role": 3,
      "instance_state": 9
    }
  },
  {
    "model": "core.irroleacl",
    "pk": 918,
    "fields": {
      "instance_resource": 52,
      "role": 3,
      "instance_state": 10
    }
  },
  {
    "model": "core.irroleacl",
    "pk": 919,
    "fields": {
      "instance_resource": 52,
      "role": 8,
      "instance_state": 2
    }
  },
  {
    "model": "core.irroleacl",
    "pk": 920,
    "fields": {
      "instance_resource": 52,
      "role": 8,
      "instance_state": 3
    }
  },
  {
    "model": "core.irroleacl",
    "pk": 921,
    "fields": {
      "instance_resource": 52,
      "role": 8,
      "instance_state": 4
    }
  },
  {
    "model": "core.irroleacl",
    "pk": 922,
    "fields": {
      "instance_resource": 52,
      "role": 8,
      "instance_state": 5
    }
  },
  {
    "model": "core.irroleacl",
    "pk": 923,
    "fields": {
      "instance_resource": 52,
      "role": 8,
      "instance_state": 6
    }
  },
  {
    "model": "core.irroleacl",
    "pk": 924,
    "fields": {
      "instance_resource": 52,
      "role": 8,
      "instance_state": 7
    }
  },
  {
    "model": "core.irroleacl",
    "pk": 925,
    "fields": {
      "instance_resource": 52,
      "role": 8,
      "instance_state": 13
    }
  },
  {
    "model": "core.irroleacl",
    "pk": 926,
    "fields": {
      "instance_resource": 52,
      "role": 8,
      "instance_state": 8
    }
  },
  {
    "model": "core.irroleacl",
    "pk": 927,
    "fields": {
      "instance_resource": 52,
      "role": 8,
      "instance_state": 9
    }
  },
  {
    "model": "core.irroleacl",
    "pk": 928,
    "fields": {
      "instance_resource": 52,
      "role": 8,
      "instance_state": 10
    }
  },
  {
    "model": "core.irroleacl",
    "pk": 929,
    "fields": {
      "instance_resource": 52,
      "role": 11,
      "instance_state": 12
    }
  },
  {
    "model": "core.irroleacl",
    "pk": 930,
    "fields": {
      "instance_resource": 52,
      "role": 11,
      "instance_state": 2
    }
  },
  {
    "model": "core.irroleacl",
    "pk": 931,
    "fields": {
      "instance_resource": 52,
      "role": 11,
      "instance_state": 3
    }
  },
  {
    "model": "core.irroleacl",
    "pk": 932,
    "fields": {
      "instance_resource": 52,
      "role": 11,
      "instance_state": 4
    }
  },
  {
    "model": "core.irroleacl",
    "pk": 933,
    "fields": {
      "instance_resource": 52,
      "role": 11,
      "instance_state": 5
    }
  },
  {
    "model": "core.irroleacl",
    "pk": 934,
    "fields": {
      "instance_resource": 52,
      "role": 11,
      "instance_state": 6
    }
  },
  {
    "model": "core.irroleacl",
    "pk": 935,
    "fields": {
      "instance_resource": 52,
      "role": 11,
      "instance_state": 7
    }
  },
  {
    "model": "core.irroleacl",
    "pk": 936,
    "fields": {
      "instance_resource": 52,
      "role": 11,
      "instance_state": 13
    }
  },
  {
    "model": "core.irroleacl",
    "pk": 937,
    "fields": {
      "instance_resource": 52,
      "role": 11,
      "instance_state": 8
    }
  },
  {
    "model": "core.irroleacl",
    "pk": 938,
    "fields": {
      "instance_resource": 52,
      "role": 11,
      "instance_state": 9
    }
  },
  {
    "model": "core.irroleacl",
    "pk": 939,
    "fields": {
      "instance_resource": 52,
      "role": 11,
      "instance_state": 10
    }
  },
  {
    "model": "core.irroleacl",
    "pk": 940,
    "fields": {
      "instance_resource": 53,
      "role": 3,
      "instance_state": 5
    }
  },
  {
    "model": "core.irroleacl",
    "pk": 941,
    "fields": {
      "instance_resource": 53,
      "role": 3,
      "instance_state": 6
    }
  },
  {
    "model": "core.irroleacl",
    "pk": 942,
    "fields": {
      "instance_resource": 53,
      "role": 3,
      "instance_state": 7
    }
  },
  {
    "model": "core.irroleacl",
    "pk": 943,
    "fields": {
      "instance_resource": 53,
      "role": 3,
      "instance_state": 13
    }
  },
  {
    "model": "core.irroleacl",
    "pk": 944,
    "fields": {
      "instance_resource": 53,
      "role": 3,
      "instance_state": 8
    }
  },
  {
    "model": "core.irroleacl",
    "pk": 945,
    "fields": {
      "instance_resource": 53,
      "role": 3,
      "instance_state": 9
    }
  },
  {
    "model": "core.irroleacl",
    "pk": 946,
    "fields": {
      "instance_resource": 53,
      "role": 3,
      "instance_state": 10
    }
  },
  {
    "model": "core.irroleacl",
    "pk": 947,
    "fields": {
      "instance_resource": 53,
      "role": 8,
      "instance_state": 5
    }
  },
  {
    "model": "core.irroleacl",
    "pk": 948,
    "fields": {
      "instance_resource": 53,
      "role": 8,
      "instance_state": 6
    }
  },
  {
    "model": "core.irroleacl",
    "pk": 949,
    "fields": {
      "instance_resource": 53,
      "role": 8,
      "instance_state": 7
    }
  },
  {
    "model": "core.irroleacl",
    "pk": 950,
    "fields": {
      "instance_resource": 53,
      "role": 8,
      "instance_state": 13
    }
  },
  {
    "model": "core.irroleacl",
    "pk": 951,
    "fields": {
      "instance_resource": 53,
      "role": 8,
      "instance_state": 8
    }
  },
  {
    "model": "core.irroleacl",
    "pk": 952,
    "fields": {
      "instance_resource": 53,
      "role": 8,
      "instance_state": 9
    }
  },
  {
    "model": "core.irroleacl",
    "pk": 953,
    "fields": {
      "instance_resource": 53,
      "role": 8,
      "instance_state": 10
    }
  },
  {
    "model": "core.irserviceacl",
    "pk": 1,
    "fields": {
      "instance_resource": 43,
      "service": 7,
      "instance_state": 5
    }
  },
  {
    "model": "core.irserviceacl",
    "pk": 2,
    "fields": {
      "instance_resource": 43,
      "service": 7,
      "instance_state": 7
    }
  },
  {
    "model": "core.irserviceacl",
    "pk": 3,
    "fields": {
      "instance_resource": 43,
      "service": 7,
      "instance_state": 6
    }
  },
  {
    "model": "core.irserviceacl",
    "pk": 4,
    "fields": {
      "instance_resource": 43,
      "service": 7,
      "instance_state": 13
    }
  },
  {
    "model": "core.irserviceacl",
    "pk": 5,
    "fields": {
      "instance_resource": 43,
      "service": 7,
      "instance_state": 8
    }
  },
  {
    "model": "core.irserviceacl",
    "pk": 6,
    "fields": {
      "instance_resource": 43,
      "service": 7,
      "instance_state": 9
    }
  },
  {
    "model": "core.irserviceacl",
    "pk": 7,
    "fields": {
      "instance_resource": 43,
      "service": 7,
      "instance_state": 10
    }
  },
  {
    "model": "core.mapping",
    "pk": 1,
    "fields": {
      "table_name": "ANSWER",
      "column_name": "ANSWER"
    }
  },
  {
    "model": "core.noticetype",
    "pk": 1,
    "fields": {
      "circulation_type": 1,
      "name": "Antrag"
    }
  },
  {
    "model": "core.noticetype",
    "pk": 3,
    "fields": {
      "circulation_type": 1,
      "name": "Nebenbestimmungen"
    }
  },
  {
    "model": "core.noticetype",
    "pk": 5,
    "fields": {
      "circulation_type": 1,
      "name": "Begr\u00fcndung"
    }
  },
  {
    "model": "core.noticetype",
    "pk": 6,
    "fields": {
      "circulation_type": 1,
      "name": "Empfehlung"
    }
  },
  {
    "model": "core.noticetype",
    "pk": 7,
    "fields": {
      "circulation_type": 1,
      "name": "Hinweis"
    }
  },
  {
    "model": "core.page",
    "pk": 1,
    "fields": {
      "name": "default",
      "description": null,
      "javascript": null
    }
  },
  {
    "model": "core.page",
    "pk": 2,
    "fields": {
      "name": "Zirkulation",
      "description": null,
      "javascript": null
    }
  },
  {
    "model": "core.pageform",
    "pk": 5,
    "fields": {
      "page": 1,
      "form": 1,
      "page_form_mode": 1,
      "page_form_group": 1,
      "sort": 0
    }
  },
  {
    "model": "core.pageform",
    "pk": 6,
    "fields": {
      "page": 1,
      "form": 2,
      "page_form_mode": 1,
      "page_form_group": 1,
      "sort": 0
    }
  },
  {
    "model": "core.pageform",
    "pk": 7,
    "fields": {
      "page": 2,
      "form": 1,
      "page_form_mode": 4,
      "page_form_group": 1,
      "sort": 1
    }
  },
  {
    "model": "core.pageform",
    "pk": 8,
    "fields": {
      "page": 2,
      "form": 2,
      "page_form_mode": 1,
      "page_form_group": 1,
      "sort": 1
    }
  },
  {
    "model": "core.pageform",
    "pk": 9,
    "fields": {
      "page": 2,
      "form": 3,
      "page_form_mode": 1,
      "page_form_group": 1,
      "sort": 1
    }
  },
  {
    "model": "core.pageform",
    "pk": 10,
    "fields": {
      "page": 1,
      "form": 3,
      "page_form_mode": 1,
      "page_form_group": 1,
      "sort": 0
    }
  },
  {
    "model": "core.pageform",
    "pk": 11,
    "fields": {
      "page": 2,
      "form": 4,
      "page_form_mode": 1,
      "page_form_group": 1,
      "sort": 1
    }
  },
  {
    "model": "core.pageform",
    "pk": 12,
    "fields": {
      "page": 1,
      "form": 4,
      "page_form_mode": 1,
      "page_form_group": 1,
      "sort": 0
    }
  },
  {
    "model": "core.pageform",
    "pk": 13,
    "fields": {
      "page": 2,
      "form": 5,
      "page_form_mode": 1,
      "page_form_group": 1,
      "sort": 1
    }
  },
  {
    "model": "core.pageform",
    "pk": 14,
    "fields": {
      "page": 1,
      "form": 5,
      "page_form_mode": 1,
      "page_form_group": 1,
      "sort": 0
    }
  },
  {
    "model": "core.pageform",
    "pk": 15,
    "fields": {
      "page": 2,
      "form": 6,
      "page_form_mode": 1,
      "page_form_group": 1,
      "sort": 1
    }
  },
  {
    "model": "core.pageform",
    "pk": 16,
    "fields": {
      "page": 1,
      "form": 6,
      "page_form_mode": 1,
      "page_form_group": 1,
      "sort": 0
    }
  },
  {
    "model": "core.pageform",
    "pk": 17,
    "fields": {
      "page": 2,
      "form": 7,
      "page_form_mode": 1,
      "page_form_group": 1,
      "sort": 1
    }
  },
  {
    "model": "core.pageform",
    "pk": 18,
    "fields": {
      "page": 1,
      "form": 7,
      "page_form_mode": 1,
      "page_form_group": 1,
      "sort": 0
    }
  },
  {
    "model": "core.pageform",
    "pk": 19,
    "fields": {
      "page": 2,
      "form": 8,
      "page_form_mode": 1,
      "page_form_group": 1,
      "sort": 1
    }
  },
  {
    "model": "core.pageform",
    "pk": 20,
    "fields": {
      "page": 1,
      "form": 8,
      "page_form_mode": 1,
      "page_form_group": 1,
      "sort": 0
    }
  },
  {
    "model": "core.pageform",
    "pk": 21,
    "fields": {
      "page": 2,
      "form": 9,
      "page_form_mode": 1,
      "page_form_group": 1,
      "sort": 1
    }
  },
  {
    "model": "core.pageform",
    "pk": 22,
    "fields": {
      "page": 1,
      "form": 9,
      "page_form_mode": 1,
      "page_form_group": 1,
      "sort": 0
    }
  },
  {
    "model": "core.pageform",
    "pk": 23,
    "fields": {
      "page": 2,
      "form": 10,
      "page_form_mode": 1,
      "page_form_group": 1,
      "sort": 1
    }
  },
  {
    "model": "core.pageform",
    "pk": 24,
    "fields": {
      "page": 1,
      "form": 10,
      "page_form_mode": 1,
      "page_form_group": 1,
      "sort": 0
    }
  },
  {
    "model": "core.pageform",
    "pk": 25,
    "fields": {
      "page": 1,
      "form": 11,
      "page_form_mode": 1,
      "page_form_group": 1,
      "sort": 0
    }
  },
  {
    "model": "core.pageform",
    "pk": 26,
    "fields": {
      "page": 2,
      "form": 12,
      "page_form_mode": 1,
      "page_form_group": 1,
      "sort": 0
    }
  },
  {
    "model": "core.pageform",
    "pk": 27,
    "fields": {
      "page": 1,
      "form": 12,
      "page_form_mode": 1,
      "page_form_group": 1,
      "sort": 1
    }
  },
  {
    "model": "core.pageform",
    "pk": 28,
    "fields": {
      "page": 2,
      "form": 13,
      "page_form_mode": 1,
      "page_form_group": 1,
      "sort": 0
    }
  },
  {
    "model": "core.pageform",
    "pk": 29,
    "fields": {
      "page": 1,
      "form": 13,
      "page_form_mode": 1,
      "page_form_group": 1,
      "sort": 1
    }
  },
  {
    "model": "core.pageform",
    "pk": 30,
    "fields": {
      "page": 2,
      "form": 14,
      "page_form_mode": 1,
      "page_form_group": 1,
      "sort": 0
    }
  },
  {
    "model": "core.pageform",
    "pk": 31,
    "fields": {
      "page": 1,
      "form": 14,
      "page_form_mode": 1,
      "page_form_group": 1,
      "sort": 1
    }
  },
  {
    "model": "core.pageform",
    "pk": 32,
    "fields": {
      "page": 2,
      "form": 15,
      "page_form_mode": 1,
      "page_form_group": 1,
      "sort": 0
    }
  },
  {
    "model": "core.pageform",
    "pk": 33,
    "fields": {
      "page": 1,
      "form": 15,
      "page_form_mode": 1,
      "page_form_group": 1,
      "sort": 1
    }
  },
  {
    "model": "core.pageform",
    "pk": 34,
    "fields": {
      "page": 2,
      "form": 16,
      "page_form_mode": 1,
      "page_form_group": 1,
      "sort": 0
    }
  },
  {
    "model": "core.pageform",
    "pk": 35,
    "fields": {
      "page": 1,
      "form": 16,
      "page_form_mode": 1,
      "page_form_group": 1,
      "sort": 1
    }
  },
  {
    "model": "core.pageform",
    "pk": 36,
    "fields": {
      "page": 2,
      "form": 17,
      "page_form_mode": 1,
      "page_form_group": 1,
      "sort": 0
    }
  },
  {
    "model": "core.pageform",
    "pk": 37,
    "fields": {
      "page": 1,
      "form": 17,
      "page_form_mode": 1,
      "page_form_group": 1,
      "sort": 1
    }
  },
  {
    "model": "core.pageform",
    "pk": 38,
    "fields": {
      "page": 2,
      "form": 18,
      "page_form_mode": 1,
      "page_form_group": 1,
      "sort": 0
    }
  },
  {
    "model": "core.pageform",
    "pk": 39,
    "fields": {
      "page": 1,
      "form": 18,
      "page_form_mode": 1,
      "page_form_group": 1,
      "sort": 1
    }
  },
  {
    "model": "core.pageform",
    "pk": 40,
    "fields": {
      "page": 2,
      "form": 19,
      "page_form_mode": 1,
      "page_form_group": 1,
      "sort": 0
    }
  },
  {
    "model": "core.pageform",
    "pk": 41,
    "fields": {
      "page": 1,
      "form": 19,
      "page_form_mode": 1,
      "page_form_group": 1,
      "sort": 1
    }
  },
  {
    "model": "core.pageform",
    "pk": 42,
    "fields": {
      "page": 2,
      "form": 20,
      "page_form_mode": 1,
      "page_form_group": 1,
      "sort": 0
    }
  },
  {
    "model": "core.pageform",
    "pk": 43,
    "fields": {
      "page": 1,
      "form": 20,
      "page_form_mode": 1,
      "page_form_group": 1,
      "sort": 1
    }
  },
  {
    "model": "core.pageform",
    "pk": 44,
    "fields": {
      "page": 2,
      "form": 21,
      "page_form_mode": 1,
      "page_form_group": 1,
      "sort": 0
    }
  },
  {
    "model": "core.pageform",
    "pk": 45,
    "fields": {
      "page": 1,
      "form": 21,
      "page_form_mode": 1,
      "page_form_group": 1,
      "sort": 1
    }
  },
  {
    "model": "core.pageform",
    "pk": 46,
    "fields": {
      "page": 2,
      "form": 22,
      "page_form_mode": 1,
      "page_form_group": 1,
      "sort": 0
    }
  },
  {
    "model": "core.pageform",
    "pk": 47,
    "fields": {
      "page": 1,
      "form": 22,
      "page_form_mode": 1,
      "page_form_group": 1,
      "sort": 1
    }
  },
  {
    "model": "core.pageform",
    "pk": 48,
    "fields": {
      "page": 2,
      "form": 23,
      "page_form_mode": 1,
      "page_form_group": 1,
      "sort": 0
    }
  },
  {
    "model": "core.pageform",
    "pk": 49,
    "fields": {
      "page": 1,
      "form": 23,
      "page_form_mode": 1,
      "page_form_group": 1,
      "sort": 1
    }
  },
  {
    "model": "core.pageform",
    "pk": 50,
    "fields": {
      "page": 2,
      "form": 25,
      "page_form_mode": 1,
      "page_form_group": 1,
      "sort": 0
    }
  },
  {
    "model": "core.pageform",
    "pk": 51,
    "fields": {
      "page": 1,
      "form": 25,
      "page_form_mode": 1,
      "page_form_group": 1,
      "sort": 1
    }
  },
  {
    "model": "core.pageform",
    "pk": 52,
    "fields": {
      "page": 2,
      "form": 24,
      "page_form_mode": 1,
      "page_form_group": 1,
      "sort": 0
    }
  },
  {
    "model": "core.pageform",
    "pk": 53,
    "fields": {
      "page": 1,
      "form": 24,
      "page_form_mode": 1,
      "page_form_group": 1,
      "sort": 1
    }
  },
  {
    "model": "core.pageform",
    "pk": 54,
    "fields": {
      "page": 2,
      "form": 26,
      "page_form_mode": 1,
      "page_form_group": 1,
      "sort": 0
    }
  },
  {
    "model": "core.pageform",
    "pk": 55,
    "fields": {
      "page": 1,
      "form": 26,
      "page_form_mode": 1,
      "page_form_group": 1,
      "sort": 1
    }
  },
  {
    "model": "core.pageform",
    "pk": 56,
    "fields": {
      "page": 2,
      "form": 27,
      "page_form_mode": 1,
      "page_form_group": 1,
      "sort": 0
    }
  },
  {
    "model": "core.pageform",
    "pk": 57,
    "fields": {
      "page": 1,
      "form": 27,
      "page_form_mode": 1,
      "page_form_group": 1,
      "sort": 1
    }
  },
  {
    "model": "core.pageform",
    "pk": 58,
    "fields": {
      "page": 2,
      "form": 28,
      "page_form_mode": 1,
      "page_form_group": 1,
      "sort": 0
    }
  },
  {
    "model": "core.pageform",
    "pk": 59,
    "fields": {
      "page": 1,
      "form": 28,
      "page_form_mode": 1,
      "page_form_group": 1,
      "sort": 1
    }
  },
  {
    "model": "core.pageformgroup",
    "pk": 1,
    "fields": {
      "name": "default"
    }
  },
  {
    "model": "core.pageformmode",
    "pk": 1,
    "fields": {
      "name": "Additional"
    }
  },
  {
    "model": "core.pageformmode",
    "pk": 2,
    "fields": {
      "name": "Activable"
    }
  },
  {
    "model": "core.pageformmode",
    "pk": 3,
    "fields": {
      "name": "Required"
    }
  },
  {
    "model": "core.pageformmode",
    "pk": 4,
    "fields": {
      "name": "Instance resource"
    }
  },
  {
    "model": "core.publicationsetting",
    "pk": 1,
    "fields": {
      "key": "duration",
      "value": "20 Tage",
      "type": null
    }
  },
  {
    "model": "core.question",
    "pk": 2,
    "fields": {
      "question_type": 10,
      "mapping": 1,
      "answer_query": null,
      "name": "Nachforderung",
      "description": null,
      "javascript": null,
      "regex": null,
      "default_answer": null,
      "class_field": null,
      "validation": null
    }
  },
  {
    "model": "core.question",
    "pk": 3,
    "fields": {
      "question_type": 10,
      "mapping": 1,
      "answer_query": null,
      "name": "Dossier vollst\u00e4ndig",
      "description": null,
      "javascript": null,
      "regex": null,
      "default_answer": null,
      "class_field": null,
      "validation": null
    }
  },
  {
    "model": "core.question",
    "pk": 4,
    "fields": {
      "question_type": 10,
      "mapping": 1,
      "answer_query": null,
      "name": "Zur \u00dcberpr\u00fcfung freigegeben",
      "description": null,
      "javascript": null,
      "regex": null,
      "default_answer": null,
      "class_field": null,
      "validation": null
    }
  },
  {
    "model": "core.question",
    "pk": 5,
    "fields": {
      "question_type": 1,
      "mapping": 1,
      "answer_query": null,
      "name": "Sachbearbeiter",
      "description": null,
      "javascript": null,
      "regex": null,
      "default_answer": null,
      "class_field": null,
      "validation": null
    }
  },
  {
    "model": "core.question",
    "pk": 6,
    "fields": {
      "question_type": 10,
      "mapping": 1,
      "answer_query": null,
      "name": "Abgeschlossen am",
      "description": null,
      "javascript": null,
      "regex": null,
      "default_answer": null,
      "class_field": null,
      "validation": null
    }
  },
  {
    "model": "core.question",
    "pk": 7,
    "fields": {
      "question_type": 1,
      "mapping": 1,
      "answer_query": null,
      "name": "Vorgesetzter",
      "description": null,
      "javascript": null,
      "regex": null,
      "default_answer": null,
      "class_field": null,
      "validation": null
    }
  },
  {
    "model": "core.questionchapter",
    "pk": 1,
    "fields": {
      "question": 2,
      "chapter": 1,
      "required": 0,
      "item": 1,
      "sort": 0
    }
  },
  {
    "model": "core.questionchapter",
    "pk": 2,
    "fields": {
      "question": 3,
      "chapter": 1,
      "required": 0,
      "item": 1,
      "sort": 1
    }
  },
  {
    "model": "core.questionchapter",
    "pk": 3,
    "fields": {
      "question": 4,
      "chapter": 1,
      "required": 0,
      "item": 1,
      "sort": 2
    }
  },
  {
    "model": "core.questionchapter",
    "pk": 4,
    "fields": {
      "question": 5,
      "chapter": 1,
      "required": 0,
      "item": 1,
      "sort": 3
    }
  },
  {
    "model": "core.questionchapter",
    "pk": 5,
    "fields": {
      "question": 6,
      "chapter": 1,
      "required": 0,
      "item": 1,
      "sort": 4
    }
  },
  {
    "model": "core.questionchapter",
    "pk": 6,
    "fields": {
      "question": 7,
      "chapter": 1,
      "required": 0,
      "item": 1,
      "sort": 5
    }
  },
  {
    "model": "core.questiontype",
    "pk": 1,
    "fields": {
      "name": "Text",
      "sort": 0
    }
  },
  {
    "model": "core.questiontype",
    "pk": 2,
    "fields": {
      "name": "Textarea",
      "sort": 1
    }
  },
  {
    "model": "core.questiontype",
    "pk": 3,
    "fields": {
      "name": "Select",
      "sort": 4
    }
  },
  {
    "model": "core.questiontype",
    "pk": 4,
    "fields": {
      "name": "Multi select",
      "sort": 5
    }
  },
  {
    "model": "core.questiontype",
    "pk": 5,
    "fields": {
      "name": "Radiobox",
      "sort": 6
    }
  },
  {
    "model": "core.questiontype",
    "pk": 6,
    "fields": {
      "name": "Checkbox",
      "sort": 7
    }
  },
  {
    "model": "core.questiontype",
    "pk": 7,
    "fields": {
      "name": "Multi checkbox",
      "sort": 8
    }
  },
  {
    "model": "core.questiontype",
    "pk": 8,
    "fields": {
      "name": "File",
      "sort": 9
    }
  },
  {
    "model": "core.questiontype",
    "pk": 9,
    "fields": {
      "name": "Note",
      "sort": 10
    }
  },
  {
    "model": "core.questiontype",
    "pk": 10,
    "fields": {
      "name": "Date",
      "sort": 2
    }
  },
  {
    "model": "core.questiontype",
    "pk": 11,
    "fields": {
      "name": "Amount",
      "sort": 3
    }
  },
  {
    "model": "core.rapilistcirculationstate",
    "pk": 25,
    "fields": {
      "resource": 6,
      "circulation_state": 1
    }
  },
  {
    "model": "core.rapilistcirculationstate",
    "pk": 26,
    "fields": {
      "resource": 6,
      "circulation_state": 2
    }
  },
  {
    "model": "core.rapilistcirculationstate",
    "pk": 27,
    "fields": {
      "resource": 6,
      "circulation_state": 6
    }
  },
  {
    "model": "core.rapilistcirculationtype",
    "pk": 1,
    "fields": {
      "resource": 2,
      "circulation_type": 1
    }
  },
  {
    "model": "core.rapilistcirculationtype",
    "pk": 4,
    "fields": {
      "resource": 4,
      "circulation_type": 1
    }
  },
  {
    "model": "core.rapilistcirculationtype",
    "pk": 9,
    "fields": {
      "resource": 7,
      "circulation_type": 1
    }
  },
  {
    "model": "core.rapilistcirculationtype",
    "pk": 11,
    "fields": {
      "resource": 12,
      "circulation_type": 1
    }
  },
  {
    "model": "core.rapilistcirculationtype",
    "pk": 12,
    "fields": {
      "resource": 15,
      "circulation_type": 1
    }
  },
  {
    "model": "core.rapilistcirculationtype",
    "pk": 14,
    "fields": {
      "resource": 5,
      "circulation_type": 1
    }
  },
  {
    "model": "core.rapilistcirculationtype",
    "pk": 16,
    "fields": {
      "resource": 22,
      "circulation_type": 1
    }
  },
  {
    "model": "core.rapilistcirculationtype",
    "pk": 18,
    "fields": {
      "resource": 8,
      "circulation_type": 1
    }
  },
  {
    "model": "core.rapilistinstancestate",
    "pk": 2,
    "fields": {
      "resource": 2,
      "instance_state": 3
    }
  },
  {
    "model": "core.rapilistinstancestate",
    "pk": 7,
    "fields": {
      "resource": 4,
      "instance_state": 5
    }
  },
  {
    "model": "core.rapilistinstancestate",
    "pk": 8,
    "fields": {
      "resource": 4,
      "instance_state": 7
    }
  },
  {
    "model": "core.rapilistinstancestate",
    "pk": 20,
    "fields": {
      "resource": 7,
      "instance_state": 3
    }
  },
  {
    "model": "core.rapilistinstancestate",
    "pk": 21,
    "fields": {
      "resource": 7,
      "instance_state": 5
    }
  },
  {
    "model": "core.rapilistinstancestate",
    "pk": 22,
    "fields": {
      "resource": 7,
      "instance_state": 6
    }
  },
  {
    "model": "core.rapilistinstancestate",
    "pk": 23,
    "fields": {
      "resource": 7,
      "instance_state": 7
    }
  },
  {
    "model": "core.rapilistinstancestate",
    "pk": 24,
    "fields": {
      "resource": 7,
      "instance_state": 8
    }
  },
  {
    "model": "core.rapilistinstancestate",
    "pk": 25,
    "fields": {
      "resource": 7,
      "instance_state": 9
    }
  },
  {
    "model": "core.rapilistinstancestate",
    "pk": 36,
    "fields": {
      "resource": 1,
      "instance_state": 2
    }
  },
  {
    "model": "core.rapilistinstancestate",
    "pk": 37,
    "fields": {
      "resource": 6,
      "instance_state": 5
    }
  },
  {
    "model": "core.rapilistinstancestate",
    "pk": 38,
    "fields": {
      "resource": 6,
      "instance_state": 7
    }
  },
  {
    "model": "core.rapilistinstancestate",
    "pk": 39,
    "fields": {
      "resource": 12,
      "instance_state": 3
    }
  },
  {
    "model": "core.rapilistinstancestate",
    "pk": 40,
    "fields": {
      "resource": 12,
      "instance_state": 5
    }
  },
  {
    "model": "core.rapilistinstancestate",
    "pk": 41,
    "fields": {
      "resource": 12,
      "instance_state": 6
    }
  },
  {
    "model": "core.rapilistinstancestate",
    "pk": 42,
    "fields": {
      "resource": 12,
      "instance_state": 7
    }
  },
  {
    "model": "core.rapilistinstancestate",
    "pk": 50,
    "fields": {
      "resource": 13,
      "instance_state": 3
    }
  },
  {
    "model": "core.rapilistinstancestate",
    "pk": 51,
    "fields": {
      "resource": 13,
      "instance_state": 4
    }
  },
  {
    "model": "core.rapilistinstancestate",
    "pk": 52,
    "fields": {
      "resource": 13,
      "instance_state": 5
    }
  },
  {
    "model": "core.rapilistinstancestate",
    "pk": 53,
    "fields": {
      "resource": 13,
      "instance_state": 6
    }
  },
  {
    "model": "core.rapilistinstancestate",
    "pk": 54,
    "fields": {
      "resource": 13,
      "instance_state": 7
    }
  },
  {
    "model": "core.rapilistinstancestate",
    "pk": 55,
    "fields": {
      "resource": 13,
      "instance_state": 8
    }
  },
  {
    "model": "core.rapilistinstancestate",
    "pk": 56,
    "fields": {
      "resource": 13,
      "instance_state": 9
    }
  },
  {
    "model": "core.rapilistinstancestate",
    "pk": 57,
    "fields": {
      "resource": 15,
      "instance_state": 3
    }
  },
  {
    "model": "core.rapilistinstancestate",
    "pk": 58,
    "fields": {
      "resource": 15,
      "instance_state": 4
    }
  },
  {
    "model": "core.rapilistinstancestate",
    "pk": 59,
    "fields": {
      "resource": 15,
      "instance_state": 5
    }
  },
  {
    "model": "core.rapilistinstancestate",
    "pk": 60,
    "fields": {
      "resource": 15,
      "instance_state": 6
    }
  },
  {
    "model": "core.rapilistinstancestate",
    "pk": 61,
    "fields": {
      "resource": 15,
      "instance_state": 7
    }
  },
  {
    "model": "core.rapilistinstancestate",
    "pk": 62,
    "fields": {
      "resource": 15,
      "instance_state": 8
    }
  },
  {
    "model": "core.rapilistinstancestate",
    "pk": 63,
    "fields": {
      "resource": 15,
      "instance_state": 9
    }
  },
  {
    "model": "core.rapilistinstancestate",
    "pk": 67,
    "fields": {
      "resource": 1,
      "instance_state": 12
    }
  },
  {
    "model": "core.rapilistinstancestate",
    "pk": 72,
    "fields": {
      "resource": 5,
      "instance_state": 6
    }
  },
  {
    "model": "core.rapilistinstancestate",
    "pk": 73,
    "fields": {
      "resource": 5,
      "instance_state": 8
    }
  },
  {
    "model": "core.rapilistinstancestate",
    "pk": 74,
    "fields": {
      "resource": 5,
      "instance_state": 13
    }
  },
  {
    "model": "core.rapilistinstancestate",
    "pk": 75,
    "fields": {
      "resource": 5,
      "instance_state": 9
    }
  },
  {
    "model": "core.rapilistinstancestate",
    "pk": 79,
    "fields": {
      "resource": 22,
      "instance_state": 1
    }
  },
  {
    "model": "core.rapilistinstancestate",
    "pk": 89,
    "fields": {
      "resource": 8,
      "instance_state": 12
    }
  },
  {
    "model": "core.rapilistinstancestate",
    "pk": 90,
    "fields": {
      "resource": 8,
      "instance_state": 2
    }
  },
  {
    "model": "core.rapilistinstancestate",
    "pk": 91,
    "fields": {
      "resource": 8,
      "instance_state": 3
    }
  },
  {
    "model": "core.rapilistinstancestate",
    "pk": 92,
    "fields": {
      "resource": 8,
      "instance_state": 5
    }
  },
  {
    "model": "core.rapilistinstancestate",
    "pk": 93,
    "fields": {
      "resource": 8,
      "instance_state": 6
    }
  },
  {
    "model": "core.rapilistinstancestate",
    "pk": 94,
    "fields": {
      "resource": 8,
      "instance_state": 7
    }
  },
  {
    "model": "core.rapilistinstancestate",
    "pk": 95,
    "fields": {
      "resource": 8,
      "instance_state": 13
    }
  },
  {
    "model": "core.rapilistinstancestate",
    "pk": 96,
    "fields": {
      "resource": 8,
      "instance_state": 8
    }
  },
  {
    "model": "core.rapilistinstancestate",
    "pk": 97,
    "fields": {
      "resource": 8,
      "instance_state": 9
    }
  },
  {
    "model": "core.rapilistinstancestate",
    "pk": 98,
    "fields": {
      "resource": 8,
      "instance_state": 10
    }
  },
  {
    "model": "core.rpage",
    "pk": 24,
    "fields": {
      "pdf_class": null
    }
  },
  {
    "model": "core.rroleacl",
    "pk": 1,
    "fields": {
      "resource": 1,
      "role": 3
    }
  },
  {
    "model": "core.rroleacl",
    "pk": 2,
    "fields": {
      "resource": 2,
      "role": 3
    }
  },
  {
    "model": "core.rroleacl",
    "pk": 4,
    "fields": {
      "resource": 4,
      "role": 3
    }
  },
  {
    "model": "core.rroleacl",
    "pk": 5,
    "fields": {
      "resource": 5,
      "role": 3
    }
  },
  {
    "model": "core.rroleacl",
    "pk": 6,
    "fields": {
      "resource": 6,
      "role": 5
    }
  },
  {
    "model": "core.rroleacl",
    "pk": 8,
    "fields": {
      "resource": 7,
      "role": 6
    }
  },
  {
    "model": "core.rroleacl",
    "pk": 9,
    "fields": {
      "resource": 8,
      "role": 3
    }
  },
  {
    "model": "core.rroleacl",
    "pk": 10,
    "fields": {
      "resource": 9,
      "role": 3
    }
  },
  {
    "model": "core.rroleacl",
    "pk": 11,
    "fields": {
      "resource": 9,
      "role": 5
    }
  },
  {
    "model": "core.rroleacl",
    "pk": 12,
    "fields": {
      "resource": 10,
      "role": 3
    }
  },
  {
    "model": "core.rroleacl",
    "pk": 13,
    "fields": {
      "resource": 10,
      "role": 8
    }
  },
  {
    "model": "core.rroleacl",
    "pk": 14,
    "fields": {
      "resource": 6,
      "role": 7
    }
  },
  {
    "model": "core.rroleacl",
    "pk": 15,
    "fields": {
      "resource": 11,
      "role": 3
    }
  },
  {
    "model": "core.rroleacl",
    "pk": 16,
    "fields": {
      "resource": 11,
      "role": 8
    }
  },
  {
    "model": "core.rroleacl",
    "pk": 17,
    "fields": {
      "resource": 12,
      "role": 9
    }
  },
  {
    "model": "core.rroleacl",
    "pk": 18,
    "fields": {
      "resource": 13,
      "role": 3
    }
  },
  {
    "model": "core.rroleacl",
    "pk": 19,
    "fields": {
      "resource": 13,
      "role": 5
    }
  },
  {
    "model": "core.rroleacl",
    "pk": 25,
    "fields": {
      "resource": 15,
      "role": 10
    }
  },
  {
    "model": "core.rroleacl",
    "pk": 26,
    "fields": {
      "resource": 1,
      "role": 8
    }
  },
  {
    "model": "core.rroleacl",
    "pk": 27,
    "fields": {
      "resource": 2,
      "role": 8
    }
  },
  {
    "model": "core.rroleacl",
    "pk": 28,
    "fields": {
      "resource": 4,
      "role": 8
    }
  },
  {
    "model": "core.rroleacl",
    "pk": 29,
    "fields": {
      "resource": 5,
      "role": 8
    }
  },
  {
    "model": "core.rroleacl",
    "pk": 30,
    "fields": {
      "resource": 8,
      "role": 8
    }
  },
  {
    "model": "core.rroleacl",
    "pk": 31,
    "fields": {
      "resource": 9,
      "role": 8
    }
  },
  {
    "model": "core.rroleacl",
    "pk": 32,
    "fields": {
      "resource": 10,
      "role": 5
    }
  },
  {
    "model": "core.rroleacl",
    "pk": 33,
    "fields": {
      "resource": 10,
      "role": 7
    }
  },
  {
    "model": "core.rroleacl",
    "pk": 34,
    "fields": {
      "resource": 8,
      "role": 5
    }
  },
  {
    "model": "core.rroleacl",
    "pk": 35,
    "fields": {
      "resource": 8,
      "role": 7
    }
  },
  {
    "model": "core.rroleacl",
    "pk": 37,
    "fields": {
      "resource": 16,
      "role": 5
    }
  },
  {
    "model": "core.rroleacl",
    "pk": 38,
    "fields": {
      "resource": 16,
      "role": 7
    }
  },
  {
    "model": "core.rroleacl",
    "pk": 39,
    "fields": {
      "resource": 16,
      "role": 8
    }
  },
  {
    "model": "core.rroleacl",
    "pk": 40,
    "fields": {
      "resource": 16,
      "role": 3
    }
  },
  {
    "model": "core.rroleacl",
    "pk": 41,
    "fields": {
      "resource": 17,
      "role": 3
    }
  },
  {
    "model": "core.rroleacl",
    "pk": 42,
    "fields": {
      "resource": 17,
      "role": 8
    }
  },
  {
    "model": "core.rroleacl",
    "pk": 45,
    "fields": {
      "resource": 22,
      "role": 3
    }
  },
  {
    "model": "core.rroleacl",
    "pk": 46,
    "fields": {
      "resource": 22,
      "role": 8
    }
  },
  {
    "model": "core.rroleacl",
    "pk": 47,
    "fields": {
      "resource": 1,
      "role": 11
    }
  },
  {
    "model": "core.rroleacl",
    "pk": 48,
    "fields": {
      "resource": 2,
      "role": 11
    }
  },
  {
    "model": "core.rroleacl",
    "pk": 49,
    "fields": {
      "resource": 4,
      "role": 11
    }
  },
  {
    "model": "core.rroleacl",
    "pk": 50,
    "fields": {
      "resource": 5,
      "role": 11
    }
  },
  {
    "model": "core.rroleacl",
    "pk": 51,
    "fields": {
      "resource": 8,
      "role": 11
    }
  },
  {
    "model": "core.rroleacl",
    "pk": 52,
    "fields": {
      "resource": 9,
      "role": 11
    }
  },
  {
    "model": "core.rroleacl",
    "pk": 53,
    "fields": {
      "resource": 16,
      "role": 11
    }
  },
  {
    "model": "core.rroleacl",
    "pk": 54,
    "fields": {
      "resource": 10,
      "role": 11
    }
  },
  {
    "model": "core.rroleacl",
    "pk": 55,
    "fields": {
      "resource": 13,
      "role": 11
    }
  },
  {
    "model": "core.rroleacl",
    "pk": 56,
    "fields": {
      "resource": 23,
      "role": 3
    }
  },
  {
    "model": "core.rroleacl",
    "pk": 57,
    "fields": {
      "resource": 23,
      "role": 8
    }
  },
  {
    "model": "core.rroleacl",
    "pk": 58,
    "fields": {
      "resource": 23,
      "role": 5
    }
  },
  {
    "model": "core.rroleacl",
    "pk": 59,
    "fields": {
      "resource": 23,
      "role": 7
    }
  },
  {
    "model": "core.rroleacl",
    "pk": 60,
    "fields": {
      "resource": 23,
      "role": 11
    }
  },
  {
    "model": "core.rroleacl",
    "pk": 61,
    "fields": {
      "resource": 13,
      "role": 10
    }
  },
  {
    "model": "core.rroleacl",
    "pk": 62,
    "fields": {
      "resource": 24,
      "role": 12
    }
  },
  {
    "model": "core.resource",
    "pk": 1,
    "fields": {
      "available_resource": "apilistinstance",
      "name": "Neue Gesuche",
      "description": "Eingereichte Dossiers f\u00fcr die Gemeinde",
      "template": null,
      "class_field": null,
      "hidden": 0,
      "sort": 1
    }
  },
  {
    "model": "core.resource",
    "pk": 2,
    "fields": {
      "available_resource": "apilistinstance",
      "name": "Start Zirkulation",
      "description": "Pendenzenliste der Gemeinde f\u00fcr neue Dossiers",
      "template": null,
      "class_field": null,
      "hidden": 0,
      "sort": 2
    }
  },
  {
    "model": "core.resource",
    "pk": 4,
    "fields": {
      "available_resource": "apilistinstance",
      "name": "In Zirkulation",
      "description": "Zirkulation aus Sicht der Gemeinde",
      "template": null,
      "class_field": null,
      "hidden": 0,
      "sort": 3
    }
  },
  {
    "model": "core.resource",
    "pk": 5,
    "fields": {
      "available_resource": "apilistinstance",
      "name": "Entscheid",
      "description": "Abzuschliessende Dossiers f\u00fcr die Gemeinde",
      "template": null,
      "class_field": null,
      "hidden": 0,
      "sort": 5
    }
  },
  {
    "model": "core.resource",
    "pk": 6,
    "fields": {
      "available_resource": "apilistactivation",
      "name": "In Zirkulation",
      "description": "Zirkulation aus Sicht der Fachstellen",
      "template": null,
      "class_field": null,
      "hidden": 0,
      "sort": 4
    }
  },
  {
    "model": "core.resource",
    "pk": 7,
    "fields": {
      "available_resource": "apilistinstance",
      "name": "\u00dcbersicht aktiver Dossiers",
      "description": "\u00dcbersicht aktiver Dossiers f\u00fcr den Kanton",
      "template": null,
      "class_field": null,
      "hidden": 0,
      "sort": 6
    }
  },
  {
    "model": "core.resource",
    "pk": 8,
    "fields": {
      "available_resource": "apilistinstance",
      "name": "Suche",
      "description": null,
      "template": null,
      "class_field": null,
      "hidden": 0,
      "sort": 7
    }
  },
  {
    "model": "core.resource",
    "pk": 9,
    "fields": {
      "available_resource": "templatemanager",
      "name": "Vorlagenverwaltung",
      "description": null,
      "template": null,
      "class_field": null,
      "hidden": 0,
      "sort": 8
    }
  },
  {
    "model": "core.resource",
    "pk": 10,
    "fields": {
      "available_resource": "issuedashboard",
      "name": "Offene Punkte",
      "description": null,
      "template": null,
      "class_field": null,
      "hidden": 0,
      "sort": 10
    }
  },
  {
    "model": "core.resource",
    "pk": 11,
    "fields": {
      "available_resource": "issuetemplates",
      "name": "Pendenzenvorlagen",
      "description": null,
      "template": null,
      "class_field": null,
      "hidden": 0,
      "sort": 11
    }
  },
  {
    "model": "core.resource",
    "pk": 12,
    "fields": {
      "available_resource": "apilistinstance",
      "name": "Publikation",
      "description": null,
      "template": null,
      "class_field": null,
      "hidden": 0,
      "sort": 12
    }
  },
  {
    "model": "core.resource",
    "pk": 13,
    "fields": {
      "available_resource": "useradmin",
      "name": "Einstellungen",
      "description": null,
      "template": null,
      "class_field": null,
      "hidden": 0,
      "sort": 13
    }
  },
  {
    "model": "core.resource",
    "pk": 15,
    "fields": {
      "available_resource": "apilistinstance",
      "name": "Gesuche",
      "description": "Gesuche der Leserolle",
      "template": null,
      "class_field": null,
      "hidden": 0,
      "sort": 14
    }
  },
  {
    "model": "core.resource",
    "pk": 16,
    "fields": {
      "available_resource": "textcomponentadmin",
      "name": "Textbausteine",
      "description": null,
      "template": null,
      "class_field": null,
      "hidden": 0,
      "sort": 9
    }
  },
  {
    "model": "core.resource",
    "pk": 17,
    "fields": {
      "available_resource": "businesscontrolcreate",
      "name": "Gesch\u00e4ftskontrolle erstellen",
      "description": null,
      "template": null,
      "class_field": null,
      "hidden": 1,
      "sort": 15
    }
  },
  {
    "model": "core.resource",
    "pk": 22,
    "fields": {
      "available_resource": "businesscontrollist",
      "name": "Gesch\u00e4ftskontrollen",
      "description": null,
      "template": null,
      "class_field": null,
      "hidden": 1,
      "sort": 16
    }
  },
  {
    "model": "core.resource",
    "pk": 23,
    "fields": {
      "available_resource": "workitemlistall",
      "name": "Aufgabenliste",
      "description": null,
      "template": null,
      "class_field": null,
      "hidden": 0,
      "sort": 0
    }
  },
  {
    "model": "core.resource",
    "pk": 24,
    "fields": {
      "available_resource": "page",
      "name": "FormBuilder",
      "description": null,
      "template": "/ember-camac-ng/formbuilder.phtml",
      "class_field": null,
      "hidden": 0,
      "sort": 17
    }
  },
  {
    "model": "core.workflowaction",
    "pk": 2,
    "fields": {
      "workflow_item": 14,
      "multi_value": 3
    }
  },
  {
    "model": "core.workflowaction",
    "pk": 5,
    "fields": {
      "workflow_item": 13,
      "multi_value": 1
    }
  },
  {
    "model": "core.workflowaction",
    "pk": 63,
    "fields": {
      "workflow_item": 13,
      "multi_value": 1
    }
  },
  {
    "model": "core.workflowaction",
    "pk": 95,
    "fields": {
      "workflow_item": 13,
      "multi_value": 1
    }
  },
  {
    "model": "core.workflowaction",
    "pk": 159,
    "fields": {
      "workflow_item": 81,
      "multi_value": 1
    }
  },
  {
    "model": "core.workflowaction",
    "pk": 160,
    "fields": {
      "workflow_item": 83,
      "multi_value": 1
    }
  },
  {
    "model": "core.workflowitem",
    "pk": 10,
    "fields": {
      "position": 1,
      "name": "Gesuchseingang",
      "automatical": 0,
      "different_color": 0,
      "is_workflow": 1,
      "is_building_authority": 1,
      "workflow_section": 1
    }
  },
  {
    "model": "core.workflowitem",
    "pk": 13,
    "fields": {
      "position": 5,
      "name": "Nachforderung",
      "automatical": 0,
      "different_color": 0,
      "is_workflow": 1,
      "is_building_authority": 1,
      "workflow_section": 1
    }
  },
  {
    "model": "core.workflowitem",
    "pk": 14,
    "fields": {
      "position": 3,
      "name": "Dossier formell vollstandig",
      "automatical": 0,
      "different_color": 0,
      "is_workflow": 1,
      "is_building_authority": 1,
      "workflow_section": 1
    }
  },
  {
    "model": "core.workflowitem",
    "pk": 15,
    "fields": {
      "position": 4,
      "name": "Publikation",
      "automatical": 1,
      "different_color": 0,
      "is_workflow": 1,
      "is_building_authority": 1,
      "workflow_section": 1
    }
  },
  {
    "model": "core.workflowitem",
    "pk": 47,
    "fields": {
      "position": 10,
      "name": "Bauentscheid",
      "automatical": 0,
      "different_color": 0,
      "is_workflow": 1,
      "is_building_authority": 1,
      "workflow_section": 1
    }
  },
  {
    "model": "core.workflowitem",
    "pk": 55,
    "fields": {
      "position": 13,
      "name": "Baubeginn erfolgt",
      "automatical": 0,
      "different_color": 0,
      "is_workflow": 1,
      "is_building_authority": 1,
      "workflow_section": 3
    }
  },
  {
    "model": "core.workflowitem",
    "pk": 56,
    "fields": {
      "position": 14,
      "name": "Schnurger\u00fcstabnahme",
      "automatical": 0,
      "different_color": 0,
      "is_workflow": 1,
      "is_building_authority": 1,
      "workflow_section": 3
    }
  },
  {
    "model": "core.workflowitem",
    "pk": 57,
    "fields": {
      "position": 19,
      "name": "Meldung an Werke",
      "automatical": 1,
      "different_color": 0,
      "is_workflow": 1,
      "is_building_authority": 0,
      "workflow_section": 3
    }
  },
  {
    "model": "core.workflowitem",
    "pk": 58,
    "fields": {
      "position": 16,
      "name": "Rohbauabnahme",
      "automatical": 0,
      "different_color": 0,
      "is_workflow": 1,
      "is_building_authority": 1,
      "workflow_section": 3
    }
  },
  {
    "model": "core.workflowitem",
    "pk": 59,
    "fields": {
      "position": 18,
      "name": "Schlussabnahme",
      "automatical": 0,
      "different_color": 0,
      "is_workflow": 1,
      "is_building_authority": 1,
      "workflow_section": 3
    }
  },
  {
    "model": "core.workflowitem",
    "pk": 67,
    "fields": {
      "position": 17,
      "name": "Bau beendet",
      "automatical": 0,
      "different_color": 0,
      "is_workflow": 1,
      "is_building_authority": 1,
      "workflow_section": 3
    }
  },
  {
    "model": "core.workflowitem",
    "pk": 68,
    "fields": {
      "position": 20,
      "name": "Meldung an Geometer",
      "automatical": 1,
      "different_color": 0,
      "is_workflow": 1,
      "is_building_authority": 1,
      "workflow_section": 3
    }
  },
  {
    "model": "core.workflowitem",
    "pk": 69,
    "fields": {
      "position": 21,
      "name": "Meldung an Liegenschaftssch\u00e4tzung",
      "automatical": 1,
      "different_color": 0,
      "is_workflow": 1,
      "is_building_authority": 1,
      "workflow_section": 3
    }
  },
  {
    "model": "core.workflowitem",
    "pk": 81,
    "fields": {
      "position": 2,
      "name": "R\u00fcckweisung",
      "automatical": 1,
      "different_color": 0,
      "is_workflow": 1,
      "is_building_authority": 0,
      "workflow_section": 1
    }
  },
  {
    "model": "core.workflowitem",
    "pk": 82,
    "fields": {
      "position": 6,
      "name": "R\u00fcckzug",
      "automatical": 0,
      "different_color": 0,
      "is_workflow": 1,
      "is_building_authority": 0,
      "workflow_section": 1
    }
  },
  {
    "model": "core.workflowitem",
    "pk": 83,
    "fields": {
      "position": 7,
      "name": "Abschreibung",
      "automatical": 1,
      "different_color": 0,
      "is_workflow": 1,
      "is_building_authority": 0,
      "workflow_section": 1
    }
  },
  {
    "model": "core.workflowitem",
    "pk": 84,
    "fields": {
      "position": 8,
      "name": "Sistierung",
      "automatical": 0,
      "different_color": 0,
      "is_workflow": 1,
      "is_building_authority": 0,
      "workflow_section": 1
    }
  },
  {
    "model": "core.workflowitem",
    "pk": 85,
    "fields": {
      "position": 9,
      "name": "Kant. Gesamtentscheid",
      "automatical": 0,
      "different_color": 0,
      "is_workflow": 1,
      "is_building_authority": 0,
      "workflow_section": 1
    }
  },
  {
    "model": "core.workflowitem",
    "pk": 86,
    "fields": {
      "position": 11,
      "name": "Beschwerdefrist",
      "automatical": 0,
      "different_color": 0,
      "is_workflow": 1,
      "is_building_authority": 0,
      "workflow_section": 1
    }
  },
  {
    "model": "core.workflowitem",
    "pk": 87,
    "fields": {
      "position": 12,
      "name": "Baufreigabe",
      "automatical": 0,
      "different_color": 0,
      "is_workflow": 1,
      "is_building_authority": 0,
      "workflow_section": 3
    }
  },
  {
    "model": "core.workflowitem",
    "pk": 88,
    "fields": {
      "position": 15,
      "name": "Kanalisationsabnahme",
      "automatical": 0,
      "different_color": 0,
      "is_workflow": 1,
      "is_building_authority": 0,
      "workflow_section": 3
    }
  },
  {
    "model": "core.workflowrole",
    "pk": 11,
    "fields": {
      "workflow_item": 10,
      "role": 3
    }
  },
  {
    "model": "core.workflowrole",
    "pk": 12,
    "fields": {
      "workflow_item": 13,
      "role": 3
    }
  },
  {
    "model": "core.workflowrole",
    "pk": 13,
    "fields": {
      "workflow_item": 14,
      "role": 3
    }
  },
  {
    "model": "core.workflowrole",
    "pk": 15,
    "fields": {
      "workflow_item": 82,
      "role": 3
    }
  },
  {
    "model": "core.workflowrole",
    "pk": 17,
    "fields": {
      "workflow_item": 84,
      "role": 3
    }
  },
  {
    "model": "core.workflowrole",
    "pk": 18,
    "fields": {
      "workflow_item": 85,
      "role": 3
    }
  },
  {
    "model": "core.workflowrole",
    "pk": 19,
    "fields": {
      "workflow_item": 47,
      "role": 3
    }
  },
  {
    "model": "core.workflowrole",
    "pk": 20,
    "fields": {
      "workflow_item": 86,
      "role": 3
    }
  },
  {
    "model": "core.workflowrole",
    "pk": 21,
    "fields": {
      "workflow_item": 87,
      "role": 3
    }
  },
  {
    "model": "core.workflowrole",
    "pk": 22,
    "fields": {
      "workflow_item": 55,
      "role": 3
    }
  },
  {
    "model": "core.workflowrole",
    "pk": 23,
    "fields": {
      "workflow_item": 56,
      "role": 3
    }
  },
  {
    "model": "core.workflowrole",
    "pk": 24,
    "fields": {
      "workflow_item": 88,
      "role": 3
    }
  },
  {
    "model": "core.workflowrole",
    "pk": 25,
    "fields": {
      "workflow_item": 58,
      "role": 3
    }
  },
  {
    "model": "core.workflowrole",
    "pk": 26,
    "fields": {
      "workflow_item": 67,
      "role": 3
    }
  },
  {
    "model": "core.workflowrole",
    "pk": 27,
    "fields": {
      "workflow_item": 59,
      "role": 3
    }
  },
  {
    "model": "core.workflowsection",
    "pk": 1,
    "fields": {
      "name": "Bewilligungsverfahren",
      "sort": 1
    }
  },
  {
    "model": "core.workflowsection",
    "pk": 2,
    "fields": {
      "name": "Beschwerdeverfahren",
      "sort": 2
    }
  },
  {
    "model": "core.workflowsection",
    "pk": 3,
    "fields": {
      "name": "Baukontrolle/ Realisierung",
      "sort": 3
    }
  }
]
