[
  {
    "model": "instance.instance",
    "pk": 1,
    "fields": {
      "instance_state": 1,
      "form": 1,
      "user": 8,
      "group": 6,
      "creation_date": "2020-03-06T11:10:26.099Z",
      "modification_date": "2020-03-06T11:10:26.099Z",
      "previous_instance_state": 1,
      "identifier": null,
      "location": null,
      "case": "edf81bff-4f33-48d6-b8de-2aee7643a97e",
      "instance_group": null
    }
  },
  {
    "model": "instance.instance",
    "pk": 2,
    "fields": {
      "instance_state": 20000,
      "form": 1,
      "user": 8,
      "group": 6,
      "creation_date": "2020-03-06T11:13:35.906Z",
      "modification_date": "2020-03-06T11:13:35.906Z",
      "previous_instance_state": 1,
      "identifier": null,
      "location": null,
      "case": "7d2bb3fe-83a1-4abc-a6c8-732c366678b1",
      "instance_group": null
    }
  },
  {
    "model": "instance.instance",
    "pk": 3,
    "fields": {
      "instance_state": 20013,
      "form": 1,
      "user": 8,
      "group": 6,
      "creation_date": "2021-03-31T12:32:53.885Z",
      "modification_date": "2021-03-31T12:32:53.885Z",
      "previous_instance_state": 20011,
      "identifier": null,
      "location": null,
      "case": "e9197275-36df-460c-b261-ff27f781c5d9",
      "instance_group": null
    }
  },
  {
    "model": "instance.historyentry",
    "pk": 4,
    "fields": {
      "instance": 3,
      "service": null,
      "user": 8,
      "created_at": "2021-03-31T13:17:08.797Z",
      "title": null,
      "body": null,
      "history_type": "status-change"
    }
  },
  {
    "model": "instance.historyentry",
    "pk": 5,
    "fields": {
      "instance": 3,
      "service": null,
      "user": 8,
      "created_at": "2021-03-31T13:17:10.577Z",
      "title": null,
      "body": null,
      "history_type": "notification"
    }
  },
  {
    "model": "instance.historyentry",
    "pk": 6,
    "fields": {
      "instance": 3,
      "service": null,
      "user": 8,
      "created_at": "2021-03-31T13:17:10.702Z",
      "title": null,
      "body": null,
      "history_type": "notification"
    }
  },
  {
    "model": "instance.historyentry",
    "pk": 7,
    "fields": {
      "instance": 3,
      "service": null,
      "user": 8,
      "created_at": "2021-04-06T12:19:10.835Z",
      "title": null,
      "body": null,
      "history_type": "status-change"
    }
  },
  {
    "model": "instance.historyentry",
    "pk": 8,
    "fields": {
      "instance": 3,
      "service": null,
      "user": 8,
      "created_at": "2021-04-06T12:19:18.183Z",
      "title": null,
      "body": null,
      "history_type": "status-change"
    }
  },
  {
    "model": "instance.historyentry",
    "pk": 9,
    "fields": {
      "instance": 3,
      "service": null,
      "user": 8,
      "created_at": "2021-04-06T12:19:37.552Z",
      "title": null,
      "body": null,
      "history_type": "status-change"
    }
  },
  {
    "model": "instance.historyentry",
    "pk": 10,
    "fields": {
      "instance": 3,
      "service": null,
      "user": 8,
      "created_at": "2021-04-06T12:19:37.931Z",
      "title": null,
      "body": null,
      "history_type": "notification"
    }
  },
  {
    "model": "instance.historyentry",
    "pk": 11,
    "fields": {
      "instance": 3,
      "service": null,
      "user": 8,
      "created_at": "2021-04-06T12:19:38.073Z",
      "title": null,
      "body": null,
      "history_type": "notification"
    }
  },
  {
    "model": "instance.historyentry",
    "pk": 12,
    "fields": {
      "instance": 3,
      "service": null,
      "user": 8,
      "created_at": "2021-04-06T12:19:38.219Z",
      "title": null,
      "body": null,
      "history_type": "notification"
    }
  },
  {
    "model": "instance.historyentry",
    "pk": 13,
    "fields": {
      "instance": 3,
      "service": null,
      "user": 8,
      "created_at": "2021-04-06T12:19:38.222Z",
      "title": null,
      "body": null,
      "history_type": "status-change"
    }
  },
  {
    "model": "instance.historyentry",
    "pk": 14,
    "fields": {
      "instance": 3,
      "service": null,
      "user": 8,
      "created_at": "2021-04-06T12:23:10.117Z",
      "title": null,
      "body": null,
      "history_type": "status-change"
    }
  },
  {
    "model": "instance.historyentry",
    "pk": 15,
    "fields": {
      "instance": 3,
      "service": null,
      "user": 8,
      "created_at": "2021-04-06T12:23:10.287Z",
      "title": null,
      "body": null,
      "history_type": "notification"
    }
  },
  {
    "model": "instance.historyentry",
    "pk": 16,
    "fields": {
      "instance": 3,
      "service": null,
      "user": 8,
      "created_at": "2021-04-06T12:23:10.409Z",
      "title": null,
      "body": null,
      "history_type": "notification"
    }
  },
  {
    "model": "instance.historyentryt",
    "pk": 7,
    "fields": {
      "title": "Dossier eingereicht",
      "body": "",
      "history_entry": 4,
      "language": "de"
    }
  },
  {
    "model": "instance.historyentryt",
    "pk": 8,
    "fields": {
      "title": "Dossier envoyé",
      "body": "",
      "history_entry": 4,
      "language": "fr"
    }
  },
  {
    "model": "instance.historyentryt",
    "pk": 9,
    "fields": {
      "title": "Notifikation gesendet an email@example.ch ([eBau Test]: Erfolgreiche Einreichung / Formulaire déposé avec succès)",
      "body": "Hinweis: Diese Nachricht wurde von einem Testsystem versendet.\nEs dient nur zu Testzwecken und kann ignoriert werden\n\nGuten Tag\n\nIhr Dossier mit der Dossier-Nr. 3 wurde erfolgreich übermittelt. Alle auf eBau hochgeladenen Pläne und Dokumente müssen unterschrieben, datiert und in mindestens zweifacher Ausfertigung mit dem Gesuchsformular bei der zuständigen Gemeinde eingereicht werden. Das Dossier wird erst bearbeitet, wenn die Gemeinde das Papierdossier erhalten hat.\n\nhttp://caluma-portal.local/instances/3\n\nGerne möchten wir erfahren wie einfach die elektronische Eingabe eines Dossiers war. Wir bitten Sie daher, sich 2 - 3 Minuten Zeit zu nehmen und den folgenden Fragebogen zu beantworten. Besten Dank.\n\nhttps://www.onlineumfragen.com/login.cfm?umfrage=87201\n\nFreundliche Grüsse\nLeitbehörde Burgdorf\n\n*** version française ***\n\nMadame, Monsieur,\n\nVotre dossier portant le numéro de dossier 3 a été déposé/e avec succès. Tous les plans et documents téléchargés sur eBau doivent être signés, datés et envoyés en au moins deux exemplaires avec le formulaire de demande de permis de construire à la commune responsable. Le dossier ne sera traité que lorsque la commune aura reçu le dossier papier.\n\nhttp://caluma-portal.local/instances/3\n\nVeuillez agréer, Madame, Monsieur, nos salutations les meilleures.\nLeitbehörde Burgdorf",
      "history_entry": 5,
      "language": "de"
    }
  },
  {
    "model": "instance.historyentryt",
    "pk": 10,
    "fields": {
      "title": "Notification envoyée à email@example.ch ([eBau Test]: Erfolgreiche Einreichung / Formulaire déposé avec succès)",
      "body": "Hinweis: Diese Nachricht wurde von einem Testsystem versendet.\nEs dient nur zu Testzwecken und kann ignoriert werden\n\nGuten Tag\n\nIhr Dossier mit der Dossier-Nr. 3 wurde erfolgreich übermittelt. Alle auf eBau hochgeladenen Pläne und Dokumente müssen unterschrieben, datiert und in mindestens zweifacher Ausfertigung mit dem Gesuchsformular bei der zuständigen Gemeinde eingereicht werden. Das Dossier wird erst bearbeitet, wenn die Gemeinde das Papierdossier erhalten hat.\n\nhttp://caluma-portal.local/instances/3\n\nGerne möchten wir erfahren wie einfach die elektronische Eingabe eines Dossiers war. Wir bitten Sie daher, sich 2 - 3 Minuten Zeit zu nehmen und den folgenden Fragebogen zu beantworten. Besten Dank.\n\nhttps://www.onlineumfragen.com/login.cfm?umfrage=87201\n\nFreundliche Grüsse\nLeitbehörde Burgdorf\n\n*** version française ***\n\nMadame, Monsieur,\n\nVotre dossier portant le numéro de dossier 3 a été déposé/e avec succès. Tous les plans et documents téléchargés sur eBau doivent être signés, datés et envoyés en au moins deux exemplaires avec le formulaire de demande de permis de construire à la commune responsable. Le dossier ne sera traité que lorsque la commune aura reçu le dossier papier.\n\nhttp://caluma-portal.local/instances/3\n\nVeuillez agréer, Madame, Monsieur, nos salutations les meilleures.\nLeitbehörde Burgdorf",
      "history_entry": 5,
      "language": "fr"
    }
  },
  {
    "model": "instance.historyentryt",
    "pk": 11,
    "fields": {
      "title": "Notifikation gesendet an baudirektion@burgdorf.ch ([eBau Test]: Neu eingegangen / Nouvelle entrée)",
      "body": "Hinweis: Diese Nachricht wurde von einem Testsystem versendet.\nEs dient nur zu Testzwecken und kann ignoriert werden\n\nGuten Tag\n\nIm eBau gibt es einen neuen Eingang mit der Dossier-Nr. 3.\n\nhttp://camac-ng.local/index/redirect-to-instance-resource/instance-id/3\n\neBau\n\n*** version française ***\n\nMadame, Monsieur,\n\neBau a enregistré une nouvelle entrée de type Baugesuch portant le numéro de dossier 3.\n\nhttp://camac-ng.local/index/redirect-to-instance-resource/instance-id/3\n\neBau",
      "history_entry": 6,
      "language": "de"
    }
  },
  {
    "model": "instance.historyentryt",
    "pk": 12,
    "fields": {
      "title": "Notification envoyée à baudirektion@burgdorf.ch ([eBau Test]: Neu eingegangen / Nouvelle entrée)",
      "body": "Hinweis: Diese Nachricht wurde von einem Testsystem versendet.\nEs dient nur zu Testzwecken und kann ignoriert werden\n\nGuten Tag\n\nIm eBau gibt es einen neuen Eingang mit der Dossier-Nr. 3.\n\nhttp://camac-ng.local/index/redirect-to-instance-resource/instance-id/3\n\neBau\n\n*** version française ***\n\nMadame, Monsieur,\n\neBau a enregistré une nouvelle entrée de type Baugesuch portant le numéro de dossier 3.\n\nhttp://camac-ng.local/index/redirect-to-instance-resource/instance-id/3\n\neBau",
      "history_entry": 6,
      "language": "fr"
    }
  },
  {
    "model": "instance.historyentryt",
    "pk": 13,
    "fields": {
      "title": "eBau-Nr. vergeben",
      "body": "",
      "history_entry": 7,
      "language": "de"
    }
  },
  {
    "model": "instance.historyentryt",
    "pk": 14,
    "fields": {
      "title": "Attribution d'un numéro eBau",
      "body": "",
      "history_entry": 7,
      "language": "fr"
    }
  },
  {
    "model": "instance.historyentryt",
    "pk": 15,
    "fields": {
      "title": "Zirkulation übersprungen",
      "body": "",
      "history_entry": 8,
      "language": "de"
    }
  },
  {
    "model": "instance.historyentryt",
    "pk": 16,
    "fields": {
      "title": "Sans procédure de circulation",
      "body": "",
      "history_entry": 8,
      "language": "fr"
    }
  },
  {
    "model": "instance.historyentryt",
    "pk": 17,
    "fields": {
      "title": "Dossierprüfung übersprungen",
      "body": "",
      "history_entry": 9,
      "language": "de"
    }
  },
  {
    "model": "instance.historyentryt",
    "pk": 18,
    "fields": {
      "title": "Examen sauté",
      "body": "",
      "history_entry": 9,
      "language": "fr"
    }
  },
  {
    "model": "instance.historyentryt",
    "pk": 19,
    "fields": {
      "title": "Notifikation gesendet an email@example.ch ([eBau Test]: Information über Entscheid (eBau Nr. 2021-1) / Information sur le prononcé de la décision (n° eBau 2021-1))",
      "body": "Hinweis: Diese Nachricht wurde von einem Testsystem versendet.\nEs dient nur zu Testzwecken und kann ignoriert werden\n\nGuten Tag\n\nDer Bauentscheid zum Dossier mit der eBau Nr. 2021-1 wurde gefällt. Den Entscheid mit den Rechtsmitteln finden Sie in den eBau-Dokumenten:\n\nhttp://caluma-portal.local/instances/3/feedback\n\nFreundliche Grüsse\nLeitbehörde Burgdorf\n\n*** version française ***\n\nMadame, Monsieur,\n\nLa décision relative au dossier portant le numéro eBau 2021-1 a été rendue. Elle est jointe en annexe, accompagnée de l'indication des voies de droit.\n\nhttp://caluma-portal.local/instances/3/feedback\n\nVeuillez agréer, Madame, Monsieur, nos salutations les meilleures.\nLeitbehörde Burgdorf",
      "history_entry": 10,
      "language": "de"
    }
  },
  {
    "model": "instance.historyentryt",
    "pk": 20,
    "fields": {
      "title": "Notification envoyée à email@example.ch ([eBau Test]: Information über Entscheid (eBau Nr. 2021-1) / Information sur le prononcé de la décision (n° eBau 2021-1))",
      "body": "Hinweis: Diese Nachricht wurde von einem Testsystem versendet.\nEs dient nur zu Testzwecken und kann ignoriert werden\n\nGuten Tag\n\nDer Bauentscheid zum Dossier mit der eBau Nr. 2021-1 wurde gefällt. Den Entscheid mit den Rechtsmitteln finden Sie in den eBau-Dokumenten:\n\nhttp://caluma-portal.local/instances/3/feedback\n\nFreundliche Grüsse\nLeitbehörde Burgdorf\n\n*** version française ***\n\nMadame, Monsieur,\n\nLa décision relative au dossier portant le numéro eBau 2021-1 a été rendue. Elle est jointe en annexe, accompagnée de l'indication des voies de droit.\n\nhttp://caluma-portal.local/instances/3/feedback\n\nVeuillez agréer, Madame, Monsieur, nos salutations les meilleures.\nLeitbehörde Burgdorf",
      "history_entry": 10,
      "language": "fr"
    }
  },
  {
    "model": "instance.historyentryt",
    "pk": 21,
    "fields": {
      "title": "Notifikation gesendet an baudirektion@burgdorf.ch ([eBau Test]: Information über Entscheid (eBau Nr. 2021-1) / Information sur le prononcé de la décision (n° eBau 2021-1))",
      "body": "Hinweis: Diese Nachricht wurde von einem Testsystem versendet.\nEs dient nur zu Testzwecken und kann ignoriert werden\n\nGuten Tag\n\nDer Bauentscheid zum Dossier mit der eBau Nr. 2021-1 wurde gefällt. Den Entscheid mit den Rechtsmitteln finden Sie in den eBau-Dokumenten:\n\nhttp://camac-ng.local/apidocuments/list/list/instance-resource-id/20068/instance-id/3\n\nLeitbehörde Burgdorf\n\n*** version française ***\n\nMadame, Monsieur,\n\nLa décision relative au dossier portant le numéro eBau 2021-1 a été rendue. Elle est jointe en annexe, accompagnée de l'indication des voies de droit.\n\nhttp://camac-ng.local/apidocuments/list/list/instance-resource-id/20068/instance-id/3\n\nLeitbehörde Burgdorf",
      "history_entry": 11,
      "language": "de"
    }
  },
  {
    "model": "instance.historyentryt",
    "pk": 22,
    "fields": {
      "title": "Notification envoyée à baudirektion@burgdorf.ch ([eBau Test]: Information über Entscheid (eBau Nr. 2021-1) / Information sur le prononcé de la décision (n° eBau 2021-1))",
      "body": "Hinweis: Diese Nachricht wurde von einem Testsystem versendet.\nEs dient nur zu Testzwecken und kann ignoriert werden\n\nGuten Tag\n\nDer Bauentscheid zum Dossier mit der eBau Nr. 2021-1 wurde gefällt. Den Entscheid mit den Rechtsmitteln finden Sie in den eBau-Dokumenten:\n\nhttp://camac-ng.local/apidocuments/list/list/instance-resource-id/20068/instance-id/3\n\nLeitbehörde Burgdorf\n\n*** version française ***\n\nMadame, Monsieur,\n\nLa décision relative au dossier portant le numéro eBau 2021-1 a été rendue. Elle est jointe en annexe, accompagnée de l'indication des voies de droit.\n\nhttp://camac-ng.local/apidocuments/list/list/instance-resource-id/20068/instance-id/3\n\nLeitbehörde Burgdorf",
      "history_entry": 11,
      "language": "fr"
    }
  },
  {
    "model": "instance.historyentryt",
    "pk": 23,
    "fields": {
      "title": "Notifikation gesendet an  ([eBau Test]: Information über Entscheid (eBau Nr. 2021-1) / Information sur le prononcé de la décision (n° eBau 2021-1))",
      "body": "Hinweis: Diese Nachricht wurde von einem Testsystem versendet.\nEs dient nur zu Testzwecken und kann ignoriert werden\n\nGuten Tag\n\nDer Bauentscheid zum Dossier mit der eBau Nr. 2021-1 wurde gefällt. Den Entscheid mit den Rechtsmitteln finden Sie in den eBau-Dokumenten:\n\nhttp://camac-ng.local/apidocuments/list/list/instance-resource-id/20069/instance-id/3\n\nFreundliche Grüsse\nLeitbehörde Burgdorf\n\n*** version française ***\n\nMadame, Monsieur,\n\nLa décision relative à l'affaire portant le numéro eBau 2021-1 a été rendue et vous la trouverez en annexe.\n\nhttp://camac-ng.local/apidocuments/list/list/instance-resource-id/20069/instance-id/3\n\nVeuillez agréer, Madame, Monsieur, nos salutations les meilleures.\nLeitbehörde Burgdorf",
      "history_entry": 12,
      "language": "de"
    }
  },
  {
    "model": "instance.historyentryt",
    "pk": 24,
    "fields": {
      "title": "Notification envoyée à  ([eBau Test]: Information über Entscheid (eBau Nr. 2021-1) / Information sur le prononcé de la décision (n° eBau 2021-1))",
      "body": "Hinweis: Diese Nachricht wurde von einem Testsystem versendet.\nEs dient nur zu Testzwecken und kann ignoriert werden\n\nGuten Tag\n\nDer Bauentscheid zum Dossier mit der eBau Nr. 2021-1 wurde gefällt. Den Entscheid mit den Rechtsmitteln finden Sie in den eBau-Dokumenten:\n\nhttp://camac-ng.local/apidocuments/list/list/instance-resource-id/20069/instance-id/3\n\nFreundliche Grüsse\nLeitbehörde Burgdorf\n\n*** version française ***\n\nMadame, Monsieur,\n\nLa décision relative à l'affaire portant le numéro eBau 2021-1 a été rendue et vous la trouverez en annexe.\n\nhttp://camac-ng.local/apidocuments/list/list/instance-resource-id/20069/instance-id/3\n\nVeuillez agréer, Madame, Monsieur, nos salutations les meilleures.\nLeitbehörde Burgdorf",
      "history_entry": 12,
      "language": "fr"
    }
  },
  {
    "model": "instance.historyentryt",
    "pk": 25,
    "fields": {
      "title": "Bauentscheid verfügt",
      "body": "",
      "history_entry": 13,
      "language": "de"
    }
  },
  {
    "model": "instance.historyentryt",
    "pk": 26,
    "fields": {
      "title": "Décision relative à la demande de permis de construire rendue",
      "body": "",
      "history_entry": 13,
      "language": "fr"
    }
  },
  {
    "model": "instance.historyentryt",
    "pk": 27,
    "fields": {
      "title": "SB1 eingereicht",
      "body": "",
      "history_entry": 14,
      "language": "de"
    }
  },
  {
    "model": "instance.historyentryt",
    "pk": 28,
    "fields": {
      "title": "DC1 envoyé",
      "body": "",
      "history_entry": 14,
      "language": "fr"
    }
  },
  {
    "model": "instance.historyentryt",
    "pk": 29,
    "fields": {
      "title": "Notifikation gesendet an email@example.ch ([eBau Test]: Meldung Selbstdeklaration (eBau Nr. 2021-1) / Avis concernant la déclaration spontanée (n° eBau 2021-1))",
      "body": "Hinweis: Diese Nachricht wurde von einem Testsystem versendet.\nEs dient nur zu Testzwecken und kann ignoriert werden\n\nGuten Tag\n\nDie Meldung der Selbstdeklariation Baukontrolle 1 (SB1) wurde erfolgreich versendet. Die zuständige Baupolizeibehörde wird falls notwendig die nächsten Schritte einleiten.\n\nWeitere Informationen finden Sie unter:\nhttps://www.jgk.be.ch/jgk/de/index/baubewilligungen/baubewilligungen.assetref/content/dam/documents/JGK/AGR/de/Baubewilligungen/AGR_BAUEN_ERLAUETERUNG_bsig_selbstdeklaration_bei_der_baukontrolle_de.pdf\n\n\nFreundliche Grüsse \nLeitbehörde Burgdorf\n\n*** version française ***\n\nMadame, Monsieur,\n\nL'avis relatif à la déclaration spontanée en matière de contrôle des constructions a été envoyé avec succès. L'autorité de police des constructions compétente va entreprendre les démarches nécessaires.\n\nVous trouverez de plus amples informations sous:\nhttps://www.jgk.be.ch/jgk/de/index/baubewilligungen/baubewilligungen.assetref/content/dam/documents/JGK/AGR/de/Baubewilligungen/AGR_BAUEN_ERLAUETERUNG_bsig_selbstdeklaration_bei_der_baukontrolle_de.pdf\n\n\nVeuillez agréer, Madame, Monsieur, nos salutations les meilleures. \nLeitbehörde Burgdorf",
      "history_entry": 15,
      "language": "de"
    }
  },
  {
    "model": "instance.historyentryt",
    "pk": 30,
    "fields": {
      "title": "Notification envoyée à email@example.ch ([eBau Test]: Meldung Selbstdeklaration (eBau Nr. 2021-1) / Avis concernant la déclaration spontanée (n° eBau 2021-1))",
      "body": "Hinweis: Diese Nachricht wurde von einem Testsystem versendet.\nEs dient nur zu Testzwecken und kann ignoriert werden\n\nGuten Tag\n\nDie Meldung der Selbstdeklariation Baukontrolle 1 (SB1) wurde erfolgreich versendet. Die zuständige Baupolizeibehörde wird falls notwendig die nächsten Schritte einleiten.\n\nWeitere Informationen finden Sie unter:\nhttps://www.jgk.be.ch/jgk/de/index/baubewilligungen/baubewilligungen.assetref/content/dam/documents/JGK/AGR/de/Baubewilligungen/AGR_BAUEN_ERLAUETERUNG_bsig_selbstdeklaration_bei_der_baukontrolle_de.pdf\n\n\nFreundliche Grüsse \nLeitbehörde Burgdorf\n\n*** version française ***\n\nMadame, Monsieur,\n\nL'avis relatif à la déclaration spontanée en matière de contrôle des constructions a été envoyé avec succès. L'autorité de police des constructions compétente va entreprendre les démarches nécessaires.\n\nVous trouverez de plus amples informations sous:\nhttps://www.jgk.be.ch/jgk/de/index/baubewilligungen/baubewilligungen.assetref/content/dam/documents/JGK/AGR/de/Baubewilligungen/AGR_BAUEN_ERLAUETERUNG_bsig_selbstdeklaration_bei_der_baukontrolle_de.pdf\n\n\nVeuillez agréer, Madame, Monsieur, nos salutations les meilleures. \nLeitbehörde Burgdorf",
      "history_entry": 15,
      "language": "fr"
    }
  },
  {
    "model": "instance.historyentryt",
    "pk": 31,
    "fields": {
      "title": "Notifikation gesendet an baudirektion@burgdorf.ch ([eBau Test]: Meldung Selbstdeklaration - eBau Nr. 2021-1 (3) / Avis concernant la déclaration spontanée (n° eBau 2021-1) (3))",
      "body": "Hinweis: Diese Nachricht wurde von einem Testsystem versendet.\nEs dient nur zu Testzwecken und kann ignoriert werden\n\n Guten Tag\n\nDie Meldung zur Selbstdeklaration Baukontrolle 1 (SB1) vom Dossier mit der eBau-Nummer 2021-1 (3) ist eingetroffen.\n\neBau\n\n*** version française ***\n\nMadame, Monsieur,\n\nLe message à l'autodéclaration de Building Control 1 (SB1) du fichier avec le numéro eBau 2021-1 (3) est arrivé.\n\neBau",
      "history_entry": 16,
      "language": "de"
    }
  },
  {
    "model": "instance.historyentryt",
    "pk": 32,
    "fields": {
      "title": "Notification envoyée à baudirektion@burgdorf.ch ([eBau Test]: Meldung Selbstdeklaration - eBau Nr. 2021-1 (3) / Avis concernant la déclaration spontanée (n° eBau 2021-1) (3))",
      "body": "Hinweis: Diese Nachricht wurde von einem Testsystem versendet.\nEs dient nur zu Testzwecken und kann ignoriert werden\n\n Guten Tag\n\nDie Meldung zur Selbstdeklaration Baukontrolle 1 (SB1) vom Dossier mit der eBau-Nummer 2021-1 (3) ist eingetroffen.\n\neBau\n\n*** version française ***\n\nMadame, Monsieur,\n\nLe message à l'autodéclaration de Building Control 1 (SB1) du fichier avec le numéro eBau 2021-1 (3) est arrivé.\n\neBau",
      "history_entry": 16,
      "language": "fr"
    }
  }
]
