[
  {
    "model": "caluma_workflow.flow",
    "pk": "10ce3772-ca45-4000-8d85-8fab4b379f6f",
    "fields": {
      "created_at": "2020-08-10T14:30:21.420Z",
      "modified_at": "2020-08-10T14:30:21.420Z",
      "created_by_user": "855a5ba0-cdcc-48d5-ab7c-4fc55cbe0754",
      "created_by_group": null,
      "modified_by_user": null,
      "modified_by_group": null,
      "next": "['start-circulation', 'start-decision']|tasks"
    }
  },
  {
    "model": "caluma_workflow.flow",
    "pk": "10edadbe-80f7-48b4-9837-7062c8b8e863",
    "fields": {
      "created_at": "2020-08-10T14:29:37.829Z",
      "modified_at": "2020-08-10T14:29:37.829Z",
      "created_by_user": "855a5ba0-cdcc-48d5-ab7c-4fc55cbe0754",
      "created_by_group": null,
      "modified_by_user": null,
      "modified_by_group": null,
      "next": "'circulation'|task"
    }
  },
  {
    "model": "caluma_workflow.flow",
    "pk": "135e0ae3-ff30-475d-a0e8-efc004d04f1b",
    "fields": {
      "created_at": "2020-09-15T14:09:40.350Z",
      "modified_at": "2020-09-15T14:09:40.350Z",
      "created_by_user": "855a5ba0-cdcc-48d5-ab7c-4fc55cbe0754",
      "created_by_group": null,
      "modified_by_user": null,
      "modified_by_group": null,
      "next": "['decision', 'reopen-circulation']|tasks"
    }
  },
  {
    "model": "caluma_workflow.flow",
    "pk": "240e43d1-3969-41e6-8f25-f27fa1751592",
    "fields": {
      "created_at": "2020-08-10T14:30:14.806Z",
      "modified_at": "2020-08-10T14:30:14.806Z",
      "created_by_user": "855a5ba0-cdcc-48d5-ab7c-4fc55cbe0754",
      "created_by_group": null,
      "modified_by_user": null,
      "modified_by_group": null,
      "next": "['skip-circulation', 'init-circulation', 'audit', 'publication', 'fill-publication', 'neighborhood-orientation']|tasks"
    }
  },
  {
    "model": "caluma_workflow.flow",
    "pk": "2b422ed2-7091-467a-81d3-be4e32a770eb",
    "fields": {
      "created_at": "2020-11-23T14:33:20.017Z",
      "modified_at": "2020-11-23T14:33:20.017Z",
      "created_by_user": "855a5ba0-cdcc-48d5-ab7c-4fc55cbe0754",
      "created_by_group": null,
      "modified_by_user": null,
      "modified_by_group": null,
      "next": "['create-publication']|tasks"
    }
  },
  {
    "model": "caluma_workflow.flow",
    "pk": "35207bd3-ab3b-4ef3-910a-bcb5a3f971cb",
    "fields": {
      "created_at": "2020-11-27T10:34:55.711Z",
      "modified_at": "2020-11-27T10:34:55.711Z",
      "created_by_user": "855a5ba0-cdcc-48d5-ab7c-4fc55cbe0754",
      "created_by_group": null,
      "modified_by_user": null,
      "modified_by_group": null,
      "next": "'fill-publication'|task"
    }
  },
  {
    "model": "caluma_workflow.flow",
    "pk": "358c310a-7d42-492b-a458-5d9a16594e1d",
    "fields": {
      "created_at": "2020-10-23T10:51:09.641Z",
      "modified_at": "2020-10-23T10:51:09.641Z",
      "created_by_user": "855a5ba0-cdcc-48d5-ab7c-4fc55cbe0754",
      "created_by_group": null,
      "modified_by_user": null,
      "modified_by_group": null,
      "next": "'complete'|task"
    }
  },
  {
    "model": "caluma_workflow.flow",
    "pk": "363f0977-a68b-4d3c-990b-39f2e747b19d",
    "fields": {
      "created_at": "2020-08-10T14:29:36.182Z",
      "modified_at": "2020-08-10T14:29:36.182Z",
      "created_by_user": "855a5ba0-cdcc-48d5-ab7c-4fc55cbe0754",
      "created_by_group": null,
      "modified_by_user": null,
      "modified_by_group": null,
      "next": "['after-circulation']|tasks"
    }
  },
  {
    "model": "caluma_workflow.flow",
    "pk": "3826b971-fded-4ecd-a7d5-0ca604424ccf",
    "fields": {
      "created_at": "2020-08-10T14:29:43.839Z",
      "modified_at": "2020-08-10T14:29:43.839Z",
      "created_by_user": "855a5ba0-cdcc-48d5-ab7c-4fc55cbe0754",
      "created_by_group": null,
      "modified_by_user": null,
      "modified_by_group": null,
      "next": "['sb2', 'check-sb1']|tasks"
    }
  },
  {
    "model": "caluma_workflow.flow",
    "pk": "3e4d93ce-32e2-4f39-bea6-d666e82980e6",
    "fields": {
      "created_at": "2021-01-25T14:50:39.193Z",
      "modified_at": "2021-01-25T14:50:39.193Z",
      "created_by_user": "855a5ba0-cdcc-48d5-ab7c-4fc55cbe0754",
      "created_by_group": null,
      "modified_by_user": null,
      "modified_by_group": null,
      "next": "'create-publication'|task"
    }
  },
  {
    "model": "caluma_workflow.flow",
    "pk": "3f07b928-da62-44ce-837f-ee4315e4c40f",
    "fields": {
      "created_at": "2020-11-23T14:33:55.488Z",
      "modified_at": "2020-11-23T14:33:55.488Z",
      "created_by_user": "855a5ba0-cdcc-48d5-ab7c-4fc55cbe0754",
      "created_by_group": null,
      "modified_by_user": null,
      "modified_by_group": null,
      "next": "['fill-publication']|tasks"
    }
  },
  {
    "model": "caluma_workflow.flow",
    "pk": "46846c68-6d6d-4eb5-b2dd-296d62d31393",
    "fields": {
      "created_at": "2020-08-25T11:13:51.882Z",
      "modified_at": "2020-08-25T11:13:51.882Z",
      "created_by_user": "855a5ba0-cdcc-48d5-ab7c-4fc55cbe0754",
      "created_by_group": null,
      "modified_by_user": null,
      "modified_by_group": null,
      "next": "['ebau-number', 'nfd', 'create-manual-workitems']|tasks"
    }
  },
  {
    "model": "caluma_workflow.flow",
    "pk": "4a409fe9-741e-4e36-99c6-2cde4b2150c2",
    "fields": {
      "created_at": "2020-08-10T14:29:40.827Z",
      "modified_at": "2020-08-10T14:29:40.827Z",
      "created_by_user": "855a5ba0-cdcc-48d5-ab7c-4fc55cbe0754",
      "created_by_group": null,
      "modified_by_user": null,
      "modified_by_group": null,
      "next": "['start-circulation', 'start-decision']|tasks"
    }
  },
  {
    "model": "caluma_workflow.flow",
    "pk": "4daff7a4-f031-47bf-8fef-445d5ca88278",
    "fields": {
      "created_at": "2020-08-10T14:29:33.526Z",
      "modified_at": "2020-08-10T14:29:33.526Z",
      "created_by_user": "855a5ba0-cdcc-48d5-ab7c-4fc55cbe0754",
      "created_by_group": null,
      "modified_by_user": null,
      "modified_by_group": null,
      "next": "['skip-circulation', 'init-circulation', 'audit', 'publication', 'fill-publication', 'neighborhood-orientation']|tasks"
    }
  },
  {
    "model": "caluma_workflow.flow",
    "pk": "53187fd7-57bc-4d3a-83b7-7021e9acf52d",
    "fields": {
      "created_at": "2020-08-10T14:29:45.504Z",
      "modified_at": "2020-08-10T14:29:45.504Z",
      "created_by_user": "855a5ba0-cdcc-48d5-ab7c-4fc55cbe0754",
      "created_by_group": null,
      "modified_by_user": null,
      "modified_by_group": null,
      "next": "['complete', 'check-sb2']|tasks"
    }
  },
  {
    "model": "caluma_workflow.flow",
    "pk": "68438cb7-3635-4586-a3f6-a5032b5fbc4e",
    "fields": {
      "created_at": "2020-08-10T14:29:34.744Z",
      "modified_at": "2020-08-10T14:29:34.744Z",
      "created_by_user": "855a5ba0-cdcc-48d5-ab7c-4fc55cbe0754",
      "created_by_group": null,
      "modified_by_user": null,
      "modified_by_group": null,
      "next": "'circulation'|task"
    }
  },
  {
    "model": "caluma_workflow.flow",
    "pk": "71149692-b9a9-4a85-8e29-929c39f7a9c5",
    "fields": {
      "created_at": "2020-09-15T14:09:38.952Z",
      "modified_at": "2020-09-15T14:09:38.952Z",
      "created_by_user": "855a5ba0-cdcc-48d5-ab7c-4fc55cbe0754",
      "created_by_group": null,
      "modified_by_user": null,
      "modified_by_group": null,
      "next": "['decision', 'reopen-circulation']|tasks"
    }
  },
  {
    "model": "caluma_workflow.flow",
    "pk": "7885afc9-3322-4572-b81b-d177136e5d62",
    "fields": {
      "created_at": "2020-08-10T14:29:39.487Z",
      "modified_at": "2020-08-10T14:29:39.487Z",
      "created_by_user": "855a5ba0-cdcc-48d5-ab7c-4fc55cbe0754",
      "created_by_group": null,
      "modified_by_user": null,
      "modified_by_group": null,
      "next": "['decision', 'reopen-circulation']|tasks"
    }
  },
  {
    "model": "caluma_workflow.flow",
    "pk": "944dc36e-68c6-498f-9fc3-fa47b1afa843",
    "fields": {
      "created_at": "2020-08-10T14:30:20.015Z",
      "modified_at": "2020-08-10T14:30:20.015Z",
      "created_by_user": "855a5ba0-cdcc-48d5-ab7c-4fc55cbe0754",
      "created_by_group": null,
      "modified_by_user": null,
      "modified_by_group": null,
      "next": "['decision', 'reopen-circulation']|tasks"
    }
  },
  {
    "model": "caluma_workflow.flow",
    "pk": "a5dba546-a4fe-4670-8c85-6c3057deaa8f",
    "fields": {
      "created_at": "2020-08-25T11:14:35.929Z",
      "modified_at": "2020-08-25T11:14:35.929Z",
      "created_by_user": "855a5ba0-cdcc-48d5-ab7c-4fc55cbe0754",
      "created_by_group": null,
      "modified_by_user": null,
      "modified_by_group": null,
      "next": "['ebau-number', 'nfd', 'create-manual-workitems']|tasks"
    }
  },
  {
    "model": "caluma_workflow.flow",
    "pk": "b37d20b3-38f9-4971-bdb9-bbf80f0b9f0b",
    "fields": {
      "created_at": "2020-08-10T14:30:17.331Z",
      "modified_at": "2020-08-10T14:30:17.331Z",
      "created_by_user": "855a5ba0-cdcc-48d5-ab7c-4fc55cbe0754",
      "created_by_group": null,
      "modified_by_user": null,
      "modified_by_group": null,
      "next": "['after-circulation']|tasks"
    }
  },
  {
    "model": "caluma_workflow.flow",
    "pk": "c02b6af6-6eb3-4d62-8717-d09eb2cda738",
    "fields": {
      "created_at": "2020-08-10T14:30:16.090Z",
      "modified_at": "2020-08-10T14:30:16.090Z",
      "created_by_user": "855a5ba0-cdcc-48d5-ab7c-4fc55cbe0754",
      "created_by_group": null,
      "modified_by_user": null,
      "modified_by_group": null,
      "next": "'circulation'|task"
    }
  },
  {
    "model": "caluma_workflow.flow",
    "pk": "c647f9cc-3261-48b8-840f-eea936888bee",
    "fields": {
      "created_at": "2020-10-23T13:15:29.513Z",
      "modified_at": "2020-10-23T13:15:29.513Z",
      "created_by_user": "855a5ba0-cdcc-48d5-ab7c-4fc55cbe0754",
      "created_by_group": null,
      "modified_by_user": null,
      "modified_by_group": null,
      "next": "['ebau-number', 'audit', 'nfd', 'decision', 'create-manual-workitems']|tasks"
    }
  },
  {
    "model": "caluma_workflow.flow",
    "pk": "c6acccb6-301d-4a70-97fe-4ee57dcdc5d5",
    "fields": {
      "created_at": "2020-08-10T14:30:18.759Z",
      "modified_at": "2020-08-10T14:30:18.760Z",
      "created_by_user": "855a5ba0-cdcc-48d5-ab7c-4fc55cbe0754",
      "created_by_group": null,
      "modified_by_user": null,
      "modified_by_group": null,
      "next": "'circulation'|task"
    }
  },
  {
    "model": "caluma_workflow.flow",
    "pk": "d8dd513b-ea02-43ba-96cd-568457d21744",
    "fields": {
      "created_at": "2020-08-10T14:29:42.341Z",
      "modified_at": "2020-08-10T14:29:42.341Z",
      "created_by_user": "855a5ba0-cdcc-48d5-ab7c-4fc55cbe0754",
      "created_by_group": null,
      "modified_by_user": null,
      "modified_by_group": null,
      "next": "['after-decision']|tasks"
    }
  },
  {
    "model": "caluma_workflow.flow",
    "pk": "f0bc799a-54ee-41ae-86e5-56f41a085872",
    "fields": {
      "created_at": "2020-11-27T10:34:52.151Z",
      "modified_at": "2020-11-27T10:34:52.151Z",
      "created_by_user": "855a5ba0-cdcc-48d5-ab7c-4fc55cbe0754",
      "created_by_group": null,
      "modified_by_user": null,
      "modified_by_group": null,
      "next": "'create-publication'|task"
    }
  },
  {
    "model": "caluma_workflow.task",
    "pk": "activation",
    "fields": {
      "created_at": "2020-08-10T14:27:54.985Z",
      "modified_at": "2020-09-15T09:33:24.450Z",
      "created_by_user": "855a5ba0-cdcc-48d5-ab7c-4fc55cbe0754",
      "created_by_group": null,
      "modified_by_user": null,
      "modified_by_group": null,
      "name": "{\"de\": \"Stellungnahme verfassen\", \"fr\": \"R\\u00e9diger une prise de position\"}",
      "description": "{\"de\": null, \"fr\": null}",
      "type": "simple",
      "meta": {},
      "address_groups": "['activation_service']|groups",
      "control_groups": "['activation_service_parent']|groups",
      "is_archived": false,
      "form": null,
      "lead_time": null,
      "is_multiple_instance": false
    }
  },
  {
    "model": "caluma_workflow.task",
    "pk": "audit",
    "fields": {
      "created_at": "2020-08-10T14:27:49.526Z",
      "modified_at": "2020-09-15T09:33:51.138Z",
      "created_by_user": "855a5ba0-cdcc-48d5-ab7c-4fc55cbe0754",
      "created_by_group": null,
      "modified_by_user": null,
      "modified_by_group": null,
      "name": "{\"de\": \"Dossier pr\\u00fcfen\", \"fr\": \"V\\u00e9rifier le dossier\"}",
      "description": "{\"de\": null, \"fr\": null}",
      "type": "complete_task_form",
      "meta": {
        "is-manually-completable": true
      },
      "address_groups": "['municipality']|groups",
      "control_groups": "['municipality']|groups",
      "is_archived": false,
      "form": "dossierpruefung",
      "lead_time": 864000,
      "is_multiple_instance": false
    }
  },
  {
    "model": "caluma_workflow.task",
    "pk": "check-activation",
    "fields": {
      "created_at": "2020-08-10T14:27:59Z",
      "modified_at": "2020-09-15T09:34:12.007Z",
      "created_by_user": "855a5ba0-cdcc-48d5-ab7c-4fc55cbe0754",
      "created_by_group": null,
      "modified_by_user": null,
      "modified_by_group": null,
      "name": "{\"de\": \"Stellungnahmen pr\\u00fcfen\", \"fr\": \"V\\u00e9rifier les prises de position\"}",
      "description": "{\"de\": null, \"fr\": null}",
      "type": "simple",
      "meta": {
        "is-manually-completable": true
      },
      "address_groups": "['municipality']|groups",
      "control_groups": "['municipality']|groups",
      "is_archived": false,
      "form": null,
      "lead_time": 864000,
      "is_multiple_instance": false
    }
  },
  {
    "model": "caluma_workflow.task",
    "pk": "check-sb1",
    "fields": {
      "created_at": "2020-08-10T14:28:10.718Z",
      "modified_at": "2020-09-15T09:34:35.044Z",
      "created_by_user": "855a5ba0-cdcc-48d5-ab7c-4fc55cbe0754",
      "created_by_group": null,
      "modified_by_user": null,
      "modified_by_group": null,
      "name": "{\"de\": \"Selbstdeklaration 1 pr\\u00fcfen\", \"fr\": \"V\\u00e9rifier la d\\u00e9claration spontan\\u00e9e 1\"}",
      "description": "{\"de\": null, \"fr\": null}",
      "type": "simple",
      "meta": {
        "is-manually-completable": true
      },
      "address_groups": "['construction_control']|groups",
      "control_groups": "['construction_control']|groups",
      "is_archived": false,
      "form": null,
      "lead_time": 432000,
      "is_multiple_instance": false
    }
  },
  {
    "model": "caluma_workflow.task",
    "pk": "check-sb2",
    "fields": {
      "created_at": "2020-08-10T14:28:13.749Z",
      "modified_at": "2020-09-15T09:34:43.788Z",
      "created_by_user": "855a5ba0-cdcc-48d5-ab7c-4fc55cbe0754",
      "created_by_group": null,
      "modified_by_user": null,
      "modified_by_group": null,
      "name": "{\"de\": \"Selbstdeklaration 2 pr\\u00fcfen\", \"fr\": \"V\\u00e9rifier la d\\u00e9claration spontan\\u00e9e 2\"}",
      "description": "{\"de\": null, \"fr\": null}",
      "type": "simple",
      "meta": {
        "is-manually-completable": true
      },
      "address_groups": "['construction_control']|groups",
      "control_groups": "['construction_control']|groups",
      "is_archived": false,
      "form": null,
      "lead_time": 432000,
      "is_multiple_instance": false
    }
  },
  {
    "model": "caluma_workflow.task",
    "pk": "circulation",
    "fields": {
      "created_at": "2020-08-10T14:27:53.318Z",
      "modified_at": "2020-09-15T09:35:02.383Z",
      "created_by_user": "855a5ba0-cdcc-48d5-ab7c-4fc55cbe0754",
      "created_by_group": null,
      "modified_by_user": null,
      "modified_by_group": null,
      "name": "{\"de\": \"Zirkulation\", \"fr\": \"Circulation\"}",
      "description": "{\"de\": null, \"fr\": null}",
      "type": "simple",
      "meta": {},
      "address_groups": "['circulation_service']|groups",
      "control_groups": null,
      "is_archived": false,
      "form": null,
      "lead_time": null,
      "is_multiple_instance": true
    }
  },
  {
    "model": "caluma_workflow.task",
    "pk": "complete",
    "fields": {
      "created_at": "2020-08-10T14:28:15.491Z",
      "modified_at": "2020-09-15T09:40:34.773Z",
      "created_by_user": "855a5ba0-cdcc-48d5-ab7c-4fc55cbe0754",
      "created_by_group": null,
      "modified_by_user": null,
      "modified_by_group": null,
      "name": "{\"de\": \"Baugesuchsverfahren abschliessen\", \"fr\": \"Clore la proc\\u00e9dure\"}",
      "description": "{\"de\": null, \"fr\": null}",
      "type": "simple",
      "meta": {},
      "address_groups": "['construction_control']|groups",
      "control_groups": "['construction_control']|groups",
      "is_archived": false,
      "form": null,
      "lead_time": 864000,
      "is_multiple_instance": false
    }
  },
  {
    "model": "caluma_workflow.task",
    "pk": "create-manual-workitems",
    "fields": {
      "created_at": "2020-08-25T09:07:28.245Z",
      "modified_at": "2020-09-15T09:36:02.022Z",
      "created_by_user": "855a5ba0-cdcc-48d5-ab7c-4fc55cbe0754",
      "created_by_group": null,
      "modified_by_user": null,
      "modified_by_group": null,
      "name": "{\"de\": \"Manuelle Aufgaben erfassen\", \"fr\": \"Saisie des t\\u00e2ches manuelles\"}",
      "description": "{\"de\": null, \"fr\": null}",
      "type": "simple",
      "meta": {
        "is-manually-completable": true
      },
      "address_groups": "[]",
      "control_groups": null,
      "is_archived": false,
      "form": null,
      "lead_time": null,
      "is_multiple_instance": true
    }
  },
  {
    "model": "caluma_workflow.task",
    "pk": "create-publication",
    "fields": {
      "created_at": "2020-11-23T14:28:37.051Z",
      "modified_at": "2020-11-23T14:28:37.051Z",
      "created_by_user": "855a5ba0-cdcc-48d5-ab7c-4fc55cbe0754",
      "created_by_group": null,
      "modified_by_user": null,
      "modified_by_group": null,
      "name": "{\"de\": \"Neue Publikation erfassen\", \"fr\": null}",
      "description": "{\"de\": null, \"fr\": null}",
      "type": "simple",
      "meta": {},
      "address_groups": "['municipality']|groups",
      "control_groups": null,
      "is_archived": false,
      "form": null,
      "lead_time": null,
      "is_multiple_instance": false
    }
  },
  {
    "model": "caluma_workflow.task",
    "pk": "decision",
    "fields": {
      "created_at": "2020-08-10T14:28:04.731Z",
      "modified_at": "2020-09-15T09:36:21.022Z",
      "created_by_user": "855a5ba0-cdcc-48d5-ab7c-4fc55cbe0754",
      "created_by_group": null,
      "modified_by_user": null,
      "modified_by_group": null,
      "name": "{\"de\": \"Entscheid verf\\u00fcgen\", \"fr\": \"Rendre la d\\u00e9cision\"}",
      "description": "{\"de\": null, \"fr\": null}",
      "type": "simple",
      "meta": {},
      "address_groups": "['municipality']|groups",
      "control_groups": "['municipality']|groups",
      "is_archived": false,
      "form": null,
      "lead_time": 864000,
      "is_multiple_instance": false
    }
  },
  {
    "model": "caluma_workflow.task",
    "pk": "ebau-number",
    "fields": {
      "created_at": "2020-08-10T14:27:46.329Z",
      "modified_at": "2020-09-15T09:36:45.991Z",
      "created_by_user": "855a5ba0-cdcc-48d5-ab7c-4fc55cbe0754",
      "created_by_group": null,
      "modified_by_user": null,
      "modified_by_group": null,
      "name": "{\"de\": \"eBau-Nummer vergeben\", \"fr\": \"Attribution d'un num\\u00e9ro eBau\"}",
      "description": "{\"de\": null, \"fr\": null}",
      "type": "simple",
      "meta": {},
      "address_groups": "['municipality']|groups",
      "control_groups": "['municipality']|groups",
      "is_archived": false,
      "form": null,
      "lead_time": 432000,
      "is_multiple_instance": false
    }
  },
  {
    "model": "caluma_workflow.task",
    "pk": "fill-publication",
    "fields": {
      "created_at": "2020-11-23T14:28:35.121Z",
      "modified_at": "2020-11-23T14:28:35.121Z",
      "created_by_user": "855a5ba0-cdcc-48d5-ab7c-4fc55cbe0754",
      "created_by_group": null,
      "modified_by_user": null,
      "modified_by_group": null,
      "name": "{\"de\": \"Publikation\", \"fr\": null}",
      "description": "{\"de\": null, \"fr\": null}",
      "type": "complete_task_form",
      "meta": {},
      "address_groups": "['municipality']|groups",
      "control_groups": null,
      "is_archived": false,
      "form": "publikation",
      "lead_time": null,
      "is_multiple_instance": false
    }
  },
  {
    "model": "caluma_workflow.task",
    "pk": "init-circulation",
    "fields": {
      "created_at": "2020-08-10T14:27:47.968Z",
      "modified_at": "2020-09-15T09:37:04.487Z",
      "created_by_user": "855a5ba0-cdcc-48d5-ab7c-4fc55cbe0754",
      "created_by_group": null,
      "modified_by_user": null,
      "modified_by_group": null,
      "name": "{\"de\": \"Zirkulation initialisieren\", \"fr\": \"Initialiser la circulation\"}",
      "description": "{\"de\": null, \"fr\": null}",
      "type": "simple",
      "meta": {},
      "address_groups": "['municipality']|groups",
      "control_groups": "['municipality']|groups",
      "is_archived": false,
      "form": null,
      "lead_time": 864000,
      "is_multiple_instance": false
    }
  },
  {
    "model": "caluma_workflow.task",
    "pk": "neighborhood-orientation",
    "fields": {
      "created_at": "2021-08-30T10:29:48.993Z",
      "modified_at": "2021-08-30T10:29:48.993Z",
      "created_by_user": "855a5ba0-cdcc-48d5-ab7c-4fc55cbe0754",
      "created_by_group": null,
      "modified_by_user": null,
      "modified_by_group": null,
      "name": "{\"de\": \"Nachbarschaftsorientierung\", \"fr\": null}",
      "description": "{\"de\": null, \"fr\": null}",
      "type": "complete_task_form",
      "meta": {},
      "address_groups": "['municipality']|groups",
      "control_groups": null,
      "is_archived": false,
      "form": "neighborhood-orientation",
      "lead_time": null,
      "is_multiple_instance": false
    }
  },
  {
    "model": "caluma_workflow.task",
    "pk": "nfd",
    "fields": {
      "created_at": "2020-08-10T14:27:44.791Z",
      "modified_at": "2020-09-15T09:37:29.194Z",
      "created_by_user": "855a5ba0-cdcc-48d5-ab7c-4fc55cbe0754",
      "created_by_group": null,
      "modified_by_user": null,
      "modified_by_group": null,
      "name": "{\"de\": \"Nachforderungen\", \"fr\": \"Demandes de compl\\u00e9ment d'information\"}",
      "description": "{\"de\": null, \"fr\": null}",
      "type": "complete_task_form",
      "meta": {},
      "address_groups": "['municipality']|groups",
      "control_groups": null,
      "is_archived": false,
      "form": "nfd",
      "lead_time": null,
      "is_multiple_instance": false
    }
  },
  {
    "model": "caluma_workflow.task",
    "pk": "publication",
    "fields": {
      "created_at": "2020-08-10T14:27:51.005Z",
      "modified_at": "2020-09-15T09:37:46.898Z",
      "created_by_user": "855a5ba0-cdcc-48d5-ab7c-4fc55cbe0754",
      "created_by_group": null,
      "modified_by_user": null,
      "modified_by_group": null,
      "name": "{\"de\": \"Dossier publizieren\", \"fr\": \"Publier le dossier\"}",
      "description": "{\"de\": null, \"fr\": null}",
      "type": "simple",
      "meta": {
        "is-manually-completable": true
      },
      "address_groups": "['municipality']|groups",
      "control_groups": "['municipality']|groups",
      "is_archived": false,
      "form": null,
      "lead_time": 864000,
      "is_multiple_instance": false
    }
  },
  {
    "model": "caluma_workflow.task",
    "pk": "reopen-circulation",
    "fields": {
      "created_at": "2020-08-10T14:28:06.447Z",
      "modified_at": "2020-09-15T09:38:05.440Z",
      "created_by_user": "855a5ba0-cdcc-48d5-ab7c-4fc55cbe0754",
      "created_by_group": null,
      "modified_by_user": null,
      "modified_by_group": null,
      "name": "{\"de\": \"Zirkulation wiederer\\u00f6ffnen\", \"fr\": \"Rouvrir la proc\\u00e9dure de circulation\"}",
      "description": "{\"de\": null, \"fr\": null}",
      "type": "simple",
      "meta": {},
      "address_groups": "['municipality']|groups",
      "control_groups": null,
      "is_archived": false,
      "form": null,
      "lead_time": null,
      "is_multiple_instance": false
    }
  },
  {
    "model": "caluma_workflow.task",
    "pk": "sb1",
    "fields": {
      "created_at": "2020-08-10T14:28:08.104Z",
      "modified_at": "2020-09-15T09:38:45.400Z",
      "created_by_user": "855a5ba0-cdcc-48d5-ab7c-4fc55cbe0754",
      "created_by_group": null,
      "modified_by_user": null,
      "modified_by_group": null,
      "name": "{\"de\": \"Selbstdeklaration 1 ausf\\u00fcllen\", \"fr\": \"Remplir la d\\u00e9claration spontan\\u00e9e 1\"}",
      "description": "{\"de\": null, \"fr\": null}",
      "type": "complete_task_form",
      "meta": {},
      "address_groups": "[]",
      "control_groups": null,
      "is_archived": false,
      "form": "sb1",
      "lead_time": null,
      "is_multiple_instance": false
    }
  },
  {
    "model": "caluma_workflow.task",
    "pk": "sb2",
    "fields": {
      "created_at": "2020-08-10T14:28:12.116Z",
      "modified_at": "2020-09-15T09:38:52.288Z",
      "created_by_user": "855a5ba0-cdcc-48d5-ab7c-4fc55cbe0754",
      "created_by_group": null,
      "modified_by_user": null,
      "modified_by_group": null,
      "name": "{\"de\": \"Selbstdeklaration 2 ausf\\u00fcllen\", \"fr\": \"Remplir la d\\u00e9claration spontan\\u00e9e 2\"}",
      "description": "{\"de\": null, \"fr\": null}",
      "type": "complete_task_form",
      "meta": {},
      "address_groups": "[]",
      "control_groups": null,
      "is_archived": false,
      "form": "sb2",
      "lead_time": null,
      "is_multiple_instance": false
    }
  },
  {
    "model": "caluma_workflow.task",
    "pk": "skip-circulation",
    "fields": {
      "created_at": "2020-09-15T14:09:37.342Z",
      "modified_at": "2020-09-15T14:09:37.342Z",
      "created_by_user": "855a5ba0-cdcc-48d5-ab7c-4fc55cbe0754",
      "created_by_group": null,
      "modified_by_user": null,
      "modified_by_group": null,
      "name": "{\"de\": \"Zirkulation \\u00fcberspringen\", \"fr\": \"Sauter la proc\\u00e9dure de circulation\"}",
      "description": "{\"de\": null, \"fr\": null}",
      "type": "simple",
      "meta": {},
      "address_groups": "['municipality']|groups",
      "control_groups": null,
      "is_archived": false,
      "form": null,
      "lead_time": null,
      "is_multiple_instance": false
    }
  },
  {
    "model": "caluma_workflow.task",
    "pk": "start-circulation",
    "fields": {
      "created_at": "2020-08-10T14:27:57.215Z",
      "modified_at": "2020-09-15T09:39:32.539Z",
      "created_by_user": "855a5ba0-cdcc-48d5-ab7c-4fc55cbe0754",
      "created_by_group": null,
      "modified_by_user": null,
      "modified_by_group": null,
      "name": "{\"de\": \"Weitere Zirkulation starten\", \"fr\": \"Lancer une autre circulation\"}",
      "description": "{\"de\": null, \"fr\": null}",
      "type": "simple",
      "meta": {},
      "address_groups": "['municipality']|groups",
      "control_groups": null,
      "is_archived": false,
      "form": null,
      "lead_time": null,
      "is_multiple_instance": false
    }
  },
  {
    "model": "caluma_workflow.task",
    "pk": "start-decision",
    "fields": {
      "created_at": "2020-08-10T14:28:01.904Z",
      "modified_at": "2020-09-15T09:39:12.006Z",
      "created_by_user": "855a5ba0-cdcc-48d5-ab7c-4fc55cbe0754",
      "created_by_group": null,
      "modified_by_user": null,
      "modified_by_group": null,
      "name": "{\"de\": \"Entscheid starten\", \"fr\": \"Clore la proc\\u00e9dure de circulation\"}",
      "description": "{\"de\": null, \"fr\": null}",
      "type": "simple",
      "meta": {},
      "address_groups": "['municipality']|groups",
      "control_groups": "['municipality']|groups",
      "is_archived": false,
      "form": null,
      "lead_time": 864000,
      "is_multiple_instance": false
    }
  },
  {
    "model": "caluma_workflow.task",
    "pk": "submit",
    "fields": {
      "created_at": "2020-08-10T14:27:37.866Z",
      "modified_at": "2020-09-15T09:39:50.638Z",
      "created_by_user": "855a5ba0-cdcc-48d5-ab7c-4fc55cbe0754",
      "created_by_group": null,
      "modified_by_user": null,
      "modified_by_group": null,
      "name": "{\"de\": \"Gesuch einreichen\", \"fr\": \"Envoyer la demande\"}",
      "description": "{\"de\": null, \"fr\": null}",
      "type": "complete_workflow_form",
      "meta": {},
      "address_groups": "[]",
      "control_groups": null,
      "is_archived": false,
      "form": null,
      "lead_time": null,
      "is_multiple_instance": false
    }
  },
  {
    "model": "caluma_workflow.taskflow",
    "pk": "0856938b-104a-4e4d-a1a5-637c22423566",
    "fields": {
      "created_at": "2020-08-25T11:13:51.884Z",
      "modified_at": "2020-08-25T11:13:51.884Z",
      "created_by_user": null,
      "created_by_group": null,
      "modified_by_user": null,
      "modified_by_group": null,
      "workflow": "building-permit",
      "task": "submit",
      "flow": "46846c68-6d6d-4eb5-b2dd-296d62d31393"
    }
  },
  {
    "model": "caluma_workflow.taskflow",
    "pk": "0cb1575e-47a3-43b8-86b3-e7bde2f25b53",
    "fields": {
      "created_at": "2020-08-10T14:29:40.831Z",
      "modified_at": "2020-08-10T14:29:40.831Z",
      "created_by_user": null,
      "created_by_group": null,
      "modified_by_user": null,
      "modified_by_group": null,
      "workflow": "building-permit",
      "task": "reopen-circulation",
      "flow": "4a409fe9-741e-4e36-99c6-2cde4b2150c2"
    }
  },
  {
    "model": "caluma_workflow.taskflow",
    "pk": "11517e64-79b4-4a82-a760-b0bf6eca8823",
    "fields": {
      "created_at": "2020-11-23T14:33:20.023Z",
      "modified_at": "2020-11-23T14:33:20.023Z",
      "created_by_user": null,
      "created_by_group": null,
      "modified_by_user": null,
      "modified_by_group": null,
      "workflow": "building-permit",
      "task": "fill-publication",
      "flow": "2b422ed2-7091-467a-81d3-be4e32a770eb"
    }
  },
  {
    "model": "caluma_workflow.taskflow",
    "pk": "17e6f96b-d610-40e4-89e0-50e94d40e2bb",
    "fields": {
      "created_at": "2020-11-27T10:34:52.155Z",
      "modified_at": "2020-11-27T10:34:52.155Z",
      "created_by_user": null,
      "created_by_group": null,
      "modified_by_user": null,
      "modified_by_group": null,
      "workflow": "preliminary-clarification",
      "task": "fill-publication",
      "flow": "f0bc799a-54ee-41ae-86e5-56f41a085872"
    }
  },
  {
    "model": "caluma_workflow.taskflow",
    "pk": "28e8fef2-3ddb-499d-9419-2c679c0979fd",
    "fields": {
      "created_at": "2020-08-10T14:30:17.336Z",
      "modified_at": "2020-08-10T14:30:17.336Z",
      "created_by_user": null,
      "created_by_group": null,
      "modified_by_user": null,
      "modified_by_group": null,
      "workflow": "preliminary-clarification",
      "task": "circulation",
      "flow": "b37d20b3-38f9-4971-bdb9-bbf80f0b9f0b"
    }
  },
  {
    "model": "caluma_workflow.taskflow",
    "pk": "2c7a1695-7227-4df6-a3a9-99535a3c9f28",
    "fields": {
      "created_at": "2020-11-23T14:33:55.491Z",
      "modified_at": "2020-11-23T14:33:55.491Z",
      "created_by_user": null,
      "created_by_group": null,
      "modified_by_user": null,
      "modified_by_group": null,
      "workflow": "building-permit",
      "task": "create-publication",
      "flow": "3f07b928-da62-44ce-837f-ee4315e4c40f"
    }
  },
  {
    "model": "caluma_workflow.taskflow",
    "pk": "35b0be8d-cc39-47d9-b848-4845b5ed2949",
    "fields": {
      "created_at": "2020-10-23T13:15:29.517Z",
      "modified_at": "2020-10-23T13:15:29.517Z",
      "created_by_user": null,
      "created_by_group": null,
      "modified_by_user": null,
      "modified_by_group": null,
      "workflow": "internal",
      "task": "submit",
      "flow": "c647f9cc-3261-48b8-840f-eea936888bee"
    }
  },
  {
    "model": "caluma_workflow.taskflow",
    "pk": "3ba59967-25e4-4c27-aeb4-696143f179ce",
    "fields": {
      "created_at": "2020-08-10T14:29:42.347Z",
      "modified_at": "2020-08-10T14:29:42.347Z",
      "created_by_user": null,
      "created_by_group": null,
      "modified_by_user": null,
      "modified_by_group": null,
      "workflow": "building-permit",
      "task": "decision",
      "flow": "d8dd513b-ea02-43ba-96cd-568457d21744"
    }
  },
  {
    "model": "caluma_workflow.taskflow",
    "pk": "3d7d1e4b-1561-4061-837d-f0ca4e7feee8",
    "fields": {
      "created_at": "2020-08-10T14:30:14.812Z",
      "modified_at": "2020-08-10T14:30:14.812Z",
      "created_by_user": null,
      "created_by_group": null,
      "modified_by_user": null,
      "modified_by_group": null,
      "workflow": "preliminary-clarification",
      "task": "ebau-number",
      "flow": "240e43d1-3969-41e6-8f25-f27fa1751592"
    }
  },
  {
    "model": "caluma_workflow.taskflow",
    "pk": "404f80c2-9fa4-48d1-be07-14d4d80b63a3",
    "fields": {
      "created_at": "2020-08-10T14:29:45.508Z",
      "modified_at": "2020-08-10T14:29:45.508Z",
      "created_by_user": null,
      "created_by_group": null,
      "modified_by_user": null,
      "modified_by_group": null,
      "workflow": "building-permit",
      "task": "sb2",
      "flow": "53187fd7-57bc-4d3a-83b7-7021e9acf52d"
    }
  },
  {
    "model": "caluma_workflow.taskflow",
    "pk": "6a64dc2d-d8df-4329-b452-4cc95acd3121",
    "fields": {
      "created_at": "2020-09-15T14:09:38.959Z",
      "modified_at": "2020-09-15T14:09:38.959Z",
      "created_by_user": null,
      "created_by_group": null,
      "modified_by_user": null,
      "modified_by_group": null,
      "workflow": "building-permit",
      "task": "skip-circulation",
      "flow": "71149692-b9a9-4a85-8e29-929c39f7a9c5"
    }
  },
  {
    "model": "caluma_workflow.taskflow",
    "pk": "78610aa1-5084-46c4-af20-b7d91168fba4",
    "fields": {
      "created_at": "2020-08-10T14:30:16.096Z",
      "modified_at": "2020-08-10T14:30:16.096Z",
      "created_by_user": null,
      "created_by_group": null,
      "modified_by_user": null,
      "modified_by_group": null,
      "workflow": "preliminary-clarification",
      "task": "init-circulation",
      "flow": "c02b6af6-6eb3-4d62-8717-d09eb2cda738"
    }
  },
  {
    "model": "caluma_workflow.taskflow",
    "pk": "7d77cde9-2cc5-4363-82b0-6330c64e2f3d",
    "fields": {
      "created_at": "2020-08-10T14:30:18.765Z",
      "modified_at": "2020-08-10T14:30:18.765Z",
      "created_by_user": null,
      "created_by_group": null,
      "modified_by_user": null,
      "modified_by_group": null,
      "workflow": "preliminary-clarification",
      "task": "start-circulation",
      "flow": "c6acccb6-301d-4a70-97fe-4ee57dcdc5d5"
    }
  },
  {
    "model": "caluma_workflow.taskflow",
    "pk": "807aca8f-7136-4342-bc2a-754f3d28c13b",
    "fields": {
      "created_at": "2020-08-10T14:29:36.187Z",
      "modified_at": "2020-08-10T14:29:36.187Z",
      "created_by_user": null,
      "created_by_group": null,
      "modified_by_user": null,
      "modified_by_group": null,
      "workflow": "building-permit",
      "task": "circulation",
      "flow": "363f0977-a68b-4d3c-990b-39f2e747b19d"
    }
  },
  {
    "model": "caluma_workflow.taskflow",
    "pk": "90593ffe-fb74-4651-9c83-9355cc72a308",
    "fields": {
      "created_at": "2020-08-10T14:29:34.748Z",
      "modified_at": "2020-08-10T14:29:34.748Z",
      "created_by_user": null,
      "created_by_group": null,
      "modified_by_user": null,
      "modified_by_group": null,
      "workflow": "building-permit",
      "task": "init-circulation",
      "flow": "68438cb7-3635-4586-a3f6-a5032b5fbc4e"
    }
  },
  {
    "model": "caluma_workflow.taskflow",
    "pk": "95bd957f-f9a2-415b-b396-41e8aff2fc85",
    "fields": {
      "created_at": "2020-08-10T14:30:21.425Z",
      "modified_at": "2020-08-10T14:30:21.425Z",
      "created_by_user": null,
      "created_by_group": null,
      "modified_by_user": null,
      "modified_by_group": null,
      "workflow": "preliminary-clarification",
      "task": "reopen-circulation",
      "flow": "10ce3772-ca45-4000-8d85-8fab4b379f6f"
    }
  },
  {
    "model": "caluma_workflow.taskflow",
    "pk": "9783ceb2-fb22-4913-a347-b74153cbed23",
    "fields": {
      "created_at": "2020-08-10T14:29:43.844Z",
      "modified_at": "2020-08-10T14:29:43.844Z",
      "created_by_user": null,
      "created_by_group": null,
      "modified_by_user": null,
      "modified_by_group": null,
      "workflow": "building-permit",
      "task": "sb1",
      "flow": "3826b971-fded-4ecd-a7d5-0ca604424ccf"
    }
  },
  {
    "model": "caluma_workflow.taskflow",
    "pk": "a25e652b-0f8c-4069-a073-78acfce51ca2",
    "fields": {
      "created_at": "2020-11-27T10:34:55.716Z",
      "modified_at": "2020-11-27T10:34:55.716Z",
      "created_by_user": null,
      "created_by_group": null,
      "modified_by_user": null,
      "modified_by_group": null,
      "workflow": "preliminary-clarification",
      "task": "create-publication",
      "flow": "35207bd3-ab3b-4ef3-910a-bcb5a3f971cb"
    }
  },
  {
    "model": "caluma_workflow.taskflow",
    "pk": "b02fdb61-7fc4-4348-a644-3eeeba5685d8",
    "fields": {
      "created_at": "2020-08-10T14:29:39.493Z",
      "modified_at": "2020-08-10T14:29:39.493Z",
      "created_by_user": null,
      "created_by_group": null,
      "modified_by_user": null,
      "modified_by_group": null,
      "workflow": "building-permit",
      "task": "start-decision",
      "flow": "7885afc9-3322-4572-b81b-d177136e5d62"
    }
  },
  {
    "model": "caluma_workflow.taskflow",
    "pk": "b750f1a1-3dac-48bc-8802-8a4b0fe8ea33",
    "fields": {
      "created_at": "2020-08-10T14:29:33.531Z",
      "modified_at": "2020-08-10T14:29:33.531Z",
      "created_by_user": null,
      "created_by_group": null,
      "modified_by_user": null,
      "modified_by_group": null,
      "workflow": "building-permit",
      "task": "ebau-number",
      "flow": "4daff7a4-f031-47bf-8fef-445d5ca88278"
    }
  },
  {
    "model": "caluma_workflow.taskflow",
    "pk": "cc2b3dab-0fb1-432c-8a30-82553fe1ece3",
    "fields": {
      "created_at": "2020-08-10T14:30:20.022Z",
      "modified_at": "2020-08-10T14:30:20.022Z",
      "created_by_user": null,
      "created_by_group": null,
      "modified_by_user": null,
      "modified_by_group": null,
      "workflow": "preliminary-clarification",
      "task": "start-decision",
      "flow": "944dc36e-68c6-498f-9fc3-fa47b1afa843"
    }
  },
  {
    "model": "caluma_workflow.taskflow",
    "pk": "d6db4a54-251f-4a89-b6f2-9f299b21de28",
    "fields": {
      "created_at": "2021-01-25T14:50:39.205Z",
      "modified_at": "2021-01-25T14:50:39.206Z",
      "created_by_user": null,
      "created_by_group": null,
      "modified_by_user": null,
      "modified_by_group": null,
      "workflow": "migrated",
      "task": "fill-publication",
      "flow": "3e4d93ce-32e2-4f39-bea6-d666e82980e6"
    }
  },
  {
    "model": "caluma_workflow.taskflow",
    "pk": "ee31165e-cf25-4044-b72a-f210086e7320",
    "fields": {
      "created_at": "2020-08-10T14:29:37.834Z",
      "modified_at": "2020-08-10T14:29:37.834Z",
      "created_by_user": null,
      "created_by_group": null,
      "modified_by_user": null,
      "modified_by_group": null,
      "workflow": "building-permit",
      "task": "start-circulation",
      "flow": "10edadbe-80f7-48b4-9837-7062c8b8e863"
    }
  },
  {
    "model": "caluma_workflow.taskflow",
    "pk": "eec0ca4c-5939-4bbd-8a4a-a6fbac106cf3",
    "fields": {
      "created_at": "2020-08-25T11:14:35.931Z",
      "modified_at": "2020-08-25T11:14:35.931Z",
      "created_by_user": null,
      "created_by_group": null,
      "modified_by_user": null,
      "modified_by_group": null,
      "workflow": "preliminary-clarification",
      "task": "submit",
      "flow": "a5dba546-a4fe-4670-8c85-6c3057deaa8f"
    }
  },
  {
    "model": "caluma_workflow.taskflow",
    "pk": "f5bb2aa4-d524-4764-9913-7c3de213953e",
    "fields": {
      "created_at": "2020-09-15T14:09:40.355Z",
      "modified_at": "2020-09-15T14:09:40.355Z",
      "created_by_user": null,
      "created_by_group": null,
      "modified_by_user": null,
      "modified_by_group": null,
      "workflow": "preliminary-clarification",
      "task": "skip-circulation",
      "flow": "135e0ae3-ff30-475d-a0e8-efc004d04f1b"
    }
  },
  {
    "model": "caluma_workflow.workflow",
    "pk": "building-permit",
    "fields": {
      "created_at": "2020-08-10T14:29:29.158Z",
      "modified_at": "2020-08-10T14:29:29.158Z",
      "created_by_user": "855a5ba0-cdcc-48d5-ab7c-4fc55cbe0754",
      "created_by_group": null,
      "modified_by_user": null,
      "modified_by_group": null,
      "name": "{\"de\": \"Baugesuch\", \"fr\": null}",
      "description": "{\"de\": null, \"fr\": null}",
      "meta": {},
      "is_published": true,
      "is_archived": false,
      "allow_all_forms": false,
      "start_tasks": ["submit"],
      "allow_forms": [
        "baugesuch",
        "baugesuch-generell",
        "baugesuch-generell-v2",
        "baugesuch-mit-uvp",
        "baugesuch-mit-uvp-v2",
        "baugesuch-v2",
        "verlaengerung-geltungsdauer"
      ]
    }
  },
  {
    "model": "caluma_workflow.workflow",
    "pk": "circulation",
    "fields": {
      "created_at": "2020-08-10T14:28:56.643Z",
      "modified_at": "2020-08-10T14:28:56.643Z",
      "created_by_user": "855a5ba0-cdcc-48d5-ab7c-4fc55cbe0754",
      "created_by_group": null,
      "modified_by_user": null,
      "modified_by_group": null,
      "name": "{\"de\": \"Zirkulation\", \"fr\": null}",
      "description": "{\"de\": null, \"fr\": null}",
      "meta": {},
      "is_published": true,
      "is_archived": false,
      "allow_all_forms": false,
      "start_tasks": ["activation"],
      "allow_forms": ["circulation"]
    }
  },
  {
    "model": "caluma_workflow.workflow",
    "pk": "internal",
    "fields": {
      "created_at": "2020-10-23T10:50:56.076Z",
      "modified_at": "2020-10-23T13:15:25.691Z",
      "created_by_user": "855a5ba0-cdcc-48d5-ab7c-4fc55cbe0754",
      "created_by_group": null,
      "modified_by_user": null,
      "modified_by_group": null,
      "name": "{\"de\": \"Internes Verfahren\", \"fr\": null}",
      "description": "{\"de\": null, \"fr\": null}",
      "meta": {},
      "is_published": true,
      "is_archived": false,
      "allow_all_forms": false,
      "start_tasks": ["submit"],
      "allow_forms": ["baupolizeiliches-verfahren", "zutrittsermaechtigung"]
    }
  },
  {
    "model": "caluma_workflow.workflow",
    "pk": "migrated",
    "fields": {
      "created_at": "2020-09-21T13:14:06.158Z",
      "modified_at": "2021-01-25T14:51:39.552Z",
      "created_by_user": "855a5ba0-cdcc-48d5-ab7c-4fc55cbe0754",
      "created_by_group": null,
      "modified_by_user": null,
      "modified_by_group": null,
      "name": "{\"de\": \"Migriertes Dossier\", \"fr\": null}",
      "description": "{\"de\": null, \"fr\": null}",
      "meta": {},
      "is_published": true,
      "is_archived": false,
      "allow_all_forms": false,
      "start_tasks": [
        "create-manual-workitems",
        "decision",
        "fill-publication"
      ],
      "allow_forms": ["migriertes-dossier"]
    }
  },
  {
    "model": "caluma_workflow.workflow",
    "pk": "preliminary-clarification",
    "fields": {
      "created_at": "2020-08-10T14:30:11.892Z",
      "modified_at": "2020-08-10T14:30:11.892Z",
      "created_by_user": "855a5ba0-cdcc-48d5-ab7c-4fc55cbe0754",
      "created_by_group": null,
      "modified_by_user": null,
      "modified_by_group": null,
      "name": "{\"de\": \"Vorabkl\\u00e4rung\", \"fr\": null}",
      "description": "{\"de\": null, \"fr\": null}",
      "meta": {},
      "is_published": true,
      "is_archived": false,
      "allow_all_forms": false,
      "start_tasks": ["submit"],
      "allow_forms": [
        "hecken-feldgehoelze-baeume",
        "klaerung-baubewilligungspflicht",
        "vorabklaerung-einfach",
        "vorabklaerung-vollstaendig",
        "vorabklaerung-vollstaendig-v2"
      ]
    }
  }
]
