[
  {
    "model": "core.airaction",
    "pk": 1,
    "fields": {
      "available_instance_resource": "newform",
      "action_name": "new",
      "hidden": 0
    }
  },
  {
    "model": "core.airaction",
    "pk": 2,
    "fields": {
      "available_instance_resource": "editformpage",
      "action_name": "edit-page",
      "hidden": 0
    }
  },
  {
    "model": "core.airaction",
    "pk": 3,
    "fields": {
      "available_instance_resource": "editformpage",
      "action_name": "get-file",
      "hidden": 1
    }
  },
  {
    "model": "core.airaction",
    "pk": 4,
    "fields": {
      "available_instance_resource": "editformpages",
      "action_name": "edit-pages",
      "hidden": 0
    }
  },
  {
    "model": "core.airaction",
    "pk": 5,
    "fields": {
      "available_instance_resource": "editformpages",
      "action_name": "get-file",
      "hidden": 1
    }
  },
  {
    "model": "core.airaction",
    "pk": 6,
    "fields": {
      "available_instance_resource": "formpage",
      "action_name": "read-page",
      "hidden": 0
    }
  },
  {
    "model": "core.airaction",
    "pk": 7,
    "fields": {
      "available_instance_resource": "formpage",
      "action_name": "get-file",
      "hidden": 1
    }
  },
  {
    "model": "core.airaction",
    "pk": 8,
    "fields": {
      "available_instance_resource": "formpages",
      "action_name": "read-pages",
      "hidden": 0
    }
  },
  {
    "model": "core.airaction",
    "pk": 9,
    "fields": {
      "available_instance_resource": "formpages",
      "action_name": "get-file",
      "hidden": 1
    }
  },
  {
    "model": "core.airaction",
    "pk": 10,
    "fields": {
      "available_instance_resource": "allformpages",
      "action_name": "index",
      "hidden": 0
    }
  },
  {
    "model": "core.airaction",
    "pk": 11,
    "fields": {
      "available_instance_resource": "allformpages",
      "action_name": "get-file",
      "hidden": 1
    }
  },
  {
    "model": "core.airaction",
    "pk": 12,
    "fields": {
      "available_instance_resource": "editcirculation",
      "action_name": "edit",
      "hidden": 0
    }
  },
  {
    "model": "core.airaction",
    "pk": 13,
    "fields": {
      "available_instance_resource": "editcirculation",
      "action_name": "add",
      "hidden": 1
    }
  },
  {
    "model": "core.airaction",
    "pk": 14,
    "fields": {
      "available_instance_resource": "editcirculation",
      "action_name": "add-activation",
      "hidden": 1
    }
  },
  {
    "model": "core.airaction",
    "pk": 15,
    "fields": {
      "available_instance_resource": "editcirculation",
      "action_name": "get-image",
      "hidden": 1
    }
  },
  {
    "model": "core.airaction",
    "pk": 16,
    "fields": {
      "available_instance_resource": "circulation",
      "action_name": "index",
      "hidden": 0
    }
  },
  {
    "model": "core.airaction",
    "pk": 17,
    "fields": {
      "available_instance_resource": "circulation",
      "action_name": "get-image",
      "hidden": 1
    }
  },
  {
    "model": "core.airaction",
    "pk": 18,
    "fields": {
      "available_instance_resource": "editnotice",
      "action_name": "list-notice",
      "hidden": 0
    }
  },
  {
    "model": "core.airaction",
    "pk": 19,
    "fields": {
      "available_instance_resource": "editnotice",
      "action_name": "edit-notice",
      "hidden": 1
    }
  },
  {
    "model": "core.airaction",
    "pk": 20,
    "fields": {
      "available_instance_resource": "editnotice",
      "action_name": "get-image",
      "hidden": 1
    }
  },
  {
    "model": "core.airaction",
    "pk": 21,
    "fields": {
      "available_instance_resource": "editnotice",
      "action_name": "list",
      "hidden": 1
    }
  },
  {
    "model": "core.airaction",
    "pk": 22,
    "fields": {
      "available_instance_resource": "editnotice",
      "action_name": "upload",
      "hidden": 1
    }
  },
  {
    "model": "core.airaction",
    "pk": 23,
    "fields": {
      "available_instance_resource": "editcirculation",
      "action_name": "read-notice",
      "hidden": 1
    }
  },
  {
    "model": "core.airaction",
    "pk": 24,
    "fields": {
      "available_instance_resource": "circulation",
      "action_name": "read-notice",
      "hidden": 1
    }
  },
  {
    "model": "core.airaction",
    "pk": 25,
    "fields": {
      "available_instance_resource": "letter",
      "action_name": "index",
      "hidden": 0
    }
  },
  {
    "model": "core.airaction",
    "pk": 26,
    "fields": {
      "available_instance_resource": "letter",
      "action_name": "get-image",
      "hidden": 1
    }
  },
  {
    "model": "core.airaction",
    "pk": 27,
    "fields": {
      "available_instance_resource": "editletter",
      "action_name": "edit",
      "hidden": 0
    }
  },
  {
    "model": "core.airaction",
    "pk": 28,
    "fields": {
      "available_instance_resource": "editletter",
      "action_name": "get-image",
      "hidden": 1
    }
  },
  {
    "model": "core.airaction",
    "pk": 29,
    "fields": {
      "available_instance_resource": "editletter",
      "action_name": "list",
      "hidden": 1
    }
  },
  {
    "model": "core.airaction",
    "pk": 30,
    "fields": {
      "available_instance_resource": "editletter",
      "action_name": "upload",
      "hidden": 1
    }
  },
  {
    "model": "core.airaction",
    "pk": 31,
    "fields": {
      "available_instance_resource": "page",
      "action_name": "index",
      "hidden": 0
    }
  },
  {
    "model": "core.airaction",
    "pk": 32,
    "fields": {
      "available_instance_resource": "formwizard",
      "action_name": "wizard",
      "hidden": 0
    }
  },
  {
    "model": "core.airaction",
    "pk": 33,
    "fields": {
      "available_instance_resource": "formwizard",
      "action_name": "get-file",
      "hidden": 1
    }
  },
  {
    "model": "core.airaction",
    "pk": 34,
    "fields": {
      "available_instance_resource": "formerror",
      "action_name": "form-error",
      "hidden": 0
    }
  },
  {
    "model": "core.airaction",
    "pk": 35,
    "fields": {
      "available_instance_resource": "apidocuments",
      "action_name": "list",
      "hidden": 0
    }
  },
  {
    "model": "core.airaction",
    "pk": 36,
    "fields": {
      "available_instance_resource": "apidocuments",
      "action_name": "upload",
      "hidden": 1
    }
  },
  {
    "model": "core.airaction",
    "pk": 37,
    "fields": {
      "available_instance_resource": "apidocuments",
      "action_name": "download",
      "hidden": 1
    }
  },
  {
    "model": "core.airaction",
    "pk": 38,
    "fields": {
      "available_instance_resource": "apidocuments",
      "action_name": "delete",
      "hidden": 1
    }
  },
  {
    "model": "core.airaction",
    "pk": 39,
    "fields": {
      "available_instance_resource": "editcirculation",
      "action_name": "rename",
      "hidden": 1
    }
  },
  {
    "model": "core.availableinstanceresource",
    "pk": "allformpages",
    "fields": {
      "module_name": "default",
      "controller_name": "form",
      "description": "Read all pages of the form"
    }
  },
  {
    "model": "core.availableinstanceresource",
    "pk": "apidocuments",
    "fields": {
      "module_name": "apidocuments",
      "controller_name": "list",
      "description": "List of instance documents (API source)"
    }
  },
  {
    "model": "core.availableinstanceresource",
    "pk": "circulation",
    "fields": {
      "module_name": "default",
      "controller_name": "circulation",
      "description": "Read the circulation"
    }
  },
  {
    "model": "core.resource",
    "pk": 20005,
    "fields": {
      "available_resource": "useradmin",
      "name": null,
      "description": null,
      "template": null,
      "class_field": null,
      "hidden": 0,
      "sort": 7
    }
  },
  {
    "model": "core.availableresource",
    "pk": "useradmin",
    "fields": {
      "module_name": "useradmin",
      "controller_name": "user",
      "description": "(PHP) Decentralized user management"
    }
  },
  {
    "model": "core.availableinstanceresource",
    "pk": "editcirculation",
    "fields": {
      "module_name": "default",
      "controller_name": "circulation",
      "description": "Edit the circulation"
    }
  },
  {
    "model": "core.availableinstanceresource",
    "pk": "editformpage",
    "fields": {
      "module_name": "default",
      "controller_name": "form",
      "description": "Edit one page of the form"
    }
  },
  {
    "model": "core.availableinstanceresource",
    "pk": "editformpages",
    "fields": {
      "module_name": "default",
      "controller_name": "form",
      "description": "Edit multiple page of the form"
    }
  },
  {
    "model": "core.availableinstanceresource",
    "pk": "editletter",
    "fields": {
      "module_name": "default",
      "controller_name": "letter",
      "description": "Edit letter"
    }
  },
  {
    "model": "core.availableinstanceresource",
    "pk": "editnotice",
    "fields": {
      "module_name": "default",
      "controller_name": "circulation",
      "description": "Edit the notice"
    }
  },
  {
    "model": "core.availableinstanceresource",
    "pk": "formerror",
    "fields": {
      "module_name": "default",
      "controller_name": "form",
      "description": "Page with error list of the form"
    }
  },
  {
    "model": "core.availableinstanceresource",
    "pk": "formpage",
    "fields": {
      "module_name": "default",
      "controller_name": "form",
      "description": "Read one page of the form"
    }
  },
  {
    "model": "core.availableinstanceresource",
    "pk": "formpages",
    "fields": {
      "module_name": "default",
      "controller_name": "form",
      "description": "Read multiple page of the form"
    }
  },
  {
    "model": "core.availableinstanceresource",
    "pk": "formwizard",
    "fields": {
      "module_name": "default",
      "controller_name": "form",
      "description": "Wizard for the creation of a form"
    }
  },
  {
    "model": "core.availableinstanceresource",
    "pk": "letter",
    "fields": {
      "module_name": "default",
      "controller_name": "letter",
      "description": "Read letter"
    }
  },
  {
    "model": "core.availableinstanceresource",
    "pk": "newform",
    "fields": {
      "module_name": "default",
      "controller_name": "form",
      "description": "Create the form"
    }
  },
  {
    "model": "core.availableinstanceresource",
    "pk": "page",
    "fields": {
      "module_name": "default",
      "controller_name": "page",
      "description": "Page from template"
    }
  },
  {
    "model": "core.grouppermission",
    "pk": 1,
    "fields": {
      "group": 1,
      "permission_id": "menu_account"
    }
  },
  {
    "model": "core.grouppermission",
    "pk": 2,
    "fields": {
      "group": 1,
      "permission_id": "account_user"
    }
  },
  {
    "model": "core.grouppermission",
    "pk": 3,
    "fields": {
      "group": 1,
      "permission_id": "account_group"
    }
  },
  {
    "model": "core.grouppermission",
    "pk": 4,
    "fields": {
      "group": 1,
      "permission_id": "account_role"
    }
  },
  {
    "model": "core.grouppermission",
    "pk": 5,
    "fields": {
      "group": 1,
      "permission_id": "account_service-group"
    }
  },
  {
    "model": "core.grouppermission",
    "pk": 6,
    "fields": {
      "group": 1,
      "permission_id": "account_service"
    }
  },
  {
    "model": "core.grouppermission",
    "pk": 7,
    "fields": {
      "group": 1,
      "permission_id": "menu_form"
    }
  },
  {
    "model": "core.grouppermission",
    "pk": 8,
    "fields": {
      "group": 1,
      "permission_id": "form_form"
    }
  },
  {
    "model": "core.grouppermission",
    "pk": 9,
    "fields": {
      "group": 1,
      "permission_id": "form_page"
    }
  },
  {
    "model": "core.grouppermission",
    "pk": 10,
    "fields": {
      "group": 1,
      "permission_id": "form_chapter"
    }
  },
  {
    "model": "core.grouppermission",
    "pk": 11,
    "fields": {
      "group": 1,
      "permission_id": "form_question"
    }
  },
  {
    "model": "core.grouppermission",
    "pk": 12,
    "fields": {
      "group": 1,
      "permission_id": "form_form-group"
    }
  },
  {
    "model": "core.grouppermission",
    "pk": 13,
    "fields": {
      "group": 1,
      "permission_id": "form_answer-query"
    }
  },
  {
    "model": "core.grouppermission",
    "pk": 14,
    "fields": {
      "group": 1,
      "permission_id": "form_answer-list"
    }
  },
  {
    "model": "core.grouppermission",
    "pk": 15,
    "fields": {
      "group": 1,
      "permission_id": "form_service-answer-activation"
    }
  },
  {
    "model": "core.grouppermission",
    "pk": 16,
    "fields": {
      "group": 1,
      "permission_id": "form_page-answer-activation"
    }
  },
  {
    "model": "core.grouppermission",
    "pk": 17,
    "fields": {
      "group": 1,
      "permission_id": "form_mapping"
    }
  },
  {
    "model": "core.grouppermission",
    "pk": 18,
    "fields": {
      "group": 1,
      "permission_id": "form_page-form-group"
    }
  },
  {
    "model": "core.grouppermission",
    "pk": 19,
    "fields": {
      "group": 1,
      "permission_id": "menu_resource"
    }
  },
  {
    "model": "core.grouppermission",
    "pk": 20,
    "fields": {
      "group": 1,
      "permission_id": "resource_tree"
    }
  },
  {
    "model": "core.grouppermission",
    "pk": 21,
    "fields": {
      "group": 1,
      "permission_id": "resource_resource"
    }
  },
  {
    "model": "core.grouppermission",
    "pk": 22,
    "fields": {
      "group": 1,
      "permission_id": "resource_instance-resource"
    }
  },
  {
    "model": "core.grouppermission",
    "pk": 23,
    "fields": {
      "group": 1,
      "permission_id": "resource_button"
    }
  },
  {
    "model": "core.grouppermission",
    "pk": 24,
    "fields": {
      "group": 1,
      "permission_id": "resource_action"
    }
  },
  {
    "model": "core.grouppermission",
    "pk": 25,
    "fields": {
      "group": 1,
      "permission_id": "resource_instance-state"
    }
  },
  {
    "model": "core.grouppermission",
    "pk": 26,
    "fields": {
      "group": 1,
      "permission_id": "resource_search-filter"
    }
  },
  {
    "model": "core.grouppermission",
    "pk": 27,
    "fields": {
      "group": 1,
      "permission_id": "resource_resource-loader"
    }
  },
  {
    "model": "core.grouppermission",
    "pk": 28,
    "fields": {
      "group": 1,
      "permission_id": "resource_instance-resource-loader"
    }
  },
  {
    "model": "core.grouppermission",
    "pk": 29,
    "fields": {
      "group": 1,
      "permission_id": "resource_action-loader"
    }
  },
  {
    "model": "core.grouppermission",
    "pk": 30,
    "fields": {
      "group": 1,
      "permission_id": "menu_circulation"
    }
  },
  {
    "model": "core.grouppermission",
    "pk": 31,
    "fields": {
      "group": 1,
      "permission_id": "circulation_type"
    }
  },
  {
    "model": "core.grouppermission",
    "pk": 32,
    "fields": {
      "group": 1,
      "permission_id": "circulation_state"
    }
  },
  {
    "model": "core.grouppermission",
    "pk": 33,
    "fields": {
      "group": 1,
      "permission_id": "circulation_answer-type"
    }
  },
  {
    "model": "core.grouppermission",
    "pk": 34,
    "fields": {
      "group": 1,
      "permission_id": "circulation_answer"
    }
  },
  {
    "model": "core.grouppermission",
    "pk": 35,
    "fields": {
      "group": 1,
      "permission_id": "circulation_reason"
    }
  },
  {
    "model": "core.grouppermission",
    "pk": 36,
    "fields": {
      "group": 1,
      "permission_id": "circulation_notice-type"
    }
  },
  {
    "model": "core.grouppermission",
    "pk": 37,
    "fields": {
      "group": 1,
      "permission_id": "menu_module"
    }
  },
  {
    "model": "core.grouppermission",
    "pk": 38,
    "fields": {
      "group": 1,
      "permission_id": "module_module"
    }
  },
  {
    "model": "core.grouppermission",
    "pk": 39,
    "fields": {
      "group": 1,
      "permission_id": "module_data-loader"
    }
  },
  {
    "model": "core.pageformmode",
    "pk": 1,
    "fields": {
      "name": "Additional"
    }
  },
  {
    "model": "core.pageformmode",
    "pk": 2,
    "fields": {
      "name": "Activable"
    }
  },
  {
    "model": "core.pageformmode",
    "pk": 3,
    "fields": {
      "name": "Required"
    }
  },
  {
    "model": "core.pageformmode",
    "pk": 4,
    "fields": {
      "name": "Instance resource"
    }
  }
]
