[
  {
    "fields": {
      "created_at": "2019-07-04T06:45:15.340Z",
      "created_by_group": "[]",
      "created_by_user": "855a5ba0-cdcc-48d5-ab7c-4fc55cbe0754",
      "date": null,
      "document": "6a4574cc-8e77-4f47-9e9b-a1a8e7c81f32",
      "file": null,
      "meta": {},
      "modified_at": "2019-07-04T06:45:15.340Z",
      "question": "lagekoordinaten-ost",
      "value": 2614411.0
    },
    "model": "caluma_form.answer",
    "pk": "000e9be0-a9e4-4bf1-99ee-f9d7b2752841"
  },
  {
    "fields": {
      "created_at": "2019-07-04T06:45:15.391Z",
      "created_by_group": "[]",
      "created_by_user": "855a5ba0-cdcc-48d5-ab7c-4fc55cbe0754",
      "date": null,
      "document": "6a4574cc-8e77-4f47-9e9b-a1a8e7c81f32",
      "file": null,
      "meta": {},
      "modified_at": "2019-07-04T06:45:15.391Z",
      "question": "lagekoordinaten-nord",
      "value": 1211395.0
    },
    "model": "caluma_form.answer",
    "pk": "023e164e-bce8-47c2-b1d0-a6222a101d7c"
  },
  {
    "fields": {
      "created_at": "2020-01-29T09:55:39.814Z",
      "created_by_group": null,
      "created_by_user": null,
      "date": null,
      "document": "d293591d-47f3-4b2c-8ca9-bdea3b63c264",
      "file": null,
      "meta": {},
      "modified_at": "2020-01-29T09:55:39.814Z",
      "question": "hilfe-inhalt-de",
      "value": ""
    },
    "model": "caluma_form.answer",
    "pk": "04646371-e01e-4db5-9f31-b77a4fd0d46b"
  },
  {
    "fields": {
      "created_at": "2019-07-04T06:45:24.498Z",
      "created_by_group": "[]",
      "created_by_user": "855a5ba0-cdcc-48d5-ab7c-4fc55cbe0754",
      "date": null,
      "document": "ade01883-ddd0-4c8a-8ded-632814f29bf9",
      "file": null,
      "meta": {},
      "modified_at": "2019-07-04T06:45:24.498Z",
      "question": "objekt-des-besonderen-landschaftsschutzes",
      "value": "objekt-des-besonderen-landschaftsschutzes-nein"
    },
    "model": "caluma_form.answer",
    "pk": "04d43516-0338-4d2c-9ec4-b0b0be4dd45d"
  },
  {
    "fields": {
      "created_at": "2019-07-04T06:44:46.930Z",
      "created_by_group": "[]",
      "created_by_user": "855a5ba0-cdcc-48d5-ab7c-4fc55cbe0754",
      "date": null,
      "document": "ade01883-ddd0-4c8a-8ded-632814f29bf9",
      "file": null,
      "meta": {},
      "modified_at": "2019-07-04T06:44:46.930Z",
      "question": "gibt-es-bewilligungspflichtige-reklame",
      "value": "gibt-es-bewilligungspflichtige-reklame-nein"
    },
    "model": "caluma_form.answer",
    "pk": "0970d62d-4834-40a4-b7bc-b7d2ce4ca0d2"
  },
  {
    "fields": {
      "created_at": "2019-07-04T06:45:15.349Z",
      "created_by_group": "[]",
      "created_by_user": "855a5ba0-cdcc-48d5-ab7c-4fc55cbe0754",
      "date": null,
      "document": "6a4574cc-8e77-4f47-9e9b-a1a8e7c81f32",
      "file": null,
      "meta": {},
      "modified_at": "2019-07-04T06:45:15.349Z",
      "question": "e-grid-nr",
      "value": "CH208935354670"
    },
    "model": "caluma_form.answer",
    "pk": "09aa2638-a4c9-43a7-92e1-774df632ffb6"
  },
  {
    "fields": {
      "created_at": "2019-11-05T06:59:37.680Z",
      "created_by_group": null,
      "created_by_user": "855a5ba0-cdcc-48d5-ab7c-4fc55cbe0754",
      "date": null,
      "document": "ba627a75-d9b5-4f0d-9b1e-256eb7fd8f66",
      "file": null,
      "meta": {},
      "modified_at": "2019-11-05T06:59:37.680Z",
      "question": "papierdossier",
      "value": "papierdossier-nein"
    },
    "model": "caluma_form.answer",
    "pk": "0a8ae08f-709b-477c-b150-000b0b889d29"
  },
  {
    "fields": {
      "created_at": "2019-07-04T06:46:38.610Z",
      "created_by_group": "[]",
      "created_by_user": "855a5ba0-cdcc-48d5-ab7c-4fc55cbe0754",
      "date": null,
      "document": "ade01883-ddd0-4c8a-8ded-632814f29bf9",
      "file": null,
      "meta": {},
      "modified_at": "2019-07-04T06:46:38.610Z",
      "question": "verpflichtung-bei-handaenderung",
      "value": ["verpflichtung-bei-handaenderung-ja"]
    },
    "model": "caluma_form.answer",
    "pk": "0ca6f012-0bdd-483d-8bf9-604a84a4352e"
  },
  {
    "fields": {
      "created_at": "2019-12-18T14:20:16.528Z",
      "created_by_group": null,
      "created_by_user": "855a5ba0-cdcc-48d5-ab7c-4fc55cbe0754",
      "date": null,
      "document": "ade01883-ddd0-4c8a-8ded-632814f29bf9",
      "file": null,
      "meta": {},
      "modified_at": "2019-12-18T14:20:16.528Z",
      "question": "bestaetigung-gis",
      "value": ["bestaetigung-gis-ja"]
    },
    "model": "caluma_form.answer",
    "pk": "115ad01e-78b2-4b45-a8ef-17ba8f67a2a7"
  },
  {
    "fields": {
      "created_at": "2019-07-04T06:44:43.119Z",
      "created_by_group": "[]",
      "created_by_user": "855a5ba0-cdcc-48d5-ab7c-4fc55cbe0754",
      "date": null,
      "document": "ade01883-ddd0-4c8a-8ded-632814f29bf9",
      "file": null,
      "meta": {},
      "modified_at": "2019-07-04T06:44:43.119Z",
      "question": "sind-belange-des-gewasserschutzes-betroffen",
      "value": "sind-belange-des-gewasserschutzes-betroffen-nein"
    },
    "model": "caluma_form.answer",
    "pk": "11badb9b-18e2-4b3a-a37c-50426dc02267"
  },
  {
    "fields": {
      "created_at": "2019-07-04T06:44:45.411Z",
      "created_by_group": "[]",
      "created_by_user": "855a5ba0-cdcc-48d5-ab7c-4fc55cbe0754",
      "date": null,
      "document": "ade01883-ddd0-4c8a-8ded-632814f29bf9",
      "file": null,
      "meta": {},
      "modified_at": "2019-07-04T06:44:45.411Z",
      "question": "gentechnisch-veraenderte-pathogene-organismen",
      "value": "gentechnisch-veraenderte-pathogene-organismen-nein"
    },
    "model": "caluma_form.answer",
    "pk": "12910002-9b0d-41ab-9697-2712de00023f"
  },
  {
    "fields": {
      "created_at": "2019-07-04T06:46:36.876Z",
      "created_by_group": "[]",
      "created_by_user": "855a5ba0-cdcc-48d5-ab7c-4fc55cbe0754",
      "date": null,
      "document": "ade01883-ddd0-4c8a-8ded-632814f29bf9",
      "file": null,
      "meta": {},
      "modified_at": "2019-07-04T06:46:36.876Z",
      "question": "verzicht-schadensersatz-naturereignisse",
      "value": ["verzicht-schadensersatz-naturereignisse-ja"]
    },
    "model": "caluma_form.answer",
    "pk": "1417f3f7-6f64-45df-b9f4-2f4474dcc24f"
  },
  {
    "fields": {
      "created_at": "2019-07-04T06:46:39.151Z",
      "created_by_group": "[]",
      "created_by_user": "855a5ba0-cdcc-48d5-ab7c-4fc55cbe0754",
      "date": null,
      "document": "ade01883-ddd0-4c8a-8ded-632814f29bf9",
      "file": null,
      "meta": {},
      "modified_at": "2019-07-04T06:46:39.151Z",
      "question": "einhaltung-radonvorgaben",
      "value": ["einhaltung-radonvorgaben-ja"]
    },
    "model": "caluma_form.answer",
    "pk": "151cbd1a-39b9-4967-8bef-744e4f8e3445"
  },
  {
    "fields": {
      "created_at": "2019-07-04T06:46:13.074Z",
      "created_by_group": "[]",
      "created_by_user": "855a5ba0-cdcc-48d5-ab7c-4fc55cbe0754",
      "date": null,
      "document": "ade01883-ddd0-4c8a-8ded-632814f29bf9",
      "file": null,
      "meta": {},
      "modified_at": "2019-07-04T06:46:13.074Z",
      "question": "gefahrenstufe",
      "value": ["gefahrenstufe-unbestimmt"]
    },
    "model": "caluma_form.answer",
    "pk": "17a4f12c-efc2-4f55-9636-79eabac847a9"
  },
  {
    "fields": {
      "created_at": "2019-07-04T06:45:59.888Z",
      "created_by_group": "[]",
      "created_by_user": "855a5ba0-cdcc-48d5-ab7c-4fc55cbe0754",
      "date": null,
      "document": "ade01883-ddd0-4c8a-8ded-632814f29bf9",
      "file": null,
      "meta": {},
      "modified_at": "2019-07-04T06:45:59.888Z",
      "question": "qss-stufe",
      "value": ["qss-stufe-1"]
    },
    "model": "caluma_form.answer",
    "pk": "1e2679f0-a44c-4fdd-85d8-bfb70e30d2f2"
  },
  {
    "fields": {
      "created_at": "2019-11-05T06:59:45.939Z",
      "created_by_group": null,
      "created_by_user": "855a5ba0-cdcc-48d5-ab7c-4fc55cbe0754",
      "date": null,
      "document": "d6bc70b6-8598-4dda-8ae8-078280a34fc5",
      "file": null,
      "meta": {},
      "modified_at": "2019-11-05T06:59:45.939Z",
      "question": "ort-gesuchstellerin",
      "value": "Musterort"
    },
    "model": "caluma_form.answer",
    "pk": "1f8bc163-65bc-454d-a53d-d4c45118c308"
  },
  {
    "fields": {
      "created_at": "2019-07-04T06:46:33.062Z",
      "created_by_group": "[]",
      "created_by_user": "855a5ba0-cdcc-48d5-ab7c-4fc55cbe0754",
      "date": null,
      "document": "ade01883-ddd0-4c8a-8ded-632814f29bf9",
      "file": null,
      "meta": {},
      "modified_at": "2019-07-04T06:46:33.062Z",
      "question": "grundriss-angabe-bodenflaeche-dokument",
      "value": ["grundriss-angabe-bodenflaeche-dokument-ja"]
    },
    "model": "caluma_form.answer",
    "pk": "2491231a-b753-49fb-ae9f-c97906538d92"
  },
  {
    "fields": {
      "created_at": "2019-07-04T06:43:54.673Z",
      "created_by_group": "[]",
      "created_by_user": "855a5ba0-cdcc-48d5-ab7c-4fc55cbe0754",
      "date": null,
      "document": "4fa101d2-d6fb-4f29-a1ab-c89eacb4fa0b",
      "file": null,
      "meta": {},
      "modified_at": "2019-07-04T06:43:54.673Z",
      "question": "juristische-person-gesuchstellerin",
      "value": "juristische-person-gesuchstellerin-nein"
    },
    "model": "caluma_form.answer",
    "pk": "262074db-cee5-4795-ae2b-5b70a6748f4e"
  },
  {
    "fields": {
      "created_at": "2019-11-05T06:59:37.680Z",
      "created_by_group": null,
      "created_by_user": "855a5ba0-cdcc-48d5-ab7c-4fc55cbe0754",
      "date": null,
      "document": "d6bc70b6-8598-4dda-8ae8-078280a34fc5",
      "file": null,
      "meta": {},
      "modified_at": "2019-11-05T06:59:37.680Z",
      "question": "projektaenderung",
      "value": "projektaenderung-nein"
    },
    "model": "caluma_form.answer",
    "pk": "29e2e89a-84fb-473b-90db-b4a7898dee05"
  },
  {
    "fields": {
      "created_at": "2019-07-04T06:41:13.910Z",
      "created_by_group": "[]",
      "created_by_user": "855a5ba0-cdcc-48d5-ab7c-4fc55cbe0754",
      "date": null,
      "document": "ade01883-ddd0-4c8a-8ded-632814f29bf9",
      "file": null,
      "meta": {},
      "modified_at": "2019-07-04T06:41:13.910Z",
      "question": "projektaenderung",
      "value": "projektaenderung-nein"
    },
    "model": "caluma_form.answer",
    "pk": "2d0ba466-b174-438e-9636-e5ff4764666e"
  },
  {
    "fields": {
      "created_at": "2019-07-04T06:43:48.594Z",
      "created_by_group": "[]",
      "created_by_user": "855a5ba0-cdcc-48d5-ab7c-4fc55cbe0754",
      "date": null,
      "document": "ade01883-ddd0-4c8a-8ded-632814f29bf9",
      "file": null,
      "meta": {},
      "modified_at": "2019-07-04T06:43:48.594Z",
      "question": "wurden-vorabklaerungen-durchgefuehrt",
      "value": "wurden-vorabklaerungen-durchgefuehrt-nein"
    },
    "model": "caluma_form.answer",
    "pk": "334a27a0-2823-4740-831e-b2974d0db600"
  },
  {
    "fields": {
      "created_at": "2019-07-04T06:43:58.448Z",
      "created_by_group": "[]",
      "created_by_user": "855a5ba0-cdcc-48d5-ab7c-4fc55cbe0754",
      "date": null,
      "document": "4fa101d2-d6fb-4f29-a1ab-c89eacb4fa0b",
      "file": null,
      "meta": {},
      "modified_at": "2019-07-04T06:43:58.448Z",
      "question": "vorname-gesuchstellerin",
      "value": "Max"
    },
    "model": "caluma_form.answer",
    "pk": "35e46409-7fa9-4efe-8260-9ff1f1e78a0b"
  },
  {
    "fields": {
      "created_at": "2019-12-18T14:23:52.637Z",
      "created_by_group": null,
      "created_by_user": "855a5ba0-cdcc-48d5-ab7c-4fc55cbe0754",
      "date": null,
      "document": "d6bc70b6-8598-4dda-8ae8-078280a34fc5",
      "file": null,
      "meta": {},
      "modified_at": "2019-12-18T14:23:52.637Z",
      "question": "bestaetigung-gis",
      "value": ["bestaetigung-gis-ja"]
    },
    "model": "caluma_form.answer",
    "pk": "386f82a4-7f31-4518-b699-dcaefd3e6c9c"
  },
  {
    "fields": {
      "created_at": "2019-07-04T06:41:13.910Z",
      "created_by_group": "[]",
      "created_by_user": "855a5ba0-cdcc-48d5-ab7c-4fc55cbe0754",
      "date": null,
      "document": "ade01883-ddd0-4c8a-8ded-632814f29bf9",
      "file": null,
      "meta": {},
      "modified_at": "2019-07-04T06:41:13.910Z",
      "question": "papierdossier",
      "value": "papierdossier-nein"
    },
    "model": "caluma_form.answer",
    "pk": "38dbd405-81f7-4ff3-a936-a0794679e3d3"
  },
  {
    "fields": {
      "created_at": "2019-07-04T06:45:55.660Z",
      "created_by_group": "[]",
      "created_by_user": "855a5ba0-cdcc-48d5-ab7c-4fc55cbe0754",
      "date": null,
      "document": "ade01883-ddd0-4c8a-8ded-632814f29bf9",
      "file": null,
      "meta": {},
      "modified_at": "2019-07-04T06:45:55.660Z",
      "question": "wildtierschutz",
      "value": "wildtierschutz-nein"
    },
    "model": "caluma_form.answer",
    "pk": "3b586dc7-fd8d-41fe-93db-bbf0342ff5b2"
  },
  {
    "fields": {
      "created_at": "2019-11-05T06:59:44.178Z",
      "created_by_group": null,
      "created_by_user": "855a5ba0-cdcc-48d5-ab7c-4fc55cbe0754",
      "date": null,
      "document": "d6bc70b6-8598-4dda-8ae8-078280a34fc5",
      "file": null,
      "meta": {},
      "modified_at": "2019-11-05T06:59:44.178Z",
      "question": "plz-gesuchstellerin",
      "value": 1234
    },
    "model": "caluma_form.answer",
    "pk": "4203bae4-4043-4a06-b538-013183181e34"
  },
  {
    "fields": {
      "created_at": "2019-07-04T06:44:26.490Z",
      "created_by_group": "[]",
      "created_by_user": "855a5ba0-cdcc-48d5-ab7c-4fc55cbe0754",
      "date": null,
      "document": "ade01883-ddd0-4c8a-8ded-632814f29bf9",
      "file": null,
      "meta": {},
      "modified_at": "2019-07-04T06:44:26.490Z",
      "question": "beschreibung-bauvorhaben",
      "value": "Dachstock anbauen"
    },
    "model": "caluma_form.answer",
    "pk": "4280d20a-838a-4655-9d9f-cdc58efbd369"
  },
  {
    "fields": {
      "created_at": "2019-07-04T06:44:48.455Z",
      "created_by_group": "[]",
      "created_by_user": "855a5ba0-cdcc-48d5-ab7c-4fc55cbe0754",
      "date": null,
      "document": "ade01883-ddd0-4c8a-8ded-632814f29bf9",
      "file": null,
      "meta": {},
      "modified_at": "2019-07-04T06:44:48.455Z",
      "question": "ist-das-vorhaben-energierelevant",
      "value": "ist-das-vorhaben-energierelevant-nein"
    },
    "model": "caluma_form.answer",
    "pk": "42e166a7-e5a2-4361-9217-ac338f3d0106"
  },
  {
    "fields": {
      "created_at": "2019-11-05T06:59:37.680Z",
      "created_by_group": null,
      "created_by_user": "855a5ba0-cdcc-48d5-ab7c-4fc55cbe0754",
      "date": null,
      "document": "d6bc70b6-8598-4dda-8ae8-078280a34fc5",
      "file": null,
      "meta": {},
      "modified_at": "2019-11-05T06:59:37.680Z",
      "question": "papierdossier",
      "value": "papierdossier-nein"
    },
    "model": "caluma_form.answer",
    "pk": "431fb391-178b-4ec9-a7e1-7d5732c0bbcd"
  },
  {
    "fields": {
      "created_at": "2019-07-04T06:45:41.703Z",
      "created_by_group": "[]",
      "created_by_user": "855a5ba0-cdcc-48d5-ab7c-4fc55cbe0754",
      "date": null,
      "document": "ade01883-ddd0-4c8a-8ded-632814f29bf9",
      "file": null,
      "meta": {},
      "modified_at": "2019-07-04T06:45:41.703Z",
      "question": "gemeinde",
      "value": "2"
    },
    "model": "caluma_form.answer",
    "pk": "4de02463-e0f2-42f5-ad66-5f6678fe233a"
  },
  {
    "fields": {
      "created_at": "2019-11-05T06:59:41.697Z",
      "created_by_group": null,
      "created_by_user": "855a5ba0-cdcc-48d5-ab7c-4fc55cbe0754",
      "date": null,
      "document": "d6bc70b6-8598-4dda-8ae8-078280a34fc5",
      "file": null,
      "meta": {},
      "modified_at": "2019-11-05T06:59:41.697Z",
      "question": "name-gesuchstellerin-vorabklaerung",
      "value": "Muster"
    },
    "model": "caluma_form.answer",
    "pk": "51a88c9b-71f9-4f45-a7c3-c64fee2f6f6c"
  },
  {
    "fields": {
      "created_at": "2019-07-04T06:44:32.038Z",
      "created_by_group": "[]",
      "created_by_user": "855a5ba0-cdcc-48d5-ab7c-4fc55cbe0754",
      "date": null,
      "document": "ade01883-ddd0-4c8a-8ded-632814f29bf9",
      "file": null,
      "meta": {},
      "modified_at": "2019-07-04T06:44:32.038Z",
      "question": "baukosten-in-chf",
      "value": 100000
    },
    "model": "caluma_form.answer",
    "pk": "52af7800-3710-406c-8f21-d6507435d67d"
  },
  {
    "fields": {
      "created_at": "2019-07-04T06:43:57.386Z",
      "created_by_group": "[]",
      "created_by_user": "855a5ba0-cdcc-48d5-ab7c-4fc55cbe0754",
      "date": null,
      "document": "4fa101d2-d6fb-4f29-a1ab-c89eacb4fa0b",
      "file": null,
      "meta": {},
      "modified_at": "2019-07-04T06:43:57.386Z",
      "question": "name-gesuchstellerin",
      "value": "Mustermann"
    },
    "model": "caluma_form.answer",
    "pk": "56fb3cd4-0ea1-4a23-b597-20813876ae68"
  },
  {
    "fields": {
      "created_at": "2019-07-04T06:45:23.689Z",
      "created_by_group": "[]",
      "created_by_user": "855a5ba0-cdcc-48d5-ab7c-4fc55cbe0754",
      "date": null,
      "document": "ade01883-ddd0-4c8a-8ded-632814f29bf9",
      "file": null,
      "meta": {},
      "modified_at": "2019-07-04T06:45:23.689Z",
      "question": "gebiet-mit-archaeologischen-objekten",
      "value": "gebiet-mit-archaeologischen-objekten-nein"
    },
    "model": "caluma_form.answer",
    "pk": "59b811e8-6204-45c6-bf81-1745ff5a74e0"
  },
  {
    "fields": {
      "created_at": "2019-07-04T06:45:51.874Z",
      "created_by_group": "[]",
      "created_by_user": "855a5ba0-cdcc-48d5-ab7c-4fc55cbe0754",
      "date": null,
      "document": "ade01883-ddd0-4c8a-8ded-632814f29bf9",
      "file": null,
      "meta": {},
      "modified_at": "2019-07-04T06:45:51.874Z",
      "question": "grundwasserschutzzonen",
      "value": ["grundwasserschutzzonen-s1"]
    },
    "model": "caluma_form.answer",
    "pk": "60c4aa3c-3a54-41dc-8b27-82b6ec95f475"
  },
  {
    "fields": {
      "created_at": "2019-07-04T06:41:13.910Z",
      "created_by_group": "[]",
      "created_by_user": "855a5ba0-cdcc-48d5-ab7c-4fc55cbe0754",
      "date": null,
      "document": "b5567203-c5a9-4a3e-baa7-c89ceb43e7ef",
      "file": null,
      "meta": {},
      "modified_at": "2019-07-04T06:41:13.910Z",
      "question": "papierdossier",
      "value": "papierdossier-nein"
    },
    "model": "caluma_form.answer",
    "pk": "6720844c-e49f-47ec-848f-fa0b01745719"
  },
  {
    "fields": {
      "created_at": "2019-07-04T06:46:08.522Z",
      "created_by_group": "[]",
      "created_by_user": "855a5ba0-cdcc-48d5-ab7c-4fc55cbe0754",
      "date": null,
      "document": "ade01883-ddd0-4c8a-8ded-632814f29bf9",
      "file": null,
      "meta": {},
      "modified_at": "2019-07-04T06:46:08.522Z",
      "question": "mit-schadstoffen-belastete-luft-aus-gebaeuden",
      "value": "mit-schadstoffen-belastete-luft-aus-gebaeuden-nein"
    },
    "model": "caluma_form.answer",
    "pk": "67d4a441-496a-4e21-96e2-2e78e24487bb"
  },
  {
    "fields": {
      "created_at": "2019-11-05T06:59:54.086Z",
      "created_by_group": null,
      "created_by_user": "855a5ba0-cdcc-48d5-ab7c-4fc55cbe0754",
      "date": null,
      "document": "d6bc70b6-8598-4dda-8ae8-078280a34fc5",
      "file": null,
      "meta": {},
      "modified_at": "2019-11-05T06:59:54.086Z",
      "question": "einreichen-button",
      "value": ["einreichen-button-eingereicht"]
    },
    "model": "caluma_form.answer",
    "pk": "688fe6f8-a3d5-4a3a-8c4d-59d50b137a09"
  },
  {
    "fields": {
      "created_at": "2019-07-04T06:45:58.773Z",
      "created_by_group": "[]",
      "created_by_user": "855a5ba0-cdcc-48d5-ab7c-4fc55cbe0754",
      "date": null,
      "document": "ade01883-ddd0-4c8a-8ded-632814f29bf9",
      "file": null,
      "meta": {},
      "modified_at": "2019-07-04T06:45:58.773Z",
      "question": "besondere-brandrisiken",
      "value": "besondere-brandrisiken-nein"
    },
    "model": "caluma_form.answer",
    "pk": "69a230a5-2af5-42f3-8def-35d975b1b49f"
  },
  {
    "fields": {
      "created_at": "2019-07-04T06:46:41.080Z",
      "created_by_group": "[]",
      "created_by_user": "855a5ba0-cdcc-48d5-ab7c-4fc55cbe0754",
      "date": null,
      "document": "ade01883-ddd0-4c8a-8ded-632814f29bf9",
      "file": null,
      "meta": {},
      "modified_at": "2019-07-04T06:46:41.080Z",
      "question": "bestaetigung-mit-unterschrift",
      "value": ["bestaetigung-mit-unterschrift-ja"]
    },
    "model": "caluma_form.answer",
    "pk": "69f321ad-1fda-48a3-9a6c-4ca5df8f334c"
  },
  {
    "fields": {
      "created_at": "2019-07-04T06:46:10.100Z",
      "created_by_group": "[]",
      "created_by_user": "855a5ba0-cdcc-48d5-ab7c-4fc55cbe0754",
      "date": null,
      "document": "ade01883-ddd0-4c8a-8ded-632814f29bf9",
      "file": null,
      "meta": {},
      "modified_at": "2019-07-04T06:46:10.100Z",
      "question": "werden-luftemissionen-erzeugt",
      "value": "werden-luftemissionen-erzeugt-nein"
    },
    "model": "caluma_form.answer",
    "pk": "6a9f8f8e-544b-4d13-b4af-fe3b3a1a8306"
  },
  {
    "fields": {
      "created_at": "2019-07-04T06:45:38.410Z",
      "created_by_group": "[]",
      "created_by_user": "855a5ba0-cdcc-48d5-ab7c-4fc55cbe0754",
      "date": null,
      "document": "ade01883-ddd0-4c8a-8ded-632814f29bf9",
      "file": null,
      "meta": {},
      "modified_at": "2019-07-04T06:45:38.411Z",
      "question": "ort-grundstueck",
      "value": "Burgdorf"
    },
    "model": "caluma_form.answer",
    "pk": "6e82b339-4490-442a-bc3c-ff71d7804948"
  },
  {
    "fields": {
      "created_at": "2019-07-04T06:46:33.038Z",
      "created_by_group": "[]",
      "created_by_user": "855a5ba0-cdcc-48d5-ab7c-4fc55cbe0754",
      "date": null,
      "document": "ade01883-ddd0-4c8a-8ded-632814f29bf9",
      "file": null,
      "meta": {},
      "modified_at": "2019-07-04T06:46:33.038Z",
      "question": "grundriss-dokument",
      "value": ["grundriss-dokument-ja"]
    },
    "model": "caluma_form.answer",
    "pk": "6e99af45-aa9b-4f9a-985b-46a2324bca44"
  },
  {
    "fields": {
      "created_at": "2019-07-04T06:45:24.237Z",
      "created_by_group": "[]",
      "created_by_user": "855a5ba0-cdcc-48d5-ab7c-4fc55cbe0754",
      "date": null,
      "document": "ade01883-ddd0-4c8a-8ded-632814f29bf9",
      "file": null,
      "meta": {},
      "modified_at": "2019-07-04T06:45:24.237Z",
      "question": "handelt-es-sich-um-ein-baudenkmal",
      "value": "handelt-es-sich-um-ein-baudenkmal-nein"
    },
    "model": "caluma_form.answer",
    "pk": "701cf875-9dda-4ccc-8b05-36ba009f1d6e"
  },
  {
    "fields": {
      "created_at": "2019-07-04T06:45:34.402Z",
      "created_by_group": "[]",
      "created_by_user": "855a5ba0-cdcc-48d5-ab7c-4fc55cbe0754",
      "date": null,
      "document": "ade01883-ddd0-4c8a-8ded-632814f29bf9",
      "file": null,
      "meta": {},
      "modified_at": "2019-07-04T06:45:36.179Z",
      "question": "nr",
      "value": "14"
    },
    "model": "caluma_form.answer",
    "pk": "71233be4-9522-432f-81bd-cd9d2bf99a7c"
  },
  {
    "fields": {
      "created_at": "2020-01-29T09:55:39.814Z",
      "created_by_group": null,
      "created_by_user": null,
      "date": null,
      "document": "d293591d-47f3-4b2c-8ca9-bdea3b63c264",
      "file": null,
      "meta": {},
      "modified_at": "2020-01-29T09:55:39.814Z",
      "question": "portal-inhalt-fr",
      "value": ""
    },
    "model": "caluma_form.answer",
    "pk": "71a19a99-ad5c-4cdd-8f0b-b5f3f0340ae9"
  },
  {
    "fields": {
      "created_at": "2019-07-04T06:44:01.263Z",
      "created_by_group": "[]",
      "created_by_user": "855a5ba0-cdcc-48d5-ab7c-4fc55cbe0754",
      "date": null,
      "document": "4fa101d2-d6fb-4f29-a1ab-c89eacb4fa0b",
      "file": null,
      "meta": {},
      "modified_at": "2019-07-04T06:44:02.153Z",
      "question": "nummer-gesuchstellerin",
      "value": "14"
    },
    "model": "caluma_form.answer",
    "pk": "75659bf4-5742-4e36-b2ed-d08430b5f149"
  },
  {
    "fields": {
      "created_at": "2019-07-04T06:45:15.179Z",
      "created_by_group": "[]",
      "created_by_user": "855a5ba0-cdcc-48d5-ab7c-4fc55cbe0754",
      "date": null,
      "document": "6a4574cc-8e77-4f47-9e9b-a1a8e7c81f32",
      "file": null,
      "meta": {},
      "modified_at": "2019-07-04T06:45:15.179Z",
      "question": "parzellennummer",
      "value": "921"
    },
    "model": "caluma_form.answer",
    "pk": "788c50df-f14d-47a8-8375-950276687d3c"
  },
  {
    "fields": {
      "created_at": "2019-07-04T06:44:49.079Z",
      "created_by_group": "[]",
      "created_by_user": "855a5ba0-cdcc-48d5-ab7c-4fc55cbe0754",
      "date": null,
      "document": "ade01883-ddd0-4c8a-8ded-632814f29bf9",
      "file": null,
      "meta": {},
      "modified_at": "2019-07-04T06:44:49.079Z",
      "question": "handelt-es-sich-um-ein-sensibles-objekt",
      "value": "handelt-es-sich-um-ein-sensibles-objekt-nein"
    },
    "model": "caluma_form.answer",
    "pk": "7a628270-6280-4fa4-a2f5-3804734c17f2"
  },
  {
    "fields": {
      "created_at": "2019-07-04T06:46:37.361Z",
      "created_by_group": "[]",
      "created_by_user": "855a5ba0-cdcc-48d5-ab7c-4fc55cbe0754",
      "date": null,
      "document": "ade01883-ddd0-4c8a-8ded-632814f29bf9",
      "file": null,
      "meta": {},
      "modified_at": "2019-07-04T06:46:37.361Z",
      "question": "anforderungen-eingehalten",
      "value": ["anforderungen-eingehalten-ja"]
    },
    "model": "caluma_form.answer",
    "pk": "7bb1578e-8cce-43c1-bb7b-630c93a92545"
  },
  {
    "fields": {
      "created_at": "2019-07-04T06:46:09.162Z",
      "created_by_group": "[]",
      "created_by_user": "855a5ba0-cdcc-48d5-ab7c-4fc55cbe0754",
      "date": null,
      "document": "ade01883-ddd0-4c8a-8ded-632814f29bf9",
      "file": null,
      "meta": {},
      "modified_at": "2019-07-04T06:46:09.162Z",
      "question": "wird-aussenlaerm-erzeugt",
      "value": "wird-aussenlaerm-erzeugt-nein"
    },
    "model": "caluma_form.answer",
    "pk": "7bb8bb87-ccb6-4361-84dc-6937c8961e30"
  },
  {
    "fields": {
      "created_at": "2019-11-05T06:59:37.680Z",
      "created_by_group": null,
      "created_by_user": "855a5ba0-cdcc-48d5-ab7c-4fc55cbe0754",
      "date": null,
      "document": "6af2b453-5c9e-479a-a96f-dc58cb81e743",
      "file": null,
      "meta": {},
      "modified_at": "2019-11-05T06:59:37.680Z",
      "question": "papierdossier",
      "value": "papierdossier-nein"
    },
    "model": "caluma_form.answer",
    "pk": "7d210e50-afbd-4512-b6c3-c23f5a8f9911"
  },
  {
    "fields": {
      "created_at": "2020-01-29T09:55:39.814Z",
      "created_by_group": null,
      "created_by_user": null,
      "date": null,
      "document": "d293591d-47f3-4b2c-8ca9-bdea3b63c264",
      "file": null,
      "meta": {},
      "modified_at": "2020-01-29T09:55:39.814Z",
      "question": "hilfe-inhalt-fr",
      "value": ""
    },
    "model": "caluma_form.answer",
    "pk": "7dd7463d-df98-48fa-b5b4-54f67578dfda"
  },
  {
    "fields": {
      "created_at": "2019-07-04T06:41:13.910Z",
      "created_by_group": "[]",
      "created_by_user": "855a5ba0-cdcc-48d5-ab7c-4fc55cbe0754",
      "date": null,
      "document": "41dc79fa-4056-48e0-ae27-6899220e8d75",
      "file": null,
      "meta": {},
      "modified_at": "2019-07-04T06:41:13.910Z",
      "question": "papierdossier",
      "value": "papierdossier-nein"
    },
    "model": "caluma_form.answer",
    "pk": "81439d57-80f6-4942-931c-7f7a577769b1"
  },
  {
    "fields": {
      "created_at": "2019-07-04T06:45:23.901Z",
      "created_by_group": "[]",
      "created_by_user": "855a5ba0-cdcc-48d5-ab7c-4fc55cbe0754",
      "date": null,
      "document": "ade01883-ddd0-4c8a-8ded-632814f29bf9",
      "file": null,
      "meta": {},
      "modified_at": "2019-07-04T06:45:23.901Z",
      "question": "belasteter-standort",
      "value": "belasteter-standort-nein"
    },
    "model": "caluma_form.answer",
    "pk": "88bb4f85-4104-4ca7-8b09-788d524254ed"
  },
  {
    "fields": {
      "created_at": "2019-07-04T06:41:13.910Z",
      "created_by_group": "[]",
      "created_by_user": "855a5ba0-cdcc-48d5-ab7c-4fc55cbe0754",
      "date": null,
      "document": "8f6f22f6-861e-4219-bef8-1828f64a8849",
      "file": null,
      "meta": {},
      "modified_at": "2019-07-04T06:41:13.910Z",
      "question": "papierdossier",
      "value": "papierdossier-nein"
    },
    "model": "caluma_form.answer",
    "pk": "8ba39781-35ae-4cda-97cd-3258c1160fdf"
  },
  {
    "fields": {
      "created_at": "2019-07-04T06:44:46.005Z",
      "created_by_group": "[]",
      "created_by_user": "855a5ba0-cdcc-48d5-ab7c-4fc55cbe0754",
      "date": null,
      "document": "ade01883-ddd0-4c8a-8ded-632814f29bf9",
      "file": null,
      "meta": {},
      "modified_at": "2019-07-04T06:44:46.005Z",
      "question": "bau-im-wald-oder-innerhalb-von-30-m-abstand",
      "value": "bau-im-wald-oder-innerhalb-von-30-m-abstand-nein"
    },
    "model": "caluma_form.answer",
    "pk": "8e53bb29-cda1-4762-b6aa-e2b003a60798"
  },
  {
    "fields": {
      "created_at": "2019-07-04T06:46:07.284Z",
      "created_by_group": "[]",
      "created_by_user": "855a5ba0-cdcc-48d5-ab7c-4fc55cbe0754",
      "date": null,
      "document": "ade01883-ddd0-4c8a-8ded-632814f29bf9",
      "file": null,
      "meta": {},
      "modified_at": "2020-01-10T12:41:58.057Z",
      "question": "grenzwerte-ueberschritten",
      "value": "grenzwerte-ueberschritten-nein"
    },
    "model": "caluma_form.answer",
    "pk": "8e5b6aa9-86c9-4bc1-a51a-9df6a98b8ef6"
  },
  {
    "fields": {
      "created_at": "2019-07-04T06:46:40.640Z",
      "created_by_group": "[]",
      "created_by_user": "855a5ba0-cdcc-48d5-ab7c-4fc55cbe0754",
      "date": null,
      "document": "ade01883-ddd0-4c8a-8ded-632814f29bf9",
      "file": null,
      "meta": {},
      "modified_at": "2019-07-04T06:46:40.640Z",
      "question": "keine-tangierung-natur-wild-vogelschutz",
      "value": ["keine-tangierung-natur-wild-vogelschutz--ja"]
    },
    "model": "caluma_form.answer",
    "pk": "9040cc61-b125-448f-83d9-ddc7c6d22d9b"
  },
  {
    "fields": {
      "created_at": "2019-07-04T06:44:15.755Z",
      "created_by_group": "[]",
      "created_by_user": "855a5ba0-cdcc-48d5-ab7c-4fc55cbe0754",
      "date": null,
      "document": "ade01883-ddd0-4c8a-8ded-632814f29bf9",
      "file": null,
      "meta": {},
      "modified_at": "2019-07-04T06:44:15.755Z",
      "question": "personalien-gesuchstellerin",
      "value": null
    },
    "model": "caluma_form.answer",
    "pk": "91114812-10f2-46a8-82de-7c68efab3ee5"
  },
  {
    "fields": {
      "created_at": "2019-07-04T06:45:15.676Z",
      "created_by_group": "[]",
      "created_by_user": "855a5ba0-cdcc-48d5-ab7c-4fc55cbe0754",
      "date": null,
      "document": "ade01883-ddd0-4c8a-8ded-632814f29bf9",
      "file": null,
      "meta": {},
      "modified_at": "2019-07-04T06:45:15.676Z",
      "question": "parzelle",
      "value": null
    },
    "model": "caluma_form.answer",
    "pk": "96d7c0dd-afec-40b5-9f40-982b77c9b117"
  },
  {
    "fields": {
      "created_at": "2019-11-05T06:59:51.361Z",
      "created_by_group": null,
      "created_by_user": "855a5ba0-cdcc-48d5-ab7c-4fc55cbe0754",
      "date": null,
      "document": "d6bc70b6-8598-4dda-8ae8-078280a34fc5",
      "file": null,
      "meta": {},
      "modified_at": "2019-11-05T06:59:51.361Z",
      "question": "anfrage-zur-vorabklaerung",
      "value": "Testanfrage"
    },
    "model": "caluma_form.answer",
    "pk": "9a90303a-7a7a-49eb-a49a-cd51019f4d2e"
  },
  {
    "fields": {
      "created_at": "2019-07-04T06:46:23.205Z",
      "created_by_group": "[]",
      "created_by_user": "855a5ba0-cdcc-48d5-ab7c-4fc55cbe0754",
      "date": null,
      "document": "ade01883-ddd0-4c8a-8ded-632814f29bf9",
      "file": null,
      "meta": {},
      "modified_at": "2019-07-04T06:46:23.205Z",
      "question": "gebaeudeversicherungswert-in-chf",
      "value": 2000000
    },
    "model": "caluma_form.answer",
    "pk": "9e90cff2-ecbc-4482-b4be-b38925063c00"
  },
  {
    "fields": {
      "created_at": "2019-07-04T06:44:41.162Z",
      "created_by_group": "[]",
      "created_by_user": "855a5ba0-cdcc-48d5-ab7c-4fc55cbe0754",
      "date": null,
      "document": "ade01883-ddd0-4c8a-8ded-632814f29bf9",
      "file": null,
      "meta": {},
      "modified_at": "2019-07-04T06:44:41.162Z",
      "question": "um-was-fuer-ein-gebaeude-handelt-es-sich",
      "value": ["um-was-fuer-ein-gebaeude-handelt-es-sich-efh"]
    },
    "model": "caluma_form.answer",
    "pk": "a2b8e5d7-9ab1-4214-98ae-148e895e98b9"
  },
  {
    "fields": {
      "created_at": "2019-07-04T06:44:42.576Z",
      "created_by_group": "[]",
      "created_by_user": "855a5ba0-cdcc-48d5-ab7c-4fc55cbe0754",
      "date": null,
      "document": "ade01883-ddd0-4c8a-8ded-632814f29bf9",
      "file": null,
      "meta": {},
      "modified_at": "2019-07-04T06:44:42.576Z",
      "question": "ableitung-in-guellegrube",
      "value": "ableitung-in-guellegrube-nein"
    },
    "model": "caluma_form.answer",
    "pk": "a3b64296-0fe8-464f-a68b-08a0c04d1faf"
  },
  {
    "fields": {
      "created_at": "2019-07-04T06:45:33.385Z",
      "created_by_group": "[]",
      "created_by_user": "855a5ba0-cdcc-48d5-ab7c-4fc55cbe0754",
      "date": null,
      "document": "ade01883-ddd0-4c8a-8ded-632814f29bf9",
      "file": null,
      "meta": {},
      "modified_at": "2019-07-04T06:45:33.385Z",
      "question": "strasse-flurname",
      "value": "Strasse"
    },
    "model": "caluma_form.answer",
    "pk": "a9567ac4-4cc3-4657-b094-68cd967c60ae"
  },
  {
    "fields": {
      "created_at": "2019-11-05T06:59:47.654Z",
      "created_by_group": null,
      "created_by_user": "855a5ba0-cdcc-48d5-ab7c-4fc55cbe0754",
      "date": null,
      "document": "d6bc70b6-8598-4dda-8ae8-078280a34fc5",
      "file": null,
      "meta": {},
      "modified_at": "2019-11-05T06:59:47.654Z",
      "question": "gemeinde",
      "value": "2"
    },
    "model": "caluma_form.answer",
    "pk": "b1c8aedb-bf40-42ad-879e-dbb78f3529fd"
  },
  {
    "fields": {
      "created_at": "2019-07-04T06:45:24.163Z",
      "created_by_group": "[]",
      "created_by_user": "855a5ba0-cdcc-48d5-ab7c-4fc55cbe0754",
      "date": null,
      "document": "ade01883-ddd0-4c8a-8ded-632814f29bf9",
      "file": null,
      "meta": {},
      "modified_at": "2019-07-04T06:45:24.163Z",
      "question": "gebiet-mit-naturgefahren",
      "value": "gebiet-mit-naturgefahren-ja"
    },
    "model": "caluma_form.answer",
    "pk": "b6f556c7-1cce-4b46-9016-ecb43a42b601"
  },
  {
    "fields": {
      "created_at": "2019-07-04T06:45:54.850Z",
      "created_by_group": "[]",
      "created_by_user": "855a5ba0-cdcc-48d5-ab7c-4fc55cbe0754",
      "date": null,
      "document": "ade01883-ddd0-4c8a-8ded-632814f29bf9",
      "file": null,
      "meta": {},
      "modified_at": "2019-07-04T06:45:54.850Z",
      "question": "bauten-oder-pfaehlen-im-grundwasser",
      "value": "bauten-oder-pfaehlen-im-grundwasser-nein"
    },
    "model": "caluma_form.answer",
    "pk": "ba6fdeb7-7ab0-44dd-a611-54827e1e311d"
  },
  {
    "fields": {
      "created_at": "2020-01-29T09:55:39.814Z",
      "created_by_group": null,
      "created_by_user": null,
      "date": null,
      "document": "d293591d-47f3-4b2c-8ca9-bdea3b63c264",
      "file": null,
      "meta": {},
      "modified_at": "2020-01-29T09:55:39.814Z",
      "question": "dashboard-inhalt-fr",
      "value": ""
    },
    "model": "caluma_form.answer",
    "pk": "bcc5a6d7-371d-46f2-ad72-2be96cf55fde"
  },
  {
    "fields": {
      "created_at": "2020-01-29T09:55:39.814Z",
      "created_by_group": null,
      "created_by_user": null,
      "date": null,
      "document": "d293591d-47f3-4b2c-8ca9-bdea3b63c264",
      "file": null,
      "meta": {},
      "modified_at": "2020-01-29T09:55:39.814Z",
      "question": "dashboard-inhalt-de",
      "value": ""
    },
    "model": "caluma_form.answer",
    "pk": "c0b30252-98e6-400c-a1f4-55278f13129a"
  },
  {
    "fields": {
      "created_at": "2019-07-04T06:46:03.448Z",
      "created_by_group": "[]",
      "created_by_user": "855a5ba0-cdcc-48d5-ab7c-4fc55cbe0754",
      "date": null,
      "document": "ade01883-ddd0-4c8a-8ded-632814f29bf9",
      "file": null,
      "meta": {},
      "modified_at": "2019-07-04T06:46:03.448Z",
      "question": "auto-oder-fahrradabstellplaetze",
      "value": "auto-oder-fahrradabstellplaetze-nein"
    },
    "model": "caluma_form.answer",
    "pk": "c6b2704e-4ddc-48d5-99f0-93f166e09e08"
  },
  {
    "fields": {
      "created_at": "2019-07-04T06:44:11.427Z",
      "created_by_group": "[]",
      "created_by_user": "855a5ba0-cdcc-48d5-ab7c-4fc55cbe0754",
      "date": null,
      "document": "4fa101d2-d6fb-4f29-a1ab-c89eacb4fa0b",
      "file": null,
      "meta": {},
      "modified_at": "2019-07-04T06:44:13.059Z",
      "question": "e-mail-gesuchstellerin",
      "value": "mm@test.ch"
    },
    "model": "caluma_form.answer",
    "pk": "ccfda389-3f2c-4452-aa4b-c08ccde0d59e"
  },
  {
    "fields": {
      "created_at": "2020-01-29T09:55:39.814Z",
      "created_by_group": null,
      "created_by_user": null,
      "date": null,
      "document": "d293591d-47f3-4b2c-8ca9-bdea3b63c264",
      "file": null,
      "meta": {},
      "modified_at": "2020-01-29T09:55:39.814Z",
      "question": "portal-inhalt-de",
      "value": ""
    },
    "model": "caluma_form.answer",
    "pk": "d0153853-06a9-4f25-91be-291fe11acc18"
  },
  {
    "fields": {
      "created_at": "2019-07-04T06:44:21.496Z",
      "created_by_group": "[]",
      "created_by_user": "855a5ba0-cdcc-48d5-ab7c-4fc55cbe0754",
      "date": null,
      "document": "ade01883-ddd0-4c8a-8ded-632814f29bf9",
      "file": null,
      "meta": {},
      "modified_at": "2019-07-04T06:44:21.496Z",
      "question": "baubeschrieb",
      "value": ["baubeschrieb-um-ausbau"]
    },
    "model": "caluma_form.answer",
    "pk": "d40fc9f6-39b1-44af-9898-8f3631269f4b"
  },
  {
    "fields": {
      "created_at": "2019-07-04T06:46:32.935Z",
      "created_by_group": "[]",
      "created_by_user": "855a5ba0-cdcc-48d5-ab7c-4fc55cbe0754",
      "date": null,
      "document": "ade01883-ddd0-4c8a-8ded-632814f29bf9",
      "file": null,
      "meta": {},
      "modified_at": "2019-07-04T06:46:32.935Z",
      "question": "situationsplan-dokument",
      "value": ["situationsplan-dokument-ja"]
    },
    "model": "caluma_form.answer",
    "pk": "d7bd6458-e5e9-4cf7-bfc0-ba087a033ad0"
  },
  {
    "fields": {
      "created_at": "2019-07-04T06:45:24.426Z",
      "created_by_group": "[]",
      "created_by_user": "855a5ba0-cdcc-48d5-ab7c-4fc55cbe0754",
      "date": null,
      "document": "ade01883-ddd0-4c8a-8ded-632814f29bf9",
      "file": null,
      "meta": {},
      "modified_at": "2019-07-04T06:45:24.426Z",
      "question": "nutzungszone",
      "value": "Mischzone 3a "
    },
    "model": "caluma_form.answer",
    "pk": "db3db3bb-022c-4bb4-a900-d304d31ab400"
  },
  {
    "fields": {
      "created_at": "2019-07-04T06:44:00.440Z",
      "created_by_group": "[]",
      "created_by_user": "855a5ba0-cdcc-48d5-ab7c-4fc55cbe0754",
      "date": null,
      "document": "4fa101d2-d6fb-4f29-a1ab-c89eacb4fa0b",
      "file": null,
      "meta": {},
      "modified_at": "2019-07-04T06:44:00.440Z",
      "question": "strasse-gesuchstellerin",
      "value": "Strasse"
    },
    "model": "caluma_form.answer",
    "pk": "dc462d24-5cec-4e7e-8192-c9152811a39e"
  },
  {
    "fields": {
      "created_at": "2019-07-04T06:46:40.116Z",
      "created_by_group": "[]",
      "created_by_user": "855a5ba0-cdcc-48d5-ab7c-4fc55cbe0754",
      "date": null,
      "document": "ade01883-ddd0-4c8a-8ded-632814f29bf9",
      "file": null,
      "meta": {},
      "modified_at": "2019-07-04T06:46:40.116Z",
      "question": "bestaetigung-liegenschaftsentwaesserung",
      "value": ["bestaetigung-liegenschaftsentwaesserung-ja"]
    },
    "model": "caluma_form.answer",
    "pk": "e0620854-1fa7-4fc2-b864-aaacdb378e0a"
  },
  {
    "fields": {
      "created_at": "2019-11-05T06:59:37.680Z",
      "created_by_group": null,
      "created_by_user": "855a5ba0-cdcc-48d5-ab7c-4fc55cbe0754",
      "date": null,
      "document": "13d72b51-00dd-46c6-88b4-e1ea624e3243",
      "file": null,
      "meta": {},
      "modified_at": "2019-11-05T06:59:37.680Z",
      "question": "papierdossier",
      "value": "papierdossier-nein"
    },
    "model": "caluma_form.answer",
    "pk": "e1be276f-cbf4-49b4-b69f-6c34d2c0e678"
  },
  {
    "fields": {
      "created_at": "2019-07-04T06:46:32.928Z",
      "created_by_group": "[]",
      "created_by_user": "855a5ba0-cdcc-48d5-ab7c-4fc55cbe0754",
      "date": null,
      "document": "ade01883-ddd0-4c8a-8ded-632814f29bf9",
      "file": null,
      "meta": {},
      "modified_at": "2019-07-04T06:46:32.928Z",
      "question": "schnitt-dokument",
      "value": ["schnitt-dokument-ja"]
    },
    "model": "caluma_form.answer",
    "pk": "e57c44dc-6e94-4893-b545-3860717112a9"
  },
  {
    "fields": {
      "created_at": "2019-07-04T06:44:47.446Z",
      "created_by_group": "[]",
      "created_by_user": "855a5ba0-cdcc-48d5-ab7c-4fc55cbe0754",
      "date": null,
      "document": "ade01883-ddd0-4c8a-8ded-632814f29bf9",
      "file": null,
      "meta": {},
      "modified_at": "2019-07-04T06:44:47.446Z",
      "question": "ist-mit-bauabfaellen-zu-rechnen",
      "value": "ist-mit-bauabfaellen-zu-rechnen-nein"
    },
    "model": "caluma_form.answer",
    "pk": "e78eeeae-e256-4c4b-b9d6-2e9ae082f662"
  },
  {
    "fields": {
      "created_at": "2019-07-04T06:44:44.665Z",
      "created_by_group": "[]",
      "created_by_user": "855a5ba0-cdcc-48d5-ab7c-4fc55cbe0754",
      "date": null,
      "document": "ade01883-ddd0-4c8a-8ded-632814f29bf9",
      "file": null,
      "meta": {},
      "modified_at": "2019-07-04T06:44:44.665Z",
      "question": "schutzraum-pflicht",
      "value": "schutzraum-pflicht-nein"
    },
    "model": "caluma_form.answer",
    "pk": "e7b3cd1a-83df-430b-a3a7-1825c44f83a0"
  },
  {
    "fields": {
      "created_at": "2019-07-04T06:44:08.913Z",
      "created_by_group": "[]",
      "created_by_user": "855a5ba0-cdcc-48d5-ab7c-4fc55cbe0754",
      "date": null,
      "document": "4fa101d2-d6fb-4f29-a1ab-c89eacb4fa0b",
      "file": null,
      "meta": {},
      "modified_at": "2019-07-04T06:44:08.913Z",
      "question": "telefon-oder-mobile-gesuchstellerin",
      "value": "000 000 00 00"
    },
    "model": "caluma_form.answer",
    "pk": "eb286a41-403e-4dca-ba09-94b73fddc8ce"
  },
  {
    "fields": {
      "created_at": "2019-07-04T06:45:24.392Z",
      "created_by_group": "[]",
      "created_by_user": "855a5ba0-cdcc-48d5-ab7c-4fc55cbe0754",
      "date": null,
      "document": "ade01883-ddd0-4c8a-8ded-632814f29bf9",
      "file": null,
      "meta": {},
      "modified_at": "2019-07-04T06:45:24.392Z",
      "question": "gewaesserschutzbereich",
      "value": ["gewaesserschutzbereich-au"]
    },
    "model": "caluma_form.answer",
    "pk": "eedbb6bd-564f-4ae1-a6eb-11544e0bc39e"
  },
  {
    "fields": {
      "created_at": "2019-07-04T06:45:24.117Z",
      "created_by_group": "[]",
      "created_by_user": "855a5ba0-cdcc-48d5-ab7c-4fc55cbe0754",
      "date": null,
      "document": "ade01883-ddd0-4c8a-8ded-632814f29bf9",
      "file": null,
      "meta": {},
      "modified_at": "2019-07-04T06:45:24.117Z",
      "question": "naturschutz",
      "value": "naturschutz-nein"
    },
    "model": "caluma_form.answer",
    "pk": "f781cb16-c148-48fb-9286-6fda3ed8b83f"
  },
  {
    "fields": {
      "created_at": "2019-07-04T06:44:39.371Z",
      "created_by_group": "[]",
      "created_by_user": "855a5ba0-cdcc-48d5-ab7c-4fc55cbe0754",
      "date": null,
      "document": "ade01883-ddd0-4c8a-8ded-632814f29bf9",
      "file": null,
      "meta": {},
      "modified_at": "2019-07-04T06:44:39.371Z",
      "question": "nutzungsart",
      "value": ["nutzungsart-wohnen"]
    },
    "model": "caluma_form.answer",
    "pk": "f79cf4cf-2eff-4bda-82c9-549ebbd7509b"
  },
  {
    "fields": {
      "created_at": "2019-07-04T06:45:59.326Z",
      "created_by_group": "[]",
      "created_by_user": "855a5ba0-cdcc-48d5-ab7c-4fc55cbe0754",
      "date": null,
      "document": "ade01883-ddd0-4c8a-8ded-632814f29bf9",
      "file": null,
      "meta": {},
      "modified_at": "2019-07-04T06:45:59.326Z",
      "question": "werden-brandschutzabstaende-unterschritten",
      "value": "werden-brandschutzabstande-unterschritten-nein"
    },
    "model": "caluma_form.answer",
    "pk": "fad99a17-c0e4-4ba6-9b74-501c0611928a"
  },
  {
    "fields": {
      "created_at": "2019-07-04T06:44:03.896Z",
      "created_by_group": "[]",
      "created_by_user": "855a5ba0-cdcc-48d5-ab7c-4fc55cbe0754",
      "date": null,
      "document": "4fa101d2-d6fb-4f29-a1ab-c89eacb4fa0b",
      "file": null,
      "meta": {},
      "modified_at": "2019-07-04T06:44:03.896Z",
      "question": "plz-gesuchstellerin",
      "value": 3000
    },
    "model": "caluma_form.answer",
    "pk": "fd784480-610a-41fe-a84a-48768980a4dd"
  },
  {
    "fields": {
      "created_at": "2019-11-05T06:59:42.421Z",
      "created_by_group": null,
      "created_by_user": "855a5ba0-cdcc-48d5-ab7c-4fc55cbe0754",
      "date": null,
      "document": "d6bc70b6-8598-4dda-8ae8-078280a34fc5",
      "file": null,
      "meta": {},
      "modified_at": "2019-11-05T06:59:42.421Z",
      "question": "vorname-gesuchstellerin-vorabklaerung",
      "value": "Max"
    },
    "model": "caluma_form.answer",
    "pk": "fdcdb931-97e9-4031-a590-d27a857298c5"
  },
  {
    "fields": {
      "created_at": "2019-07-04T06:44:04.719Z",
      "created_by_group": "[]",
      "created_by_user": "855a5ba0-cdcc-48d5-ab7c-4fc55cbe0754",
      "date": null,
      "document": "4fa101d2-d6fb-4f29-a1ab-c89eacb4fa0b",
      "file": null,
      "meta": {},
      "modified_at": "2019-07-04T06:44:04.719Z",
      "question": "ort-gesuchstellerin",
      "value": "Bern"
    },
    "model": "caluma_form.answer",
    "pk": "fe50c024-ad9c-4b67-b74a-f06e28cfbeed"
  },
  {
    "fields": {
      "created_at": "2019-07-04T06:46:39.560Z",
      "created_by_group": "[]",
      "created_by_user": "855a5ba0-cdcc-48d5-ab7c-4fc55cbe0754",
      "date": null,
      "document": "ade01883-ddd0-4c8a-8ded-632814f29bf9",
      "file": null,
      "meta": {},
      "modified_at": "2019-07-04T06:46:39.560Z",
      "question": "einhaltung-asbestvorgaben",
      "value": ["einhaltung-asbestvorgaben-ja"]
    },
    "model": "caluma_form.answer",
    "pk": "ffefb064-0fb0-4d67-a5a7-b10c6c6726f7"
  },
  {
    "fields": {
      "answer": "91114812-10f2-46a8-82de-7c68efab3ee5",
      "created_at": "2019-07-04T06:44:15.760Z",
      "created_by_group": null,
      "created_by_user": null,
      "document": "4fa101d2-d6fb-4f29-a1ab-c89eacb4fa0b",
      "modified_at": "2019-07-04T06:44:15.760Z",
      "sort": 1
    },
    "model": "caluma_form.answerdocument",
    "pk": "4ccc379a-5ddb-4664-b7c6-861a746df0fe"
  },
  {
    "fields": {
      "answer": "96d7c0dd-afec-40b5-9f40-982b77c9b117",
      "created_at": "2019-07-04T06:45:15.682Z",
      "created_by_group": null,
      "created_by_user": null,
      "document": "6a4574cc-8e77-4f47-9e9b-a1a8e7c81f32",
      "modified_at": "2019-07-04T06:45:15.682Z",
      "sort": 1
    },
    "model": "caluma_form.answerdocument",
    "pk": "a520f0f9-324b-46db-967b-76ef987f98f0"
  },
  {
    "fields": {
      "created_at": "2019-11-05T06:59:37.680Z",
      "created_by_group": null,
      "created_by_user": "855a5ba0-cdcc-48d5-ab7c-4fc55cbe0754",
      "family": "13d72b51-00dd-46c6-88b4-e1ea624e3243",
      "form": "sb2",
      "meta": {
        "camac-instance-id": 2
      },
      "modified_at": "2019-11-05T06:59:37.680Z",
      "source": null
    },
    "model": "caluma_form.document",
    "pk": "13d72b51-00dd-46c6-88b4-e1ea624e3243"
  },
  {
    "fields": {
      "created_at": "2019-07-04T06:41:13.910Z",
      "created_by_group": "[]",
      "created_by_user": "855a5ba0-cdcc-48d5-ab7c-4fc55cbe0754",
      "family": "41dc79fa-4056-48e0-ae27-6899220e8d75",
      "form": "nfd",
      "meta": {
        "camac-instance-id": 1
      },
      "modified_at": "2019-07-04T06:41:13.910Z",
      "source": null
    },
    "model": "caluma_form.document",
    "pk": "41dc79fa-4056-48e0-ae27-6899220e8d75"
  },
  {
    "fields": {
      "created_at": "2019-07-04T06:43:50.926Z",
      "created_by_group": "[]",
      "created_by_user": "855a5ba0-cdcc-48d5-ab7c-4fc55cbe0754",
      "family": "ade01883-ddd0-4c8a-8ded-632814f29bf9",
      "form": "personalien-tabelle",
      "meta": {},
      "modified_at": "2019-07-04T06:44:15.830Z",
      "source": null
    },
    "model": "caluma_form.document",
    "pk": "4fa101d2-d6fb-4f29-a1ab-c89eacb4fa0b"
  },
  {
    "fields": {
      "created_at": "2019-07-04T06:45:14.696Z",
      "created_by_group": "[]",
      "created_by_user": "855a5ba0-cdcc-48d5-ab7c-4fc55cbe0754",
      "family": "ade01883-ddd0-4c8a-8ded-632814f29bf9",
      "form": "parzelle-tabelle",
      "meta": {},
      "modified_at": "2019-07-04T06:45:15.689Z",
      "source": null
    },
    "model": "caluma_form.document",
    "pk": "6a4574cc-8e77-4f47-9e9b-a1a8e7c81f32"
  },
  {
    "fields": {
      "created_at": "2019-11-05T06:59:37.680Z",
      "created_by_group": null,
      "created_by_user": "855a5ba0-cdcc-48d5-ab7c-4fc55cbe0754",
      "family": "6af2b453-5c9e-479a-a96f-dc58cb81e743",
      "form": "nfd",
      "meta": {
        "camac-instance-id": 2
      },
      "modified_at": "2019-11-05T06:59:37.680Z",
      "source": null
    },
    "model": "caluma_form.document",
    "pk": "6af2b453-5c9e-479a-a96f-dc58cb81e743"
  },
  {
    "fields": {
      "created_at": "2019-07-04T06:41:13.910Z",
      "created_by_group": "[]",
      "created_by_user": "855a5ba0-cdcc-48d5-ab7c-4fc55cbe0754",
      "family": "8f6f22f6-861e-4219-bef8-1828f64a8849",
      "form": "sb1",
      "meta": {
        "camac-instance-id": 1
      },
      "modified_at": "2019-07-04T06:41:13.910Z",
      "source": null
    },
    "model": "caluma_form.document",
    "pk": "8f6f22f6-861e-4219-bef8-1828f64a8849"
  },
  {
    "fields": {
      "created_at": "2019-07-04T06:41:13.910Z",
      "created_by_group": "[]",
      "created_by_user": "855a5ba0-cdcc-48d5-ab7c-4fc55cbe0754",
      "family": "ade01883-ddd0-4c8a-8ded-632814f29bf9",
      "form": "baugesuch",
      "meta": {
        "camac-instance-id": 1
      },
      "modified_at": "2019-07-04T06:41:13.910Z",
      "source": null
    },
    "model": "caluma_form.document",
    "pk": "ade01883-ddd0-4c8a-8ded-632814f29bf9"
  },
  {
    "fields": {
      "created_at": "2019-07-04T06:41:13.910Z",
      "created_by_group": "[]",
      "created_by_user": "855a5ba0-cdcc-48d5-ab7c-4fc55cbe0754",
      "family": "b5567203-c5a9-4a3e-baa7-c89ceb43e7ef",
      "form": "sb2",
      "meta": {
        "camac-instance-id": 1
      },
      "modified_at": "2019-07-04T06:41:13.910Z",
      "source": null
    },
    "model": "caluma_form.document",
    "pk": "b5567203-c5a9-4a3e-baa7-c89ceb43e7ef"
  },
  {
    "fields": {
      "created_at": "2019-11-05T06:59:37.680Z",
      "created_by_group": null,
      "created_by_user": "855a5ba0-cdcc-48d5-ab7c-4fc55cbe0754",
      "family": "ba627a75-d9b5-4f0d-9b1e-256eb7fd8f66",
      "form": "sb1",
      "meta": {
        "camac-instance-id": 2
      },
      "modified_at": "2019-11-05T06:59:37.680Z",
      "source": null
    },
    "model": "caluma_form.document",
    "pk": "ba627a75-d9b5-4f0d-9b1e-256eb7fd8f66"
  },
  {
    "fields": {
      "created_at": "2020-01-29T09:55:39.826Z",
      "created_by_group": null,
      "created_by_user": null,
      "family": "d293591d-47f3-4b2c-8ca9-bdea3b63c264",
      "form": "dashboard",
      "meta": {},
      "modified_at": "2020-01-29T09:55:39.826Z",
      "source": null
    },
    "model": "caluma_form.document",
    "pk": "d293591d-47f3-4b2c-8ca9-bdea3b63c264"
  },
  {
    "fields": {
      "created_at": "2019-11-05T06:59:37.680Z",
      "created_by_group": null,
      "created_by_user": "855a5ba0-cdcc-48d5-ab7c-4fc55cbe0754",
      "family": "d6bc70b6-8598-4dda-8ae8-078280a34fc5",
      "form": "vorabklaerung-einfach",
      "meta": {
        "camac-instance-id": 2,
        "submit-date": "2020-03-03T08:29:25+0000"
      },
      "modified_at": "2020-03-03T08:42:47.756Z",
      "source": null
    },
    "model": "caluma_form.document",
    "pk": "d6bc70b6-8598-4dda-8ae8-078280a34fc5"
  },
  {
    "fields": {
      "created_at": "2020-03-02T12:07:11.930Z",
      "created_by_group": "[]",
      "created_by_user": "855a5ba0-cdcc-48d5-ab7c-4fc55cbe0754",
      "document": "ade01883-ddd0-4c8a-8ded-632814f29bf9",
      "label": "{\"de\": \"Burgdorf\", \"fr\": null}",
      "modified_at": "2020-03-02T12:07:11.930Z",
      "question": "gemeinde",
      "slug": "2"
    },
    "model": "caluma_form.dynamicoption",
    "pk": "2ba35bce-15b8-4881-b166-feb2e66c492c"
  },
  {
    "fields": {
      "created_at": "2020-03-02T12:07:11.937Z",
      "created_by_group": null,
      "created_by_user": "855a5ba0-cdcc-48d5-ab7c-4fc55cbe0754",
      "document": "d6bc70b6-8598-4dda-8ae8-078280a34fc5",
      "label": "{\"de\": \"Burgdorf\", \"fr\": null}",
      "modified_at": "2020-03-02T12:07:11.937Z",
      "question": "gemeinde",
      "slug": "2"
    },
    "model": "caluma_form.dynamicoption",
    "pk": "c2c0d410-dc30-4d7c-bc05-4544a6beddec"
  },
  {
    "fields": {
      "created_at": "2019-07-04T06:45:54.850Z",
      "created_by_group": "[]",
      "created_by_user": "855a5ba0-cdcc-48d5-ab7c-4fc55cbe0754",
      "date": null,
      "document": "ade01883-ddd0-4c8a-8ded-632814f29bf9",
      "file": null,
      "history_change_reason": "",
      "history_date": "2020-03-03T08:29:25.646Z",
      "history_type": "+",
      "history_user_id": null,
      "id": "ba6fdeb7-7ab0-44dd-a611-54827e1e311d",
      "meta": {},
      "modified_at": "2019-07-04T06:45:54.850Z",
      "question": "bauten-oder-pfaehlen-im-grundwasser",
      "value": "bauten-oder-pfaehlen-im-grundwasser-nein"
    },
    "model": "caluma_form.historicalanswer",
    "pk": "023661f5-1b56-4c5d-9092-98f27bd77aa7"
  },
  {
    "fields": {
      "created_at": "2019-07-04T06:45:34.402Z",
      "created_by_group": "[]",
      "created_by_user": "855a5ba0-cdcc-48d5-ab7c-4fc55cbe0754",
      "date": null,
      "document": "ade01883-ddd0-4c8a-8ded-632814f29bf9",
      "file": null,
      "history_change_reason": "",
      "history_date": "2020-03-03T08:29:25.645Z",
      "history_type": "+",
      "history_user_id": null,
      "id": "71233be4-9522-432f-81bd-cd9d2bf99a7c",
      "meta": {},
      "modified_at": "2019-07-04T06:45:36.179Z",
      "question": "nr",
      "value": "14"
    },
    "model": "caluma_form.historicalanswer",
    "pk": "028d88f2-4092-4a3e-8f7e-78330bdff0c1"
  },
  {
    "fields": {
      "created_at": "2019-07-04T06:45:24.498Z",
      "created_by_group": "[]",
      "created_by_user": "855a5ba0-cdcc-48d5-ab7c-4fc55cbe0754",
      "date": null,
      "document": "ade01883-ddd0-4c8a-8ded-632814f29bf9",
      "file": null,
      "history_change_reason": "",
      "history_date": "2020-03-03T08:29:25.644Z",
      "history_type": "+",
      "history_user_id": null,
      "id": "04d43516-0338-4d2c-9ec4-b0b0be4dd45d",
      "meta": {},
      "modified_at": "2019-07-04T06:45:24.498Z",
      "question": "objekt-des-besonderen-landschaftsschutzes",
      "value": "objekt-des-besonderen-landschaftsschutzes-nein"
    },
    "model": "caluma_form.historicalanswer",
    "pk": "03695f31-d591-423e-b845-5d923ea6e6d2"
  },
  {
    "fields": {
      "created_at": "2019-07-04T06:46:33.062Z",
      "created_by_group": "[]",
      "created_by_user": "855a5ba0-cdcc-48d5-ab7c-4fc55cbe0754",
      "date": null,
      "document": "ade01883-ddd0-4c8a-8ded-632814f29bf9",
      "file": null,
      "history_change_reason": "",
      "history_date": "2020-03-03T08:29:25.644Z",
      "history_type": "+",
      "history_user_id": null,
      "id": "2491231a-b753-49fb-ae9f-c97906538d92",
      "meta": {},
      "modified_at": "2019-07-04T06:46:33.062Z",
      "question": "grundriss-angabe-bodenflaeche-dokument",
      "value": ["grundriss-angabe-bodenflaeche-dokument-ja"]
    },
    "model": "caluma_form.historicalanswer",
    "pk": "04a20159-6b0e-4de5-88b7-202c0c8a97de"
  },
  {
    "fields": {
      "created_at": "2019-07-04T06:44:46.930Z",
      "created_by_group": "[]",
      "created_by_user": "855a5ba0-cdcc-48d5-ab7c-4fc55cbe0754",
      "date": null,
      "document": "ade01883-ddd0-4c8a-8ded-632814f29bf9",
      "file": null,
      "history_change_reason": "",
      "history_date": "2020-03-03T08:29:25.644Z",
      "history_type": "+",
      "history_user_id": null,
      "id": "0970d62d-4834-40a4-b7bc-b7d2ce4ca0d2",
      "meta": {},
      "modified_at": "2019-07-04T06:44:46.930Z",
      "question": "gibt-es-bewilligungspflichtige-reklame",
      "value": "gibt-es-bewilligungspflichtige-reklame-nein"
    },
    "model": "caluma_form.historicalanswer",
    "pk": "0bc83088-297e-4dfe-9274-537db38ea94e"
  },
  {
    "fields": {
      "created_at": "2019-07-04T06:43:57.386Z",
      "created_by_group": "[]",
      "created_by_user": "855a5ba0-cdcc-48d5-ab7c-4fc55cbe0754",
      "date": null,
      "document": "4fa101d2-d6fb-4f29-a1ab-c89eacb4fa0b",
      "file": null,
      "history_change_reason": "",
      "history_date": "2020-03-03T08:29:25.645Z",
      "history_type": "+",
      "history_user_id": null,
      "id": "56fb3cd4-0ea1-4a23-b597-20813876ae68",
      "meta": {},
      "modified_at": "2019-07-04T06:43:57.386Z",
      "question": "name-gesuchstellerin",
      "value": "Mustermann"
    },
    "model": "caluma_form.historicalanswer",
    "pk": "0dd83533-fed7-453e-ab4a-22f0bbdec53b"
  },
  {
    "fields": {
      "created_at": "2020-01-29T09:55:39.814Z",
      "created_by_group": null,
      "created_by_user": null,
      "date": null,
      "document": "d293591d-47f3-4b2c-8ca9-bdea3b63c264",
      "file": null,
      "history_change_reason": "",
      "history_date": "2020-03-03T08:29:25.647Z",
      "history_type": "+",
      "history_user_id": null,
      "id": "d0153853-06a9-4f25-91be-291fe11acc18",
      "meta": {},
      "modified_at": "2020-01-29T09:55:39.814Z",
      "question": "portal-inhalt-de",
      "value": ""
    },
    "model": "caluma_form.historicalanswer",
    "pk": "0fdc6bfe-74a1-4f36-9143-da0930cf3497"
  },
  {
    "fields": {
      "created_at": "2019-07-04T06:45:24.426Z",
      "created_by_group": "[]",
      "created_by_user": "855a5ba0-cdcc-48d5-ab7c-4fc55cbe0754",
      "date": null,
      "document": "ade01883-ddd0-4c8a-8ded-632814f29bf9",
      "file": null,
      "history_change_reason": "",
      "history_date": "2020-03-03T08:29:25.647Z",
      "history_type": "+",
      "history_user_id": null,
      "id": "db3db3bb-022c-4bb4-a900-d304d31ab400",
      "meta": {},
      "modified_at": "2019-07-04T06:45:24.426Z",
      "question": "nutzungszone",
      "value": "Mischzone 3a "
    },
    "model": "caluma_form.historicalanswer",
    "pk": "120d675e-00bb-4a01-87a3-20a35fa23608"
  },
  {
    "fields": {
      "created_at": "2019-07-04T06:45:15.349Z",
      "created_by_group": "[]",
      "created_by_user": "855a5ba0-cdcc-48d5-ab7c-4fc55cbe0754",
      "date": null,
      "document": "6a4574cc-8e77-4f47-9e9b-a1a8e7c81f32",
      "file": null,
      "history_change_reason": "",
      "history_date": "2020-03-03T08:29:25.644Z",
      "history_type": "+",
      "history_user_id": null,
      "id": "09aa2638-a4c9-43a7-92e1-774df632ffb6",
      "meta": {},
      "modified_at": "2019-07-04T06:45:15.349Z",
      "question": "e-grid-nr",
      "value": "CH208935354670"
    },
    "model": "caluma_form.historicalanswer",
    "pk": "12b13fa6-20f1-475b-b411-4298c8a0233d"
  },
  {
    "fields": {
      "created_at": "2019-11-05T06:59:41.697Z",
      "created_by_group": null,
      "created_by_user": "855a5ba0-cdcc-48d5-ab7c-4fc55cbe0754",
      "date": null,
      "document": "d6bc70b6-8598-4dda-8ae8-078280a34fc5",
      "file": null,
      "history_change_reason": "",
      "history_date": "2020-03-03T08:29:25.645Z",
      "history_type": "+",
      "history_user_id": null,
      "id": "51a88c9b-71f9-4f45-a7c3-c64fee2f6f6c",
      "meta": {},
      "modified_at": "2019-11-05T06:59:41.697Z",
      "question": "name-gesuchstellerin-vorabklaerung",
      "value": "Muster"
    },
    "model": "caluma_form.historicalanswer",
    "pk": "1717613e-53d0-4f41-8604-427955d9439d"
  },
  {
    "fields": {
      "created_at": "2019-07-04T06:45:59.888Z",
      "created_by_group": "[]",
      "created_by_user": "855a5ba0-cdcc-48d5-ab7c-4fc55cbe0754",
      "date": null,
      "document": "ade01883-ddd0-4c8a-8ded-632814f29bf9",
      "file": null,
      "history_change_reason": "",
      "history_date": "2020-03-03T08:29:25.644Z",
      "history_type": "+",
      "history_user_id": null,
      "id": "1e2679f0-a44c-4fdd-85d8-bfb70e30d2f2",
      "meta": {},
      "modified_at": "2019-07-04T06:45:59.888Z",
      "question": "qss-stufe",
      "value": ["qss-stufe-1"]
    },
    "model": "caluma_form.historicalanswer",
    "pk": "17b2fd91-9682-4798-9eec-7ad13d6e1347"
  },
  {
    "fields": {
      "created_at": "2019-07-04T06:43:58.448Z",
      "created_by_group": "[]",
      "created_by_user": "855a5ba0-cdcc-48d5-ab7c-4fc55cbe0754",
      "date": null,
      "document": "4fa101d2-d6fb-4f29-a1ab-c89eacb4fa0b",
      "file": null,
      "history_change_reason": "",
      "history_date": "2020-03-03T08:29:25.644Z",
      "history_type": "+",
      "history_user_id": null,
      "id": "35e46409-7fa9-4efe-8260-9ff1f1e78a0b",
      "meta": {},
      "modified_at": "2019-07-04T06:43:58.448Z",
      "question": "vorname-gesuchstellerin",
      "value": "Max"
    },
    "model": "caluma_form.historicalanswer",
    "pk": "220d7edf-9775-40dd-91f4-e58da70af9c6"
  },
  {
    "fields": {
      "created_at": "2019-07-04T06:45:15.340Z",
      "created_by_group": "[]",
      "created_by_user": "855a5ba0-cdcc-48d5-ab7c-4fc55cbe0754",
      "date": null,
      "document": "6a4574cc-8e77-4f47-9e9b-a1a8e7c81f32",
      "file": null,
      "history_change_reason": "",
      "history_date": "2020-03-03T08:29:25.643Z",
      "history_type": "+",
      "history_user_id": null,
      "id": "000e9be0-a9e4-4bf1-99ee-f9d7b2752841",
      "meta": {},
      "modified_at": "2019-07-04T06:45:15.340Z",
      "question": "lagekoordinaten-ost",
      "value": 2614411.0
    },
    "model": "caluma_form.historicalanswer",
    "pk": "251de8a8-112a-48a8-96dc-faf2e2951024"
  },
  {
    "fields": {
      "created_at": "2019-07-04T06:45:24.163Z",
      "created_by_group": "[]",
      "created_by_user": "855a5ba0-cdcc-48d5-ab7c-4fc55cbe0754",
      "date": null,
      "document": "ade01883-ddd0-4c8a-8ded-632814f29bf9",
      "file": null,
      "history_change_reason": "",
      "history_date": "2020-03-03T08:29:25.646Z",
      "history_type": "+",
      "history_user_id": null,
      "id": "b6f556c7-1cce-4b46-9016-ecb43a42b601",
      "meta": {},
      "modified_at": "2019-07-04T06:45:24.163Z",
      "question": "gebiet-mit-naturgefahren",
      "value": "gebiet-mit-naturgefahren-ja"
    },
    "model": "caluma_form.historicalanswer",
    "pk": "259169d6-fdcc-4e7a-aa76-f9d2ffa073e6"
  },
  {
    "fields": {
      "created_at": "2019-07-04T06:46:40.640Z",
      "created_by_group": "[]",
      "created_by_user": "855a5ba0-cdcc-48d5-ab7c-4fc55cbe0754",
      "date": null,
      "document": "ade01883-ddd0-4c8a-8ded-632814f29bf9",
      "file": null,
      "history_change_reason": "",
      "history_date": "2020-03-03T08:29:25.646Z",
      "history_type": "+",
      "history_user_id": null,
      "id": "9040cc61-b125-448f-83d9-ddc7c6d22d9b",
      "meta": {},
      "modified_at": "2019-07-04T06:46:40.640Z",
      "question": "keine-tangierung-natur-wild-vogelschutz",
      "value": ["keine-tangierung-natur-wild-vogelschutz--ja"]
    },
    "model": "caluma_form.historicalanswer",
    "pk": "285395e1-ea63-4927-ae6e-48b19a6d3b9f"
  },
  {
    "fields": {
      "created_at": "2019-07-04T06:45:24.117Z",
      "created_by_group": "[]",
      "created_by_user": "855a5ba0-cdcc-48d5-ab7c-4fc55cbe0754",
      "date": null,
      "document": "ade01883-ddd0-4c8a-8ded-632814f29bf9",
      "file": null,
      "history_change_reason": "",
      "history_date": "2020-03-03T08:29:25.647Z",
      "history_type": "+",
      "history_user_id": null,
      "id": "f781cb16-c148-48fb-9286-6fda3ed8b83f",
      "meta": {},
      "modified_at": "2019-07-04T06:45:24.117Z",
      "question": "naturschutz",
      "value": "naturschutz-nein"
    },
    "model": "caluma_form.historicalanswer",
    "pk": "2be0e76d-3043-40a7-9be8-bc2fe04bb8b2"
  },
  {
    "fields": {
      "created_at": "2019-07-04T06:46:13.074Z",
      "created_by_group": "[]",
      "created_by_user": "855a5ba0-cdcc-48d5-ab7c-4fc55cbe0754",
      "date": null,
      "document": "ade01883-ddd0-4c8a-8ded-632814f29bf9",
      "file": null,
      "history_change_reason": "",
      "history_date": "2020-03-03T08:29:25.644Z",
      "history_type": "+",
      "history_user_id": null,
      "id": "17a4f12c-efc2-4f55-9636-79eabac847a9",
      "meta": {},
      "modified_at": "2019-07-04T06:46:13.074Z",
      "question": "gefahrenstufe",
      "value": ["gefahrenstufe-unbestimmt"]
    },
    "model": "caluma_form.historicalanswer",
    "pk": "2fdd3745-9b3b-40b6-b3ff-a94842a694ed"
  },
  {
    "fields": {
      "created_at": "2019-07-04T06:44:26.490Z",
      "created_by_group": "[]",
      "created_by_user": "855a5ba0-cdcc-48d5-ab7c-4fc55cbe0754",
      "date": null,
      "document": "ade01883-ddd0-4c8a-8ded-632814f29bf9",
      "file": null,
      "history_change_reason": "",
      "history_date": "2020-03-03T08:29:25.644Z",
      "history_type": "+",
      "history_user_id": null,
      "id": "4280d20a-838a-4655-9d9f-cdc58efbd369",
      "meta": {},
      "modified_at": "2019-07-04T06:44:26.490Z",
      "question": "beschreibung-bauvorhaben",
      "value": "Dachstock anbauen"
    },
    "model": "caluma_form.historicalanswer",
    "pk": "34569005-946f-4b12-ab5a-421c66b81606"
  },
  {
    "fields": {
      "created_at": "2019-11-05T06:59:37.680Z",
      "created_by_group": null,
      "created_by_user": "855a5ba0-cdcc-48d5-ab7c-4fc55cbe0754",
      "date": null,
      "document": "d6bc70b6-8598-4dda-8ae8-078280a34fc5",
      "file": null,
      "history_change_reason": "",
      "history_date": "2020-03-03T08:29:25.645Z",
      "history_type": "+",
      "history_user_id": null,
      "id": "431fb391-178b-4ec9-a7e1-7d5732c0bbcd",
      "meta": {},
      "modified_at": "2019-11-05T06:59:37.680Z",
      "question": "papierdossier",
      "value": "papierdossier-nein"
    },
    "model": "caluma_form.historicalanswer",
    "pk": "36cb8e37-6536-47e4-a656-e1a1894db213"
  },
  {
    "fields": {
      "created_at": "2019-07-04T06:45:24.237Z",
      "created_by_group": "[]",
      "created_by_user": "855a5ba0-cdcc-48d5-ab7c-4fc55cbe0754",
      "date": null,
      "document": "ade01883-ddd0-4c8a-8ded-632814f29bf9",
      "file": null,
      "history_change_reason": "",
      "history_date": "2020-03-03T08:29:25.645Z",
      "history_type": "+",
      "history_user_id": null,
      "id": "701cf875-9dda-4ccc-8b05-36ba009f1d6e",
      "meta": {},
      "modified_at": "2019-07-04T06:45:24.237Z",
      "question": "handelt-es-sich-um-ein-baudenkmal",
      "value": "handelt-es-sich-um-ein-baudenkmal-nein"
    },
    "model": "caluma_form.historicalanswer",
    "pk": "3834f277-a1ce-4cbc-a879-f4dbceb3368a"
  },
  {
    "fields": {
      "created_at": "2019-07-04T06:44:11.427Z",
      "created_by_group": "[]",
      "created_by_user": "855a5ba0-cdcc-48d5-ab7c-4fc55cbe0754",
      "date": null,
      "document": "4fa101d2-d6fb-4f29-a1ab-c89eacb4fa0b",
      "file": null,
      "history_change_reason": "",
      "history_date": "2020-03-03T08:29:25.647Z",
      "history_type": "+",
      "history_user_id": null,
      "id": "ccfda389-3f2c-4452-aa4b-c08ccde0d59e",
      "meta": {},
      "modified_at": "2019-07-04T06:44:13.059Z",
      "question": "e-mail-gesuchstellerin",
      "value": "mm@test.ch"
    },
    "model": "caluma_form.historicalanswer",
    "pk": "386d8354-dfc6-4ee3-8fbb-93aae79df01f"
  },
  {
    "fields": {
      "created_at": "2019-07-04T06:44:01.263Z",
      "created_by_group": "[]",
      "created_by_user": "855a5ba0-cdcc-48d5-ab7c-4fc55cbe0754",
      "date": null,
      "document": "4fa101d2-d6fb-4f29-a1ab-c89eacb4fa0b",
      "file": null,
      "history_change_reason": "",
      "history_date": "2020-03-03T08:29:25.645Z",
      "history_type": "+",
      "history_user_id": null,
      "id": "75659bf4-5742-4e36-b2ed-d08430b5f149",
      "meta": {},
      "modified_at": "2019-07-04T06:44:02.153Z",
      "question": "nummer-gesuchstellerin",
      "value": "14"
    },
    "model": "caluma_form.historicalanswer",
    "pk": "3a2522b5-4397-4b9a-8462-6856e0ce3977"
  },
  {
    "fields": {
      "created_at": "2019-07-04T06:44:04.719Z",
      "created_by_group": "[]",
      "created_by_user": "855a5ba0-cdcc-48d5-ab7c-4fc55cbe0754",
      "date": null,
      "document": "4fa101d2-d6fb-4f29-a1ab-c89eacb4fa0b",
      "file": null,
      "history_change_reason": "",
      "history_date": "2020-03-03T08:29:25.647Z",
      "history_type": "+",
      "history_user_id": null,
      "id": "fe50c024-ad9c-4b67-b74a-f06e28cfbeed",
      "meta": {},
      "modified_at": "2019-07-04T06:44:04.719Z",
      "question": "ort-gesuchstellerin",
      "value": "Bern"
    },
    "model": "caluma_form.historicalanswer",
    "pk": "3e090af5-6e67-4e14-bf6c-764a841d5cf7"
  },
  {
    "fields": {
      "created_at": "2019-07-04T06:41:13.910Z",
      "created_by_group": "[]",
      "created_by_user": "855a5ba0-cdcc-48d5-ab7c-4fc55cbe0754",
      "date": null,
      "document": "41dc79fa-4056-48e0-ae27-6899220e8d75",
      "file": null,
      "history_change_reason": "",
      "history_date": "2020-03-03T08:29:25.646Z",
      "history_type": "+",
      "history_user_id": null,
      "id": "81439d57-80f6-4942-931c-7f7a577769b1",
      "meta": {},
      "modified_at": "2019-07-04T06:41:13.910Z",
      "question": "papierdossier",
      "value": "papierdossier-nein"
    },
    "model": "caluma_form.historicalanswer",
    "pk": "3f5b91ca-bb0f-44b6-8c2d-c6943db027bc"
  },
  {
    "fields": {
      "created_at": "2019-12-18T14:20:16.528Z",
      "created_by_group": null,
      "created_by_user": "855a5ba0-cdcc-48d5-ab7c-4fc55cbe0754",
      "date": null,
      "document": "ade01883-ddd0-4c8a-8ded-632814f29bf9",
      "file": null,
      "history_change_reason": "",
      "history_date": "2020-03-03T08:29:25.644Z",
      "history_type": "+",
      "history_user_id": null,
      "id": "115ad01e-78b2-4b45-a8ef-17ba8f67a2a7",
      "meta": {},
      "modified_at": "2019-12-18T14:20:16.528Z",
      "question": "bestaetigung-gis",
      "value": ["bestaetigung-gis-ja"]
    },
    "model": "caluma_form.historicalanswer",
    "pk": "49188d43-6f48-4b18-b08d-7648724e313e"
  },
  {
    "fields": {
      "created_at": "2019-07-04T06:44:00.440Z",
      "created_by_group": "[]",
      "created_by_user": "855a5ba0-cdcc-48d5-ab7c-4fc55cbe0754",
      "date": null,
      "document": "4fa101d2-d6fb-4f29-a1ab-c89eacb4fa0b",
      "file": null,
      "history_change_reason": "",
      "history_date": "2020-03-03T08:29:25.647Z",
      "history_type": "+",
      "history_user_id": null,
      "id": "dc462d24-5cec-4e7e-8192-c9152811a39e",
      "meta": {},
      "modified_at": "2019-07-04T06:44:00.440Z",
      "question": "strasse-gesuchstellerin",
      "value": "Strasse"
    },
    "model": "caluma_form.historicalanswer",
    "pk": "5331ee0d-2928-43c7-95e5-41f633f9a96a"
  },
  {
    "fields": {
      "created_at": "2019-12-18T14:23:52.637Z",
      "created_by_group": null,
      "created_by_user": "855a5ba0-cdcc-48d5-ab7c-4fc55cbe0754",
      "date": null,
      "document": "d6bc70b6-8598-4dda-8ae8-078280a34fc5",
      "file": null,
      "history_change_reason": "",
      "history_date": "2020-03-03T08:29:25.644Z",
      "history_type": "+",
      "history_user_id": null,
      "id": "386f82a4-7f31-4518-b699-dcaefd3e6c9c",
      "meta": {},
      "modified_at": "2019-12-18T14:23:52.637Z",
      "question": "bestaetigung-gis",
      "value": ["bestaetigung-gis-ja"]
    },
    "model": "caluma_form.historicalanswer",
    "pk": "54a3fc4f-f85a-4c20-982e-1fc96255c9d4"
  },
  {
    "fields": {
      "created_at": "2019-07-04T06:46:09.162Z",
      "created_by_group": "[]",
      "created_by_user": "855a5ba0-cdcc-48d5-ab7c-4fc55cbe0754",
      "date": null,
      "document": "ade01883-ddd0-4c8a-8ded-632814f29bf9",
      "file": null,
      "history_change_reason": "",
      "history_date": "2020-03-03T08:29:25.646Z",
      "history_type": "+",
      "history_user_id": null,
      "id": "7bb8bb87-ccb6-4361-84dc-6937c8961e30",
      "meta": {},
      "modified_at": "2019-07-04T06:46:09.162Z",
      "question": "wird-aussenlaerm-erzeugt",
      "value": "wird-aussenlaerm-erzeugt-nein"
    },
    "model": "caluma_form.historicalanswer",
    "pk": "54b207ee-b1b0-442e-9de4-da40138cea7d"
  },
  {
    "fields": {
      "created_at": "2019-11-05T06:59:47.654Z",
      "created_by_group": null,
      "created_by_user": "855a5ba0-cdcc-48d5-ab7c-4fc55cbe0754",
      "date": null,
      "document": "d6bc70b6-8598-4dda-8ae8-078280a34fc5",
      "file": null,
      "history_change_reason": "",
      "history_date": "2020-03-03T08:29:25.646Z",
      "history_type": "+",
      "history_user_id": null,
      "id": "b1c8aedb-bf40-42ad-879e-dbb78f3529fd",
      "meta": {},
      "modified_at": "2019-11-05T06:59:47.654Z",
      "question": "gemeinde",
      "value": "2"
    },
    "model": "caluma_form.historicalanswer",
    "pk": "5551a552-5640-47c5-b9d5-af5aa46db8b0"
  },
  {
    "fields": {
      "created_at": "2019-11-05T06:59:37.680Z",
      "created_by_group": null,
      "created_by_user": "855a5ba0-cdcc-48d5-ab7c-4fc55cbe0754",
      "date": null,
      "document": "13d72b51-00dd-46c6-88b4-e1ea624e3243",
      "file": null,
      "history_change_reason": "",
      "history_date": "2020-03-03T08:29:25.647Z",
      "history_type": "+",
      "history_user_id": null,
      "id": "e1be276f-cbf4-49b4-b69f-6c34d2c0e678",
      "meta": {},
      "modified_at": "2019-11-05T06:59:37.680Z",
      "question": "papierdossier",
      "value": "papierdossier-nein"
    },
    "model": "caluma_form.historicalanswer",
    "pk": "58ac1c2e-714d-40cb-9672-3d42f24fd602"
  },
  {
    "fields": {
      "created_at": "2020-01-29T09:55:39.814Z",
      "created_by_group": null,
      "created_by_user": null,
      "date": null,
      "document": "d293591d-47f3-4b2c-8ca9-bdea3b63c264",
      "file": null,
      "history_change_reason": "",
      "history_date": "2020-03-03T08:29:25.646Z",
      "history_type": "+",
      "history_user_id": null,
      "id": "7dd7463d-df98-48fa-b5b4-54f67578dfda",
      "meta": {},
      "modified_at": "2020-01-29T09:55:39.814Z",
      "question": "hilfe-inhalt-fr",
      "value": ""
    },
    "model": "caluma_form.historicalanswer",
    "pk": "5c2eb6d1-c0c3-465a-bd6a-f9916591ab52"
  },
  {
    "fields": {
      "created_at": "2019-07-04T06:45:59.326Z",
      "created_by_group": "[]",
      "created_by_user": "855a5ba0-cdcc-48d5-ab7c-4fc55cbe0754",
      "date": null,
      "document": "ade01883-ddd0-4c8a-8ded-632814f29bf9",
      "file": null,
      "history_change_reason": "",
      "history_date": "2020-03-03T08:29:25.647Z",
      "history_type": "+",
      "history_user_id": null,
      "id": "fad99a17-c0e4-4ba6-9b74-501c0611928a",
      "meta": {},
      "modified_at": "2019-07-04T06:45:59.326Z",
      "question": "werden-brandschutzabstaende-unterschritten",
      "value": "werden-brandschutzabstande-unterschritten-nein"
    },
    "model": "caluma_form.historicalanswer",
    "pk": "62186508-a8fa-4938-b813-5c95b3026b1f"
  },
  {
    "fields": {
      "created_at": "2019-11-05T06:59:45.939Z",
      "created_by_group": null,
      "created_by_user": "855a5ba0-cdcc-48d5-ab7c-4fc55cbe0754",
      "date": null,
      "document": "d6bc70b6-8598-4dda-8ae8-078280a34fc5",
      "file": null,
      "history_change_reason": "",
      "history_date": "2020-03-03T08:29:25.644Z",
      "history_type": "+",
      "history_user_id": null,
      "id": "1f8bc163-65bc-454d-a53d-d4c45118c308",
      "meta": {},
      "modified_at": "2019-11-05T06:59:45.939Z",
      "question": "ort-gesuchstellerin",
      "value": "Musterort"
    },
    "model": "caluma_form.historicalanswer",
    "pk": "6c444ebd-c655-42a7-9614-dc431520e427"
  },
  {
    "fields": {
      "created_at": "2019-07-04T06:44:46.005Z",
      "created_by_group": "[]",
      "created_by_user": "855a5ba0-cdcc-48d5-ab7c-4fc55cbe0754",
      "date": null,
      "document": "ade01883-ddd0-4c8a-8ded-632814f29bf9",
      "file": null,
      "history_change_reason": "",
      "history_date": "2020-03-03T08:29:25.646Z",
      "history_type": "+",
      "history_user_id": null,
      "id": "8e53bb29-cda1-4762-b6aa-e2b003a60798",
      "meta": {},
      "modified_at": "2019-07-04T06:44:46.005Z",
      "question": "bau-im-wald-oder-innerhalb-von-30-m-abstand",
      "value": "bau-im-wald-oder-innerhalb-von-30-m-abstand-nein"
    },
    "model": "caluma_form.historicalanswer",
    "pk": "6d3e30a2-b8fb-42d4-9888-a0bcdbad52ca"
  },
  {
    "fields": {
      "created_at": "2020-01-29T09:55:39.814Z",
      "created_by_group": null,
      "created_by_user": null,
      "date": null,
      "document": "d293591d-47f3-4b2c-8ca9-bdea3b63c264",
      "file": null,
      "history_change_reason": "",
      "history_date": "2020-03-03T08:29:25.643Z",
      "history_type": "+",
      "history_user_id": null,
      "id": "04646371-e01e-4db5-9f31-b77a4fd0d46b",
      "meta": {},
      "modified_at": "2020-01-29T09:55:39.814Z",
      "question": "hilfe-inhalt-de",
      "value": ""
    },
    "model": "caluma_form.historicalanswer",
    "pk": "6e85f13e-1e47-4a43-ac01-d767663a99ce"
  },
  {
    "fields": {
      "created_at": "2019-07-04T06:45:38.410Z",
      "created_by_group": "[]",
      "created_by_user": "855a5ba0-cdcc-48d5-ab7c-4fc55cbe0754",
      "date": null,
      "document": "ade01883-ddd0-4c8a-8ded-632814f29bf9",
      "file": null,
      "history_change_reason": "",
      "history_date": "2020-03-03T08:29:25.645Z",
      "history_type": "+",
      "history_user_id": null,
      "id": "6e82b339-4490-442a-bc3c-ff71d7804948",
      "meta": {},
      "modified_at": "2019-07-04T06:45:38.411Z",
      "question": "ort-grundstueck",
      "value": "Burgdorf"
    },
    "model": "caluma_form.historicalanswer",
    "pk": "70b09985-63d2-484b-af4b-c2a612950703"
  },
  {
    "fields": {
      "created_at": "2019-07-04T06:43:54.673Z",
      "created_by_group": "[]",
      "created_by_user": "855a5ba0-cdcc-48d5-ab7c-4fc55cbe0754",
      "date": null,
      "document": "4fa101d2-d6fb-4f29-a1ab-c89eacb4fa0b",
      "file": null,
      "history_change_reason": "",
      "history_date": "2020-03-03T08:29:25.644Z",
      "history_type": "+",
      "history_user_id": null,
      "id": "262074db-cee5-4795-ae2b-5b70a6748f4e",
      "meta": {},
      "modified_at": "2019-07-04T06:43:54.673Z",
      "question": "juristische-person-gesuchstellerin",
      "value": "juristische-person-gesuchstellerin-nein"
    },
    "model": "caluma_form.historicalanswer",
    "pk": "722d5a74-8be8-4bf2-aaaf-3dc5fd57d9b5"
  },
  {
    "fields": {
      "created_at": "2020-01-29T09:55:39.814Z",
      "created_by_group": null,
      "created_by_user": null,
      "date": null,
      "document": "d293591d-47f3-4b2c-8ca9-bdea3b63c264",
      "file": null,
      "history_change_reason": "",
      "history_date": "2020-03-03T08:29:25.646Z",
      "history_type": "+",
      "history_user_id": null,
      "id": "bcc5a6d7-371d-46f2-ad72-2be96cf55fde",
      "meta": {},
      "modified_at": "2020-01-29T09:55:39.814Z",
      "question": "dashboard-inhalt-fr",
      "value": ""
    },
    "model": "caluma_form.historicalanswer",
    "pk": "724aeba9-80c8-4281-a62e-c6059de3b16b"
  },
  {
    "fields": {
      "created_at": "2019-07-04T06:46:41.080Z",
      "created_by_group": "[]",
      "created_by_user": "855a5ba0-cdcc-48d5-ab7c-4fc55cbe0754",
      "date": null,
      "document": "ade01883-ddd0-4c8a-8ded-632814f29bf9",
      "file": null,
      "history_change_reason": "",
      "history_date": "2020-03-03T08:29:25.645Z",
      "history_type": "+",
      "history_user_id": null,
      "id": "69f321ad-1fda-48a3-9a6c-4ca5df8f334c",
      "meta": {},
      "modified_at": "2019-07-04T06:46:41.080Z",
      "question": "bestaetigung-mit-unterschrift",
      "value": ["bestaetigung-mit-unterschrift-ja"]
    },
    "model": "caluma_form.historicalanswer",
    "pk": "758fed11-02c2-4163-a3b6-ad109fe77a98"
  },
  {
    "fields": {
      "created_at": "2019-07-04T06:44:03.896Z",
      "created_by_group": "[]",
      "created_by_user": "855a5ba0-cdcc-48d5-ab7c-4fc55cbe0754",
      "date": null,
      "document": "4fa101d2-d6fb-4f29-a1ab-c89eacb4fa0b",
      "file": null,
      "history_change_reason": "",
      "history_date": "2020-03-03T08:29:25.647Z",
      "history_type": "+",
      "history_user_id": null,
      "id": "fd784480-610a-41fe-a84a-48768980a4dd",
      "meta": {},
      "modified_at": "2019-07-04T06:44:03.896Z",
      "question": "plz-gesuchstellerin",
      "value": 3000
    },
    "model": "caluma_form.historicalanswer",
    "pk": "76b98f24-7ee4-4680-b875-9a5ab70e391d"
  },
  {
    "fields": {
      "created_at": "2019-07-04T06:44:42.576Z",
      "created_by_group": "[]",
      "created_by_user": "855a5ba0-cdcc-48d5-ab7c-4fc55cbe0754",
      "date": null,
      "document": "ade01883-ddd0-4c8a-8ded-632814f29bf9",
      "file": null,
      "history_change_reason": "",
      "history_date": "2020-03-03T08:29:25.646Z",
      "history_type": "+",
      "history_user_id": null,
      "id": "a3b64296-0fe8-464f-a68b-08a0c04d1faf",
      "meta": {},
      "modified_at": "2019-07-04T06:44:42.576Z",
      "question": "ableitung-in-guellegrube",
      "value": "ableitung-in-guellegrube-nein"
    },
    "model": "caluma_form.historicalanswer",
    "pk": "789c9033-6943-4960-a9b4-4d9d5950fa18"
  },
  {
    "fields": {
      "created_at": "2019-07-04T06:45:15.391Z",
      "created_by_group": "[]",
      "created_by_user": "855a5ba0-cdcc-48d5-ab7c-4fc55cbe0754",
      "date": null,
      "document": "6a4574cc-8e77-4f47-9e9b-a1a8e7c81f32",
      "file": null,
      "history_change_reason": "",
      "history_date": "2020-03-03T08:29:25.643Z",
      "history_type": "+",
      "history_user_id": null,
      "id": "023e164e-bce8-47c2-b1d0-a6222a101d7c",
      "meta": {},
      "modified_at": "2019-07-04T06:45:15.391Z",
      "question": "lagekoordinaten-nord",
      "value": 1211395.0
    },
    "model": "caluma_form.historicalanswer",
    "pk": "7d9e4435-df9f-43d0-b18e-f65e8dc8a18f"
  },
  {
    "fields": {
      "created_at": "2019-07-04T06:43:48.594Z",
      "created_by_group": "[]",
      "created_by_user": "855a5ba0-cdcc-48d5-ab7c-4fc55cbe0754",
      "date": null,
      "document": "ade01883-ddd0-4c8a-8ded-632814f29bf9",
      "file": null,
      "history_change_reason": "",
      "history_date": "2020-03-03T08:29:25.644Z",
      "history_type": "+",
      "history_user_id": null,
      "id": "334a27a0-2823-4740-831e-b2974d0db600",
      "meta": {},
      "modified_at": "2019-07-04T06:43:48.594Z",
      "question": "wurden-vorabklaerungen-durchgefuehrt",
      "value": "wurden-vorabklaerungen-durchgefuehrt-nein"
    },
    "model": "caluma_form.historicalanswer",
    "pk": "7dfc50bc-7783-46be-b3f3-6b1013cfc394"
  },
  {
    "fields": {
      "created_at": "2019-07-04T06:44:41.162Z",
      "created_by_group": "[]",
      "created_by_user": "855a5ba0-cdcc-48d5-ab7c-4fc55cbe0754",
      "date": null,
      "document": "ade01883-ddd0-4c8a-8ded-632814f29bf9",
      "file": null,
      "history_change_reason": "",
      "history_date": "2020-03-03T08:29:25.646Z",
      "history_type": "+",
      "history_user_id": null,
      "id": "a2b8e5d7-9ab1-4214-98ae-148e895e98b9",
      "meta": {},
      "modified_at": "2019-07-04T06:44:41.162Z",
      "question": "um-was-fuer-ein-gebaeude-handelt-es-sich",
      "value": ["um-was-fuer-ein-gebaeude-handelt-es-sich-efh"]
    },
    "model": "caluma_form.historicalanswer",
    "pk": "82065590-1015-4459-8315-aef033221464"
  },
  {
    "fields": {
      "created_at": "2019-07-04T06:46:40.116Z",
      "created_by_group": "[]",
      "created_by_user": "855a5ba0-cdcc-48d5-ab7c-4fc55cbe0754",
      "date": null,
      "document": "ade01883-ddd0-4c8a-8ded-632814f29bf9",
      "file": null,
      "history_change_reason": "",
      "history_date": "2020-03-03T08:29:25.647Z",
      "history_type": "+",
      "history_user_id": null,
      "id": "e0620854-1fa7-4fc2-b864-aaacdb378e0a",
      "meta": {},
      "modified_at": "2019-07-04T06:46:40.116Z",
      "question": "bestaetigung-liegenschaftsentwaesserung",
      "value": ["bestaetigung-liegenschaftsentwaesserung-ja"]
    },
    "model": "caluma_form.historicalanswer",
    "pk": "83b468a6-9e37-44b7-83e4-4d627101c6f1"
  },
  {
    "fields": {
      "created_at": "2019-07-04T06:46:32.928Z",
      "created_by_group": "[]",
      "created_by_user": "855a5ba0-cdcc-48d5-ab7c-4fc55cbe0754",
      "date": null,
      "document": "ade01883-ddd0-4c8a-8ded-632814f29bf9",
      "file": null,
      "history_change_reason": "",
      "history_date": "2020-03-03T08:29:25.647Z",
      "history_type": "+",
      "history_user_id": null,
      "id": "e57c44dc-6e94-4893-b545-3860717112a9",
      "meta": {},
      "modified_at": "2019-07-04T06:46:32.928Z",
      "question": "schnitt-dokument",
      "value": ["schnitt-dokument-ja"]
    },
    "model": "caluma_form.historicalanswer",
    "pk": "84aa2f7e-03bd-4374-80bc-e02770103ef8"
  },
  {
    "fields": {
      "created_at": "2019-07-04T06:46:03.448Z",
      "created_by_group": "[]",
      "created_by_user": "855a5ba0-cdcc-48d5-ab7c-4fc55cbe0754",
      "date": null,
      "document": "ade01883-ddd0-4c8a-8ded-632814f29bf9",
      "file": null,
      "history_change_reason": "",
      "history_date": "2020-03-03T08:29:25.647Z",
      "history_type": "+",
      "history_user_id": null,
      "id": "c6b2704e-4ddc-48d5-99f0-93f166e09e08",
      "meta": {},
      "modified_at": "2019-07-04T06:46:03.448Z",
      "question": "auto-oder-fahrradabstellplaetze",
      "value": "auto-oder-fahrradabstellplaetze-nein"
    },
    "model": "caluma_form.historicalanswer",
    "pk": "84f23026-22d8-47aa-b929-4f192e61f4bd"
  },
  {
    "fields": {
      "created_at": "2019-07-04T06:44:08.913Z",
      "created_by_group": "[]",
      "created_by_user": "855a5ba0-cdcc-48d5-ab7c-4fc55cbe0754",
      "date": null,
      "document": "4fa101d2-d6fb-4f29-a1ab-c89eacb4fa0b",
      "file": null,
      "history_change_reason": "",
      "history_date": "2020-03-03T08:29:25.647Z",
      "history_type": "+",
      "history_user_id": null,
      "id": "eb286a41-403e-4dca-ba09-94b73fddc8ce",
      "meta": {},
      "modified_at": "2019-07-04T06:44:08.913Z",
      "question": "telefon-oder-mobile-gesuchstellerin",
      "value": "000 000 00 00"
    },
    "model": "caluma_form.historicalanswer",
    "pk": "8d666604-bb1b-42e2-8241-fb5a51f2c581"
  },
  {
    "fields": {
      "created_at": "2019-07-04T06:46:39.151Z",
      "created_by_group": "[]",
      "created_by_user": "855a5ba0-cdcc-48d5-ab7c-4fc55cbe0754",
      "date": null,
      "document": "ade01883-ddd0-4c8a-8ded-632814f29bf9",
      "file": null,
      "history_change_reason": "",
      "history_date": "2020-03-03T08:29:25.644Z",
      "history_type": "+",
      "history_user_id": null,
      "id": "151cbd1a-39b9-4967-8bef-744e4f8e3445",
      "meta": {},
      "modified_at": "2019-07-04T06:46:39.151Z",
      "question": "einhaltung-radonvorgaben",
      "value": ["einhaltung-radonvorgaben-ja"]
    },
    "model": "caluma_form.historicalanswer",
    "pk": "8eb5f581-32bf-4f19-998c-1b979067e16a"
  },
  {
    "fields": {
      "created_at": "2019-11-05T06:59:51.361Z",
      "created_by_group": null,
      "created_by_user": "855a5ba0-cdcc-48d5-ab7c-4fc55cbe0754",
      "date": null,
      "document": "d6bc70b6-8598-4dda-8ae8-078280a34fc5",
      "file": null,
      "history_change_reason": "",
      "history_date": "2020-03-03T08:29:25.646Z",
      "history_type": "+",
      "history_user_id": null,
      "id": "9a90303a-7a7a-49eb-a49a-cd51019f4d2e",
      "meta": {},
      "modified_at": "2019-11-05T06:59:51.361Z",
      "question": "anfrage-zur-vorabklaerung",
      "value": "Testanfrage"
    },
    "model": "caluma_form.historicalanswer",
    "pk": "94be2cef-c549-448b-acc9-064c2d459329"
  },
  {
    "fields": {
      "created_at": "2020-01-29T09:55:39.814Z",
      "created_by_group": null,
      "created_by_user": null,
      "date": null,
      "document": "d293591d-47f3-4b2c-8ca9-bdea3b63c264",
      "file": null,
      "history_change_reason": "",
      "history_date": "2020-03-03T08:29:25.647Z",
      "history_type": "+",
      "history_user_id": null,
      "id": "c0b30252-98e6-400c-a1f4-55278f13129a",
      "meta": {},
      "modified_at": "2020-01-29T09:55:39.814Z",
      "question": "dashboard-inhalt-de",
      "value": ""
    },
    "model": "caluma_form.historicalanswer",
    "pk": "98b18955-79a8-4a97-ad3c-fed87c563d48"
  },
  {
    "fields": {
      "created_at": "2019-07-04T06:44:48.455Z",
      "created_by_group": "[]",
      "created_by_user": "855a5ba0-cdcc-48d5-ab7c-4fc55cbe0754",
      "date": null,
      "document": "ade01883-ddd0-4c8a-8ded-632814f29bf9",
      "file": null,
      "history_change_reason": "",
      "history_date": "2020-03-03T08:29:25.645Z",
      "history_type": "+",
      "history_user_id": null,
      "id": "42e166a7-e5a2-4361-9217-ac338f3d0106",
      "meta": {},
      "modified_at": "2019-07-04T06:44:48.455Z",
      "question": "ist-das-vorhaben-energierelevant",
      "value": "ist-das-vorhaben-energierelevant-nein"
    },
    "model": "caluma_form.historicalanswer",
    "pk": "9c6a4c20-4dec-427d-b0ca-2f40dadca26d"
  },
  {
    "fields": {
      "created_at": "2019-07-04T06:44:21.496Z",
      "created_by_group": "[]",
      "created_by_user": "855a5ba0-cdcc-48d5-ab7c-4fc55cbe0754",
      "date": null,
      "document": "ade01883-ddd0-4c8a-8ded-632814f29bf9",
      "file": null,
      "history_change_reason": "",
      "history_date": "2020-03-03T08:29:25.647Z",
      "history_type": "+",
      "history_user_id": null,
      "id": "d40fc9f6-39b1-44af-9898-8f3631269f4b",
      "meta": {},
      "modified_at": "2019-07-04T06:44:21.496Z",
      "question": "baubeschrieb",
      "value": ["baubeschrieb-um-ausbau"]
    },
    "model": "caluma_form.historicalanswer",
    "pk": "9d8ca6b5-7832-4509-a355-bd08d6b6e882"
  },
  {
    "fields": {
      "created_at": "2019-07-04T06:45:15.179Z",
      "created_by_group": "[]",
      "created_by_user": "855a5ba0-cdcc-48d5-ab7c-4fc55cbe0754",
      "date": null,
      "document": "6a4574cc-8e77-4f47-9e9b-a1a8e7c81f32",
      "file": null,
      "history_change_reason": "",
      "history_date": "2020-03-03T08:29:25.645Z",
      "history_type": "+",
      "history_user_id": null,
      "id": "788c50df-f14d-47a8-8375-950276687d3c",
      "meta": {},
      "modified_at": "2019-07-04T06:45:15.179Z",
      "question": "parzellennummer",
      "value": "921"
    },
    "model": "caluma_form.historicalanswer",
    "pk": "9fd861a0-b647-41d7-9ea1-36a61d65ed4e"
  },
  {
    "fields": {
      "created_at": "2019-07-04T06:46:33.038Z",
      "created_by_group": "[]",
      "created_by_user": "855a5ba0-cdcc-48d5-ab7c-4fc55cbe0754",
      "date": null,
      "document": "ade01883-ddd0-4c8a-8ded-632814f29bf9",
      "file": null,
      "history_change_reason": "",
      "history_date": "2020-03-03T08:29:25.645Z",
      "history_type": "+",
      "history_user_id": null,
      "id": "6e99af45-aa9b-4f9a-985b-46a2324bca44",
      "meta": {},
      "modified_at": "2019-07-04T06:46:33.038Z",
      "question": "grundriss-dokument",
      "value": ["grundriss-dokument-ja"]
    },
    "model": "caluma_form.historicalanswer",
    "pk": "a0743ebf-c54e-4fc5-823c-888a3348f3ee"
  },
  {
    "fields": {
      "created_at": "2019-07-04T06:46:23.205Z",
      "created_by_group": "[]",
      "created_by_user": "855a5ba0-cdcc-48d5-ab7c-4fc55cbe0754",
      "date": null,
      "document": "ade01883-ddd0-4c8a-8ded-632814f29bf9",
      "file": null,
      "history_change_reason": "",
      "history_date": "2020-03-03T08:29:25.646Z",
      "history_type": "+",
      "history_user_id": null,
      "id": "9e90cff2-ecbc-4482-b4be-b38925063c00",
      "meta": {},
      "modified_at": "2019-07-04T06:46:23.205Z",
      "question": "gebaeudeversicherungswert-in-chf",
      "value": 2000000
    },
    "model": "caluma_form.historicalanswer",
    "pk": "a2071b29-bea9-492b-b142-95e56af10105"
  },
  {
    "fields": {
      "created_at": "2019-07-04T06:41:13.910Z",
      "created_by_group": "[]",
      "created_by_user": "855a5ba0-cdcc-48d5-ab7c-4fc55cbe0754",
      "date": null,
      "document": "ade01883-ddd0-4c8a-8ded-632814f29bf9",
      "file": null,
      "history_change_reason": "",
      "history_date": "2020-03-03T08:29:25.644Z",
      "history_type": "+",
      "history_user_id": null,
      "id": "38dbd405-81f7-4ff3-a936-a0794679e3d3",
      "meta": {},
      "modified_at": "2019-07-04T06:41:13.910Z",
      "question": "papierdossier",
      "value": "papierdossier-nein"
    },
    "model": "caluma_form.historicalanswer",
    "pk": "a286800f-0237-4255-b87e-8c79f5db9e0c"
  },
  {
    "fields": {
      "created_at": "2019-07-04T06:46:38.610Z",
      "created_by_group": "[]",
      "created_by_user": "855a5ba0-cdcc-48d5-ab7c-4fc55cbe0754",
      "date": null,
      "document": "ade01883-ddd0-4c8a-8ded-632814f29bf9",
      "file": null,
      "history_change_reason": "",
      "history_date": "2020-03-03T08:29:25.644Z",
      "history_type": "+",
      "history_user_id": null,
      "id": "0ca6f012-0bdd-483d-8bf9-604a84a4352e",
      "meta": {},
      "modified_at": "2019-07-04T06:46:38.610Z",
      "question": "verpflichtung-bei-handaenderung",
      "value": ["verpflichtung-bei-handaenderung-ja"]
    },
    "model": "caluma_form.historicalanswer",
    "pk": "a341079f-6748-4aaa-85d3-471f56aba135"
  },
  {
    "fields": {
      "created_at": "2019-07-04T06:44:47.446Z",
      "created_by_group": "[]",
      "created_by_user": "855a5ba0-cdcc-48d5-ab7c-4fc55cbe0754",
      "date": null,
      "document": "ade01883-ddd0-4c8a-8ded-632814f29bf9",
      "file": null,
      "history_change_reason": "",
      "history_date": "2020-03-03T08:29:25.647Z",
      "history_type": "+",
      "history_user_id": null,
      "id": "e78eeeae-e256-4c4b-b9d6-2e9ae082f662",
      "meta": {},
      "modified_at": "2019-07-04T06:44:47.446Z",
      "question": "ist-mit-bauabfaellen-zu-rechnen",
      "value": "ist-mit-bauabfaellen-zu-rechnen-nein"
    },
    "model": "caluma_form.historicalanswer",
    "pk": "ad48c0bd-15c6-4acb-a638-f5333e6723d8"
  },
  {
    "fields": {
      "created_at": "2019-11-05T06:59:42.421Z",
      "created_by_group": null,
      "created_by_user": "855a5ba0-cdcc-48d5-ab7c-4fc55cbe0754",
      "date": null,
      "document": "d6bc70b6-8598-4dda-8ae8-078280a34fc5",
      "file": null,
      "history_change_reason": "",
      "history_date": "2020-03-03T08:29:25.647Z",
      "history_type": "+",
      "history_user_id": null,
      "id": "fdcdb931-97e9-4031-a590-d27a857298c5",
      "meta": {},
      "modified_at": "2019-11-05T06:59:42.421Z",
      "question": "vorname-gesuchstellerin-vorabklaerung",
      "value": "Max"
    },
    "model": "caluma_form.historicalanswer",
    "pk": "ad5f626d-cac9-48cc-875a-830e5312479d"
  },
  {
    "fields": {
      "created_at": "2019-07-04T06:44:15.755Z",
      "created_by_group": "[]",
      "created_by_user": "855a5ba0-cdcc-48d5-ab7c-4fc55cbe0754",
      "date": null,
      "document": "ade01883-ddd0-4c8a-8ded-632814f29bf9",
      "file": null,
      "history_change_reason": "",
      "history_date": "2020-03-03T08:29:25.646Z",
      "history_type": "+",
      "history_user_id": null,
      "id": "91114812-10f2-46a8-82de-7c68efab3ee5",
      "meta": {},
      "modified_at": "2019-07-04T06:44:15.755Z",
      "question": "personalien-gesuchstellerin",
      "value": null
    },
    "model": "caluma_form.historicalanswer",
    "pk": "b3f4d9bd-0c20-4e2e-8b4f-5d5dc2a4e6c9"
  },
  {
    "fields": {
      "created_at": "2019-11-05T06:59:54.086Z",
      "created_by_group": null,
      "created_by_user": "855a5ba0-cdcc-48d5-ab7c-4fc55cbe0754",
      "date": null,
      "document": "d6bc70b6-8598-4dda-8ae8-078280a34fc5",
      "file": null,
      "history_change_reason": "",
      "history_date": "2020-03-03T08:29:25.645Z",
      "history_type": "+",
      "history_user_id": null,
      "id": "688fe6f8-a3d5-4a3a-8c4d-59d50b137a09",
      "meta": {},
      "modified_at": "2019-11-05T06:59:54.086Z",
      "question": "einreichen-button",
      "value": ["einreichen-button-eingereicht"]
    },
    "model": "caluma_form.historicalanswer",
    "pk": "b698f77a-00d8-482a-b748-53b23ce1c124"
  },
  {
    "fields": {
      "created_at": "2019-11-05T06:59:37.680Z",
      "created_by_group": null,
      "created_by_user": "855a5ba0-cdcc-48d5-ab7c-4fc55cbe0754",
      "date": null,
      "document": "ba627a75-d9b5-4f0d-9b1e-256eb7fd8f66",
      "file": null,
      "history_change_reason": "",
      "history_date": "2020-03-03T08:29:25.644Z",
      "history_type": "+",
      "history_user_id": null,
      "id": "0a8ae08f-709b-477c-b150-000b0b889d29",
      "meta": {},
      "modified_at": "2019-11-05T06:59:37.680Z",
      "question": "papierdossier",
      "value": "papierdossier-nein"
    },
    "model": "caluma_form.historicalanswer",
    "pk": "b7a9a644-ac13-4de5-b37f-15cb11309ca4"
  },
  {
    "fields": {
      "created_at": "2019-07-04T06:45:15.676Z",
      "created_by_group": "[]",
      "created_by_user": "855a5ba0-cdcc-48d5-ab7c-4fc55cbe0754",
      "date": null,
      "document": "ade01883-ddd0-4c8a-8ded-632814f29bf9",
      "file": null,
      "history_change_reason": "",
      "history_date": "2020-03-03T08:29:25.646Z",
      "history_type": "+",
      "history_user_id": null,
      "id": "96d7c0dd-afec-40b5-9f40-982b77c9b117",
      "meta": {},
      "modified_at": "2019-07-04T06:45:15.676Z",
      "question": "parzelle",
      "value": null
    },
    "model": "caluma_form.historicalanswer",
    "pk": "b8d2232f-dbb9-4cd9-b436-c9e07d3f6690"
  },
  {
    "fields": {
      "created_at": "2019-07-04T06:45:23.689Z",
      "created_by_group": "[]",
      "created_by_user": "855a5ba0-cdcc-48d5-ab7c-4fc55cbe0754",
      "date": null,
      "document": "ade01883-ddd0-4c8a-8ded-632814f29bf9",
      "file": null,
      "history_change_reason": "",
      "history_date": "2020-03-03T08:29:25.645Z",
      "history_type": "+",
      "history_user_id": null,
      "id": "59b811e8-6204-45c6-bf81-1745ff5a74e0",
      "meta": {},
      "modified_at": "2019-07-04T06:45:23.689Z",
      "question": "gebiet-mit-archaeologischen-objekten",
      "value": "gebiet-mit-archaeologischen-objekten-nein"
    },
    "model": "caluma_form.historicalanswer",
    "pk": "c1721b72-7798-461f-a61a-d6758b33c30f"
  },
  {
    "fields": {
      "created_at": "2019-07-04T06:44:49.079Z",
      "created_by_group": "[]",
      "created_by_user": "855a5ba0-cdcc-48d5-ab7c-4fc55cbe0754",
      "date": null,
      "document": "ade01883-ddd0-4c8a-8ded-632814f29bf9",
      "file": null,
      "history_change_reason": "",
      "history_date": "2020-03-03T08:29:25.646Z",
      "history_type": "+",
      "history_user_id": null,
      "id": "7a628270-6280-4fa4-a2f5-3804734c17f2",
      "meta": {},
      "modified_at": "2019-07-04T06:44:49.079Z",
      "question": "handelt-es-sich-um-ein-sensibles-objekt",
      "value": "handelt-es-sich-um-ein-sensibles-objekt-nein"
    },
    "model": "caluma_form.historicalanswer",
    "pk": "c25421a9-162e-482b-a61c-127175b2a785"
  },
  {
    "fields": {
      "created_at": "2019-07-04T06:44:44.665Z",
      "created_by_group": "[]",
      "created_by_user": "855a5ba0-cdcc-48d5-ab7c-4fc55cbe0754",
      "date": null,
      "document": "ade01883-ddd0-4c8a-8ded-632814f29bf9",
      "file": null,
      "history_change_reason": "",
      "history_date": "2020-03-03T08:29:25.647Z",
      "history_type": "+",
      "history_user_id": null,
      "id": "e7b3cd1a-83df-430b-a3a7-1825c44f83a0",
      "meta": {},
      "modified_at": "2019-07-04T06:44:44.665Z",
      "question": "schutzraum-pflicht",
      "value": "schutzraum-pflicht-nein"
    },
    "model": "caluma_form.historicalanswer",
    "pk": "c5c86888-9775-4f15-8a02-e6fb62e70f15"
  },
  {
    "fields": {
      "created_at": "2019-07-04T06:45:24.392Z",
      "created_by_group": "[]",
      "created_by_user": "855a5ba0-cdcc-48d5-ab7c-4fc55cbe0754",
      "date": null,
      "document": "ade01883-ddd0-4c8a-8ded-632814f29bf9",
      "file": null,
      "history_change_reason": "",
      "history_date": "2020-03-03T08:29:25.647Z",
      "history_type": "+",
      "history_user_id": null,
      "id": "eedbb6bd-564f-4ae1-a6eb-11544e0bc39e",
      "meta": {},
      "modified_at": "2019-07-04T06:45:24.392Z",
      "question": "gewaesserschutzbereich",
      "value": ["gewaesserschutzbereich-au"]
    },
    "model": "caluma_form.historicalanswer",
    "pk": "c8fc0ac2-ef65-400b-ab95-b451ea687936"
  },
  {
    "fields": {
      "created_at": "2019-07-04T06:41:13.910Z",
      "created_by_group": "[]",
      "created_by_user": "855a5ba0-cdcc-48d5-ab7c-4fc55cbe0754",
      "date": null,
      "document": "8f6f22f6-861e-4219-bef8-1828f64a8849",
      "file": null,
      "history_change_reason": "",
      "history_date": "2020-03-03T08:29:25.646Z",
      "history_type": "+",
      "history_user_id": null,
      "id": "8ba39781-35ae-4cda-97cd-3258c1160fdf",
      "meta": {},
      "modified_at": "2019-07-04T06:41:13.910Z",
      "question": "papierdossier",
      "value": "papierdossier-nein"
    },
    "model": "caluma_form.historicalanswer",
    "pk": "cd027325-c06e-4e20-8b23-73044a7fd72a"
  },
  {
    "fields": {
      "created_at": "2019-07-04T06:46:39.560Z",
      "created_by_group": "[]",
      "created_by_user": "855a5ba0-cdcc-48d5-ab7c-4fc55cbe0754",
      "date": null,
      "document": "ade01883-ddd0-4c8a-8ded-632814f29bf9",
      "file": null,
      "history_change_reason": "",
      "history_date": "2020-03-03T08:29:25.647Z",
      "history_type": "+",
      "history_user_id": null,
      "id": "ffefb064-0fb0-4d67-a5a7-b10c6c6726f7",
      "meta": {},
      "modified_at": "2019-07-04T06:46:39.560Z",
      "question": "einhaltung-asbestvorgaben",
      "value": ["einhaltung-asbestvorgaben-ja"]
    },
    "model": "caluma_form.historicalanswer",
    "pk": "d69d4705-cc54-4d22-9f69-f5354423c4f7"
  },
  {
    "fields": {
      "created_at": "2020-01-29T09:55:39.814Z",
      "created_by_group": null,
      "created_by_user": null,
      "date": null,
      "document": "d293591d-47f3-4b2c-8ca9-bdea3b63c264",
      "file": null,
      "history_change_reason": "",
      "history_date": "2020-03-03T08:29:25.645Z",
      "history_type": "+",
      "history_user_id": null,
      "id": "71a19a99-ad5c-4cdd-8f0b-b5f3f0340ae9",
      "meta": {},
      "modified_at": "2020-01-29T09:55:39.814Z",
      "question": "portal-inhalt-fr",
      "value": ""
    },
    "model": "caluma_form.historicalanswer",
    "pk": "d96293e0-280c-4424-90d2-7c44a0e81929"
  },
  {
    "fields": {
      "created_at": "2019-11-05T06:59:44.178Z",
      "created_by_group": null,
      "created_by_user": "855a5ba0-cdcc-48d5-ab7c-4fc55cbe0754",
      "date": null,
      "document": "d6bc70b6-8598-4dda-8ae8-078280a34fc5",
      "file": null,
      "history_change_reason": "",
      "history_date": "2020-03-03T08:29:25.644Z",
      "history_type": "+",
      "history_user_id": null,
      "id": "4203bae4-4043-4a06-b538-013183181e34",
      "meta": {},
      "modified_at": "2019-11-05T06:59:44.178Z",
      "question": "plz-gesuchstellerin",
      "value": 1234
    },
    "model": "caluma_form.historicalanswer",
    "pk": "d9aa8ada-aade-4b6d-a88a-665260a7983d"
  },
  {
    "fields": {
      "created_at": "2019-07-04T06:45:33.385Z",
      "created_by_group": "[]",
      "created_by_user": "855a5ba0-cdcc-48d5-ab7c-4fc55cbe0754",
      "date": null,
      "document": "ade01883-ddd0-4c8a-8ded-632814f29bf9",
      "file": null,
      "history_change_reason": "",
      "history_date": "2020-03-03T08:29:25.646Z",
      "history_type": "+",
      "history_user_id": null,
      "id": "a9567ac4-4cc3-4657-b094-68cd967c60ae",
      "meta": {},
      "modified_at": "2019-07-04T06:45:33.385Z",
      "question": "strasse-flurname",
      "value": "Strasse"
    },
    "model": "caluma_form.historicalanswer",
    "pk": "da611ed9-750b-459a-9d2c-40a50a3acc1a"
  },
  {
    "fields": {
      "created_at": "2019-07-04T06:46:36.876Z",
      "created_by_group": "[]",
      "created_by_user": "855a5ba0-cdcc-48d5-ab7c-4fc55cbe0754",
      "date": null,
      "document": "ade01883-ddd0-4c8a-8ded-632814f29bf9",
      "file": null,
      "history_change_reason": "",
      "history_date": "2020-03-03T08:29:25.644Z",
      "history_type": "+",
      "history_user_id": null,
      "id": "1417f3f7-6f64-45df-b9f4-2f4474dcc24f",
      "meta": {},
      "modified_at": "2019-07-04T06:46:36.876Z",
      "question": "verzicht-schadensersatz-naturereignisse",
      "value": ["verzicht-schadensersatz-naturereignisse-ja"]
    },
    "model": "caluma_form.historicalanswer",
    "pk": "de3d4ecf-9667-42f3-8c33-65d6293990e2"
  },
  {
    "fields": {
      "created_at": "2019-07-04T06:46:08.522Z",
      "created_by_group": "[]",
      "created_by_user": "855a5ba0-cdcc-48d5-ab7c-4fc55cbe0754",
      "date": null,
      "document": "ade01883-ddd0-4c8a-8ded-632814f29bf9",
      "file": null,
      "history_change_reason": "",
      "history_date": "2020-03-03T08:29:25.645Z",
      "history_type": "+",
      "history_user_id": null,
      "id": "67d4a441-496a-4e21-96e2-2e78e24487bb",
      "meta": {},
      "modified_at": "2019-07-04T06:46:08.522Z",
      "question": "mit-schadstoffen-belastete-luft-aus-gebaeuden",
      "value": "mit-schadstoffen-belastete-luft-aus-gebaeuden-nein"
    },
    "model": "caluma_form.historicalanswer",
    "pk": "e2d7efdc-ac93-4b50-8a07-9e9a6596fe95"
  },
  {
    "fields": {
      "created_at": "2019-07-04T06:45:41.703Z",
      "created_by_group": "[]",
      "created_by_user": "855a5ba0-cdcc-48d5-ab7c-4fc55cbe0754",
      "date": null,
      "document": "ade01883-ddd0-4c8a-8ded-632814f29bf9",
      "file": null,
      "history_change_reason": "",
      "history_date": "2020-03-03T08:29:25.645Z",
      "history_type": "+",
      "history_user_id": null,
      "id": "4de02463-e0f2-42f5-ad66-5f6678fe233a",
      "meta": {},
      "modified_at": "2019-07-04T06:45:41.703Z",
      "question": "gemeinde",
      "value": "2"
    },
    "model": "caluma_form.historicalanswer",
    "pk": "e5775bcc-e150-4077-917b-a8f7be85a174"
  },
  {
    "fields": {
      "created_at": "2019-07-04T06:44:39.371Z",
      "created_by_group": "[]",
      "created_by_user": "855a5ba0-cdcc-48d5-ab7c-4fc55cbe0754",
      "date": null,
      "document": "ade01883-ddd0-4c8a-8ded-632814f29bf9",
      "file": null,
      "history_change_reason": "",
      "history_date": "2020-03-03T08:29:25.647Z",
      "history_type": "+",
      "history_user_id": null,
      "id": "f79cf4cf-2eff-4bda-82c9-549ebbd7509b",
      "meta": {},
      "modified_at": "2019-07-04T06:44:39.371Z",
      "question": "nutzungsart",
      "value": ["nutzungsart-wohnen"]
    },
    "model": "caluma_form.historicalanswer",
    "pk": "e68aab7b-2485-4dd9-9716-33109ca173d1"
  },
  {
    "fields": {
      "created_at": "2019-07-04T06:45:23.901Z",
      "created_by_group": "[]",
      "created_by_user": "855a5ba0-cdcc-48d5-ab7c-4fc55cbe0754",
      "date": null,
      "document": "ade01883-ddd0-4c8a-8ded-632814f29bf9",
      "file": null,
      "history_change_reason": "",
      "history_date": "2020-03-03T08:29:25.646Z",
      "history_type": "+",
      "history_user_id": null,
      "id": "88bb4f85-4104-4ca7-8b09-788d524254ed",
      "meta": {},
      "modified_at": "2019-07-04T06:45:23.901Z",
      "question": "belasteter-standort",
      "value": "belasteter-standort-nein"
    },
    "model": "caluma_form.historicalanswer",
    "pk": "e803bd39-c220-4e66-8eff-839d390a1782"
  },
  {
    "fields": {
      "created_at": "2019-07-04T06:45:55.660Z",
      "created_by_group": "[]",
      "created_by_user": "855a5ba0-cdcc-48d5-ab7c-4fc55cbe0754",
      "date": null,
      "document": "ade01883-ddd0-4c8a-8ded-632814f29bf9",
      "file": null,
      "history_change_reason": "",
      "history_date": "2020-03-03T08:29:25.644Z",
      "history_type": "+",
      "history_user_id": null,
      "id": "3b586dc7-fd8d-41fe-93db-bbf0342ff5b2",
      "meta": {},
      "modified_at": "2019-07-04T06:45:55.660Z",
      "question": "wildtierschutz",
      "value": "wildtierschutz-nein"
    },
    "model": "caluma_form.historicalanswer",
    "pk": "e80b6a5d-7394-4128-ab37-5f0f0eb7714d"
  },
  {
    "fields": {
      "created_at": "2019-07-04T06:41:13.910Z",
      "created_by_group": "[]",
      "created_by_user": "855a5ba0-cdcc-48d5-ab7c-4fc55cbe0754",
      "date": null,
      "document": "b5567203-c5a9-4a3e-baa7-c89ceb43e7ef",
      "file": null,
      "history_change_reason": "",
      "history_date": "2020-03-03T08:29:25.645Z",
      "history_type": "+",
      "history_user_id": null,
      "id": "6720844c-e49f-47ec-848f-fa0b01745719",
      "meta": {},
      "modified_at": "2019-07-04T06:41:13.910Z",
      "question": "papierdossier",
      "value": "papierdossier-nein"
    },
    "model": "caluma_form.historicalanswer",
    "pk": "ecb15b5b-18ec-4a99-95d6-473cf3b130c3"
  },
  {
    "fields": {
      "created_at": "2019-07-04T06:44:43.119Z",
      "created_by_group": "[]",
      "created_by_user": "855a5ba0-cdcc-48d5-ab7c-4fc55cbe0754",
      "date": null,
      "document": "ade01883-ddd0-4c8a-8ded-632814f29bf9",
      "file": null,
      "history_change_reason": "",
      "history_date": "2020-03-03T08:29:25.644Z",
      "history_type": "+",
      "history_user_id": null,
      "id": "11badb9b-18e2-4b3a-a37c-50426dc02267",
      "meta": {},
      "modified_at": "2019-07-04T06:44:43.119Z",
      "question": "sind-belange-des-gewasserschutzes-betroffen",
      "value": "sind-belange-des-gewasserschutzes-betroffen-nein"
    },
    "model": "caluma_form.historicalanswer",
    "pk": "f0117a6c-d55b-459b-8dc1-71b6812589bb"
  },
  {
    "fields": {
      "created_at": "2019-07-04T06:46:10.100Z",
      "created_by_group": "[]",
      "created_by_user": "855a5ba0-cdcc-48d5-ab7c-4fc55cbe0754",
      "date": null,
      "document": "ade01883-ddd0-4c8a-8ded-632814f29bf9",
      "file": null,
      "history_change_reason": "",
      "history_date": "2020-03-03T08:29:25.645Z",
      "history_type": "+",
      "history_user_id": null,
      "id": "6a9f8f8e-544b-4d13-b4af-fe3b3a1a8306",
      "meta": {},
      "modified_at": "2019-07-04T06:46:10.100Z",
      "question": "werden-luftemissionen-erzeugt",
      "value": "werden-luftemissionen-erzeugt-nein"
    },
    "model": "caluma_form.historicalanswer",
    "pk": "f032293f-3469-495f-b3c3-6b8a86e9bdde"
  },
  {
    "fields": {
      "created_at": "2019-11-05T06:59:37.680Z",
      "created_by_group": null,
      "created_by_user": "855a5ba0-cdcc-48d5-ab7c-4fc55cbe0754",
      "date": null,
      "document": "6af2b453-5c9e-479a-a96f-dc58cb81e743",
      "file": null,
      "history_change_reason": "",
      "history_date": "2020-03-03T08:29:25.646Z",
      "history_type": "+",
      "history_user_id": null,
      "id": "7d210e50-afbd-4512-b6c3-c23f5a8f9911",
      "meta": {},
      "modified_at": "2019-11-05T06:59:37.680Z",
      "question": "papierdossier",
      "value": "papierdossier-nein"
    },
    "model": "caluma_form.historicalanswer",
    "pk": "f2e34178-f81b-4149-a95a-701e206e0f65"
  },
  {
    "fields": {
      "created_at": "2019-07-04T06:46:07.284Z",
      "created_by_group": "[]",
      "created_by_user": "855a5ba0-cdcc-48d5-ab7c-4fc55cbe0754",
      "date": null,
      "document": "ade01883-ddd0-4c8a-8ded-632814f29bf9",
      "file": null,
      "history_change_reason": "",
      "history_date": "2020-03-03T08:29:25.646Z",
      "history_type": "+",
      "history_user_id": null,
      "id": "8e5b6aa9-86c9-4bc1-a51a-9df6a98b8ef6",
      "meta": {},
      "modified_at": "2020-01-10T12:41:58.057Z",
      "question": "grenzwerte-ueberschritten",
      "value": "grenzwerte-ueberschritten-nein"
    },
    "model": "caluma_form.historicalanswer",
    "pk": "f5c20fef-92fc-4640-8914-2c29ddc2e610"
  },
  {
    "fields": {
      "created_at": "2019-07-04T06:44:32.038Z",
      "created_by_group": "[]",
      "created_by_user": "855a5ba0-cdcc-48d5-ab7c-4fc55cbe0754",
      "date": null,
      "document": "ade01883-ddd0-4c8a-8ded-632814f29bf9",
      "file": null,
      "history_change_reason": "",
      "history_date": "2020-03-03T08:29:25.645Z",
      "history_type": "+",
      "history_user_id": null,
      "id": "52af7800-3710-406c-8f21-d6507435d67d",
      "meta": {},
      "modified_at": "2019-07-04T06:44:32.038Z",
      "question": "baukosten-in-chf",
      "value": 100000
    },
    "model": "caluma_form.historicalanswer",
    "pk": "f6e673ec-b9ef-418b-81f0-cb7583267f68"
  },
  {
    "fields": {
      "created_at": "2019-07-04T06:46:32.935Z",
      "created_by_group": "[]",
      "created_by_user": "855a5ba0-cdcc-48d5-ab7c-4fc55cbe0754",
      "date": null,
      "document": "ade01883-ddd0-4c8a-8ded-632814f29bf9",
      "file": null,
      "history_change_reason": "",
      "history_date": "2020-03-03T08:29:25.647Z",
      "history_type": "+",
      "history_user_id": null,
      "id": "d7bd6458-e5e9-4cf7-bfc0-ba087a033ad0",
      "meta": {},
      "modified_at": "2019-07-04T06:46:32.935Z",
      "question": "situationsplan-dokument",
      "value": ["situationsplan-dokument-ja"]
    },
    "model": "caluma_form.historicalanswer",
    "pk": "f7a635dc-c35b-4077-903e-a7aa12c048a3"
  },
  {
    "fields": {
      "created_at": "2019-07-04T06:45:51.874Z",
      "created_by_group": "[]",
      "created_by_user": "855a5ba0-cdcc-48d5-ab7c-4fc55cbe0754",
      "date": null,
      "document": "ade01883-ddd0-4c8a-8ded-632814f29bf9",
      "file": null,
      "history_change_reason": "",
      "history_date": "2020-03-03T08:29:25.645Z",
      "history_type": "+",
      "history_user_id": null,
      "id": "60c4aa3c-3a54-41dc-8b27-82b6ec95f475",
      "meta": {},
      "modified_at": "2019-07-04T06:45:51.874Z",
      "question": "grundwasserschutzzonen",
      "value": ["grundwasserschutzzonen-s1"]
    },
    "model": "caluma_form.historicalanswer",
    "pk": "f95f947c-6d35-4978-896f-ff1b0db0732d"
  },
  {
    "fields": {
      "created_at": "2019-07-04T06:44:45.411Z",
      "created_by_group": "[]",
      "created_by_user": "855a5ba0-cdcc-48d5-ab7c-4fc55cbe0754",
      "date": null,
      "document": "ade01883-ddd0-4c8a-8ded-632814f29bf9",
      "file": null,
      "history_change_reason": "",
      "history_date": "2020-03-03T08:29:25.644Z",
      "history_type": "+",
      "history_user_id": null,
      "id": "12910002-9b0d-41ab-9697-2712de00023f",
      "meta": {},
      "modified_at": "2019-07-04T06:44:45.411Z",
      "question": "gentechnisch-veraenderte-pathogene-organismen",
      "value": "gentechnisch-veraenderte-pathogene-organismen-nein"
    },
    "model": "caluma_form.historicalanswer",
    "pk": "faccd3a8-8a1b-4a52-a3f0-d78cda09eb64"
  },
  {
    "fields": {
      "created_at": "2019-07-04T06:46:37.361Z",
      "created_by_group": "[]",
      "created_by_user": "855a5ba0-cdcc-48d5-ab7c-4fc55cbe0754",
      "date": null,
      "document": "ade01883-ddd0-4c8a-8ded-632814f29bf9",
      "file": null,
      "history_change_reason": "",
      "history_date": "2020-03-03T08:29:25.646Z",
      "history_type": "+",
      "history_user_id": null,
      "id": "7bb1578e-8cce-43c1-bb7b-630c93a92545",
      "meta": {},
      "modified_at": "2019-07-04T06:46:37.361Z",
      "question": "anforderungen-eingehalten",
      "value": ["anforderungen-eingehalten-ja"]
    },
    "model": "caluma_form.historicalanswer",
    "pk": "fc0f2044-3f2e-4aa4-87ca-93a517f4ea86"
  },
  {
    "fields": {
      "created_at": "2019-07-04T06:45:58.773Z",
      "created_by_group": "[]",
      "created_by_user": "855a5ba0-cdcc-48d5-ab7c-4fc55cbe0754",
      "date": null,
      "document": "ade01883-ddd0-4c8a-8ded-632814f29bf9",
      "file": null,
      "history_change_reason": "",
      "history_date": "2020-03-03T08:29:25.645Z",
      "history_type": "+",
      "history_user_id": null,
      "id": "69a230a5-2af5-42f3-8def-35d975b1b49f",
      "meta": {},
      "modified_at": "2019-07-04T06:45:58.773Z",
      "question": "besondere-brandrisiken",
      "value": "besondere-brandrisiken-nein"
    },
    "model": "caluma_form.historicalanswer",
    "pk": "fc5a6396-f1b4-41e4-9f0f-afa60f8e35c3"
  },
  {
    "fields": {
      "created_at": "2019-07-04T06:41:13.910Z",
      "created_by_group": "[]",
      "created_by_user": "855a5ba0-cdcc-48d5-ab7c-4fc55cbe0754",
      "family": "b5567203-c5a9-4a3e-baa7-c89ceb43e7ef",
      "form": "sb2",
      "history_change_reason": "",
      "history_date": "2020-03-03T08:29:25.748Z",
      "history_type": "+",
      "history_user_id": null,
      "id": "b5567203-c5a9-4a3e-baa7-c89ceb43e7ef",
      "meta": {
        "camac-instance-id": 1
      },
      "modified_at": "2019-07-04T06:41:13.910Z",
      "source": null
    },
    "model": "caluma_form.historicaldocument",
    "pk": "522bdb37-5799-4764-a5cf-75fb1e562c3e"
  },
  {
    "fields": {
      "created_at": "2019-07-04T06:43:50.926Z",
      "created_by_group": "[]",
      "created_by_user": "855a5ba0-cdcc-48d5-ab7c-4fc55cbe0754",
      "family": "ade01883-ddd0-4c8a-8ded-632814f29bf9",
      "form": "personalien-tabelle",
      "history_change_reason": "",
      "history_date": "2020-03-03T08:29:25.748Z",
      "history_type": "+",
      "history_user_id": null,
      "id": "4fa101d2-d6fb-4f29-a1ab-c89eacb4fa0b",
      "meta": {},
      "modified_at": "2019-07-04T06:44:15.830Z",
      "source": null
    },
    "model": "caluma_form.historicaldocument",
    "pk": "52d1e0ae-2de4-458f-ba45-dab4e65c02c8"
  },
  {
    "fields": {
      "created_at": "2019-11-05T06:59:37.680Z",
      "created_by_group": null,
      "created_by_user": "855a5ba0-cdcc-48d5-ab7c-4fc55cbe0754",
      "family": "d6bc70b6-8598-4dda-8ae8-078280a34fc5",
      "form": "vorabklaerung-einfach",
      "history_change_reason": null,
      "history_date": "2020-03-03T08:42:47.757Z",
      "history_type": "~",
      "history_user_id": null,
      "id": "d6bc70b6-8598-4dda-8ae8-078280a34fc5",
      "meta": {
        "camac-instance-id": 2,
        "submit-date": "2020-03-03T08:29:25+0000"
      },
      "modified_at": "2020-03-03T08:42:47.756Z",
      "source": null
    },
    "model": "caluma_form.historicaldocument",
    "pk": "61ca28c5-879e-49d1-a8d4-e461112148f0"
  },
  {
    "fields": {
      "created_at": "2019-11-05T06:59:37.680Z",
      "created_by_group": null,
      "created_by_user": "855a5ba0-cdcc-48d5-ab7c-4fc55cbe0754",
      "family": "13d72b51-00dd-46c6-88b4-e1ea624e3243",
      "form": "sb2",
      "history_change_reason": "",
      "history_date": "2020-03-03T08:29:25.747Z",
      "history_type": "+",
      "history_user_id": null,
      "id": "13d72b51-00dd-46c6-88b4-e1ea624e3243",
      "meta": {
        "camac-instance-id": 2
      },
      "modified_at": "2019-11-05T06:59:37.680Z",
      "source": null
    },
    "model": "caluma_form.historicaldocument",
    "pk": "667f65c2-3f57-4eaf-a47b-83328bc6a7ff"
  },
  {
    "fields": {
      "created_at": "2020-01-29T09:55:39.826Z",
      "created_by_group": null,
      "created_by_user": null,
      "family": "d293591d-47f3-4b2c-8ca9-bdea3b63c264",
      "form": "dashboard",
      "history_change_reason": "",
      "history_date": "2020-03-03T08:29:25.748Z",
      "history_type": "+",
      "history_user_id": null,
      "id": "d293591d-47f3-4b2c-8ca9-bdea3b63c264",
      "meta": {},
      "modified_at": "2020-01-29T09:55:39.826Z",
      "source": null
    },
    "model": "caluma_form.historicaldocument",
    "pk": "672a5649-2840-43e0-842a-b6267afbcfa8"
  },
  {
    "fields": {
      "created_at": "2019-07-04T06:41:13.910Z",
      "created_by_group": "[]",
      "created_by_user": "855a5ba0-cdcc-48d5-ab7c-4fc55cbe0754",
      "family": "ade01883-ddd0-4c8a-8ded-632814f29bf9",
      "form": "baugesuch",
      "history_change_reason": "",
      "history_date": "2020-03-03T08:29:25.748Z",
      "history_type": "+",
      "history_user_id": null,
      "id": "ade01883-ddd0-4c8a-8ded-632814f29bf9",
      "meta": {
        "camac-instance-id": 1
      },
      "modified_at": "2019-07-04T06:41:13.910Z",
      "source": null
    },
    "model": "caluma_form.historicaldocument",
    "pk": "77fcde7f-bf0e-4569-b637-e4da0db78b78"
  },
  {
    "fields": {
      "created_at": "2019-07-04T06:41:13.910Z",
      "created_by_group": "[]",
      "created_by_user": "855a5ba0-cdcc-48d5-ab7c-4fc55cbe0754",
      "family": "41dc79fa-4056-48e0-ae27-6899220e8d75",
      "form": "nfd",
      "history_change_reason": "",
      "history_date": "2020-03-03T08:29:25.748Z",
      "history_type": "+",
      "history_user_id": null,
      "id": "41dc79fa-4056-48e0-ae27-6899220e8d75",
      "meta": {
        "camac-instance-id": 1
      },
      "modified_at": "2019-07-04T06:41:13.910Z",
      "source": null
    },
    "model": "caluma_form.historicaldocument",
    "pk": "8cb1a865-e7f4-4d9f-832d-1e2fc7f39c31"
  },
  {
    "fields": {
      "created_at": "2019-11-05T06:59:37.680Z",
      "created_by_group": null,
      "created_by_user": "855a5ba0-cdcc-48d5-ab7c-4fc55cbe0754",
      "family": "6af2b453-5c9e-479a-a96f-dc58cb81e743",
      "form": "nfd",
      "history_change_reason": "",
      "history_date": "2020-03-03T08:29:25.748Z",
      "history_type": "+",
      "history_user_id": null,
      "id": "6af2b453-5c9e-479a-a96f-dc58cb81e743",
      "meta": {
        "camac-instance-id": 2
      },
      "modified_at": "2019-11-05T06:59:37.680Z",
      "source": null
    },
    "model": "caluma_form.historicaldocument",
    "pk": "a99c96ec-a35b-4b14-aea4-4ec4243e6e72"
  },
  {
    "fields": {
      "created_at": "2019-07-04T06:41:13.910Z",
      "created_by_group": "[]",
      "created_by_user": "855a5ba0-cdcc-48d5-ab7c-4fc55cbe0754",
      "family": "8f6f22f6-861e-4219-bef8-1828f64a8849",
      "form": "sb1",
      "history_change_reason": "",
      "history_date": "2020-03-03T08:29:25.748Z",
      "history_type": "+",
      "history_user_id": null,
      "id": "8f6f22f6-861e-4219-bef8-1828f64a8849",
      "meta": {
        "camac-instance-id": 1
      },
      "modified_at": "2019-07-04T06:41:13.910Z",
      "source": null
    },
    "model": "caluma_form.historicaldocument",
    "pk": "ad8c6791-7101-469e-94b9-8209d14456bd"
  },
  {
    "fields": {
      "created_at": "2019-07-04T06:45:14.696Z",
      "created_by_group": "[]",
      "created_by_user": "855a5ba0-cdcc-48d5-ab7c-4fc55cbe0754",
      "family": "ade01883-ddd0-4c8a-8ded-632814f29bf9",
      "form": "parzelle-tabelle",
      "history_change_reason": "",
      "history_date": "2020-03-03T08:29:25.748Z",
      "history_type": "+",
      "history_user_id": null,
      "id": "6a4574cc-8e77-4f47-9e9b-a1a8e7c81f32",
      "meta": {},
      "modified_at": "2019-07-04T06:45:15.689Z",
      "source": null
    },
    "model": "caluma_form.historicaldocument",
    "pk": "d994b376-0299-4043-8c43-b3c5f1150ece"
  },
  {
    "fields": {
      "created_at": "2019-11-05T06:59:37.680Z",
      "created_by_group": null,
      "created_by_user": "855a5ba0-cdcc-48d5-ab7c-4fc55cbe0754",
      "family": "d6bc70b6-8598-4dda-8ae8-078280a34fc5",
      "form": "vorabklaerung-einfach",
      "history_change_reason": "",
      "history_date": "2020-03-03T08:29:25.748Z",
      "history_type": "+",
      "history_user_id": null,
      "id": "d6bc70b6-8598-4dda-8ae8-078280a34fc5",
      "meta": {
        "camac-instance-id": 2,
        "submit-date": "2020-03-03T08:29:25+0000"
      },
      "modified_at": "2019-11-05T06:59:54.264Z",
      "source": null
    },
    "model": "caluma_form.historicaldocument",
    "pk": "ea581721-c483-48a5-895e-23359163877d"
  },
  {
    "fields": {
      "created_at": "2019-11-05T06:59:37.680Z",
      "created_by_group": null,
      "created_by_user": "855a5ba0-cdcc-48d5-ab7c-4fc55cbe0754",
      "family": "ba627a75-d9b5-4f0d-9b1e-256eb7fd8f66",
      "form": "sb1",
      "history_change_reason": "",
      "history_date": "2020-03-03T08:29:25.748Z",
      "history_type": "+",
      "history_user_id": null,
      "id": "ba627a75-d9b5-4f0d-9b1e-256eb7fd8f66",
      "meta": {
        "camac-instance-id": 2
      },
      "modified_at": "2019-11-05T06:59:37.680Z",
      "source": null
    },
    "model": "caluma_form.historicaldocument",
    "pk": "fa5201a4-1172-4861-8232-8cb58f17e491"
  },
  {
    "fields": {
      "created_at": "2020-03-02T12:07:11.937Z",
      "created_by_group": null,
      "created_by_user": "855a5ba0-cdcc-48d5-ab7c-4fc55cbe0754",
      "document": "d6bc70b6-8598-4dda-8ae8-078280a34fc5",
      "history_change_reason": "",
      "history_date": "2020-03-03T08:29:25.735Z",
      "history_type": "+",
      "history_user_id": null,
      "id": "c2c0d410-dc30-4d7c-bc05-4544a6beddec",
      "label": "{\"de\": \"Burgdorf\", \"fr\": null}",
      "modified_at": "2020-03-02T12:07:11.937Z",
      "question": "gemeinde",
      "slug": "2"
    },
    "model": "caluma_form.historicaldynamicoption",
    "pk": "cc3a7bc3-84f2-48bb-8a30-4d9356df3913"
  },
  {
    "fields": {
      "created_at": "2020-03-02T12:07:11.930Z",
      "created_by_group": "[]",
      "created_by_user": "855a5ba0-cdcc-48d5-ab7c-4fc55cbe0754",
      "document": "ade01883-ddd0-4c8a-8ded-632814f29bf9",
      "history_change_reason": "",
      "history_date": "2020-03-03T08:29:25.735Z",
      "history_type": "+",
      "history_user_id": null,
      "id": "2ba35bce-15b8-4881-b166-feb2e66c492c",
      "label": "{\"de\": \"Burgdorf\", \"fr\": null}",
      "modified_at": "2020-03-02T12:07:11.930Z",
      "question": "gemeinde",
      "slug": "2"
    },
    "model": "caluma_form.historicaldynamicoption",
    "pk": "e3c74f38-825e-49ee-819e-225284cb969f"
  }
]
