[
  {
    "fields": {
      "current_circulation_state": null,
      "next_circulation_state": 2
    },
    "model": "core.acirculationtransition",
    "pk": 489
  },
  {
    "fields": {
      "current_circulation_state": null,
      "next_circulation_state": 2
    },
    "model": "core.acirculationtransition",
    "pk": 510
  },
  {
    "fields": {
      "current_circulation_state": null,
      "next_circulation_state": 41
    },
    "model": "core.acirculationtransition",
    "pk": 890
  },
  {
    "fields": {
      "current_circulation_state": 41,
      "next_circulation_state": 1
    },
    "model": "core.acirculationtransition",
    "pk": 910
  },
  {
    "fields": {
      "current_circulation_state": null,
      "next_circulation_state": 2
    },
    "model": "core.acirculationtransition",
    "pk": 1392
  },
  {
    "fields": {
      "current_circulation_state": null,
      "next_circulation_state": 2
    },
    "model": "core.acirculationtransition",
    "pk": 1422
  },
  {
    "fields": {
      "current_circulation_state": null,
      "next_circulation_state": 2
    },
    "model": "core.acirculationtransition",
    "pk": 1452
  },
  {
    "fields": {
      "available_action": "save",
      "button": 2,
      "description": "",
      "error_message": "Dossier konnte nicht erstellt werden!",
      "execute_always": 0,
      "name": "Dossier erstellen",
      "sort": 0,
      "success_message": "Dossier erfolgreich erstellt."
    },
    "model": "core.action",
    "pk": 5
  },
  {
    "fields": {
      "available_action": "location",
      "button": 2,
      "description": "",
      "error_message": "",
      "execute_always": 0,
      "name": "Gemeinde setzen",
      "sort": 1,
      "success_message": ""
    },
    "model": "core.action",
    "pk": 6
  },
  {
    "fields": {
      "available_action": "php",
      "button": 2,
      "description": "",
      "error_message": "",
      "execute_always": 0,
      "name": "Dossier Nummer erstellen",
      "sort": 2,
      "success_message": ""
    },
    "model": "core.action",
    "pk": 7
  },
  {
    "fields": {
      "available_action": "save",
      "button": 3,
      "description": "",
      "error_message": "Speichern fehlgeschlagen!",
      "execute_always": 0,
      "name": "Speichern",
      "sort": 0,
      "success_message": "Speichern erfolgreich."
    },
    "model": "core.action",
    "pk": 8
  },
  {
    "fields": {
      "available_action": "formtransition",
      "button": 4,
      "description": "",
      "error_message": "Beim Freigeben des Dossiers ist ein Fehler aufgetreten!",
      "execute_always": 0,
      "name": "Freigeben an Gemeinde COMM - EXT",
      "sort": 1,
      "success_message": "Dossier erfolgreich freigegeben."
    },
    "model": "core.action",
    "pk": 9
  },
  {
    "fields": {
      "available_action": "save",
      "button": 64,
      "description": "",
      "error_message": "Dossier konnte nicht erstellt werden!",
      "execute_always": 0,
      "name": "Speichern",
      "sort": 0,
      "success_message": "Dossier erfolgreich erstellt."
    },
    "model": "core.action",
    "pk": 67
  },
  {
    "fields": {
      "available_action": "location",
      "button": 64,
      "description": "",
      "error_message": "",
      "execute_always": 0,
      "name": "Location setzen",
      "sort": 1,
      "success_message": ""
    },
    "model": "core.action",
    "pk": 68
  },
  {
    "fields": {
      "available_action": "php",
      "button": 64,
      "description": "",
      "error_message": "",
      "execute_always": 0,
      "name": "Dossier nummer setzen",
      "sort": 2,
      "success_message": ""
    },
    "model": "core.action",
    "pk": 69
  },
  {
    "fields": {
      "available_action": "save",
      "button": 65,
      "description": "",
      "error_message": "Speichern fehlgeschlagen!",
      "execute_always": 0,
      "name": "Speichern",
      "sort": 0,
      "success_message": "Speichern erfolgreich."
    },
    "model": "core.action",
    "pk": 87
  },
  {
    "fields": {
      "available_action": "workflow",
      "button": 4,
      "description": "COMM zu EXT",
      "error_message": "Workflow Datum konnte nicht gesetzt werden",
      "execute_always": 1,
      "name": "Workflow Datum setzen",
      "sort": 5,
      "success_message": "Workflow Datum gesetzt"
    },
    "model": "core.action",
    "pk": 171
  },
  {
    "fields": {
      "available_action": "save",
      "button": 5,
      "description": "",
      "error_message": "Speichern fehlgeschlagen!",
      "execute_always": 0,
      "name": "Speichern",
      "sort": 0,
      "success_message": "Speichern erfolgreich."
    },
    "model": "core.action",
    "pk": 187
  },
  {
    "fields": {
      "available_action": "save",
      "button": 4,
      "description": "",
      "error_message": "Das Dossier konnte nicht frei gegeben werden, da beim Speicher ein Fehler aufgetreten ist!",
      "execute_always": 0,
      "name": "Speichern",
      "sort": 0,
      "success_message": "Dossier gespeichert."
    },
    "model": "core.action",
    "pk": 190
  },
  {
    "fields": {
      "available_action": "formtransition",
      "button": 124,
      "description": "ext zu comm",
      "error_message": "Das Dossier konnte nicht zur\u00fcck an die Gemeinde geschickt werden, da ein Fehler aufgetreten ist!",
      "execute_always": 0,
      "name": "Zur\u00fcck an Gemeinde schicken",
      "sort": 0,
      "success_message": "Das Dossier wurde zur\u00fcck an die Gemeinde geschickt"
    },
    "model": "core.action",
    "pk": 227
  },
  {
    "fields": {
      "available_action": "notification",
      "button": 124,
      "description": "",
      "error_message": "E-Mail an Gemeinde konnte nicht verschickt werden",
      "execute_always": 0,
      "name": "Sende E-Mail an Gemeinde",
      "sort": 1,
      "success_message": "E-Mail an Gemeinde geschickt"
    },
    "model": "core.action",
    "pk": 228
  },
  {
    "fields": {
      "available_action": "formtransition",
      "button": 144,
      "description": "L\u00f6schen eines Dossiers der Koord",
      "error_message": "Das Dossier konnte nich gel\u00f6scht werden, da ein Fehler aufgetreten ist!",
      "execute_always": 0,
      "name": "L\u00f6schen",
      "sort": 0,
      "success_message": "Dossier gel\u00f6scht."
    },
    "model": "core.action",
    "pk": 247
  },
  {
    "fields": {
      "available_action": "formtransition",
      "button": 146,
      "description": "Dossier der Gemeinde l\u00f6schen",
      "error_message": "Das Dossier konnte nicht gel\u00f6scht werden, da ein Fehler aufgetreten ist!",
      "execute_always": 0,
      "name": "L\u00f6schen",
      "sort": 0,
      "success_message": "Dossier erfolgreich gel\u00f6scht."
    },
    "model": "core.action",
    "pk": 248
  },
  {
    "fields": {
      "available_action": "formtransition",
      "button": 147,
      "description": "redac zu done",
      "error_message": "Das Dossier konnte nicht zur\u00fcck an die Gemeinde geschickt werden, da ein Fehler aufgetreten ist!",
      "execute_always": 0,
      "name": "Zur\u00fcck an Gemeinde schicken",
      "sort": 0,
      "success_message": "Das Dossier wurde zur\u00fcck an die Gemeinde geschickt."
    },
    "model": "core.action",
    "pk": 249
  },
  {
    "fields": {
      "available_action": "workflow",
      "button": 147,
      "description": "Datum setzen wenn von REDAC zu DONE",
      "error_message": "",
      "execute_always": 0,
      "name": "Workflow-Datum setzen",
      "sort": 1,
      "success_message": ""
    },
    "model": "core.action",
    "pk": 250
  },
  {
    "fields": {
      "available_action": "notification",
      "button": 147,
      "description": "Wenn Status von REDAC zu DONE",
      "error_message": "Die Email an die Gemeinde konnte nicht versandt werden!",
      "execute_always": 0,
      "name": "E-Mail an Gemeinde",
      "sort": 2,
      "success_message": "Email an die Gemeinde wurde erfolgreich versandt."
    },
    "model": "core.action",
    "pk": 251
  },
  {
    "fields": {
      "available_action": "formtransition",
      "button": 148,
      "description": "REDAC zu ARCH",
      "error_message": "Das Dossier konnte nicht archiviert werden, da ein Fehler aufgetreten ist!",
      "execute_always": 0,
      "name": "Archivieren",
      "sort": 0,
      "success_message": "Das Dossier wurde erfolgreich archiviert."
    },
    "model": "core.action",
    "pk": 252
  },
  {
    "fields": {
      "available_action": "workflow",
      "button": 148,
      "description": "REDAC zu ARCH",
      "error_message": "",
      "execute_always": 0,
      "name": "Archivieren",
      "sort": 1,
      "success_message": ""
    },
    "model": "core.action",
    "pk": 253
  },
  {
    "fields": {
      "available_action": "formtransition",
      "button": 149,
      "description": "ANY (Gemeinde) zu ARCH",
      "error_message": "Das Dossier konnte nich archiviert werden, da ein Fehler aufgetreten ist!",
      "execute_always": 0,
      "name": "Archivieren",
      "sort": 0,
      "success_message": "Das Dossier wurde archiviert."
    },
    "model": "core.action",
    "pk": 254
  },
  {
    "fields": {
      "available_action": "workflow",
      "button": 149,
      "description": "ANY (Gemeinde) zu ARCH",
      "error_message": "",
      "execute_always": 0,
      "name": "Archivieren",
      "sort": 1,
      "success_message": ""
    },
    "model": "core.action",
    "pk": 255
  },
  {
    "fields": {
      "available_action": "save",
      "button": 150,
      "description": "",
      "error_message": "Speichern fehlgeschlagen!",
      "execute_always": 0,
      "name": "Speichern",
      "sort": 0,
      "success_message": "Speichern erfolgreich."
    },
    "model": "core.action",
    "pk": 257
  },
  {
    "fields": {
      "available_action": "formtransition",
      "button": 151,
      "description": "COMM zu DEL (nur Gemeinde)",
      "error_message": "Das Dossier konnte nicht gel\u00f6scht werden, da ein Fehler aufgetreten ist!",
      "execute_always": 0,
      "name": "L\u00f6schen",
      "sort": 0,
      "success_message": "Dossier erfolgreich gel\u00f6scht."
    },
    "model": "core.action",
    "pk": 258
  },
  {
    "fields": {
      "available_action": "formtransition",
      "button": 152,
      "description": "COMM zu ARCH (nur Gemeinde)",
      "error_message": "Das Dossiert konnte nicht archiviert werden, da ein Fehler aufgetreten ist!",
      "execute_always": 0,
      "name": "Archivieren",
      "sort": 0,
      "success_message": "Dossier erfolgreich archiviert."
    },
    "model": "core.action",
    "pk": 259
  },
  {
    "fields": {
      "available_action": "php",
      "button": 153,
      "description": "",
      "error_message": "Dossier konnte nicht umgewandelt werden!",
      "execute_always": 1,
      "name": "Dossier Typ Wechseln",
      "sort": 0,
      "success_message": "Dossier erfolgreich umgewandelt"
    },
    "model": "core.action",
    "pk": 260
  },
  {
    "fields": {
      "available_action": "save",
      "button": 215,
      "description": "",
      "error_message": "Speichern fehlgeschlagen!",
      "execute_always": 0,
      "name": "Speichern",
      "sort": 0,
      "success_message": "Speichern erfolgreich."
    },
    "model": "core.action",
    "pk": 349
  },
  {
    "fields": {
      "available_action": "save",
      "button": 216,
      "description": "",
      "error_message": "",
      "execute_always": 0,
      "name": "Speichern",
      "sort": 0,
      "success_message": ""
    },
    "model": "core.action",
    "pk": 350
  },
  {
    "fields": {
      "available_action": "formtransition",
      "button": 216,
      "description": "",
      "error_message": "Zirkulation konnte nicht gestartet werden!",
      "execute_always": 1,
      "name": "Zirkulation starten",
      "sort": 1,
      "success_message": "Zirkulation erfolgreich gestartet."
    },
    "model": "core.action",
    "pk": 351
  },
  {
    "fields": {
      "available_action": "workflow",
      "button": 216,
      "description": "",
      "error_message": "",
      "execute_always": 0,
      "name": "Zirkulation starten",
      "sort": 4,
      "success_message": ""
    },
    "model": "core.action",
    "pk": 352
  },
  {
    "fields": {
      "available_action": "pdf",
      "button": 248,
      "description": "",
      "error_message": "",
      "execute_always": 0,
      "name": "Stellungnahme generieren",
      "sort": 1,
      "success_message": ""
    },
    "model": "core.action",
    "pk": 374
  },
  {
    "fields": {
      "available_action": "docx",
      "button": 272,
      "description": "",
      "error_message": "",
      "execute_always": 0,
      "name": "Rechnung generieren",
      "sort": 0,
      "success_message": ""
    },
    "model": "core.action",
    "pk": 438
  },
  {
    "fields": {
      "available_action": "activation",
      "button": 248,
      "description": "",
      "error_message": "",
      "execute_always": 0,
      "name": "Kommentar speichern",
      "sort": 0,
      "success_message": ""
    },
    "model": "core.action",
    "pk": 441
  },
  {
    "fields": {
      "available_action": "workflow",
      "button": 64,
      "description": "",
      "error_message": "",
      "execute_always": 0,
      "name": "Workflow Datum setzen Dossier erfasst",
      "sort": 4,
      "success_message": ""
    },
    "model": "core.action",
    "pk": 444
  },
  {
    "fields": {
      "available_action": "workflow",
      "button": 2,
      "description": "",
      "error_message": "",
      "execute_always": 0,
      "name": "Workflow Datum setzen Dossier erfasst",
      "sort": 4,
      "success_message": ""
    },
    "model": "core.action",
    "pk": 445
  },
  {
    "fields": {
      "available_action": "activation",
      "button": 278,
      "description": "",
      "error_message": "",
      "execute_always": 0,
      "name": "Laufzettelkommentar speichern",
      "sort": 0,
      "success_message": ""
    },
    "model": "core.action",
    "pk": 452
  },
  {
    "fields": {
      "available_action": "pdf",
      "button": 278,
      "description": "",
      "error_message": "",
      "execute_always": 0,
      "name": "Laufzettel generieren",
      "sort": 1,
      "success_message": ""
    },
    "model": "core.action",
    "pk": 453
  },
  {
    "fields": {
      "available_action": "docx",
      "button": 288,
      "description": "",
      "error_message": "",
      "execute_always": 0,
      "name": "Brief generieren",
      "sort": 0,
      "success_message": ""
    },
    "model": "core.action",
    "pk": 473
  },
  {
    "fields": {
      "available_action": "save",
      "button": 304,
      "description": "Etwas speichern",
      "error_message": "Speichern fehlgeschlagen",
      "execute_always": 0,
      "name": "Speichern",
      "sort": 0,
      "success_message": "Speichern erfolgreich"
    },
    "model": "core.action",
    "pk": 487
  },
  {
    "fields": {
      "available_action": "save",
      "button": 305,
      "description": "",
      "error_message": "Antwort konnte nicht gesendet werden!",
      "execute_always": 0,
      "name": "Speichern",
      "sort": 0,
      "success_message": "Antwort erfolgreich gesendet"
    },
    "model": "core.action",
    "pk": 488
  },
  {
    "fields": {
      "available_action": "circulationtransition",
      "button": 305,
      "description": "",
      "error_message": "",
      "execute_always": 0,
      "name": "Zirkulation auf OK setzen",
      "sort": 1,
      "success_message": ""
    },
    "model": "core.action",
    "pk": 489
  },
  {
    "fields": {
      "available_action": "php",
      "button": 305,
      "description": "",
      "error_message": "",
      "execute_always": 0,
      "name": "Zirkulation Ende",
      "sort": 2,
      "success_message": ""
    },
    "model": "core.action",
    "pk": 490
  },
  {
    "fields": {
      "available_action": "save",
      "button": 324,
      "description": "",
      "error_message": "Zirkulation konnte nicht gestartet werden!",
      "execute_always": 0,
      "name": "Speichern",
      "sort": 0,
      "success_message": "Zirkulation erfolgreich gestartet."
    },
    "model": "core.action",
    "pk": 507
  },
  {
    "fields": {
      "available_action": "save",
      "button": 325,
      "description": "",
      "error_message": "Antwort konnte nicht gespeichert werden!",
      "execute_always": 0,
      "name": "Speichern",
      "sort": 0,
      "success_message": "Antwort gespeichert"
    },
    "model": "core.action",
    "pk": 508
  },
  {
    "fields": {
      "available_action": "save",
      "button": 326,
      "description": "",
      "error_message": "Antwort konnte nicht gespeichert werden",
      "execute_always": 0,
      "name": "Speichern",
      "sort": 0,
      "success_message": "Antwort gespeichert"
    },
    "model": "core.action",
    "pk": 509
  },
  {
    "fields": {
      "available_action": "circulationtransition",
      "button": 326,
      "description": "",
      "error_message": "Antwort konnte nicht zur\u00fcck gesandt werden",
      "execute_always": 0,
      "name": "Zirkulation auf OK setzen",
      "sort": 1,
      "success_message": "Antwort wurde zur\u00fcck gesandt"
    },
    "model": "core.action",
    "pk": 510
  },
  {
    "fields": {
      "available_action": "workflow",
      "button": 124,
      "description": "Datum setzen wenn von REDAC zu DONE",
      "error_message": "",
      "execute_always": 0,
      "name": "Workflow-Datum setzen",
      "sort": 2,
      "success_message": ""
    },
    "model": "core.action",
    "pk": 590
  },
  {
    "fields": {
      "available_action": "php",
      "button": 389,
      "description": "",
      "error_message": "",
      "execute_always": 0,
      "name": "Zirkulation wieder\u00f6ffnen",
      "sort": 0,
      "success_message": "Zirkulation wurde f\u00fcr die selektierten Fachstellen wiederer\u00f6ffnet!"
    },
    "model": "core.action",
    "pk": 610
  },
  {
    "fields": {
      "available_action": "php",
      "button": 408,
      "description": "",
      "error_message": "",
      "execute_always": 0,
      "name": "Stellungnahme bearbeiten",
      "sort": 0,
      "success_message": ""
    },
    "model": "core.action",
    "pk": 631
  },
  {
    "fields": {
      "available_action": "save",
      "button": 409,
      "description": "",
      "error_message": "Dossier konnte nicht erstellt werden!",
      "execute_always": 0,
      "name": "Speichern",
      "sort": 0,
      "success_message": "Dossier erfolgreich erstellt."
    },
    "model": "core.action",
    "pk": 632
  },
  {
    "fields": {
      "available_action": "location",
      "button": 409,
      "description": "",
      "error_message": "",
      "execute_always": 0,
      "name": "Location setzen",
      "sort": 1,
      "success_message": ""
    },
    "model": "core.action",
    "pk": 633
  },
  {
    "fields": {
      "available_action": "php",
      "button": 409,
      "description": "",
      "error_message": "",
      "execute_always": 0,
      "name": "Dossier nummer setzen",
      "sort": 2,
      "success_message": ""
    },
    "model": "core.action",
    "pk": 634
  },
  {
    "fields": {
      "available_action": "workflow",
      "button": 409,
      "description": "",
      "error_message": "",
      "execute_always": 0,
      "name": "Workflow Datum setzen Dossier erfasst",
      "sort": 3,
      "success_message": ""
    },
    "model": "core.action",
    "pk": 635
  },
  {
    "fields": {
      "available_action": "save",
      "button": 428,
      "description": "",
      "error_message": "Dossier konnte nicht gespeichert werden!",
      "execute_always": 0,
      "name": "Speichern",
      "sort": 0,
      "success_message": "Dossier erfolgreich gespeichert."
    },
    "model": "core.action",
    "pk": 650
  },
  {
    "fields": {
      "available_action": "formtransition",
      "button": 429,
      "description": "",
      "error_message": "",
      "execute_always": 0,
      "name": "L\u00f6schen",
      "sort": 0,
      "success_message": ""
    },
    "model": "core.action",
    "pk": 652
  },
  {
    "fields": {
      "available_action": "formtransition",
      "button": 430,
      "description": "",
      "error_message": "Dossier konnte nicht archiviert werden!",
      "execute_always": 0,
      "name": "Archivieren",
      "sort": 0,
      "success_message": "Dossier erfolgreich archiviert."
    },
    "model": "core.action",
    "pk": 653
  },
  {
    "fields": {
      "available_action": "workflow",
      "button": 430,
      "description": "",
      "error_message": "",
      "execute_always": 0,
      "name": "Archivieren",
      "sort": 1,
      "success_message": ""
    },
    "model": "core.action",
    "pk": 654
  },
  {
    "fields": {
      "available_action": "save",
      "button": 431,
      "description": "",
      "error_message": "Speichern fehlgeschlagen!",
      "execute_always": 0,
      "name": "Speichern",
      "sort": 0,
      "success_message": "Speichern erfolgreich."
    },
    "model": "core.action",
    "pk": 655
  },
  {
    "fields": {
      "available_action": "save",
      "button": 432,
      "description": "",
      "error_message": "",
      "execute_always": 0,
      "name": "Speichern",
      "sort": 0,
      "success_message": ""
    },
    "model": "core.action",
    "pk": 656
  },
  {
    "fields": {
      "available_action": "formtransition",
      "button": 432,
      "description": "",
      "error_message": "Zirkulation konnte nicht gestartet werden!",
      "execute_always": 0,
      "name": "Zirkulation starten",
      "sort": 1,
      "success_message": "Zirkulation erfolgreich gestartet."
    },
    "model": "core.action",
    "pk": 657
  },
  {
    "fields": {
      "available_action": "notification",
      "button": 432,
      "description": null,
      "error_message": "E-Mail zum Start der Zirkulation konnte nicht versendet werden",
      "execute_always": 0,
      "name": "Zirkulation starten E-Mail",
      "sort": 2,
      "success_message": "E-Mail zum Start der Zirkulation wurde versandt"
    },
    "model": "core.action",
    "pk": 658
  },
  {
    "fields": {
      "available_action": "workflow",
      "button": 432,
      "description": "",
      "error_message": "Workflow-Datum konnte nicht gesetzt werden",
      "execute_always": 1,
      "name": "Zirkulation starten",
      "sort": 4,
      "success_message": "Workflow-Datum gesetzt"
    },
    "model": "core.action",
    "pk": 659
  },
  {
    "fields": {
      "available_action": "activation",
      "button": 433,
      "description": "",
      "error_message": "",
      "execute_always": 0,
      "name": "Laufzettelkommentar speichern",
      "sort": 0,
      "success_message": ""
    },
    "model": "core.action",
    "pk": 660
  },
  {
    "fields": {
      "available_action": "pdf",
      "button": 433,
      "description": "",
      "error_message": "",
      "execute_always": 0,
      "name": "Laufzettel generieren",
      "sort": 1,
      "success_message": ""
    },
    "model": "core.action",
    "pk": 661
  },
  {
    "fields": {
      "available_action": "php",
      "button": 434,
      "description": "",
      "error_message": "",
      "execute_always": 0,
      "name": "Zirkulation wieder\u00f6ffnen",
      "sort": 0,
      "success_message": ""
    },
    "model": "core.action",
    "pk": 662
  },
  {
    "fields": {
      "available_action": "php",
      "button": 448,
      "description": "",
      "error_message": "",
      "execute_always": 0,
      "name": "Stellungnahme bearbeiten",
      "sort": 0,
      "success_message": ""
    },
    "model": "core.action",
    "pk": 670
  },
  {
    "fields": {
      "available_action": "save",
      "button": 468,
      "description": "",
      "error_message": "Dossier konnte nicht erstellt werden!",
      "execute_always": 0,
      "name": "Dossier erstellen",
      "sort": 0,
      "success_message": "Dossier erfolgreich erstellt."
    },
    "model": "core.action",
    "pk": 690
  },
  {
    "fields": {
      "available_action": "location",
      "button": 468,
      "description": "",
      "error_message": "",
      "execute_always": 0,
      "name": "Gemeinde setzen",
      "sort": 1,
      "success_message": ""
    },
    "model": "core.action",
    "pk": 691
  },
  {
    "fields": {
      "available_action": "php",
      "button": 468,
      "description": "",
      "error_message": "",
      "execute_always": 0,
      "name": "Dossier Nummer erstellen",
      "sort": 2,
      "success_message": ""
    },
    "model": "core.action",
    "pk": 692
  },
  {
    "fields": {
      "available_action": "workflow",
      "button": 468,
      "description": "",
      "error_message": "",
      "execute_always": 0,
      "name": "Workflow Datum setzen Dossier erfasst",
      "sort": 3,
      "success_message": ""
    },
    "model": "core.action",
    "pk": 693
  },
  {
    "fields": {
      "available_action": "save",
      "button": 469,
      "description": "",
      "error_message": "Speichern fehlgeschlagen!",
      "execute_always": 0,
      "name": "Speichern",
      "sort": 0,
      "success_message": "Speichern erfolgreich."
    },
    "model": "core.action",
    "pk": 694
  },
  {
    "fields": {
      "available_action": "save",
      "button": 470,
      "description": "",
      "error_message": "Das Dossier konnte nicht frei gegeben werden, da beim Speicher ein Fehler aufgetreten ist!",
      "execute_always": 0,
      "name": "Speichern",
      "sort": 0,
      "success_message": "Dossier gespeichert."
    },
    "model": "core.action",
    "pk": 696
  },
  {
    "fields": {
      "available_action": "formtransition",
      "button": 470,
      "description": "",
      "error_message": "Beim Freigeben des Dossiers ist ein Fehler aufgetreten!",
      "execute_always": 0,
      "name": "Freigeben an Koord COMM - EXT",
      "sort": 1,
      "success_message": "Dossier erfolgreich freigegeben."
    },
    "model": "core.action",
    "pk": 697
  },
  {
    "fields": {
      "available_action": "notification",
      "button": 470,
      "description": "",
      "error_message": "Das E-Mail an die Koordinationsstele konnte nicht versandt werden.",
      "execute_always": 0,
      "name": "E-Mail an Koord",
      "sort": 2,
      "success_message": "E-Mail wurde an die Koordinationsstelle versandt!"
    },
    "model": "core.action",
    "pk": 698
  },
  {
    "fields": {
      "available_action": "workflow",
      "button": 470,
      "description": "COMM zu EXT",
      "error_message": "",
      "execute_always": 1,
      "name": "Workflow Datum setzen",
      "sort": 3,
      "success_message": ""
    },
    "model": "core.action",
    "pk": 699
  },
  {
    "fields": {
      "available_action": "formtransition",
      "button": 471,
      "description": "Dossier der Gemeinde l\u00f6schen",
      "error_message": "Das Dossier konnte nicht gel\u00f6scht werden, da ein Fehler aufgetreten ist!",
      "execute_always": 0,
      "name": "L\u00f6schen",
      "sort": 0,
      "success_message": "Dossier erfolgreich gel\u00f6scht."
    },
    "model": "core.action",
    "pk": 700
  },
  {
    "fields": {
      "available_action": "formtransition",
      "button": 472,
      "description": "ANY (Gemeinde) zu ARCH",
      "error_message": "Das Dossier konnte nich archiviert werden, da ein Fehler aufgetreten ist!",
      "execute_always": 0,
      "name": "Archivieren",
      "sort": 0,
      "success_message": "Das Dossier wurde archiviert."
    },
    "model": "core.action",
    "pk": 701
  },
  {
    "fields": {
      "available_action": "workflow",
      "button": 472,
      "description": "ANY (Gemeinde) zu ARCH",
      "error_message": "",
      "execute_always": 0,
      "name": "Archivieren",
      "sort": 1,
      "success_message": ""
    },
    "model": "core.action",
    "pk": 702
  },
  {
    "fields": {
      "available_action": "pageredirect",
      "button": 216,
      "description": "",
      "error_message": "",
      "execute_always": 1,
      "name": "Auf Zirkulation bleiben",
      "sort": 5,
      "success_message": ""
    },
    "model": "core.action",
    "pk": 711
  },
  {
    "fields": {
      "available_action": "formtransition",
      "button": 488,
      "description": null,
      "error_message": null,
      "execute_always": 0,
      "name": "Wiederer\u00f6ffnen CONTROL/DONE - COMM",
      "sort": 0,
      "success_message": null
    },
    "model": "core.action",
    "pk": 730
  },
  {
    "fields": {
      "available_action": "formtransition",
      "button": 489,
      "description": "",
      "error_message": "",
      "execute_always": 0,
      "name": "Wiederer\u00f6ffnen done - comm",
      "sort": 0,
      "success_message": ""
    },
    "model": "core.action",
    "pk": 731
  },
  {
    "fields": {
      "available_action": "pageredirect",
      "button": 432,
      "description": "",
      "error_message": "",
      "execute_always": 1,
      "name": "Auf Zirkulation bleiben",
      "sort": 5,
      "success_message": ""
    },
    "model": "core.action",
    "pk": 732
  },
  {
    "fields": {
      "available_action": "pageredirect",
      "button": 326,
      "description": "",
      "error_message": "",
      "execute_always": 0,
      "name": "Weiterleitung zu Pendenzliste Subfachstelle",
      "sort": 2,
      "success_message": ""
    },
    "model": "core.action",
    "pk": 733
  },
  {
    "fields": {
      "available_action": "notification",
      "button": 216,
      "description": "Versendet eine E-Mail an alle zum Start der Zirkulation involvierten Stellen.",
      "error_message": "E-Mail zum Start der Zirkulation konnte nicht versendet werden",
      "execute_always": 0,
      "name": "Zirkulation starten E-Mail",
      "sort": 2,
      "success_message": "E-Mail zum Start der Zirkulation wurde versandt"
    },
    "model": "core.action",
    "pk": 734
  },
  {
    "fields": {
      "available_action": "pageredirect",
      "button": 305,
      "description": null,
      "error_message": null,
      "execute_always": 1,
      "name": "Weiterleitung zu Pendenzenliste",
      "sort": 4,
      "success_message": null
    },
    "model": "core.action",
    "pk": 735
  },
  {
    "fields": {
      "available_action": "pageredirect",
      "button": 408,
      "description": "",
      "error_message": "",
      "execute_always": 0,
      "name": "Weiterleitung zu Dossier abschliessen",
      "sort": 1,
      "success_message": ""
    },
    "model": "core.action",
    "pk": 737
  },
  {
    "fields": {
      "available_action": "pageredirect",
      "button": 448,
      "description": "",
      "error_message": "",
      "execute_always": 0,
      "name": "Weiterleitung zu Dossier abschliessen",
      "sort": 1,
      "success_message": ""
    },
    "model": "core.action",
    "pk": 738
  },
  {
    "fields": {
      "available_action": "docx",
      "button": 528,
      "description": "",
      "error_message": "",
      "execute_always": 0,
      "name": "Rechnung generieren",
      "sort": 0,
      "success_message": ""
    },
    "model": "core.action",
    "pk": 790
  },
  {
    "fields": {
      "available_action": "formtransition",
      "button": 529,
      "description": "",
      "error_message": "",
      "execute_always": 0,
      "name": "Zur\u00fcck an Gemeinde schicken",
      "sort": 0,
      "success_message": "Das Dossier wurde zur\u00fcck an die Gemeinde geschickt"
    },
    "model": "core.action",
    "pk": 791
  },
  {
    "fields": {
      "available_action": "notification",
      "button": 529,
      "description": "Wenn Status von REDAC zu DONE",
      "error_message": "Die Email an die Gemeinde konnte nicht versandt werden!",
      "execute_always": 0,
      "name": "E-Mail an Gemeinde",
      "sort": 1,
      "success_message": "Email an die Gemeinde wurde erfolgreich versandt."
    },
    "model": "core.action",
    "pk": 792
  },
  {
    "fields": {
      "available_action": "workflow",
      "button": 529,
      "description": "",
      "error_message": "",
      "execute_always": 0,
      "name": "Zur\u00fcck an Gemeinde",
      "sort": 2,
      "success_message": ""
    },
    "model": "core.action",
    "pk": 793
  },
  {
    "fields": {
      "available_action": "pdf",
      "button": 548,
      "description": "",
      "error_message": "",
      "execute_always": 0,
      "name": "Stellungnahme generieren",
      "sort": 1,
      "success_message": ""
    },
    "model": "core.action",
    "pk": 810
  },
  {
    "fields": {
      "available_action": "activation",
      "button": 548,
      "description": "",
      "error_message": "",
      "execute_always": 0,
      "name": "Kommentar bearbeiten und speichern",
      "sort": 0,
      "success_message": ""
    },
    "model": "core.action",
    "pk": 811
  },
  {
    "fields": {
      "available_action": "php",
      "button": 216,
      "description": "",
      "error_message": "",
      "execute_always": 0,
      "name": "IDLE auf RUN setzen",
      "sort": 3,
      "success_message": ""
    },
    "model": "core.action",
    "pk": 831
  },
  {
    "fields": {
      "available_action": "php",
      "button": 432,
      "description": "",
      "error_message": "",
      "execute_always": 0,
      "name": "IDLE auf RUN setzen",
      "sort": 3,
      "success_message": ""
    },
    "model": "core.action",
    "pk": 832
  },
  {
    "fields": {
      "available_action": "save",
      "button": 568,
      "description": "",
      "error_message": "",
      "execute_always": 0,
      "name": "Speichern",
      "sort": 0,
      "success_message": ""
    },
    "model": "core.action",
    "pk": 833
  },
  {
    "fields": {
      "available_action": "php",
      "button": 568,
      "description": "",
      "error_message": "",
      "execute_always": 0,
      "name": "IDLE auf RUN setzen",
      "sort": 2,
      "success_message": ""
    },
    "model": "core.action",
    "pk": 834
  },
  {
    "fields": {
      "available_action": "notification",
      "button": 568,
      "description": null,
      "error_message": null,
      "execute_always": 0,
      "name": "E-Mail an hinzugef\u00fcgte Fachstellen versenden",
      "sort": 1,
      "success_message": null
    },
    "model": "core.action",
    "pk": 835
  },
  {
    "fields": {
      "available_action": "save",
      "button": 570,
      "description": "",
      "error_message": "",
      "execute_always": 0,
      "name": "Speichern",
      "sort": 0,
      "success_message": ""
    },
    "model": "core.action",
    "pk": 839
  },
  {
    "fields": {
      "available_action": "notification",
      "button": 570,
      "description": null,
      "error_message": null,
      "execute_always": 0,
      "name": "E-Mail an hinzugef\u00fcgte Fachstellen versenden",
      "sort": 1,
      "success_message": null
    },
    "model": "core.action",
    "pk": 840
  },
  {
    "fields": {
      "available_action": "php",
      "button": 570,
      "description": "",
      "error_message": "",
      "execute_always": 0,
      "name": "IDLE auf RUN setzen",
      "sort": 2,
      "success_message": ""
    },
    "model": "core.action",
    "pk": 841
  },
  {
    "fields": {
      "available_action": "php",
      "button": 608,
      "description": "",
      "error_message": "",
      "execute_always": 0,
      "name": "Speichern",
      "sort": 0,
      "success_message": ""
    },
    "model": "core.action",
    "pk": 870
  },
  {
    "fields": {
      "available_action": "circulationtransition",
      "button": 628,
      "description": "Zirkulation in Nachforderung versetzen",
      "error_message": "Dossier konnte nicht in Nachforderung versetzt werden",
      "execute_always": 0,
      "name": "RUN - NFD",
      "sort": 2,
      "success_message": "Dossier erfolgreich in den Zustand Nachforderung versetzt"
    },
    "model": "core.action",
    "pk": 890
  },
  {
    "fields": {
      "available_action": "circulationtransition",
      "button": 648,
      "description": "Setzt die Zirkulation wieder in den Zustand RUN (Dossier vollst\u00e4ndig)",
      "error_message": "Dossier konnte nicht als vollst\u00e4ndig markiert werden!",
      "execute_always": 0,
      "name": "NFD - RUN",
      "sort": 1,
      "success_message": "Dossier als vollst\u00e4ndig markiert!"
    },
    "model": "core.action",
    "pk": 910
  },
  {
    "fields": {
      "available_action": "php",
      "button": 628,
      "description": "Setzt das Datum vom NFD",
      "error_message": "",
      "execute_always": 0,
      "name": "NFD Datum setzen",
      "sort": 3,
      "success_message": ""
    },
    "model": "core.action",
    "pk": 913
  },
  {
    "fields": {
      "available_action": "php",
      "button": 648,
      "description": "",
      "error_message": "",
      "execute_always": 0,
      "name": "Dossier vollst\u00e4ndig Datum setzen",
      "sort": 2,
      "success_message": ""
    },
    "model": "core.action",
    "pk": 914
  },
  {
    "fields": {
      "available_action": "save",
      "button": 628,
      "description": "",
      "error_message": "",
      "execute_always": 0,
      "name": "Save the Form",
      "sort": 1,
      "success_message": ""
    },
    "model": "core.action",
    "pk": 930
  },
  {
    "fields": {
      "available_action": "save",
      "button": 648,
      "description": "",
      "error_message": "",
      "execute_always": 0,
      "name": "Speichern",
      "sort": 0,
      "success_message": ""
    },
    "model": "core.action",
    "pk": 931
  },
  {
    "fields": {
      "available_action": "workflow",
      "button": 628,
      "description": "",
      "error_message": "",
      "execute_always": 0,
      "name": "Im Workflow Datum Nachforderung setzen",
      "sort": 4,
      "success_message": ""
    },
    "model": "core.action",
    "pk": 934
  },
  {
    "fields": {
      "available_action": "workflow",
      "button": 648,
      "description": "",
      "error_message": "",
      "execute_always": 0,
      "name": "Im Workflow Datum Dossier vollst\u00e4ndig setzen",
      "sort": 3,
      "success_message": ""
    },
    "model": "core.action",
    "pk": 936
  },
  {
    "fields": {
      "available_action": "location",
      "button": 668,
      "description": "",
      "error_message": "",
      "execute_always": 0,
      "name": "Standort Setzen",
      "sort": 1,
      "success_message": ""
    },
    "model": "core.action",
    "pk": 950
  },
  {
    "fields": {
      "available_action": "save",
      "button": 668,
      "description": "",
      "error_message": "Dossier konnte nicht erstellt werden!",
      "execute_always": 0,
      "name": "Speichern",
      "sort": 0,
      "success_message": "Dossier erfolgreich erstellt."
    },
    "model": "core.action",
    "pk": 951
  },
  {
    "fields": {
      "available_action": "php",
      "button": 668,
      "description": "",
      "error_message": "",
      "execute_always": 0,
      "name": "Dossier-NR setzen",
      "sort": 2,
      "success_message": ""
    },
    "model": "core.action",
    "pk": 952
  },
  {
    "fields": {
      "available_action": "workflow",
      "button": 668,
      "description": "",
      "error_message": "",
      "execute_always": 0,
      "name": "Workflow Datum setzen auf Dossier erfasst",
      "sort": 4,
      "success_message": ""
    },
    "model": "core.action",
    "pk": 953
  },
  {
    "fields": {
      "available_action": "save",
      "button": 688,
      "description": "",
      "error_message": "",
      "execute_always": 0,
      "name": "Speichern",
      "sort": 0,
      "success_message": ""
    },
    "model": "core.action",
    "pk": 970
  },
  {
    "fields": {
      "available_action": "save",
      "button": 689,
      "description": "",
      "error_message": "",
      "execute_always": 0,
      "name": "Speichern",
      "sort": 0,
      "success_message": ""
    },
    "model": "core.action",
    "pk": 971
  },
  {
    "fields": {
      "available_action": "formtransition",
      "button": 689,
      "description": "",
      "error_message": "",
      "execute_always": 0,
      "name": "Zirkulation Starten, InstanceState auf CIRC setzen",
      "sort": 1,
      "success_message": ""
    },
    "model": "core.action",
    "pk": 972
  },
  {
    "fields": {
      "available_action": "notification",
      "button": 689,
      "description": null,
      "error_message": "E-Mail zum Start der Zirkulation konnte nicht versendet werden",
      "execute_always": 0,
      "name": "Zirkulation starten E-Mail",
      "sort": 2,
      "success_message": "E-Mail zum Start der Zirkulation wurde versandt"
    },
    "model": "core.action",
    "pk": 973
  },
  {
    "fields": {
      "available_action": "php",
      "button": 689,
      "description": "",
      "error_message": "",
      "execute_always": 1,
      "name": "IDLE auf RUN setzen",
      "sort": 3,
      "success_message": ""
    },
    "model": "core.action",
    "pk": 974
  },
  {
    "fields": {
      "available_action": "workflow",
      "button": 689,
      "description": "",
      "error_message": "Workflow-Datum konnte nicht gesetzt werden",
      "execute_always": 1,
      "name": "Zirkulation starten",
      "sort": 4,
      "success_message": "Workflow-Datum gesetzt"
    },
    "model": "core.action",
    "pk": 975
  },
  {
    "fields": {
      "available_action": "pageredirect",
      "button": 689,
      "description": "",
      "error_message": "",
      "execute_always": 1,
      "name": "Auf Zirkulation bleiben",
      "sort": 5,
      "success_message": ""
    },
    "model": "core.action",
    "pk": 976
  },
  {
    "fields": {
      "available_action": "save",
      "button": 690,
      "description": "",
      "error_message": "",
      "execute_always": 0,
      "name": "Speichern",
      "sort": 0,
      "success_message": ""
    },
    "model": "core.action",
    "pk": 977
  },
  {
    "fields": {
      "available_action": "notification",
      "button": 690,
      "description": null,
      "error_message": null,
      "execute_always": 0,
      "name": "E-Mail an hinzugef\u00fcgte Fachstellen versenden",
      "sort": 1,
      "success_message": null
    },
    "model": "core.action",
    "pk": 978
  },
  {
    "fields": {
      "available_action": "php",
      "button": 690,
      "description": "",
      "error_message": "",
      "execute_always": 0,
      "name": "IDLE auf RUN setzen",
      "sort": 2,
      "success_message": ""
    },
    "model": "core.action",
    "pk": 979
  },
  {
    "fields": {
      "available_action": "activation",
      "button": 691,
      "description": "",
      "error_message": "",
      "execute_always": 0,
      "name": "Laufzettelkommentar speichern",
      "sort": 0,
      "success_message": ""
    },
    "model": "core.action",
    "pk": 980
  },
  {
    "fields": {
      "available_action": "pdf",
      "button": 691,
      "description": "",
      "error_message": "",
      "execute_always": 0,
      "name": "Laufzettel generieren",
      "sort": 1,
      "success_message": ""
    },
    "model": "core.action",
    "pk": 981
  },
  {
    "fields": {
      "available_action": "php",
      "button": 692,
      "description": "",
      "error_message": "",
      "execute_always": 0,
      "name": "Zirkulation wieder\u00f6ffnen",
      "sort": 0,
      "success_message": ""
    },
    "model": "core.action",
    "pk": 982
  },
  {
    "fields": {
      "available_action": "save",
      "button": 708,
      "description": "",
      "error_message": "Speichern fehlgeschlagen!",
      "execute_always": 0,
      "name": "Speichern",
      "sort": 0,
      "success_message": "Speichern erfolgreich."
    },
    "model": "core.action",
    "pk": 990
  },
  {
    "fields": {
      "available_action": "formtransition",
      "button": 710,
      "description": "L\u00f6schen eines Dossiers der Koord BD",
      "error_message": "Das Dossier konnte nich gel\u00f6scht werden, da ein Fehler aufgetreten ist!",
      "execute_always": 0,
      "name": "L\u00f6schen EXT - DEL",
      "sort": 0,
      "success_message": "Dossier gel\u00f6scht."
    },
    "model": "core.action",
    "pk": 992
  },
  {
    "fields": {
      "available_action": "formtransition",
      "button": 711,
      "description": "REDAC zu ARCH",
      "error_message": "Das Dossier konnte nicht archiviert werden, da ein Fehler aufgetreten ist!",
      "execute_always": 0,
      "name": "Archivieren REDAC - ARCH",
      "sort": 0,
      "success_message": "Das Dossier wurde erfolgreich archiviert."
    },
    "model": "core.action",
    "pk": 993
  },
  {
    "fields": {
      "available_action": "workflow",
      "button": 711,
      "description": "",
      "error_message": "",
      "execute_always": 0,
      "name": "Archivieren WorkflowDate",
      "sort": 1,
      "success_message": ""
    },
    "model": "core.action",
    "pk": 994
  },
  {
    "fields": {
      "available_action": "docx",
      "button": 714,
      "description": "",
      "error_message": "",
      "execute_always": 0,
      "name": "Rechnung generieren",
      "sort": 0,
      "success_message": ""
    },
    "model": "core.action",
    "pk": 998
  },
  {
    "fields": {
      "available_action": "save",
      "button": 715,
      "description": "",
      "error_message": "Speichern fehlgeschlagen!",
      "execute_always": 0,
      "name": "Speichern",
      "sort": 0,
      "success_message": "Speichern erfolgreich."
    },
    "model": "core.action",
    "pk": 999
  },
  {
    "fields": {
      "available_action": "formtransition",
      "button": 716,
      "description": "L\u00f6schen eines Dossiers Bewilligungsverfahren f\u00fcr die Beanspruchung von Kantonsgebiet",
      "error_message": "Das Dossier konnte nich gel\u00f6scht werden, da ein Fehler aufgetreten ist!",
      "execute_always": 0,
      "name": "L\u00f6schen EXT - DEL",
      "sort": 0,
      "success_message": "Dossier gel\u00f6scht."
    },
    "model": "core.action",
    "pk": 1001
  },
  {
    "fields": {
      "available_action": "formtransition",
      "button": 717,
      "description": "REDAC zu ARCH",
      "error_message": "Das Dossier konnte nicht archiviert werden, da ein Fehler aufgetreten ist!",
      "execute_always": 0,
      "name": "Archivieren REDAC - ARCH",
      "sort": 0,
      "success_message": "Das Dossier wurde erfolgreich archiviert."
    },
    "model": "core.action",
    "pk": 1002
  },
  {
    "fields": {
      "available_action": "workflow",
      "button": 717,
      "description": "",
      "error_message": "",
      "execute_always": 0,
      "name": "Archivieren WorkflowDate",
      "sort": 1,
      "success_message": ""
    },
    "model": "core.action",
    "pk": 1003
  },
  {
    "fields": {
      "available_action": "formtransition",
      "button": 718,
      "description": "",
      "error_message": "",
      "execute_always": 0,
      "name": "Wiederer\u00f6ffnen ARCH - EXT",
      "sort": 0,
      "success_message": ""
    },
    "model": "core.action",
    "pk": 1004
  },
  {
    "fields": {
      "available_action": "formtransition",
      "button": 719,
      "description": "",
      "error_message": "",
      "execute_always": 0,
      "name": "Transition Arch - COMM",
      "sort": 0,
      "success_message": ""
    },
    "model": "core.action",
    "pk": 1005
  },
  {
    "fields": {
      "available_action": "formtransition",
      "button": 720,
      "description": "",
      "error_message": "",
      "execute_always": 0,
      "name": "Transition Arch - COMM",
      "sort": 0,
      "success_message": ""
    },
    "model": "core.action",
    "pk": 1006
  },
  {
    "fields": {
      "available_action": "formtransition",
      "button": 721,
      "description": "",
      "error_message": "",
      "execute_always": 0,
      "name": "Transition Arch - COMM",
      "sort": 0,
      "success_message": ""
    },
    "model": "core.action",
    "pk": 1007
  },
  {
    "fields": {
      "available_action": "docx",
      "button": 723,
      "description": "",
      "error_message": "",
      "execute_always": 0,
      "name": "Rechnung generieren",
      "sort": 0,
      "success_message": ""
    },
    "model": "core.action",
    "pk": 1009
  },
  {
    "fields": {
      "available_action": "docx",
      "button": 724,
      "description": "",
      "error_message": "",
      "execute_always": 0,
      "name": "Rechnung generieren",
      "sort": 0,
      "success_message": ""
    },
    "model": "core.action",
    "pk": 1010
  },
  {
    "fields": {
      "available_action": "docx",
      "button": 725,
      "description": "",
      "error_message": "",
      "execute_always": 0,
      "name": "Rechnung Baubegleitung",
      "sort": 0,
      "success_message": ""
    },
    "model": "core.action",
    "pk": 1011
  },
  {
    "fields": {
      "available_action": "php",
      "button": 743,
      "description": "",
      "error_message": "",
      "execute_always": 0,
      "name": "Portal User setzen",
      "sort": 2,
      "success_message": ""
    },
    "model": "core.action",
    "pk": 1012
  },
  {
    "fields": {
      "available_action": "save",
      "button": 742,
      "description": "",
      "error_message": "Speichern fehlgeschlagen!",
      "execute_always": 0,
      "name": "Speichern",
      "sort": 0,
      "success_message": "Speichern erfolgreich."
    },
    "model": "core.action",
    "pk": 1028
  },
  {
    "fields": {
      "available_action": "save",
      "button": 743,
      "description": "",
      "error_message": "",
      "execute_always": 0,
      "name": "Speichern",
      "sort": 0,
      "success_message": ""
    },
    "model": "core.action",
    "pk": 1029
  },
  {
    "fields": {
      "available_action": "location",
      "button": 743,
      "description": "",
      "error_message": "",
      "execute_always": 0,
      "name": "Standort Setzen",
      "sort": 1,
      "success_message": ""
    },
    "model": "core.action",
    "pk": 1030
  },
  {
    "fields": {
      "available_action": "save",
      "button": 745,
      "description": "",
      "error_message": "",
      "execute_always": 0,
      "name": "Dossier speichern",
      "sort": 0,
      "success_message": ""
    },
    "model": "core.action",
    "pk": 1034
  },
  {
    "fields": {
      "available_action": "formtransition",
      "button": 746,
      "description": "Ein Dossier wird akzeptiert und geht in den Zustand COMM, welcher die Gemeinde weiterverarbeitet",
      "error_message": "Beim akzeptieren ist ein Fehler aufgetreten",
      "execute_always": 0,
      "name": "SUBM - COMM",
      "sort": 3,
      "success_message": "Dossier erfolgreich akzeptiert"
    },
    "model": "core.action",
    "pk": 1035
  },
  {
    "fields": {
      "available_action": "formtransition",
      "button": 747,
      "description": "Ein Dossier abweisen",
      "error_message": "Dossier konnte nicht abgewiesen werden",
      "execute_always": 0,
      "name": "Transition von SUBM zu REJ",
      "sort": 0,
      "success_message": "Dossier abgewiesen"
    },
    "model": "core.action",
    "pk": 1036
  },
  {
    "fields": {
      "available_action": "save",
      "button": 746,
      "description": "speichern beim akzeptieren",
      "error_message": "",
      "execute_always": 0,
      "name": "Speichern",
      "sort": 0,
      "success_message": ""
    },
    "model": "core.action",
    "pk": 1055
  },
  {
    "fields": {
      "available_action": "pageredirect",
      "button": 748,
      "description": "Portal Weiterleitung-Action von Edit zu Dokumenten",
      "error_message": "",
      "execute_always": 0,
      "name": "Weiterleitung auf Dokumente",
      "sort": 1,
      "success_message": ""
    },
    "model": "core.action",
    "pk": 1056
  },
  {
    "fields": {
      "available_action": "php",
      "button": 746,
      "description": "Dossier nummer beim \u00fcbernehmen in Camac generieren",
      "error_message": "",
      "execute_always": 0,
      "name": "Dossier-NR generieren",
      "sort": 2,
      "success_message": ""
    },
    "model": "core.action",
    "pk": 1058
  },
  {
    "fields": {
      "available_action": "php",
      "button": 745,
      "description": "",
      "error_message": "",
      "execute_always": 0,
      "name": "Speichere die Leitbeh\u00f6rde",
      "sort": 1,
      "success_message": ""
    },
    "model": "core.action",
    "pk": 1059
  },
  {
    "fields": {
      "available_action": "php",
      "button": 746,
      "description": "",
      "error_message": "",
      "execute_always": 0,
      "name": "Speichere die Leitbeh\u00f6rde",
      "sort": 1,
      "success_message": ""
    },
    "model": "core.action",
    "pk": 1060
  },
  {
    "fields": {
      "available_action": "formtransition",
      "button": 752,
      "description": "B\u00fcrger-Dossier von SUBM zu NFD mutieren",
      "error_message": "Nachforderung zum Dossier konnte nicht erstellt werden.",
      "execute_always": 0,
      "name": "Transition von SUBM zu NFD",
      "sort": 2,
      "success_message": "Nachforderung zum Dossier erfolgreich erstellt."
    },
    "model": "core.action",
    "pk": 1061
  },
  {
    "fields": {
      "available_action": "formtransition",
      "button": 753,
      "description": "B\u00fcrger-Dossier von NFD zu SUBM freigeben",
      "error_message": "Dossier konnte nicht freigegeben werden",
      "execute_always": 0,
      "name": "NFD zu SUBM",
      "sort": 0,
      "success_message": "Dossier erfolgreich f\u00fcr die Gemeinde freigegeben"
    },
    "model": "core.action",
    "pk": 1062
  },
  {
    "fields": {
      "available_action": "save",
      "button": 752,
      "description": "Speichern vor Nachforderung",
      "error_message": "",
      "execute_always": 0,
      "name": "Speichern",
      "sort": 0,
      "success_message": ""
    },
    "model": "core.action",
    "pk": 1063
  },
  {
    "fields": {
      "available_action": "php",
      "button": 743,
      "description": "",
      "error_message": "",
      "execute_always": 0,
      "name": "Personenangaben setzen",
      "sort": 3,
      "success_message": ""
    },
    "model": "core.action",
    "pk": 1064
  },
  {
    "fields": {
      "available_action": "save",
      "button": 748,
      "description": "Speichern bei \"Weiter\" im Portal",
      "error_message": "",
      "execute_always": 0,
      "name": "Speichern",
      "sort": 0,
      "success_message": ""
    },
    "model": "core.action",
    "pk": 1065
  },
  {
    "fields": {
      "available_action": "notification",
      "button": 752,
      "description": "",
      "error_message": "E-Mail an den Gesuchsteller konnte nicht versandt werden.",
      "execute_always": 0,
      "name": "E-Mail mit Nachforderungstext verschicken",
      "sort": 4,
      "success_message": "E-Mail wurde an den Gesuchsteller versandt!"
    },
    "model": "core.action",
    "pk": 1066
  },
  {
    "fields": {
      "available_action": "notification",
      "button": 4,
      "description": "",
      "error_message": "",
      "execute_always": 0,
      "name": "E-Mail an Gesuchsteller schicken",
      "sort": 4,
      "success_message": ""
    },
    "model": "core.action",
    "pk": 1067
  },
  {
    "fields": {
      "available_action": "notification",
      "button": 147,
      "description": "",
      "error_message": "",
      "execute_always": 0,
      "name": "E-Mail an den Gesuchsteller",
      "sort": 3,
      "success_message": ""
    },
    "model": "core.action",
    "pk": 1068
  },
  {
    "fields": {
      "available_action": "notification",
      "button": 4,
      "description": "",
      "error_message": "Das E-Mail an die Koordinationsstelle konnte nicht versandt werden.",
      "execute_always": 0,
      "name": "E-Mail an Koord wenn Dossier von Portal / Gemeinde",
      "sort": 3,
      "success_message": "E-Mail wurde an die Koordinationsstelle versandt!"
    },
    "model": "core.action",
    "pk": 1069
  },
  {
    "fields": {
      "available_action": "formtransition",
      "button": 755,
      "description": "",
      "error_message": "",
      "execute_always": 0,
      "name": "NFD Dossier erneut einsenden",
      "sort": 0,
      "success_message": ""
    },
    "model": "core.action",
    "pk": 1070
  },
  {
    "fields": {
      "available_action": "pageredirect",
      "button": 754,
      "description": "",
      "error_message": "",
      "execute_always": 0,
      "name": "Von NFD Einsenden zur\u00fcck zu Dokumenten",
      "sort": 0,
      "success_message": ""
    },
    "model": "core.action",
    "pk": 1071
  },
  {
    "fields": {
      "available_action": "workflow",
      "button": 743,
      "description": "",
      "error_message": "",
      "execute_always": 0,
      "name": "Workflow Datum Dossier erstellt setzen",
      "sort": 4,
      "success_message": ""
    },
    "model": "core.action",
    "pk": 1072
  },
  {
    "fields": {
      "available_action": "workflow",
      "button": 746,
      "description": "",
      "error_message": "",
      "execute_always": 0,
      "name": "Workflow Datum Dossier vollst\u00e4ndig setzen",
      "sort": 4,
      "success_message": ""
    },
    "model": "core.action",
    "pk": 1074
  },
  {
    "fields": {
      "available_action": "workflow",
      "button": 752,
      "description": "",
      "error_message": "",
      "execute_always": 0,
      "name": "Workflow Datum Nachforderung setzen",
      "sort": 3,
      "success_message": ""
    },
    "model": "core.action",
    "pk": 1092
  },
  {
    "fields": {
      "available_action": "php",
      "button": 752,
      "description": "",
      "error_message": "",
      "execute_always": 0,
      "name": "Speichere die Leitbeh\u00f6rde",
      "sort": 1,
      "success_message": ""
    },
    "model": "core.action",
    "pk": 1093
  },
  {
    "fields": {
      "available_action": "formtransition",
      "button": 756,
      "description": "",
      "error_message": "",
      "execute_always": 0,
      "name": "Wiederer\u00f6ffnen ARCH - COMM",
      "sort": 0,
      "success_message": ""
    },
    "model": "core.action",
    "pk": 1097
  },
  {
    "fields": {
      "available_action": "formtransition",
      "button": 757,
      "description": "",
      "error_message": "",
      "execute_always": 0,
      "name": "Wiederer\u00f6ffnen ARCH - EXT",
      "sort": 0,
      "success_message": ""
    },
    "model": "core.action",
    "pk": 1098
  },
  {
    "fields": {
      "available_action": "formtransition",
      "button": 758,
      "description": "",
      "error_message": "",
      "execute_always": 0,
      "name": "Wiederer\u00f6ffnen ARCH - EXT",
      "sort": 0,
      "success_message": ""
    },
    "model": "core.action",
    "pk": 1099
  },
  {
    "fields": {
      "available_action": "formtransition",
      "button": 759,
      "description": "",
      "error_message": "",
      "execute_always": 0,
      "name": "Transition Arch - EXT",
      "sort": 0,
      "success_message": ""
    },
    "model": "core.action",
    "pk": 1100
  },
  {
    "fields": {
      "available_action": "formtransition",
      "button": 760,
      "description": "",
      "error_message": "",
      "execute_always": 0,
      "name": "Wiederer\u00f6ffnen ARCH - EXT",
      "sort": 0,
      "success_message": ""
    },
    "model": "core.action",
    "pk": 1101
  },
  {
    "fields": {
      "available_action": "formtransition",
      "button": 761,
      "description": "",
      "error_message": "",
      "execute_always": 0,
      "name": "Transition Arch - COMM",
      "sort": 0,
      "success_message": ""
    },
    "model": "core.action",
    "pk": 1102
  },
  {
    "fields": {
      "available_action": "php",
      "button": 755,
      "description": "",
      "error_message": "",
      "execute_always": 0,
      "name": "Redirect to portal",
      "sort": 2,
      "success_message": ""
    },
    "model": "core.action",
    "pk": 1105
  },
  {
    "fields": {
      "available_action": "notification",
      "button": 746,
      "description": "",
      "error_message": "",
      "execute_always": 0,
      "name": "E-Mail an Gesuchsteller schicken",
      "sort": 5,
      "success_message": ""
    },
    "model": "core.action",
    "pk": 1126
  },
  {
    "fields": {
      "available_action": "notification",
      "button": 747,
      "description": "",
      "error_message": "E-Mail an den Gesuchsteller konnte nicht versandt werden.",
      "execute_always": 0,
      "name": "E-Mail an Gesuchsteller schicken",
      "sort": 1,
      "success_message": "E-Mail wurde an den Gesuchsteller versandt!"
    },
    "model": "core.action",
    "pk": 1129
  },
  {
    "fields": {
      "available_action": "notification",
      "button": 124,
      "description": "",
      "error_message": "",
      "execute_always": 0,
      "name": "E-Mail an den Gesuchsteller",
      "sort": 3,
      "success_message": ""
    },
    "model": "core.action",
    "pk": 1130
  },
  {
    "fields": {
      "available_action": "formtransition",
      "button": 762,
      "description": "EXT GEM in COMM",
      "error_message": "Status\u00e4nderung konnte nicht ausgef\u00fchrt werden",
      "execute_always": 0,
      "name": "Status\u00e4nderung EXT GEM in COMM",
      "sort": 0,
      "success_message": "Status\u00e4nderung erfolgreich ausgef\u00fchrt"
    },
    "model": "core.action",
    "pk": 1131
  },
  {
    "fields": {
      "available_action": "notification",
      "button": 755,
      "description": "",
      "error_message": "",
      "execute_always": 0,
      "name": "Sende E-Mail an Gemeinde",
      "sort": 1,
      "success_message": ""
    },
    "model": "core.action",
    "pk": 1132
  },
  {
    "fields": {
      "available_action": "save",
      "button": 765,
      "description": "",
      "error_message": "Speichern fehlgeschlagen!",
      "execute_always": 0,
      "name": "Speichern",
      "sort": 0,
      "success_message": "Speichern erfolgreich."
    },
    "model": "core.action",
    "pk": 1140
  },
  {
    "fields": {
      "available_action": "formtransition",
      "button": 766,
      "description": "L\u00f6schen eines Dossiers der Koord AfU",
      "error_message": "Das Dossier konnte nich gel\u00f6scht werden, da ein Fehler aufgetreten ist!",
      "execute_always": 0,
      "name": "L\u00f6schen",
      "sort": 0,
      "success_message": "Dossier gel\u00f6scht."
    },
    "model": "core.action",
    "pk": 1141
  },
  {
    "fields": {
      "available_action": "formtransition",
      "button": 767,
      "description": "REDAC zu ARCH",
      "error_message": "Das Dossier konnte nicht archiviert werden, da ein Fehler aufgetreten ist!",
      "execute_always": 0,
      "name": "Archivieren",
      "sort": 0,
      "success_message": "Das Dossier wurde erfolgreich archiviert."
    },
    "model": "core.action",
    "pk": 1142
  },
  {
    "fields": {
      "available_action": "workflow",
      "button": 767,
      "description": "REDAC zu ARCH",
      "error_message": "",
      "execute_always": 0,
      "name": "Archivieren",
      "sort": 1,
      "success_message": ""
    },
    "model": "core.action",
    "pk": 1143
  },
  {
    "fields": {
      "available_action": "formtransition",
      "button": 769,
      "description": "",
      "error_message": "",
      "execute_always": 0,
      "name": "Wiederer\u00f6ffnen ARCH - EXT",
      "sort": 0,
      "success_message": ""
    },
    "model": "core.action",
    "pk": 1145
  },
  {
    "fields": {
      "available_action": "save",
      "button": 770,
      "description": "",
      "error_message": "Speichern fehlgeschlagen!",
      "execute_always": 0,
      "name": "Speichern",
      "sort": 0,
      "success_message": "Speichern erfolgreich."
    },
    "model": "core.action",
    "pk": 1146
  },
  {
    "fields": {
      "available_action": "save",
      "button": 771,
      "description": "",
      "error_message": "",
      "execute_always": 0,
      "name": "Speichern",
      "sort": 0,
      "success_message": ""
    },
    "model": "core.action",
    "pk": 1147
  },
  {
    "fields": {
      "available_action": "notification",
      "button": 771,
      "description": "Versendet eine E-Mail an alle zum Start der Zirkulation involvierten Stellen.",
      "error_message": "E-Mail zum Start der Zirkulation konnte nicht versendet werden",
      "execute_always": 0,
      "name": "Zirkulation starten E-Mail",
      "sort": 2,
      "success_message": "E-Mail zum Start der Zirkulation wurde versandt"
    },
    "model": "core.action",
    "pk": 1149
  },
  {
    "fields": {
      "available_action": "php",
      "button": 771,
      "description": "",
      "error_message": "",
      "execute_always": 0,
      "name": "IDLE auf RUN setzen",
      "sort": 3,
      "success_message": ""
    },
    "model": "core.action",
    "pk": 1150
  },
  {
    "fields": {
      "available_action": "workflow",
      "button": 771,
      "description": "",
      "error_message": "",
      "execute_always": 0,
      "name": "Zirkulation starten",
      "sort": 4,
      "success_message": ""
    },
    "model": "core.action",
    "pk": 1151
  },
  {
    "fields": {
      "available_action": "pageredirect",
      "button": 771,
      "description": "",
      "error_message": "",
      "execute_always": 1,
      "name": "Auf Zirkulation bleiben",
      "sort": 5,
      "success_message": ""
    },
    "model": "core.action",
    "pk": 1152
  },
  {
    "fields": {
      "available_action": "docx",
      "button": 774,
      "description": "",
      "error_message": "",
      "execute_always": 0,
      "name": "Rechnung generieren",
      "sort": 0,
      "success_message": ""
    },
    "model": "core.action",
    "pk": 1155
  },
  {
    "fields": {
      "available_action": "docx",
      "button": 775,
      "description": "",
      "error_message": "",
      "execute_always": 0,
      "name": "Rechnung generieren",
      "sort": 0,
      "success_message": ""
    },
    "model": "core.action",
    "pk": 1156
  },
  {
    "fields": {
      "available_action": "php",
      "button": 776,
      "description": "",
      "error_message": "",
      "execute_always": 0,
      "name": "Stellungnahme bearbeiten",
      "sort": 0,
      "success_message": ""
    },
    "model": "core.action",
    "pk": 1157
  },
  {
    "fields": {
      "available_action": "pageredirect",
      "button": 776,
      "description": "",
      "error_message": "",
      "execute_always": 0,
      "name": "Weiterleitung zu Dossier abschliessen",
      "sort": 1,
      "success_message": ""
    },
    "model": "core.action",
    "pk": 1158
  },
  {
    "fields": {
      "available_action": "save",
      "button": 777,
      "description": "",
      "error_message": "Dossier konnte nicht erstellt werden!",
      "execute_always": 0,
      "name": "Speichern",
      "sort": 0,
      "success_message": "Dossier erfolgreich erstellt."
    },
    "model": "core.action",
    "pk": 1159
  },
  {
    "fields": {
      "available_action": "location",
      "button": 777,
      "description": "",
      "error_message": "",
      "execute_always": 0,
      "name": "Standort Setzen",
      "sort": 1,
      "success_message": ""
    },
    "model": "core.action",
    "pk": 1160
  },
  {
    "fields": {
      "available_action": "php",
      "button": 777,
      "description": "",
      "error_message": "",
      "execute_always": 0,
      "name": "Dossier-NR setzen",
      "sort": 2,
      "success_message": ""
    },
    "model": "core.action",
    "pk": 1161
  },
  {
    "fields": {
      "available_action": "workflow",
      "button": 777,
      "description": "",
      "error_message": "",
      "execute_always": 0,
      "name": "Workflow Datum setzen auf Dossier erfasst",
      "sort": 3,
      "success_message": ""
    },
    "model": "core.action",
    "pk": 1162
  },
  {
    "fields": {
      "available_action": "formtransition",
      "button": 771,
      "description": "",
      "error_message": "Zirkulation konnte nicht gestartet werden!",
      "execute_always": 1,
      "name": "Zirkulation starten",
      "sort": 1,
      "success_message": "Zirkulation erfolgreich gestartet."
    },
    "model": "core.action",
    "pk": 1163
  },
  {
    "fields": {
      "available_action": "save",
      "button": 782,
      "description": "",
      "error_message": "",
      "execute_always": 0,
      "name": "Speichern",
      "sort": 0,
      "success_message": ""
    },
    "model": "core.action",
    "pk": 1179
  },
  {
    "fields": {
      "available_action": "notification",
      "button": 782,
      "description": null,
      "error_message": null,
      "execute_always": 0,
      "name": "E-Mail an hinzugef\u00fcgte Fachstellen versenden",
      "sort": 1,
      "success_message": null
    },
    "model": "core.action",
    "pk": 1180
  },
  {
    "fields": {
      "available_action": "php",
      "button": 782,
      "description": "",
      "error_message": "",
      "execute_always": 0,
      "name": "IDLE aud RUN setzen",
      "sort": 2,
      "success_message": ""
    },
    "model": "core.action",
    "pk": 1181
  },
  {
    "fields": {
      "available_action": "activation",
      "button": 783,
      "description": "",
      "error_message": "",
      "execute_always": 0,
      "name": "Laufzettelkommentar speichern",
      "sort": 0,
      "success_message": ""
    },
    "model": "core.action",
    "pk": 1182
  },
  {
    "fields": {
      "available_action": "pdf",
      "button": 783,
      "description": "",
      "error_message": "",
      "execute_always": 0,
      "name": "Laufzettel generieren",
      "sort": 1,
      "success_message": ""
    },
    "model": "core.action",
    "pk": 1183
  },
  {
    "fields": {
      "available_action": "php",
      "button": 784,
      "description": "",
      "error_message": "",
      "execute_always": 0,
      "name": "Zirkulation wieder\u00f6ffnen",
      "sort": 0,
      "success_message": ""
    },
    "model": "core.action",
    "pk": 1184
  },
  {
    "fields": {
      "available_action": "formtransition",
      "button": 785,
      "description": "EXT - GEM in DONE",
      "error_message": "Die Status\u00e4nderung konnte nicht ausgef\u00fchrt werden",
      "execute_always": 0,
      "name": "Status\u00e4nderung EXT GEM in DONE",
      "sort": 0,
      "success_message": "Status\u00e4nderung erfolgreich ausgef\u00fchrt"
    },
    "model": "core.action",
    "pk": 1185
  },
  {
    "fields": {
      "available_action": "save",
      "button": 790,
      "description": "",
      "error_message": "Speichern fehlgeschlagen!",
      "execute_always": 0,
      "name": "Speichern",
      "sort": 0,
      "success_message": "Speichern erfolgreich."
    },
    "model": "core.action",
    "pk": 1199
  },
  {
    "fields": {
      "available_action": "formtransition",
      "button": 791,
      "description": "L\u00f6schen eines Dossiers der Koord ALA",
      "error_message": "Das Dossier konnte nich gel\u00f6scht werden, da ein Fehler aufgetreten ist!",
      "execute_always": 0,
      "name": "L\u00f6schen",
      "sort": 0,
      "success_message": "Dossier gel\u00f6scht."
    },
    "model": "core.action",
    "pk": 1200
  },
  {
    "fields": {
      "available_action": "formtransition",
      "button": 792,
      "description": "REDAC zu ARCH",
      "error_message": "Das Dossier konnte nicht archiviert werden, da ein Fehler aufgetreten ist!",
      "execute_always": 0,
      "name": "Archivieren",
      "sort": 0,
      "success_message": "Das Dossier wurde erfolgreich archiviert."
    },
    "model": "core.action",
    "pk": 1201
  },
  {
    "fields": {
      "available_action": "workflow",
      "button": 792,
      "description": "REDAC zu ARCH",
      "error_message": "",
      "execute_always": 0,
      "name": "Archivieren",
      "sort": 1,
      "success_message": ""
    },
    "model": "core.action",
    "pk": 1202
  },
  {
    "fields": {
      "available_action": "formtransition",
      "button": 793,
      "description": "",
      "error_message": "",
      "execute_always": 0,
      "name": "Wiederer\u00f6ffnen ARCH - EXT",
      "sort": 0,
      "success_message": ""
    },
    "model": "core.action",
    "pk": 1203
  },
  {
    "fields": {
      "available_action": "save",
      "button": 794,
      "description": "",
      "error_message": "Speichern fehlgeschlagen!",
      "execute_always": 0,
      "name": "Speichern",
      "sort": 0,
      "success_message": "Speichern erfolgreich."
    },
    "model": "core.action",
    "pk": 1204
  },
  {
    "fields": {
      "available_action": "save",
      "button": 795,
      "description": "",
      "error_message": "",
      "execute_always": 0,
      "name": "Speichern",
      "sort": 0,
      "success_message": ""
    },
    "model": "core.action",
    "pk": 1205
  },
  {
    "fields": {
      "available_action": "formtransition",
      "button": 795,
      "description": "",
      "error_message": "Zirkulation konnte nicht gestartet werden!",
      "execute_always": 0,
      "name": "Zirkulation starten",
      "sort": 1,
      "success_message": "Zirkulation erfolgreich gestartet."
    },
    "model": "core.action",
    "pk": 1206
  },
  {
    "fields": {
      "available_action": "notification",
      "button": 795,
      "description": "Versendet eine E-Mail an alle zum Start der Zirkulation involvierten Stellen.",
      "error_message": "E-Mail zum Start der Zirkulation konnte nicht versendet werden",
      "execute_always": 0,
      "name": "Zirkulation starten E-Mail",
      "sort": 2,
      "success_message": "E-Mail zum Start der Zirkulation wurde versandt"
    },
    "model": "core.action",
    "pk": 1207
  },
  {
    "fields": {
      "available_action": "php",
      "button": 795,
      "description": "",
      "error_message": "",
      "execute_always": 0,
      "name": "IDLE auf RUN setzen",
      "sort": 3,
      "success_message": ""
    },
    "model": "core.action",
    "pk": 1208
  },
  {
    "fields": {
      "available_action": "workflow",
      "button": 795,
      "description": "",
      "error_message": "",
      "execute_always": 0,
      "name": "Zirkulation starten",
      "sort": 4,
      "success_message": ""
    },
    "model": "core.action",
    "pk": 1209
  },
  {
    "fields": {
      "available_action": "pageredirect",
      "button": 795,
      "description": "",
      "error_message": "",
      "execute_always": 1,
      "name": "Auf Zirkulation bleiben",
      "sort": 5,
      "success_message": ""
    },
    "model": "core.action",
    "pk": 1210
  },
  {
    "fields": {
      "available_action": "save",
      "button": 796,
      "description": "",
      "error_message": "",
      "execute_always": 0,
      "name": "Speichern",
      "sort": 0,
      "success_message": ""
    },
    "model": "core.action",
    "pk": 1211
  },
  {
    "fields": {
      "available_action": "notification",
      "button": 796,
      "description": null,
      "error_message": null,
      "execute_always": 0,
      "name": "E-Mail an hinzugef\u00fcgte Fachstellen versenden",
      "sort": 1,
      "success_message": null
    },
    "model": "core.action",
    "pk": 1212
  },
  {
    "fields": {
      "available_action": "php",
      "button": 796,
      "description": "",
      "error_message": "",
      "execute_always": 0,
      "name": "IDLE aud RUN setzen",
      "sort": 2,
      "success_message": ""
    },
    "model": "core.action",
    "pk": 1213
  },
  {
    "fields": {
      "available_action": "activation",
      "button": 797,
      "description": "",
      "error_message": "",
      "execute_always": 0,
      "name": "Laufzettelkommentar speichern",
      "sort": 0,
      "success_message": ""
    },
    "model": "core.action",
    "pk": 1214
  },
  {
    "fields": {
      "available_action": "pdf",
      "button": 797,
      "description": "",
      "error_message": "",
      "execute_always": 0,
      "name": "Laufzettel generieren",
      "sort": 1,
      "success_message": ""
    },
    "model": "core.action",
    "pk": 1215
  },
  {
    "fields": {
      "available_action": "php",
      "button": 798,
      "description": "",
      "error_message": "",
      "execute_always": 0,
      "name": "Zirkulation wieder\u00f6ffnen",
      "sort": 0,
      "success_message": ""
    },
    "model": "core.action",
    "pk": 1216
  },
  {
    "fields": {
      "available_action": "docx",
      "button": 799,
      "description": "",
      "error_message": "",
      "execute_always": 0,
      "name": "Rechnung generieren",
      "sort": 0,
      "success_message": ""
    },
    "model": "core.action",
    "pk": 1217
  },
  {
    "fields": {
      "available_action": "docx",
      "button": 800,
      "description": "",
      "error_message": "",
      "execute_always": 0,
      "name": "Rechnung generieren",
      "sort": 0,
      "success_message": ""
    },
    "model": "core.action",
    "pk": 1218
  },
  {
    "fields": {
      "available_action": "save",
      "button": 801,
      "description": "",
      "error_message": "Dossier konnte nicht erstellt werden!",
      "execute_always": 0,
      "name": "Speichern",
      "sort": 0,
      "success_message": "Dossier erfolgreich erstellt."
    },
    "model": "core.action",
    "pk": 1219
  },
  {
    "fields": {
      "available_action": "location",
      "button": 801,
      "description": "",
      "error_message": "",
      "execute_always": 0,
      "name": "Standort Setzen",
      "sort": 1,
      "success_message": ""
    },
    "model": "core.action",
    "pk": 1220
  },
  {
    "fields": {
      "available_action": "php",
      "button": 801,
      "description": "",
      "error_message": "",
      "execute_always": 0,
      "name": "Dossier-NR setzen",
      "sort": 2,
      "success_message": ""
    },
    "model": "core.action",
    "pk": 1221
  },
  {
    "fields": {
      "available_action": "workflow",
      "button": 801,
      "description": "",
      "error_message": "",
      "execute_always": 0,
      "name": "Workflow Datum setzen auf Dossier erfasst",
      "sort": 3,
      "success_message": ""
    },
    "model": "core.action",
    "pk": 1222
  },
  {
    "fields": {
      "available_action": "save",
      "button": 802,
      "description": "",
      "error_message": "Speichern fehlgeschlagen!",
      "execute_always": 0,
      "name": "Speichern",
      "sort": 0,
      "success_message": "Speichern erfolgreich."
    },
    "model": "core.action",
    "pk": 1223
  },
  {
    "fields": {
      "available_action": "formtransition",
      "button": 803,
      "description": "L\u00f6schen eines Dossiers der Koord AfE",
      "error_message": "Das Dossier konnte nich gel\u00f6scht werden, da ein Fehler aufgetreten ist!",
      "execute_always": 0,
      "name": "L\u00f6schen",
      "sort": 0,
      "success_message": "Dossier gel\u00f6scht."
    },
    "model": "core.action",
    "pk": 1224
  },
  {
    "fields": {
      "available_action": "formtransition",
      "button": 804,
      "description": "REDAC zu ARCH",
      "error_message": "Das Dossier konnte nicht archiviert werden, da ein Fehler aufgetreten ist!",
      "execute_always": 0,
      "name": "Archivieren",
      "sort": 0,
      "success_message": "Das Dossier wurde erfolgreich archiviert."
    },
    "model": "core.action",
    "pk": 1225
  },
  {
    "fields": {
      "available_action": "workflow",
      "button": 804,
      "description": "REDAC zu ARCH",
      "error_message": "",
      "execute_always": 0,
      "name": "Archivieren",
      "sort": 1,
      "success_message": ""
    },
    "model": "core.action",
    "pk": 1226
  },
  {
    "fields": {
      "available_action": "formtransition",
      "button": 805,
      "description": "",
      "error_message": "",
      "execute_always": 0,
      "name": "Wiederer\u00f6ffnen ARCH - EXT",
      "sort": 0,
      "success_message": ""
    },
    "model": "core.action",
    "pk": 1227
  },
  {
    "fields": {
      "available_action": "save",
      "button": 806,
      "description": "",
      "error_message": "Speichern fehlgeschlagen!",
      "execute_always": 0,
      "name": "Speichern",
      "sort": 0,
      "success_message": "Speichern erfolgreich."
    },
    "model": "core.action",
    "pk": 1228
  },
  {
    "fields": {
      "available_action": "save",
      "button": 807,
      "description": "",
      "error_message": "",
      "execute_always": 0,
      "name": "Speichern",
      "sort": 0,
      "success_message": ""
    },
    "model": "core.action",
    "pk": 1229
  },
  {
    "fields": {
      "available_action": "formtransition",
      "button": 807,
      "description": "",
      "error_message": "Zirkulation konnte nicht gestartet werden!",
      "execute_always": 0,
      "name": "Zirkulation starten",
      "sort": 1,
      "success_message": "Zirkulation erfolgreich gestartet."
    },
    "model": "core.action",
    "pk": 1230
  },
  {
    "fields": {
      "available_action": "notification",
      "button": 807,
      "description": "Versendet eine E-Mail an alle zum Start der Zirkulation involvierten Stellen.",
      "error_message": "E-Mail zum Start der Zirkulation konnte nicht versendet werden",
      "execute_always": 0,
      "name": "Zirkulation starten E-Mail",
      "sort": 2,
      "success_message": "E-Mail zum Start der Zirkulation wurde versandt"
    },
    "model": "core.action",
    "pk": 1231
  },
  {
    "fields": {
      "available_action": "php",
      "button": 807,
      "description": "",
      "error_message": "",
      "execute_always": 0,
      "name": "IDLE auf RUN setzen",
      "sort": 3,
      "success_message": ""
    },
    "model": "core.action",
    "pk": 1232
  },
  {
    "fields": {
      "available_action": "workflow",
      "button": 807,
      "description": "",
      "error_message": "",
      "execute_always": 0,
      "name": "Zirkulation starten",
      "sort": 4,
      "success_message": ""
    },
    "model": "core.action",
    "pk": 1233
  },
  {
    "fields": {
      "available_action": "pageredirect",
      "button": 807,
      "description": "",
      "error_message": "",
      "execute_always": 0,
      "name": "Auf Zirkulation bleiben",
      "sort": 5,
      "success_message": ""
    },
    "model": "core.action",
    "pk": 1234
  },
  {
    "fields": {
      "available_action": "save",
      "button": 808,
      "description": "",
      "error_message": "",
      "execute_always": 0,
      "name": "Speichern",
      "sort": 0,
      "success_message": ""
    },
    "model": "core.action",
    "pk": 1235
  },
  {
    "fields": {
      "available_action": "notification",
      "button": 808,
      "description": null,
      "error_message": null,
      "execute_always": 0,
      "name": "E-Mail an hinzugef\u00fcgte Fachstellen versenden",
      "sort": 1,
      "success_message": null
    },
    "model": "core.action",
    "pk": 1236
  },
  {
    "fields": {
      "available_action": "php",
      "button": 808,
      "description": "",
      "error_message": "",
      "execute_always": 0,
      "name": "IDLE auf RUN setzen",
      "sort": 2,
      "success_message": ""
    },
    "model": "core.action",
    "pk": 1237
  },
  {
    "fields": {
      "available_action": "activation",
      "button": 809,
      "description": "",
      "error_message": "",
      "execute_always": 0,
      "name": "Laufzettelkommentar speichern",
      "sort": 0,
      "success_message": ""
    },
    "model": "core.action",
    "pk": 1238
  },
  {
    "fields": {
      "available_action": "pdf",
      "button": 809,
      "description": "",
      "error_message": "",
      "execute_always": 0,
      "name": "Laufzettel generieren",
      "sort": 1,
      "success_message": ""
    },
    "model": "core.action",
    "pk": 1239
  },
  {
    "fields": {
      "available_action": "php",
      "button": 810,
      "description": "",
      "error_message": "",
      "execute_always": 0,
      "name": "Zirkulation wieder\u00f6ffnen",
      "sort": 0,
      "success_message": ""
    },
    "model": "core.action",
    "pk": 1240
  },
  {
    "fields": {
      "available_action": "docx",
      "button": 811,
      "description": "",
      "error_message": "",
      "execute_always": 0,
      "name": "Rechnung generieren",
      "sort": 0,
      "success_message": ""
    },
    "model": "core.action",
    "pk": 1241
  },
  {
    "fields": {
      "available_action": "docx",
      "button": 812,
      "description": "",
      "error_message": "",
      "execute_always": 0,
      "name": "Rechnung generieren",
      "sort": 0,
      "success_message": ""
    },
    "model": "core.action",
    "pk": 1242
  },
  {
    "fields": {
      "available_action": "save",
      "button": 817,
      "description": "",
      "error_message": "Dossier konnte nicht erstellt werden!",
      "execute_always": 0,
      "name": "Speichern",
      "sort": 0,
      "success_message": "Dossier erfolgreich erstellt."
    },
    "model": "core.action",
    "pk": 1256
  },
  {
    "fields": {
      "available_action": "location",
      "button": 817,
      "description": "",
      "error_message": "",
      "execute_always": 0,
      "name": "Standort Setzen",
      "sort": 1,
      "success_message": ""
    },
    "model": "core.action",
    "pk": 1257
  },
  {
    "fields": {
      "available_action": "php",
      "button": 817,
      "description": "",
      "error_message": "",
      "execute_always": 0,
      "name": "Dossier-NR setzen",
      "sort": 2,
      "success_message": ""
    },
    "model": "core.action",
    "pk": 1258
  },
  {
    "fields": {
      "available_action": "workflow",
      "button": 817,
      "description": "",
      "error_message": "",
      "execute_always": 0,
      "name": "Workflow Datum setzen auf Dossier erfasst",
      "sort": 3,
      "success_message": ""
    },
    "model": "core.action",
    "pk": 1259
  },
  {
    "fields": {
      "available_action": "save",
      "button": 822,
      "description": "",
      "error_message": "Speichern fehlgeschlagen!",
      "execute_always": 0,
      "name": "Speichern",
      "sort": 0,
      "success_message": "Speichern erfolgreich."
    },
    "model": "core.action",
    "pk": 1273
  },
  {
    "fields": {
      "available_action": "formtransition",
      "button": 823,
      "description": "L\u00f6schen eines Dossiers der Koord AFJ",
      "error_message": "Das Dossier konnte nich gel\u00f6scht werden, da ein Fehler aufgetreten ist!",
      "execute_always": 0,
      "name": "L\u00f6schen",
      "sort": 0,
      "success_message": "Dossier gel\u00f6scht."
    },
    "model": "core.action",
    "pk": 1274
  },
  {
    "fields": {
      "available_action": "formtransition",
      "button": 824,
      "description": "REDAC zu ARCH",
      "error_message": "Das Dossier konnte nicht archiviert werden, da ein Fehler aufgetreten ist!",
      "execute_always": 0,
      "name": "Archivieren",
      "sort": 0,
      "success_message": "Das Dossier wurde erfolgreich archiviert."
    },
    "model": "core.action",
    "pk": 1275
  },
  {
    "fields": {
      "available_action": "workflow",
      "button": 824,
      "description": "REDAC zu ARCH",
      "error_message": "",
      "execute_always": 0,
      "name": "Archivieren",
      "sort": 1,
      "success_message": ""
    },
    "model": "core.action",
    "pk": 1276
  },
  {
    "fields": {
      "available_action": "formtransition",
      "button": 825,
      "description": "",
      "error_message": "",
      "execute_always": 0,
      "name": "Wiederer\u00f6ffnen ARCH - EXT",
      "sort": 0,
      "success_message": ""
    },
    "model": "core.action",
    "pk": 1277
  },
  {
    "fields": {
      "available_action": "save",
      "button": 826,
      "description": "",
      "error_message": "Speichern fehlgeschlagen!",
      "execute_always": 0,
      "name": "Speichern",
      "sort": 0,
      "success_message": "Speichern erfolgreich."
    },
    "model": "core.action",
    "pk": 1278
  },
  {
    "fields": {
      "available_action": "save",
      "button": 827,
      "description": "",
      "error_message": "",
      "execute_always": 0,
      "name": "Speichern",
      "sort": 0,
      "success_message": ""
    },
    "model": "core.action",
    "pk": 1279
  },
  {
    "fields": {
      "available_action": "formtransition",
      "button": 827,
      "description": "",
      "error_message": "Zirkulation konnte nicht gestartet werden!",
      "execute_always": 0,
      "name": "Zirkulation starten",
      "sort": 1,
      "success_message": "Zirkulation erfolgreich gestartet."
    },
    "model": "core.action",
    "pk": 1280
  },
  {
    "fields": {
      "available_action": "notification",
      "button": 827,
      "description": "Versendet eine E-Mail an alle zum Start der Zirkulation involvierten Stellen.",
      "error_message": "E-Mail zum Start der Zirkulation konnte nicht versendet werden",
      "execute_always": 0,
      "name": "Zirkulation starten E-Mail AFJ",
      "sort": 2,
      "success_message": "E-Mail zum Start der Zirkulation wurde versandt"
    },
    "model": "core.action",
    "pk": 1281
  },
  {
    "fields": {
      "available_action": "php",
      "button": 827,
      "description": "",
      "error_message": "",
      "execute_always": 0,
      "name": "IDLE auf RUN setzen",
      "sort": 4,
      "success_message": ""
    },
    "model": "core.action",
    "pk": 1282
  },
  {
    "fields": {
      "available_action": "workflow",
      "button": 827,
      "description": "",
      "error_message": "",
      "execute_always": 0,
      "name": "Zirkulation starten",
      "sort": 5,
      "success_message": ""
    },
    "model": "core.action",
    "pk": 1283
  },
  {
    "fields": {
      "available_action": "pageredirect",
      "button": 827,
      "description": "",
      "error_message": "",
      "execute_always": 0,
      "name": "Auf Zirkulation bleiben",
      "sort": 6,
      "success_message": ""
    },
    "model": "core.action",
    "pk": 1284
  },
  {
    "fields": {
      "available_action": "save",
      "button": 828,
      "description": "",
      "error_message": "",
      "execute_always": 0,
      "name": "Speichern",
      "sort": 0,
      "success_message": ""
    },
    "model": "core.action",
    "pk": 1285
  },
  {
    "fields": {
      "available_action": "notification",
      "button": 828,
      "description": null,
      "error_message": null,
      "execute_always": 0,
      "name": "E-Mail an hinzugef\u00fcgte Fachstellen versenden AFJ",
      "sort": 1,
      "success_message": null
    },
    "model": "core.action",
    "pk": 1286
  },
  {
    "fields": {
      "available_action": "php",
      "button": 828,
      "description": "",
      "error_message": "",
      "execute_always": 0,
      "name": "IDLE auf RUN setzen",
      "sort": 3,
      "success_message": ""
    },
    "model": "core.action",
    "pk": 1287
  },
  {
    "fields": {
      "available_action": "activation",
      "button": 829,
      "description": "",
      "error_message": "",
      "execute_always": 0,
      "name": "Laufzettelkommentar speichern",
      "sort": 0,
      "success_message": ""
    },
    "model": "core.action",
    "pk": 1288
  },
  {
    "fields": {
      "available_action": "pdf",
      "button": 829,
      "description": "",
      "error_message": "",
      "execute_always": 0,
      "name": "Laufzettel generieren",
      "sort": 1,
      "success_message": ""
    },
    "model": "core.action",
    "pk": 1289
  },
  {
    "fields": {
      "available_action": "php",
      "button": 830,
      "description": "",
      "error_message": "",
      "execute_always": 0,
      "name": "Zirkulation wieder\u00f6ffnen",
      "sort": 0,
      "success_message": ""
    },
    "model": "core.action",
    "pk": 1290
  },
  {
    "fields": {
      "available_action": "docx",
      "button": 831,
      "description": "",
      "error_message": "",
      "execute_always": 0,
      "name": "Rechnung generieren",
      "sort": 0,
      "success_message": ""
    },
    "model": "core.action",
    "pk": 1291
  },
  {
    "fields": {
      "available_action": "docx",
      "button": 832,
      "description": "",
      "error_message": "",
      "execute_always": 0,
      "name": "Rechnung generieren",
      "sort": 0,
      "success_message": ""
    },
    "model": "core.action",
    "pk": 1292
  },
  {
    "fields": {
      "available_action": "save",
      "button": 833,
      "description": "",
      "error_message": "Dossier konnte nicht erstellt werden!",
      "execute_always": 0,
      "name": "Speichern",
      "sort": 0,
      "success_message": "Dossier erfolgreich erstellt."
    },
    "model": "core.action",
    "pk": 1293
  },
  {
    "fields": {
      "available_action": "location",
      "button": 833,
      "description": "",
      "error_message": "",
      "execute_always": 0,
      "name": "Standort Setzen",
      "sort": 1,
      "success_message": ""
    },
    "model": "core.action",
    "pk": 1294
  },
  {
    "fields": {
      "available_action": "php",
      "button": 833,
      "description": "",
      "error_message": "",
      "execute_always": 0,
      "name": "Dossier-NR setzen",
      "sort": 2,
      "success_message": ""
    },
    "model": "core.action",
    "pk": 1295
  },
  {
    "fields": {
      "available_action": "workflow",
      "button": 833,
      "description": "",
      "error_message": "",
      "execute_always": 0,
      "name": "Workflow Datum setzen auf Dossier erfasst",
      "sort": 3,
      "success_message": ""
    },
    "model": "core.action",
    "pk": 1296
  },
  {
    "fields": {
      "available_action": "notification",
      "button": 834,
      "description": "S\u00e4mtliche \u00d6REB Meldungen k\u00f6nnen direkt per Email an die Lisag gesendet werden. Diese Aktion wird f\u00fcr solche Mails von der Koordinationsstelle Nutzungsplanung (NP) gesendet.",
      "error_message": "Das E-Mail mit der \u00d6REB Meldung konnte nicht versendet werden.",
      "execute_always": 0,
      "name": "E-Mail an Lisag",
      "sort": 0,
      "success_message": "Ein E-Mail mit der \u00d6REB Meldung wurde versendet."
    },
    "model": "core.action",
    "pk": 1297
  },
  {
    "fields": {
      "available_action": "notification",
      "button": 854,
      "description": "S\u00e4mtliche \u00d6REB Meldungen k\u00f6nnen direkt per Email an die Lisag gesendet werden. Diese Aktion wird f\u00fcr solche Mails von der Koordinationsstelle Nutzungsplanung (NP) verwendet.",
      "error_message": "Das E-Mail mit der \u00d6REB Meldung konnte nicht versendet werden.",
      "execute_always": 0,
      "name": "E-Mail an Lisag",
      "sort": 0,
      "success_message": "Ein E-Mail mit der \u00d6REB Meldung wurde versendet."
    },
    "model": "core.action",
    "pk": 1317
  },
  {
    "fields": {
      "available_action": "notification",
      "button": 874,
      "description": "",
      "error_message": "Das E-Mail mit der \u00d6REB Meldung konnte nicht versendet werden.",
      "execute_always": 0,
      "name": "E-Mail an Lisag",
      "sort": 0,
      "success_message": "Ein E-Mail mit der \u00d6REB Meldung wurde versendet."
    },
    "model": "core.action",
    "pk": 1318
  },
  {
    "fields": {
      "available_action": "notification",
      "button": 894,
      "description": "",
      "error_message": "Das E-Mail mit der \u00d6REB Meldung konnte nicht versendet werden.",
      "execute_always": 0,
      "name": "E-Mail an Lisag",
      "sort": 0,
      "success_message": "Ein E-Mail mit der \u00d6REB Meldung wurde versendet."
    },
    "model": "core.action",
    "pk": 1337
  },
  {
    "fields": {
      "available_action": "notification",
      "button": 914,
      "description": "",
      "error_message": "Das E-Mail mit der \u00d6REB Meldung konnte nicht versendet werden.",
      "execute_always": 0,
      "name": "E-Mail an Lisag",
      "sort": 0,
      "success_message": "Ein E-Mail mit der \u00d6REB Meldung wurde versendet."
    },
    "model": "core.action",
    "pk": 1357
  },
  {
    "fields": {
      "available_action": "notification",
      "button": 915,
      "description": "",
      "error_message": "Das E-Mail mit der \u00d6REB Meldung konnte nicht versendet werden.",
      "execute_always": 0,
      "name": "E-Mail an Lisag",
      "sort": 0,
      "success_message": "Ein E-Mail mit der \u00d6REB Meldung wurde versendet."
    },
    "model": "core.action",
    "pk": 1358
  },
  {
    "fields": {
      "available_action": "notification",
      "button": 917,
      "description": "",
      "error_message": "Das E-Mail mit der \u00d6REB Meldung konnte nicht versendet werden.",
      "execute_always": 0,
      "name": "E-Mail an Lisag",
      "sort": 0,
      "success_message": "Ein E-Mail mit der \u00d6REB Meldung wurde versendet."
    },
    "model": "core.action",
    "pk": 1360
  },
  {
    "fields": {
      "available_action": "workflow",
      "button": 894,
      "description": "",
      "error_message": "",
      "execute_always": 0,
      "name": "\u00d6REB Workflow-Datum setzen",
      "sort": 1,
      "success_message": ""
    },
    "model": "core.action",
    "pk": 1361
  },
  {
    "fields": {
      "available_action": "workflow",
      "button": 854,
      "description": "",
      "error_message": "",
      "execute_always": 0,
      "name": "\u00d6REB Workflow-Datum setzen",
      "sort": 1,
      "success_message": ""
    },
    "model": "core.action",
    "pk": 1362
  },
  {
    "fields": {
      "available_action": "workflow",
      "button": 834,
      "description": "",
      "error_message": "",
      "execute_always": 0,
      "name": "\u00d6REB Workflow-Datum setzen",
      "sort": 1,
      "success_message": ""
    },
    "model": "core.action",
    "pk": 1363
  },
  {
    "fields": {
      "available_action": "workflow",
      "button": 874,
      "description": "",
      "error_message": "",
      "execute_always": 0,
      "name": "\u00d6REB Workflow-Datum setzen",
      "sort": 1,
      "success_message": ""
    },
    "model": "core.action",
    "pk": 1364
  },
  {
    "fields": {
      "available_action": "workflow",
      "button": 917,
      "description": "",
      "error_message": "",
      "execute_always": 0,
      "name": "\u00d6REB Workflow-Datum setzen",
      "sort": 1,
      "success_message": ""
    },
    "model": "core.action",
    "pk": 1365
  },
  {
    "fields": {
      "available_action": "workflow",
      "button": 915,
      "description": "",
      "error_message": "",
      "execute_always": 0,
      "name": "\u00d6REB Workflow-Datum setzen",
      "sort": 1,
      "success_message": ""
    },
    "model": "core.action",
    "pk": 1366
  },
  {
    "fields": {
      "available_action": "workflow",
      "button": 914,
      "description": "",
      "error_message": "",
      "execute_always": 0,
      "name": "\u00d6REB Workflow-Datum setzen",
      "sort": 1,
      "success_message": ""
    },
    "model": "core.action",
    "pk": 1368
  },
  {
    "fields": {
      "available_action": "notification",
      "button": 305,
      "description": "",
      "error_message": "",
      "execute_always": 0,
      "name": "E-Mail an Gesuchsteller schicken",
      "sort": 3,
      "success_message": ""
    },
    "model": "core.action",
    "pk": 1369
  },
  {
    "fields": {
      "available_action": "docx",
      "button": 919,
      "description": null,
      "error_message": null,
      "execute_always": 0,
      "name": "Rechnung generieren",
      "sort": 0,
      "success_message": null
    },
    "model": "core.action",
    "pk": 1372
  },
  {
    "fields": {
      "available_action": "docx",
      "button": 920,
      "description": null,
      "error_message": null,
      "execute_always": 0,
      "name": "Rechnung generieren",
      "sort": 0,
      "success_message": null
    },
    "model": "core.action",
    "pk": 1373
  },
  {
    "fields": {
      "available_action": "notification",
      "button": 827,
      "description": "Versendet eine E-Mail an alle zum Start der Zirkulation involvierten Stellen.",
      "error_message": null,
      "execute_always": 0,
      "name": "Zirkulation starten E-Mail SD",
      "sort": 3,
      "success_message": null
    },
    "model": "core.action",
    "pk": 1374
  },
  {
    "fields": {
      "available_action": "notification",
      "button": 828,
      "description": null,
      "error_message": null,
      "execute_always": 0,
      "name": "E-Mail an hinzugef\u00fcgte Fachstellen versenden SD",
      "sort": 2,
      "success_message": null
    },
    "model": "core.action",
    "pk": 1375
  },
  {
    "fields": {
      "available_action": "php",
      "button": 153,
      "description": null,
      "error_message": null,
      "execute_always": 0,
      "name": "Zur\u00fcck zum Dossier",
      "sort": 1,
      "success_message": null
    },
    "model": "core.action",
    "pk": 1376
  },
  {
    "fields": {
      "available_action": "save",
      "button": 921,
      "description": null,
      "error_message": "Das Dossier konnte nicht frei gegeben werden, da beim Speicher ein Fehler aufgetreten ist!",
      "execute_always": 0,
      "name": "Speichern",
      "sort": 0,
      "success_message": "Dossier gespeichert."
    },
    "model": "core.action",
    "pk": 1377
  },
  {
    "fields": {
      "available_action": "formtransition",
      "button": 921,
      "description": null,
      "error_message": "Beim Freigeben des Dossiers ist ein Fehler aufgetreten!",
      "execute_always": 0,
      "name": "Freigeben an Gemeinde COMM - EXT_GEM",
      "sort": 1,
      "success_message": "Dossier erfolgreich freigegeben."
    },
    "model": "core.action",
    "pk": 1378
  },
  {
    "fields": {
      "available_action": "php",
      "button": 628,
      "description": null,
      "error_message": "Da die Frist dieses Dossiers in weniger als einer Woche endet oder das Dossier bereits seit 2 Wochen vollst\u00e4ndig ist, ist es nicht mehr m\u00f6glich Nachforderungen zu stellen.",
      "execute_always": 0,
      "name": "CheckIfNFDPossible",
      "sort": 0,
      "success_message": null
    },
    "model": "core.action",
    "pk": 1379
  },
  {
    "fields": {
      "available_action": "save",
      "button": 922,
      "description": null,
      "error_message": "Speichern fehlgeschlagen!",
      "execute_always": 0,
      "name": "Speichern",
      "sort": 0,
      "success_message": "Speichern erfolgreich."
    },
    "model": "core.action",
    "pk": 1380
  },
  {
    "fields": {
      "available_action": "save",
      "button": 923,
      "description": null,
      "error_message": "Speichern fehlgeschlagen!",
      "execute_always": 0,
      "name": "Speichern",
      "sort": 0,
      "success_message": "Speichern erfolgreich."
    },
    "model": "core.action",
    "pk": 1381
  },
  {
    "fields": {
      "available_action": "notification",
      "button": 923,
      "description": "Versendet eine E-Mail an alle zum Start der Zirkulation involvierten Stellen.",
      "error_message": "E-Mail zum Start der Zirkulation konnte nicht versendet werden",
      "execute_always": 0,
      "name": "Zirkulation starten E-Mail",
      "sort": 2,
      "success_message": "E-Mail zum Start der Zirkulation wurde versandt"
    },
    "model": "core.action",
    "pk": 1382
  },
  {
    "fields": {
      "available_action": "php",
      "button": 923,
      "description": null,
      "error_message": null,
      "execute_always": 0,
      "name": "IDLE auf RUN setzen",
      "sort": 3,
      "success_message": null
    },
    "model": "core.action",
    "pk": 1383
  },
  {
    "fields": {
      "available_action": "save",
      "button": 924,
      "description": null,
      "error_message": "Speichern fehlgeschlagen!",
      "execute_always": 0,
      "name": "Speichern",
      "sort": 0,
      "success_message": "Speichern erfolgreich."
    },
    "model": "core.action",
    "pk": 1385
  },
  {
    "fields": {
      "available_action": "notification",
      "button": 924,
      "description": null,
      "error_message": null,
      "execute_always": 0,
      "name": "E-Mail an hinzugef\u00fcgte Fachstellen versenden",
      "sort": 1,
      "success_message": null
    },
    "model": "core.action",
    "pk": 1386
  },
  {
    "fields": {
      "available_action": "php",
      "button": 924,
      "description": null,
      "error_message": null,
      "execute_always": 0,
      "name": "IDLE auf RUN setzen",
      "sort": 2,
      "success_message": null
    },
    "model": "core.action",
    "pk": 1387
  },
  {
    "fields": {
      "available_action": "php",
      "button": 925,
      "description": null,
      "error_message": null,
      "execute_always": 0,
      "name": "Zirkulation wieder\u00f6ffnen",
      "sort": 0,
      "success_message": "Zirkulation wurde f\u00fcr die selektierten Fachstellen wiederer\u00f6ffnet!"
    },
    "model": "core.action",
    "pk": 1388
  },
  {
    "fields": {
      "available_action": "workflow",
      "button": 923,
      "description": null,
      "error_message": "Workflow Datum konnte nicht gesetzt werden!",
      "execute_always": 0,
      "name": "Gemeindezirkulation gestarten",
      "sort": 1,
      "success_message": "Workflow Datum gesetzt."
    },
    "model": "core.action",
    "pk": 1389
  },
  {
    "fields": {
      "available_action": "save",
      "button": 926,
      "description": null,
      "error_message": "Speichern fehlgeschlagen.",
      "execute_always": 0,
      "name": "Speichern",
      "sort": 0,
      "success_message": "Speichern erfolgreich."
    },
    "model": "core.action",
    "pk": 1390
  },
  {
    "fields": {
      "available_action": "save",
      "button": 927,
      "description": null,
      "error_message": "Speichern fehlgeschlagen!",
      "execute_always": 0,
      "name": "Speichern",
      "sort": 0,
      "success_message": "Speichern erfolgreich."
    },
    "model": "core.action",
    "pk": 1391
  },
  {
    "fields": {
      "available_action": "circulationtransition",
      "button": 927,
      "description": null,
      "error_message": null,
      "execute_always": 0,
      "name": "Zirkulation auf OK setzen",
      "sort": 1,
      "success_message": null
    },
    "model": "core.action",
    "pk": 1392
  },
  {
    "fields": {
      "available_action": "save",
      "button": 930,
      "description": null,
      "error_message": "Dossier konnte nicht erstellt werden!",
      "execute_always": 0,
      "name": "Speichern",
      "sort": 0,
      "success_message": "Dossier erfolgreich erstellt."
    },
    "model": "core.action",
    "pk": 1401
  },
  {
    "fields": {
      "available_action": "location",
      "button": 930,
      "description": null,
      "error_message": null,
      "execute_always": 0,
      "name": "Standort Setzen",
      "sort": 1,
      "success_message": null
    },
    "model": "core.action",
    "pk": 1402
  },
  {
    "fields": {
      "available_action": "php",
      "button": 930,
      "description": null,
      "error_message": null,
      "execute_always": 0,
      "name": "Dossier-NR setzen",
      "sort": 2,
      "success_message": null
    },
    "model": "core.action",
    "pk": 1403
  },
  {
    "fields": {
      "available_action": "workflow",
      "button": 930,
      "description": null,
      "error_message": null,
      "execute_always": 0,
      "name": "Workflow Datum setzen auf Dossier erfasst",
      "sort": 3,
      "success_message": null
    },
    "model": "core.action",
    "pk": 1404
  },
  {
    "fields": {
      "available_action": "save",
      "button": 931,
      "description": null,
      "error_message": "Speichern fehlgeschlagen!",
      "execute_always": 0,
      "name": "Speichern",
      "sort": 0,
      "success_message": "Speichern erfolgreich."
    },
    "model": "core.action",
    "pk": 1405
  },
  {
    "fields": {
      "available_action": "formtransition",
      "button": 932,
      "description": null,
      "error_message": "Das Dossier konnte nicht gel\u00f6scht werden, da ein Fehler aufgetreten ist!",
      "execute_always": 0,
      "name": "L\u00f6schen",
      "sort": 0,
      "success_message": "Dossier erfolgreich gel\u00f6scht."
    },
    "model": "core.action",
    "pk": 1406
  },
  {
    "fields": {
      "available_action": "formtransition",
      "button": 933,
      "description": null,
      "error_message": "Das Dossiert konnte nicht archiviert werden, da ein Fehler aufgetreten ist!",
      "execute_always": 0,
      "name": "Archivieren",
      "sort": 0,
      "success_message": "Dossier erfolgreich archiviert."
    },
    "model": "core.action",
    "pk": 1407
  },
  {
    "fields": {
      "available_action": "save",
      "button": 934,
      "description": null,
      "error_message": "Speichern fehlgeschlagen!",
      "execute_always": 0,
      "name": "Speichern",
      "sort": 0,
      "success_message": "Speichern erfolgreich."
    },
    "model": "core.action",
    "pk": 1408
  },
  {
    "fields": {
      "available_action": "save",
      "button": 935,
      "description": null,
      "error_message": "Speichern fehlgeschlagen!",
      "execute_always": 0,
      "name": "Speichern",
      "sort": 0,
      "success_message": "Speichern erfolgreich."
    },
    "model": "core.action",
    "pk": 1409
  },
  {
    "fields": {
      "available_action": "notification",
      "button": 935,
      "description": "Versendet eine E-Mail an alle zum Start der Zirkulation involvierten Stellen.",
      "error_message": "E-Mail zum Start der Zirkulation konnte nicht versendet werden",
      "execute_always": 0,
      "name": "Zirkulation starten E-Mail",
      "sort": 2,
      "success_message": "E-Mail zum Start der Zirkulation wurde versandt"
    },
    "model": "core.action",
    "pk": 1411
  },
  {
    "fields": {
      "available_action": "php",
      "button": 935,
      "description": null,
      "error_message": null,
      "execute_always": 0,
      "name": "IDLE auf RUN setzen",
      "sort": 3,
      "success_message": null
    },
    "model": "core.action",
    "pk": 1412
  },
  {
    "fields": {
      "available_action": "workflow",
      "button": 935,
      "description": null,
      "error_message": null,
      "execute_always": 0,
      "name": "Zirkulation starten",
      "sort": 4,
      "success_message": null
    },
    "model": "core.action",
    "pk": 1413
  },
  {
    "fields": {
      "available_action": "pageredirect",
      "button": 935,
      "description": null,
      "error_message": null,
      "execute_always": 1,
      "name": "Auf Zirkulation bleiben",
      "sort": 5,
      "success_message": null
    },
    "model": "core.action",
    "pk": 1414
  },
  {
    "fields": {
      "available_action": "php",
      "button": 938,
      "description": null,
      "error_message": null,
      "execute_always": 0,
      "name": "Zirkulation wieder\u00f6ffnen",
      "sort": 0,
      "success_message": "Zirkulation wurde f\u00fcr die selektierten Fachstellen wiederer\u00f6ffnet!"
    },
    "model": "core.action",
    "pk": 1415
  },
  {
    "fields": {
      "available_action": "save",
      "button": 936,
      "description": null,
      "error_message": "Speichern fehlgeschlagen!",
      "execute_always": 0,
      "name": "Speichern",
      "sort": 0,
      "success_message": "Speichern erfolgreich."
    },
    "model": "core.action",
    "pk": 1416
  },
  {
    "fields": {
      "available_action": "notification",
      "button": 936,
      "description": null,
      "error_message": null,
      "execute_always": 0,
      "name": "E-Mail an hinzugef\u00fcgte Fachstellen versenden",
      "sort": 1,
      "success_message": null
    },
    "model": "core.action",
    "pk": 1417
  },
  {
    "fields": {
      "available_action": "php",
      "button": 936,
      "description": null,
      "error_message": null,
      "execute_always": 0,
      "name": "IDLE auf RUN setzen",
      "sort": 2,
      "success_message": null
    },
    "model": "core.action",
    "pk": 1418
  },
  {
    "fields": {
      "available_action": "workflow",
      "button": 933,
      "description": null,
      "error_message": null,
      "execute_always": 0,
      "name": "Archivieren",
      "sort": 1,
      "success_message": null
    },
    "model": "core.action",
    "pk": 1419
  },
  {
    "fields": {
      "available_action": "save",
      "button": 939,
      "description": null,
      "error_message": "Speichern fehlgeschlagen",
      "execute_always": 0,
      "name": "Speichern",
      "sort": 0,
      "success_message": "Speichern erfolgreich"
    },
    "model": "core.action",
    "pk": 1420
  },
  {
    "fields": {
      "available_action": "save",
      "button": 940,
      "description": null,
      "error_message": "Antwort konnte nicht gesendet werden!",
      "execute_always": 0,
      "name": "Speichern",
      "sort": 0,
      "success_message": "Antwort erfolgreich gesendet"
    },
    "model": "core.action",
    "pk": 1421
  },
  {
    "fields": {
      "available_action": "circulationtransition",
      "button": 940,
      "description": null,
      "error_message": null,
      "execute_always": 0,
      "name": "Zirkulation auf OK setzen",
      "sort": 1,
      "success_message": null
    },
    "model": "core.action",
    "pk": 1422
  },
  {
    "fields": {
      "available_action": "php",
      "button": 940,
      "description": null,
      "error_message": null,
      "execute_always": 0,
      "name": "Zirkulation Ende",
      "sort": 2,
      "success_message": null
    },
    "model": "core.action",
    "pk": 1423
  },
  {
    "fields": {
      "available_action": "pageredirect",
      "button": 940,
      "description": null,
      "error_message": null,
      "execute_always": 1,
      "name": "Weiterleitung zu Pendenzenliste",
      "sort": 4,
      "success_message": null
    },
    "model": "core.action",
    "pk": 1425
  },
  {
    "fields": {
      "available_action": "php",
      "button": 927,
      "description": null,
      "error_message": null,
      "execute_always": 0,
      "name": "Gemeindezirkulation Ende",
      "sort": 2,
      "success_message": null
    },
    "model": "core.action",
    "pk": 1435
  },
  {
    "fields": {
      "available_action": "php",
      "button": 64,
      "description": null,
      "error_message": null,
      "execute_always": 0,
      "name": "Archivdossier erstellen",
      "sort": 3,
      "success_message": null
    },
    "model": "core.action",
    "pk": 1436
  },
  {
    "fields": {
      "available_action": "php",
      "button": 2,
      "description": null,
      "error_message": null,
      "execute_always": 0,
      "name": "Archivdossier erstellen",
      "sort": 3,
      "success_message": null
    },
    "model": "core.action",
    "pk": 1437
  },
  {
    "fields": {
      "available_action": "php",
      "button": 668,
      "description": null,
      "error_message": null,
      "execute_always": 0,
      "name": "Archivdossier erstellen",
      "sort": 3,
      "success_message": null
    },
    "model": "core.action",
    "pk": 1438
  },
  {
    "fields": {
      "available_action": "save",
      "button": 943,
      "description": null,
      "error_message": null,
      "execute_always": 0,
      "name": "Speichern",
      "sort": 0,
      "success_message": null
    },
    "model": "core.action",
    "pk": 1439
  },
  {
    "fields": {
      "available_action": "formtransition",
      "button": 943,
      "description": "Freigabe an KOOR (COMM - EXT)",
      "error_message": null,
      "execute_always": 0,
      "name": "Freigabe an KOOR (COMM - EXT)",
      "sort": 1,
      "success_message": null
    },
    "model": "core.action",
    "pk": 1443
  },
  {
    "fields": {
      "available_action": "workflow",
      "button": 943,
      "description": "COMM zu EXT",
      "error_message": null,
      "execute_always": 0,
      "name": "Workflow Datum setzen",
      "sort": 3,
      "success_message": null
    },
    "model": "core.action",
    "pk": 1444
  },
  {
    "fields": {
      "available_action": "notification",
      "button": 943,
      "description": null,
      "error_message": "Das E-Mail an die Koordinationsstelle konnte nicht versandt werden.",
      "execute_always": 0,
      "name": "E-Mail an Koor wenn Dossier von Bundesstelle",
      "sort": 2,
      "success_message": null
    },
    "model": "core.action",
    "pk": 1445
  },
  {
    "fields": {
      "available_action": "formtransition",
      "button": 944,
      "description": "ANY (Gemeinde) zu ARCH",
      "error_message": "Das Dossier konnte nich archiviert werden, da ein Fehler aufgetreten ist!",
      "execute_always": 0,
      "name": "Archivieren",
      "sort": 0,
      "success_message": "Das Dossier wurde archiviert."
    },
    "model": "core.action",
    "pk": 1446
  },
  {
    "fields": {
      "available_action": "workflow",
      "button": 944,
      "description": null,
      "error_message": null,
      "execute_always": 0,
      "name": "Archivieren",
      "sort": 1,
      "success_message": null
    },
    "model": "core.action",
    "pk": 1447
  },
  {
    "fields": {
      "available_action": "formtransition",
      "button": 945,
      "description": null,
      "error_message": null,
      "execute_always": 0,
      "name": "REDAC - DONE",
      "sort": 0,
      "success_message": null
    },
    "model": "core.action",
    "pk": 1448
  },
  {
    "fields": {
      "available_action": "formtransition",
      "button": 946,
      "description": null,
      "error_message": null,
      "execute_always": 0,
      "name": "REDAC - DONE",
      "sort": 0,
      "success_message": null
    },
    "model": "core.action",
    "pk": 1449
  },
  {
    "fields": {
      "available_action": "save",
      "button": 947,
      "description": null,
      "error_message": "Speichern fehlgeschlagen",
      "execute_always": 0,
      "name": "Speichern",
      "sort": 0,
      "success_message": "Speichern erfolgreich"
    },
    "model": "core.action",
    "pk": 1450
  },
  {
    "fields": {
      "available_action": "save",
      "button": 948,
      "description": null,
      "error_message": "Antwort konnte nicht gesendet werden!",
      "execute_always": 0,
      "name": "Speichern",
      "sort": 0,
      "success_message": "Antwort erfolgreich gesendet"
    },
    "model": "core.action",
    "pk": 1451
  },
  {
    "fields": {
      "available_action": "circulationtransition",
      "button": 948,
      "description": null,
      "error_message": null,
      "execute_always": 0,
      "name": "Zirkulation auf OK setzen",
      "sort": 1,
      "success_message": null
    },
    "model": "core.action",
    "pk": 1452
  },
  {
    "fields": {
      "available_action": "php",
      "button": 948,
      "description": null,
      "error_message": null,
      "execute_always": 0,
      "name": "Gemeindezirkulation Ende",
      "sort": 2,
      "success_message": null
    },
    "model": "core.action",
    "pk": 1455
  },
  {
    "fields": {
      "available_action": "formtransition",
      "button": 949,
      "description": "\u00c4ndert den Statusdes Dossiers",
      "error_message": "Staus\u00e4nderung konnte nicht ausgef\u00fchrt werden",
      "execute_always": 0,
      "name": "Status\u00e4nderung von CIRC in REDAC",
      "sort": 0,
      "success_message": "Staus\u00e4nderung erfolgreich ausgef\u00fchrt"
    },
    "model": "core.action",
    "pk": 1456
  },
  {
    "fields": {
      "current_instance_state": 21,
      "next_instance_state": 22
    },
    "model": "core.aformtransition",
    "pk": 9
  },
  {
    "fields": {
      "current_instance_state": 22,
      "next_instance_state": 21
    },
    "model": "core.aformtransition",
    "pk": 227
  },
  {
    "fields": {
      "current_instance_state": null,
      "next_instance_state": 27
    },
    "model": "core.aformtransition",
    "pk": 247
  },
  {
    "fields": {
      "current_instance_state": 21,
      "next_instance_state": 27
    },
    "model": "core.aformtransition",
    "pk": 248
  },
  {
    "fields": {
      "current_instance_state": 24,
      "next_instance_state": 25
    },
    "model": "core.aformtransition",
    "pk": 249
  },
  {
    "fields": {
      "current_instance_state": 24,
      "next_instance_state": 26
    },
    "model": "core.aformtransition",
    "pk": 252
  },
  {
    "fields": {
      "current_instance_state": null,
      "next_instance_state": 26
    },
    "model": "core.aformtransition",
    "pk": 254
  },
  {
    "fields": {
      "current_instance_state": null,
      "next_instance_state": 27
    },
    "model": "core.aformtransition",
    "pk": 258
  },
  {
    "fields": {
      "current_instance_state": null,
      "next_instance_state": 26
    },
    "model": "core.aformtransition",
    "pk": 259
  },
  {
    "fields": {
      "current_instance_state": null,
      "next_instance_state": 23
    },
    "model": "core.aformtransition",
    "pk": 351
  },
  {
    "fields": {
      "current_instance_state": null,
      "next_instance_state": 27
    },
    "model": "core.aformtransition",
    "pk": 652
  },
  {
    "fields": {
      "current_instance_state": null,
      "next_instance_state": 26
    },
    "model": "core.aformtransition",
    "pk": 653
  },
  {
    "fields": {
      "current_instance_state": null,
      "next_instance_state": 23
    },
    "model": "core.aformtransition",
    "pk": 657
  },
  {
    "fields": {
      "current_instance_state": 21,
      "next_instance_state": 22
    },
    "model": "core.aformtransition",
    "pk": 697
  },
  {
    "fields": {
      "current_instance_state": 21,
      "next_instance_state": 27
    },
    "model": "core.aformtransition",
    "pk": 700
  },
  {
    "fields": {
      "current_instance_state": null,
      "next_instance_state": 26
    },
    "model": "core.aformtransition",
    "pk": 701
  },
  {
    "fields": {
      "current_instance_state": null,
      "next_instance_state": 21
    },
    "model": "core.aformtransition",
    "pk": 730
  },
  {
    "fields": {
      "current_instance_state": 25,
      "next_instance_state": 21
    },
    "model": "core.aformtransition",
    "pk": 731
  },
  {
    "fields": {
      "current_instance_state": null,
      "next_instance_state": 25
    },
    "model": "core.aformtransition",
    "pk": 791
  },
  {
    "fields": {
      "current_instance_state": null,
      "next_instance_state": 23
    },
    "model": "core.aformtransition",
    "pk": 972
  },
  {
    "fields": {
      "current_instance_state": null,
      "next_instance_state": 26
    },
    "model": "core.aformtransition",
    "pk": 992
  },
  {
    "fields": {
      "current_instance_state": 24,
      "next_instance_state": 26
    },
    "model": "core.aformtransition",
    "pk": 993
  },
  {
    "fields": {
      "current_instance_state": null,
      "next_instance_state": 27
    },
    "model": "core.aformtransition",
    "pk": 1001
  },
  {
    "fields": {
      "current_instance_state": 24,
      "next_instance_state": 26
    },
    "model": "core.aformtransition",
    "pk": 1002
  },
  {
    "fields": {
      "current_instance_state": 26,
      "next_instance_state": 22
    },
    "model": "core.aformtransition",
    "pk": 1004
  },
  {
    "fields": {
      "current_instance_state": 26,
      "next_instance_state": 21
    },
    "model": "core.aformtransition",
    "pk": 1005
  },
  {
    "fields": {
      "current_instance_state": 26,
      "next_instance_state": 21
    },
    "model": "core.aformtransition",
    "pk": 1006
  },
  {
    "fields": {
      "current_instance_state": 26,
      "next_instance_state": 21
    },
    "model": "core.aformtransition",
    "pk": 1007
  },
  {
    "fields": {
      "current_instance_state": 30,
      "next_instance_state": 21
    },
    "model": "core.aformtransition",
    "pk": 1035
  },
  {
    "fields": {
      "current_instance_state": 30,
      "next_instance_state": 31
    },
    "model": "core.aformtransition",
    "pk": 1036
  },
  {
    "fields": {
      "current_instance_state": 30,
      "next_instance_state": 29
    },
    "model": "core.aformtransition",
    "pk": 1061
  },
  {
    "fields": {
      "current_instance_state": 29,
      "next_instance_state": 30
    },
    "model": "core.aformtransition",
    "pk": 1062
  },
  {
    "fields": {
      "current_instance_state": 29,
      "next_instance_state": 30
    },
    "model": "core.aformtransition",
    "pk": 1066
  },
  {
    "fields": {
      "current_instance_state": 29,
      "next_instance_state": 30
    },
    "model": "core.aformtransition",
    "pk": 1070
  },
  {
    "fields": {
      "current_instance_state": 26,
      "next_instance_state": 21
    },
    "model": "core.aformtransition",
    "pk": 1097
  },
  {
    "fields": {
      "current_instance_state": 26,
      "next_instance_state": 22
    },
    "model": "core.aformtransition",
    "pk": 1098
  },
  {
    "fields": {
      "current_instance_state": 26,
      "next_instance_state": 22
    },
    "model": "core.aformtransition",
    "pk": 1099
  },
  {
    "fields": {
      "current_instance_state": 26,
      "next_instance_state": 22
    },
    "model": "core.aformtransition",
    "pk": 1100
  },
  {
    "fields": {
      "current_instance_state": 26,
      "next_instance_state": 22
    },
    "model": "core.aformtransition",
    "pk": 1101
  },
  {
    "fields": {
      "current_instance_state": 26,
      "next_instance_state": 21
    },
    "model": "core.aformtransition",
    "pk": 1102
  },
  {
    "fields": {
      "current_instance_state": 23,
      "next_instance_state": 24
    },
    "model": "core.aformtransition",
    "pk": 1131
  },
  {
    "fields": {
      "current_instance_state": 22,
      "next_instance_state": 27
    },
    "model": "core.aformtransition",
    "pk": 1141
  },
  {
    "fields": {
      "current_instance_state": 24,
      "next_instance_state": 26
    },
    "model": "core.aformtransition",
    "pk": 1142
  },
  {
    "fields": {
      "current_instance_state": 26,
      "next_instance_state": 22
    },
    "model": "core.aformtransition",
    "pk": 1145
  },
  {
    "fields": {
      "current_instance_state": null,
      "next_instance_state": 23
    },
    "model": "core.aformtransition",
    "pk": 1163
  },
  {
    "fields": {
      "current_instance_state": 23,
      "next_instance_state": 24
    },
    "model": "core.aformtransition",
    "pk": 1185
  },
  {
    "fields": {
      "current_instance_state": 22,
      "next_instance_state": 27
    },
    "model": "core.aformtransition",
    "pk": 1200
  },
  {
    "fields": {
      "current_instance_state": 24,
      "next_instance_state": 26
    },
    "model": "core.aformtransition",
    "pk": 1201
  },
  {
    "fields": {
      "current_instance_state": 26,
      "next_instance_state": 22
    },
    "model": "core.aformtransition",
    "pk": 1203
  },
  {
    "fields": {
      "current_instance_state": null,
      "next_instance_state": 23
    },
    "model": "core.aformtransition",
    "pk": 1206
  },
  {
    "fields": {
      "current_instance_state": 22,
      "next_instance_state": 27
    },
    "model": "core.aformtransition",
    "pk": 1224
  },
  {
    "fields": {
      "current_instance_state": 24,
      "next_instance_state": 26
    },
    "model": "core.aformtransition",
    "pk": 1225
  },
  {
    "fields": {
      "current_instance_state": 26,
      "next_instance_state": 22
    },
    "model": "core.aformtransition",
    "pk": 1227
  },
  {
    "fields": {
      "current_instance_state": null,
      "next_instance_state": 23
    },
    "model": "core.aformtransition",
    "pk": 1230
  },
  {
    "fields": {
      "current_instance_state": 22,
      "next_instance_state": 27
    },
    "model": "core.aformtransition",
    "pk": 1274
  },
  {
    "fields": {
      "current_instance_state": 24,
      "next_instance_state": 26
    },
    "model": "core.aformtransition",
    "pk": 1275
  },
  {
    "fields": {
      "current_instance_state": 26,
      "next_instance_state": 22
    },
    "model": "core.aformtransition",
    "pk": 1277
  },
  {
    "fields": {
      "current_instance_state": null,
      "next_instance_state": 23
    },
    "model": "core.aformtransition",
    "pk": 1280
  },
  {
    "fields": {
      "current_instance_state": 21,
      "next_instance_state": 32
    },
    "model": "core.aformtransition",
    "pk": 1378
  },
  {
    "fields": {
      "current_instance_state": 21,
      "next_instance_state": 27
    },
    "model": "core.aformtransition",
    "pk": 1406
  },
  {
    "fields": {
      "current_instance_state": null,
      "next_instance_state": 26
    },
    "model": "core.aformtransition",
    "pk": 1407
  },
  {
    "fields": {
      "current_instance_state": 21,
      "next_instance_state": 22
    },
    "model": "core.aformtransition",
    "pk": 1437
  },
  {
    "fields": {
      "current_instance_state": 21,
      "next_instance_state": 22
    },
    "model": "core.aformtransition",
    "pk": 1443
  },
  {
    "fields": {
      "current_instance_state": null,
      "next_instance_state": 26
    },
    "model": "core.aformtransition",
    "pk": 1446
  },
  {
    "fields": {
      "current_instance_state": 24,
      "next_instance_state": 25
    },
    "model": "core.aformtransition",
    "pk": 1448
  },
  {
    "fields": {
      "current_instance_state": 24,
      "next_instance_state": 25
    },
    "model": "core.aformtransition",
    "pk": 1449
  },
  {
    "fields": {
      "current_instance_state": 23,
      "next_instance_state": 24
    },
    "model": "core.aformtransition",
    "pk": 1456
  },
  {
    "fields": {
      "action_name": "wizard",
      "available_instance_resource": "formwizard",
      "hidden": 0
    },
    "model": "core.airaction",
    "pk": 1
  },
  {
    "fields": {
      "action_name": "get-file",
      "available_instance_resource": "formwizard",
      "hidden": 1
    },
    "model": "core.airaction",
    "pk": 2
  },
  {
    "fields": {
      "action_name": "new",
      "available_instance_resource": "newform",
      "hidden": 0
    },
    "model": "core.airaction",
    "pk": 3
  },
  {
    "fields": {
      "action_name": "edit-page",
      "available_instance_resource": "editformpage",
      "hidden": 0
    },
    "model": "core.airaction",
    "pk": 4
  },
  {
    "fields": {
      "action_name": "get-file",
      "available_instance_resource": "editformpage",
      "hidden": 1
    },
    "model": "core.airaction",
    "pk": 5
  },
  {
    "fields": {
      "action_name": "edit-pages",
      "available_instance_resource": "editformpages",
      "hidden": 0
    },
    "model": "core.airaction",
    "pk": 6
  },
  {
    "fields": {
      "action_name": "get-file",
      "available_instance_resource": "editformpages",
      "hidden": 1
    },
    "model": "core.airaction",
    "pk": 7
  },
  {
    "fields": {
      "action_name": "read-page",
      "available_instance_resource": "formpage",
      "hidden": 0
    },
    "model": "core.airaction",
    "pk": 8
  },
  {
    "fields": {
      "action_name": "get-file",
      "available_instance_resource": "formpage",
      "hidden": 1
    },
    "model": "core.airaction",
    "pk": 9
  },
  {
    "fields": {
      "action_name": "read-pages",
      "available_instance_resource": "formpages",
      "hidden": 0
    },
    "model": "core.airaction",
    "pk": 10
  },
  {
    "fields": {
      "action_name": "get-file",
      "available_instance_resource": "formpages",
      "hidden": 1
    },
    "model": "core.airaction",
    "pk": 11
  },
  {
    "fields": {
      "action_name": "index",
      "available_instance_resource": "allformpages",
      "hidden": 0
    },
    "model": "core.airaction",
    "pk": 12
  },
  {
    "fields": {
      "action_name": "get-file",
      "available_instance_resource": "allformpages",
      "hidden": 1
    },
    "model": "core.airaction",
    "pk": 13
  },
  {
    "fields": {
      "action_name": "form-error",
      "available_instance_resource": "formerror",
      "hidden": 0
    },
    "model": "core.airaction",
    "pk": 14
  },
  {
    "fields": {
      "action_name": "edit",
      "available_instance_resource": "editcirculation",
      "hidden": 0
    },
    "model": "core.airaction",
    "pk": 15
  },
  {
    "fields": {
      "action_name": "add",
      "available_instance_resource": "editcirculation",
      "hidden": 1
    },
    "model": "core.airaction",
    "pk": 16
  },
  {
    "fields": {
      "action_name": "add-activation",
      "available_instance_resource": "editcirculation",
      "hidden": 1
    },
    "model": "core.airaction",
    "pk": 17
  },
  {
    "fields": {
      "action_name": "get-image",
      "available_instance_resource": "editcirculation",
      "hidden": 1
    },
    "model": "core.airaction",
    "pk": 18
  },
  {
    "fields": {
      "action_name": "index",
      "available_instance_resource": "circulation",
      "hidden": 0
    },
    "model": "core.airaction",
    "pk": 19
  },
  {
    "fields": {
      "action_name": "get-image",
      "available_instance_resource": "circulation",
      "hidden": 1
    },
    "model": "core.airaction",
    "pk": 20
  },
  {
    "fields": {
      "action_name": "list-notice",
      "available_instance_resource": "editnotice",
      "hidden": 0
    },
    "model": "core.airaction",
    "pk": 21
  },
  {
    "fields": {
      "action_name": "edit-notice",
      "available_instance_resource": "editnotice",
      "hidden": 1
    },
    "model": "core.airaction",
    "pk": 22
  },
  {
    "fields": {
      "action_name": "get-image",
      "available_instance_resource": "editnotice",
      "hidden": 1
    },
    "model": "core.airaction",
    "pk": 23
  },
  {
    "fields": {
      "action_name": "list",
      "available_instance_resource": "editnotice",
      "hidden": 1
    },
    "model": "core.airaction",
    "pk": 24
  },
  {
    "fields": {
      "action_name": "upload",
      "available_instance_resource": "editnotice",
      "hidden": 1
    },
    "model": "core.airaction",
    "pk": 25
  },
  {
    "fields": {
      "action_name": "read-notice",
      "available_instance_resource": "editcirculation",
      "hidden": 1
    },
    "model": "core.airaction",
    "pk": 26
  },
  {
    "fields": {
      "action_name": "read-notice",
      "available_instance_resource": "circulation",
      "hidden": 1
    },
    "model": "core.airaction",
    "pk": 27
  },
  {
    "fields": {
      "action_name": "index",
      "available_instance_resource": "letter",
      "hidden": 0
    },
    "model": "core.airaction",
    "pk": 28
  },
  {
    "fields": {
      "action_name": "get-image",
      "available_instance_resource": "letter",
      "hidden": 1
    },
    "model": "core.airaction",
    "pk": 29
  },
  {
    "fields": {
      "action_name": "edit",
      "available_instance_resource": "editletter",
      "hidden": 0
    },
    "model": "core.airaction",
    "pk": 30
  },
  {
    "fields": {
      "action_name": "get-image",
      "available_instance_resource": "editletter",
      "hidden": 1
    },
    "model": "core.airaction",
    "pk": 31
  },
  {
    "fields": {
      "action_name": "list",
      "available_instance_resource": "editletter",
      "hidden": 1
    },
    "model": "core.airaction",
    "pk": 32
  },
  {
    "fields": {
      "action_name": "upload",
      "available_instance_resource": "editletter",
      "hidden": 1
    },
    "model": "core.airaction",
    "pk": 33
  },
  {
    "fields": {
      "action_name": "index",
      "available_instance_resource": "page",
      "hidden": 0
    },
    "model": "core.airaction",
    "pk": 34
  },
  {
    "fields": {
      "action_name": "index",
      "available_instance_resource": "history",
      "hidden": 0
    },
    "model": "core.airaction",
    "pk": 35
  },
  {
    "fields": {
      "action_name": "list",
      "available_instance_resource": "documents",
      "hidden": 0
    },
    "model": "core.airaction",
    "pk": 36
  },
  {
    "fields": {
      "action_name": "upload",
      "available_instance_resource": "documents",
      "hidden": 1
    },
    "model": "core.airaction",
    "pk": 37
  },
  {
    "fields": {
      "action_name": "download",
      "available_instance_resource": "documents",
      "hidden": 1
    },
    "model": "core.airaction",
    "pk": 38
  },
  {
    "fields": {
      "action_name": "preview",
      "available_instance_resource": "documents",
      "hidden": 1
    },
    "model": "core.airaction",
    "pk": 39
  },
  {
    "fields": {
      "action_name": "delete",
      "available_instance_resource": "documents",
      "hidden": 1
    },
    "model": "core.airaction",
    "pk": 40
  },
  {
    "fields": {
      "action_name": "list",
      "available_instance_resource": "workflow",
      "hidden": 0
    },
    "model": "core.airaction",
    "pk": 41
  },
  {
    "fields": {
      "action_name": "save",
      "available_instance_resource": "workflow",
      "hidden": 1
    },
    "model": "core.airaction",
    "pk": 42
  },
  {
    "fields": {
      "action_name": "delete",
      "available_instance_resource": "workflow",
      "hidden": 1
    },
    "model": "core.airaction",
    "pk": 43
  },
  {
    "fields": {
      "action_name": "edit",
      "available_instance_resource": "billing",
      "hidden": 0
    },
    "model": "core.airaction",
    "pk": 44
  },
  {
    "fields": {
      "action_name": "insert",
      "available_instance_resource": "billing",
      "hidden": 1
    },
    "model": "core.airaction",
    "pk": 45
  },
  {
    "fields": {
      "action_name": "delete",
      "available_instance_resource": "billing",
      "hidden": 1
    },
    "model": "core.airaction",
    "pk": 46
  },
  {
    "fields": {
      "action_name": "list",
      "available_instance_resource": "publication",
      "hidden": 0
    },
    "model": "core.airaction",
    "pk": 47
  },
  {
    "fields": {
      "action_name": "save",
      "available_instance_resource": "publication",
      "hidden": 1
    },
    "model": "core.airaction",
    "pk": 48
  },
  {
    "fields": {
      "action_name": "publish",
      "available_instance_resource": "publication",
      "hidden": 1
    },
    "model": "core.airaction",
    "pk": 49
  },
  {
    "fields": {
      "action_name": "get-file",
      "available_instance_resource": "circulation",
      "hidden": 1
    },
    "model": "core.airaction",
    "pk": 50
  },
  {
    "fields": {
      "action_name": "get-file",
      "available_instance_resource": "editnotice",
      "hidden": 1
    },
    "model": "core.airaction",
    "pk": 51
  },
  {
    "fields": {
      "action_name": "get-file",
      "available_instance_resource": "editcirculation",
      "hidden": 1
    },
    "model": "core.airaction",
    "pk": 52
  },
  {
    "fields": {
      "action_name": "preview",
      "available_instance_resource": "publication",
      "hidden": 1
    },
    "model": "core.airaction",
    "pk": 53
  },
  {
    "fields": {
      "action_name": "complete",
      "available_instance_resource": "billing",
      "hidden": 1
    },
    "model": "core.airaction",
    "pk": 54
  },
  {
    "fields": {
      "action_name": "navigate",
      "available_instance_resource": "documents",
      "hidden": 1
    },
    "model": "core.airaction",
    "pk": 55
  },
  {
    "fields": {
      "action_name": "submit",
      "available_instance_resource": "documents_portal_submit",
      "hidden": 1
    },
    "model": "core.airaction",
    "pk": 56
  },
  {
    "fields": {
      "action_name": "back",
      "available_instance_resource": "documents_portal_submit",
      "hidden": 1
    },
    "model": "core.airaction",
    "pk": 57
  },
  {
    "fields": {
      "action_name": "delete",
      "available_instance_resource": "documents_portal",
      "hidden": 1
    },
    "model": "core.airaction",
    "pk": 58
  },
  {
    "fields": {
      "action_name": "list",
      "available_instance_resource": "documents_portal",
      "hidden": 0
    },
    "model": "core.airaction",
    "pk": 59
  },
  {
    "fields": {
      "action_name": "index",
      "available_instance_resource": "documents_portal_submit",
      "hidden": 0
    },
    "model": "core.airaction",
    "pk": 60
  },
  {
    "fields": {
      "action_name": "download",
      "available_instance_resource": "documents_portal",
      "hidden": 1
    },
    "model": "core.airaction",
    "pk": 61
  },
  {
    "fields": {
      "action_name": "navigate",
      "available_instance_resource": "documents_portal",
      "hidden": 1
    },
    "model": "core.airaction",
    "pk": 62
  },
  {
    "fields": {
      "action_name": "preview",
      "available_instance_resource": "documents_portal",
      "hidden": 1
    },
    "model": "core.airaction",
    "pk": 63
  },
  {
    "fields": {
      "action_name": "edit",
      "available_instance_resource": "buildingauthority",
      "hidden": 0
    },
    "model": "core.airaction",
    "pk": 64
  },
  {
    "fields": {
      "action_name": "delete",
      "available_instance_resource": "sanction",
      "hidden": 1
    },
    "model": "core.airaction",
    "pk": 65
  },
  {
    "fields": {
      "action_name": "notify",
      "available_instance_resource": "buildingauthority",
      "hidden": 1
    },
    "model": "core.airaction",
    "pk": 66
  },
  {
    "fields": {
      "action_name": "edit",
      "available_instance_resource": "sanction",
      "hidden": 1
    },
    "model": "core.airaction",
    "pk": 67
  },
  {
    "fields": {
      "action_name": "upload-parcel-picture",
      "available_instance_resource": "documents",
      "hidden": 1
    },
    "model": "core.airaction",
    "pk": 68
  },
  {
    "fields": {
      "action_name": "list",
      "available_instance_resource": "sanction",
      "hidden": 0
    },
    "model": "core.airaction",
    "pk": 69
  },
  {
    "fields": {
      "action_name": "save",
      "available_instance_resource": "bab",
      "hidden": 1
    },
    "model": "core.airaction",
    "pk": 70
  },
  {
    "fields": {
      "action_name": "edit",
      "available_instance_resource": "bab",
      "hidden": 0
    },
    "model": "core.airaction",
    "pk": 71
  },
  {
    "fields": {
      "action_name": "toggle-publish",
      "available_instance_resource": "documents",
      "hidden": 1
    },
    "model": "core.airaction",
    "pk": 72
  },
  {
    "fields": {
      "action_name": "get",
      "available_instance_resource": "bab",
      "hidden": 1
    },
    "model": "core.airaction",
    "pk": 73
  },
  {
    "fields": {
      "action_name": "download-section",
      "available_instance_resource": "documents",
      "hidden": 1
    },
    "model": "core.airaction",
    "pk": 74
  },
  {
    "fields": {
      "action_name": "rename",
      "available_instance_resource": "editcirculation",
      "hidden": 1
    },
    "model": "core.airaction",
    "pk": 75
  },
  {
    "fields": {
      "action_name": "copy-decision-document",
      "available_instance_resource": "documents",
      "hidden": 1
    },
    "model": "core.airaction",
    "pk": 76
  },
  {
    "fields": {
      "action_name": "delete-decision-document",
      "available_instance_resource": "documents",
      "hidden": 1
    },
    "model": "core.airaction",
    "pk": 77
  },
  {
    "fields": {},
    "model": "core.alocation",
    "pk": 6
  },
  {
    "fields": {},
    "model": "core.alocation",
    "pk": 68
  },
  {
    "fields": {},
    "model": "core.alocation",
    "pk": 633
  },
  {
    "fields": {},
    "model": "core.alocation",
    "pk": 691
  },
  {
    "fields": {},
    "model": "core.alocation",
    "pk": 950
  },
  {
    "fields": {},
    "model": "core.alocation",
    "pk": 1009
  },
  {
    "fields": {},
    "model": "core.alocation",
    "pk": 1030
  },
  {
    "fields": {},
    "model": "core.alocation",
    "pk": 1132
  },
  {
    "fields": {},
    "model": "core.alocation",
    "pk": 1160
  },
  {
    "fields": {},
    "model": "core.alocation",
    "pk": 1220
  },
  {
    "fields": {},
    "model": "core.alocation",
    "pk": 1257
  },
  {
    "fields": {},
    "model": "core.alocation",
    "pk": 1294
  },
  {
    "fields": {},
    "model": "core.alocation",
    "pk": 1402
  },
  {
    "fields": {
      "action": 6,
      "chapter": 3,
      "question": 2
    },
    "model": "core.alocationqc",
    "pk": 2
  },
  {
    "fields": {
      "action": 691,
      "chapter": 3,
      "question": 2
    },
    "model": "core.alocationqc",
    "pk": 3
  },
  {
    "fields": {
      "action": 68,
      "chapter": 3,
      "question": 2
    },
    "model": "core.alocationqc",
    "pk": 4
  },
  {
    "fields": {
      "action": 633,
      "chapter": 3,
      "question": 2
    },
    "model": "core.alocationqc",
    "pk": 5
  },
  {
    "fields": {
      "action": 950,
      "chapter": 3,
      "question": 2
    },
    "model": "core.alocationqc",
    "pk": 6
  },
  {
    "fields": {
      "action": 1030,
      "chapter": 3,
      "question": 2
    },
    "model": "core.alocationqc",
    "pk": 7
  },
  {
    "fields": {
      "action": 1132,
      "chapter": 3,
      "question": 2
    },
    "model": "core.alocationqc",
    "pk": 8
  },
  {
    "fields": {
      "action": 1160,
      "chapter": 3,
      "question": 2
    },
    "model": "core.alocationqc",
    "pk": 9
  },
  {
    "fields": {
      "action": 1220,
      "chapter": 3,
      "question": 2
    },
    "model": "core.alocationqc",
    "pk": 10
  },
  {
    "fields": {
      "action": 1257,
      "chapter": 3,
      "question": 2
    },
    "model": "core.alocationqc",
    "pk": 11
  },
  {
    "fields": {
      "action": 1294,
      "chapter": 3,
      "question": 2
    },
    "model": "core.alocationqc",
    "pk": 12
  },
  {
    "fields": {
      "action": 1402,
      "chapter": 3,
      "question": 2
    },
    "model": "core.alocationqc",
    "pk": 13
  },
  {
    "fields": {
      "processor": "Notification_Processor_SendEmailAPI",
      "recipient_type": "Custom_Plugin_Notification_Recipient_MunicipalityUsers",
      "template": "dossier-an-gemeinde-zuruck-geschickt"
    },
    "model": "core.anotification",
    "pk": 228
  },
  {
    "fields": {
      "processor": "Notification_Processor_SendEmailAPI",
      "recipient_type": "Custom_Plugin_Notification_Recipient_MunicipalityUsers",
      "template": "dossier-an-gemeinde-zuruck-geschickt1"
    },
    "model": "core.anotification",
    "pk": 251
  },
  {
    "fields": {
      "processor": "Notification_Processor_SendEmailAPI",
      "recipient_type": "Custom_Plugin_Notification_Recipient_UnnotifiedServiceUsers",
      "template": "zirkulation-gestartet"
    },
    "model": "core.anotification",
    "pk": 658
  },
  {
    "fields": {
      "processor": "Notification_Processor_SendEmailAPI",
      "recipient_type": "Custom_Plugin_Notification_Recipient_KoorNpUsers",
      "template": "dossier-id-von-gemeinde-frei-geschalten1"
    },
    "model": "core.anotification",
    "pk": 698
  },
  {
    "fields": {
      "processor": "Notification_Processor_SendEmailAPI",
      "recipient_type": "Custom_Plugin_Notification_Recipient_UnnotifiedServiceUsers",
      "template": "zirkulation-gestartet1"
    },
    "model": "core.anotification",
    "pk": 734
  },
  {
    "fields": {
      "processor": "Notification_Processor_SendEmailAPI",
      "recipient_type": "Custom_Plugin_Notification_Recipient_MunicipalityUsers",
      "template": "dossier-an-gemeinde-zuruck-geschickt2"
    },
    "model": "core.anotification",
    "pk": 792
  },
  {
    "fields": {
      "processor": "Notification_Processor_SendEmailAPI",
      "recipient_type": "Custom_Plugin_Notification_Recipient_UnnotifiedServiceUsers",
      "template": "zirkulation-gestartet1"
    },
    "model": "core.anotification",
    "pk": 835
  },
  {
    "fields": {
      "processor": "Notification_Processor_SendEmailAPI",
      "recipient_type": "Custom_Plugin_Notification_Recipient_UnnotifiedServiceUsers",
      "template": "zirkulation-gestartet3"
    },
    "model": "core.anotification",
    "pk": 840
  },
  {
    "fields": {
      "processor": "Notification_Processor_SendEmailAPI",
      "recipient_type": "Custom_Plugin_Notification_Recipient_UnnotifiedServiceUsers",
      "template": "zirkulation-gestartet1"
    },
    "model": "core.anotification",
    "pk": 973
  },
  {
    "fields": {
      "processor": "Notification_Processor_SendEmailAPI",
      "recipient_type": "Custom_Plugin_Notification_Recipient_UnnotifiedServiceUsers",
      "template": "zirkulation-gestartet1"
    },
    "model": "core.anotification",
    "pk": 978
  },
  {
    "fields": {
      "processor": "Notification_Processor_SendEmailAPI",
      "recipient_type": "Custom_Plugin_Notification_Recipient_SubmitterList",
      "template": "nachforderung-zusatzlicher-unterlagen"
    },
    "model": "core.anotification",
    "pk": 1066
  },
  {
    "fields": {
      "processor": "Notification_Processor_SendEmailAPI",
      "recipient_type": "Custom_Plugin_Notification_Recipient_SubmitterList",
      "template": "dossier-weitergeleitet-an-koordinationsstelle"
    },
    "model": "core.anotification",
    "pk": 1067
  },
  {
    "fields": {
      "processor": "Notification_Processor_SendEmailAPI",
      "recipient_type": "Custom_Plugin_Notification_Recipient_SubmitterList",
      "template": "dossier-von-koordinationsstelle-fur-baueingaben-an-die-gemeinde-zuruckgeschickt"
    },
    "model": "core.anotification",
    "pk": 1068
  },
  {
    "fields": {
      "processor": "Notification_Processor_SendEmailAPI",
      "recipient_type": "Custom_Plugin_Notification_Recipient_KoorBgUsers",
      "template": "dossier-instance_id-von-gemeinde-frei-geschalten"
    },
    "model": "core.anotification",
    "pk": 1069
  },
  {
    "fields": {
      "processor": "Notification_Processor_SendEmailAPI",
      "recipient_type": "Custom_Plugin_Notification_Recipient_SubmitterList",
      "template": "dossier-angenommen"
    },
    "model": "core.anotification",
    "pk": 1126
  },
  {
    "fields": {
      "processor": "Notification_Processor_SendEmailAPI",
      "recipient_type": "Custom_Plugin_Notification_Recipient_SubmitterList",
      "template": "dossier-abgewiesen"
    },
    "model": "core.anotification",
    "pk": 1129
  },
  {
    "fields": {
      "processor": "Notification_Processor_SendEmailAPI",
      "recipient_type": "Custom_Plugin_Notification_Recipient_SubmitterList",
      "template": "dossier-von-koordinationsstelle-fur-baueingaben-an-die-gemeinde-zuruckgeschickt1"
    },
    "model": "core.anotification",
    "pk": 1130
  },
  {
    "fields": {
      "processor": "Notification_Processor_SendEmailAPI",
      "recipient_type": "Custom_Plugin_Notification_Recipient_MunicipalityUsers",
      "template": "neues-online-dossier-erganzt"
    },
    "model": "core.anotification",
    "pk": 1132
  },
  {
    "fields": {
      "processor": "Notification_Processor_SendEmailAPI",
      "recipient_type": "Custom_Plugin_Notification_Recipient_UnnotifiedServiceUsers",
      "template": "zirkulation-gestartet1"
    },
    "model": "core.anotification",
    "pk": 1149
  },
  {
    "fields": {
      "processor": "Notification_Processor_SendEmailAPI",
      "recipient_type": "Custom_Plugin_Notification_Recipient_UnnotifiedServiceUsers",
      "template": "zirkulation-gestartet1"
    },
    "model": "core.anotification",
    "pk": 1180
  },
  {
    "fields": {
      "processor": "Notification_Processor_SendEmailAPI",
      "recipient_type": "Custom_Plugin_Notification_Recipient_UnnotifiedServiceUsers",
      "template": "zirkulation-gestartet1"
    },
    "model": "core.anotification",
    "pk": 1207
  },
  {
    "fields": {
      "processor": "Notification_Processor_SendEmailAPI",
      "recipient_type": "Custom_Plugin_Notification_Recipient_UnnotifiedServiceUsers",
      "template": "zirkulation-gestartet1"
    },
    "model": "core.anotification",
    "pk": 1212
  },
  {
    "fields": {
      "processor": "Notification_Processor_SendEmailAPI",
      "recipient_type": "Custom_Plugin_Notification_Recipient_UnnotifiedServiceUsers",
      "template": "zirkulation-gestartet1"
    },
    "model": "core.anotification",
    "pk": 1231
  },
  {
    "fields": {
      "processor": "Notification_Processor_SendEmailAPI",
      "recipient_type": "Custom_Plugin_Notification_Recipient_UnnotifiedServiceUsers",
      "template": "zirkulation-gestartet1"
    },
    "model": "core.anotification",
    "pk": 1236
  },
  {
    "fields": {
      "processor": "Notification_Processor_SendEmailAPI",
      "recipient_type": "Custom_Plugin_Notification_Recipient_UnnotifiedServiceUsers",
      "template": "zirkulation-gestartet1"
    },
    "model": "core.anotification",
    "pk": 1281
  },
  {
    "fields": {
      "processor": "Notification_Processor_SendEmailAPI",
      "recipient_type": "Custom_Plugin_Notification_Recipient_UnnotifiedServiceUsers",
      "template": "zirkulation-gestartet1"
    },
    "model": "core.anotification",
    "pk": 1286
  },
  {
    "fields": {
      "processor": "Notification_Processor_SendEmailAPI",
      "recipient_type": "Custom_Plugin_Notification_Recipient_Lisag",
      "template": "oreb-meldung"
    },
    "model": "core.anotification",
    "pk": 1297
  },
  {
    "fields": {
      "processor": "Notification_Processor_SendEmailAPI",
      "recipient_type": "Custom_Plugin_Notification_Recipient_Lisag",
      "template": "oreb-meldung1"
    },
    "model": "core.anotification",
    "pk": 1317
  },
  {
    "fields": {
      "processor": "Notification_Processor_SendEmailAPI",
      "recipient_type": "Custom_Plugin_Notification_Recipient_Lisag",
      "template": "oreb-meldung2"
    },
    "model": "core.anotification",
    "pk": 1318
  },
  {
    "fields": {
      "processor": "Notification_Processor_SendEmailAPI",
      "recipient_type": "Custom_Plugin_Notification_Recipient_Lisag",
      "template": "oreb-meldung3"
    },
    "model": "core.anotification",
    "pk": 1337
  },
  {
    "fields": {
      "processor": "Notification_Processor_SendEmailAPI",
      "recipient_type": "Custom_Plugin_Notification_Recipient_Lisag",
      "template": "oreb-meldung4"
    },
    "model": "core.anotification",
    "pk": 1357
  },
  {
    "fields": {
      "processor": "Notification_Processor_SendEmailAPI",
      "recipient_type": "Custom_Plugin_Notification_Recipient_Lisag",
      "template": "oreb-meldung5"
    },
    "model": "core.anotification",
    "pk": 1358
  },
  {
    "fields": {
      "processor": "Notification_Processor_SendEmailAPI",
      "recipient_type": "Custom_Plugin_Notification_Recipient_Lisag",
      "template": "oreb-meldung6"
    },
    "model": "core.anotification",
    "pk": 1360
  },
  {
    "fields": {
      "processor": "Notification_Processor_SendEmailAPI",
      "recipient_type": "Custom_Plugin_Notification_Recipient_SubmitterList",
      "template": "zirkulation-abgeschlossen"
    },
    "model": "core.anotification",
    "pk": 1369
  },
  {
    "fields": {
      "processor": "Notification_Processor_SendEmailAPI",
      "recipient_type": "Custom_Plugin_Notification_Recipient_UnnotifiedServiceUsers",
      "template": "zirkulation-gestartet1"
    },
    "model": "core.anotification",
    "pk": 1374
  },
  {
    "fields": {
      "processor": "Notification_Processor_SendEmailAPI",
      "recipient_type": "Custom_Plugin_Notification_Recipient_UnnotifiedServiceUsers",
      "template": "zirkulation-gestartet1"
    },
    "model": "core.anotification",
    "pk": 1375
  },
  {
    "fields": {
      "processor": "Notification_Processor_SendEmailAPI",
      "recipient_type": "Custom_Plugin_Notification_Recipient_UnnotifiedServiceUsers",
      "template": "gemeindezirkulation-gestartet"
    },
    "model": "core.anotification",
    "pk": 1382
  },
  {
    "fields": {
      "processor": "Notification_Processor_SendEmailAPI",
      "recipient_type": "Custom_Plugin_Notification_Recipient_UnnotifiedServiceUsers",
      "template": "gemeindezirkulation"
    },
    "model": "core.anotification",
    "pk": 1386
  },
  {
    "fields": {
      "processor": "Notification_Processor_SendEmailAPI",
      "recipient_type": "Custom_Plugin_Notification_Recipient_UnnotifiedServiceUsers",
      "template": "zirkulation-gestartet16"
    },
    "model": "core.anotification",
    "pk": 1411
  },
  {
    "fields": {
      "processor": "Notification_Processor_SendEmailAPI",
      "recipient_type": "Custom_Plugin_Notification_Recipient_UnnotifiedServiceUsers",
      "template": "zirkulation-gestartet17"
    },
    "model": "core.anotification",
    "pk": 1417
  },
  {
    "fields": {
      "processor": "Notification_Processor_SendEmailAPI",
      "recipient_type": "Custom_Plugin_Notification_Recipient_KoorBgUsers",
      "template": "dossier-id-von-bundesstelle-frei-geschalten"
    },
    "model": "core.anotification",
    "pk": 1438
  },
  {
    "fields": {
      "processor": "Notification_Processor_SendEmailAPI",
      "recipient_type": "Custom_Plugin_Notification_Recipient_KoorBgUsers",
      "template": "dossier-id-von-bundesstelle-frei-geschalten"
    },
    "model": "core.anotification",
    "pk": 1445
  },
  {
    "fields": {
      "name": "Brandschutz (ABM)",
      "question": 4,
      "sort": 0,
      "value": "abm"
    },
    "model": "core.answerlist",
    "pk": 1
  },
  {
    "fields": {
      "name": "Energienachweis",
      "question": 4,
      "sort": 1,
      "value": "afe"
    },
    "model": "core.answerlist",
    "pk": 2
  },
  {
    "fields": {
      "name": "Sondernutzungsplanung (QGP / QP)",
      "question": 4,
      "sort": 3,
      "value": "qgp"
    },
    "model": "core.answerlist",
    "pk": 4
  },
  {
    "fields": {
      "name": "kommunales Kulturobjekt (NHS Denkmalpflege)",
      "question": 4,
      "sort": 4,
      "value": "nhsdenkmal"
    },
    "model": "core.answerlist",
    "pk": 5
  },
  {
    "fields": {
      "name": "kommunales Schutzobjekt /-gebiet (NHS)",
      "question": 4,
      "sort": 5,
      "value": "nhsschutz"
    },
    "model": "core.answerlist",
    "pk": 6
  },
  {
    "fields": {
      "name": "Wohnzone 1",
      "question": 22,
      "sort": 0,
      "value": "W1"
    },
    "model": "core.answerlist",
    "pk": 21
  },
  {
    "fields": {
      "name": "Wohnzone 2",
      "question": 22,
      "sort": 1,
      "value": "W2"
    },
    "model": "core.answerlist",
    "pk": 22
  },
  {
    "fields": {
      "name": "Wohnzone 3",
      "question": 22,
      "sort": 7,
      "value": "W3"
    },
    "model": "core.answerlist",
    "pk": 23
  },
  {
    "fields": {
      "name": "Wohnzone 4",
      "question": 22,
      "sort": 8,
      "value": "W4"
    },
    "model": "core.answerlist",
    "pk": 24
  },
  {
    "fields": {
      "name": "Gewerbezone",
      "question": 22,
      "sort": 15,
      "value": "GE"
    },
    "model": "core.answerlist",
    "pk": 26
  },
  {
    "fields": {
      "name": "Industriezone",
      "question": 22,
      "sort": 18,
      "value": "I"
    },
    "model": "core.answerlist",
    "pk": 27
  },
  {
    "fields": {
      "name": "Wohn- und Gewerbezone 2",
      "question": 22,
      "sort": 21,
      "value": "WG2"
    },
    "model": "core.answerlist",
    "pk": 28
  },
  {
    "fields": {
      "name": "Wohn- und Gewerbezone 3",
      "question": 22,
      "sort": 22,
      "value": "WG3"
    },
    "model": "core.answerlist",
    "pk": 29
  },
  {
    "fields": {
      "name": "Wohn- und Gewerbezone 4",
      "question": 22,
      "sort": 23,
      "value": "WG4"
    },
    "model": "core.answerlist",
    "pk": 30
  },
  {
    "fields": {
      "name": "Kernzone 1",
      "question": 22,
      "sort": 25,
      "value": "K1"
    },
    "model": "core.answerlist",
    "pk": 31
  },
  {
    "fields": {
      "name": "Kernzone 3",
      "question": 22,
      "sort": 27,
      "value": "K3"
    },
    "model": "core.answerlist",
    "pk": 32
  },
  {
    "fields": {
      "name": "Bahnhofzone",
      "question": 22,
      "sort": 29,
      "value": "BZ"
    },
    "model": "core.answerlist",
    "pk": 33
  },
  {
    "fields": {
      "name": "Zone f\u00fcr \u00f6ffentliche Bauten und Anlagen",
      "question": 22,
      "sort": 30,
      "value": "OE"
    },
    "model": "core.answerlist",
    "pk": 34
  },
  {
    "fields": {
      "name": "Freihaltezone",
      "question": 22,
      "sort": 31,
      "value": "FZ"
    },
    "model": "core.answerlist",
    "pk": 35
  },
  {
    "fields": {
      "name": "Tourismuszone",
      "question": 22,
      "sort": 32,
      "value": "TZ"
    },
    "model": "core.answerlist",
    "pk": 36
  },
  {
    "fields": {
      "name": "Zone f\u00fcr Sport- und Freizeitanlagen",
      "question": 22,
      "sort": 33,
      "value": "SF"
    },
    "model": "core.answerlist",
    "pk": 37
  },
  {
    "fields": {
      "name": "Verkehrsfl\u00e4che innerhalb Bauzonen",
      "question": 22,
      "sort": 35,
      "value": "VF"
    },
    "model": "core.answerlist",
    "pk": 38
  },
  {
    "fields": {
      "name": "Zone f\u00fcr besondere Anlagen und Betriebsst\u00e4tten",
      "question": 22,
      "sort": 37,
      "value": "AB"
    },
    "model": "core.answerlist",
    "pk": 39
  },
  {
    "fields": {
      "name": "Landwirtschaftszone",
      "question": 22,
      "sort": 43,
      "value": "L"
    },
    "model": "core.answerlist",
    "pk": 40
  },
  {
    "fields": {
      "name": "Speziallandwirtschaftszone",
      "question": 22,
      "sort": 44,
      "value": "SL"
    },
    "model": "core.answerlist",
    "pk": 41
  },
  {
    "fields": {
      "name": "Rebbauzone",
      "question": 22,
      "sort": 45,
      "value": "RB"
    },
    "model": "core.answerlist",
    "pk": 42
  },
  {
    "fields": {
      "name": "Naturschutzzone lokal",
      "question": 22,
      "sort": 46,
      "value": "NSl"
    },
    "model": "core.answerlist",
    "pk": 43
  },
  {
    "fields": {
      "name": "Freihaltezone ausserhalb Bauzonen",
      "question": 22,
      "sort": 47,
      "value": "FZaB"
    },
    "model": "core.answerlist",
    "pk": 44
  },
  {
    "fields": {
      "name": "Gew\u00e4sserraumzone",
      "question": 22,
      "sort": 48,
      "value": "GR"
    },
    "model": "core.answerlist",
    "pk": 45
  },
  {
    "fields": {
      "name": "Gew\u00e4sser",
      "question": 22,
      "sort": 49,
      "value": "Ge"
    },
    "model": "core.answerlist",
    "pk": 46
  },
  {
    "fields": {
      "name": "Weilerzone",
      "question": 22,
      "sort": 50,
      "value": "WZ"
    },
    "model": "core.answerlist",
    "pk": 47
  },
  {
    "fields": {
      "name": "Verkehrsfl\u00e4che ausserhalb Bauzonen",
      "question": 22,
      "sort": 51,
      "value": "VFaB"
    },
    "model": "core.answerlist",
    "pk": 48
  },
  {
    "fields": {
      "name": "Reservezone",
      "question": 22,
      "sort": 52,
      "value": "RZ"
    },
    "model": "core.answerlist",
    "pk": 49
  },
  {
    "fields": {
      "name": "Wald",
      "question": 22,
      "sort": 54,
      "value": "Wa"
    },
    "model": "core.answerlist",
    "pk": 50
  },
  {
    "fields": {
      "name": "Deponiezone",
      "question": 22,
      "sort": 55,
      "value": "D"
    },
    "model": "core.answerlist",
    "pk": 51
  },
  {
    "fields": {
      "name": "Abbauzone",
      "question": 22,
      "sort": 56,
      "value": "A"
    },
    "model": "core.answerlist",
    "pk": 52
  },
  {
    "fields": {
      "name": "Abbau- und Deponiezone",
      "question": 22,
      "sort": 57,
      "value": "AD"
    },
    "model": "core.answerlist",
    "pk": 53
  },
  {
    "fields": {
      "name": "Zone f\u00fcr Sport- und Freizeitanlagen Golf",
      "question": 22,
      "sort": 58,
      "value": "SFG"
    },
    "model": "core.answerlist",
    "pk": 54
  },
  {
    "fields": {
      "name": "Ortsbildschutzzone",
      "question": 94,
      "sort": 0,
      "value": "OS"
    },
    "model": "core.answerlist",
    "pk": 62
  },
  {
    "fields": {
      "name": "Schutzobjekt in Kernzonen",
      "question": 94,
      "sort": 2,
      "value": "SOK"
    },
    "model": "core.answerlist",
    "pk": 63
  },
  {
    "fields": {
      "name": "Arch\u00e4ologisches Funderwartungsgebiet",
      "question": 94,
      "sort": 3,
      "value": "Arch"
    },
    "model": "core.answerlist",
    "pk": 64
  },
  {
    "fields": {
      "name": "Naturschutzzone lokal, \u00fcberlagert",
      "question": 94,
      "sort": 4,
      "value": "NSl\u00fc"
    },
    "model": "core.answerlist",
    "pk": 65
  },
  {
    "fields": {
      "name": "Landschaftsschutzzone lokal",
      "question": 94,
      "sort": 5,
      "value": "LSl"
    },
    "model": "core.answerlist",
    "pk": 66
  },
  {
    "fields": {
      "name": "Gebiet mit landschaftspr\u00e4genden Bauten",
      "question": 94,
      "sort": 6,
      "value": "LpB"
    },
    "model": "core.answerlist",
    "pk": 67
  },
  {
    "fields": {
      "name": "Gebiet mit traditioneller Streubauweise",
      "question": 94,
      "sort": 7,
      "value": "TrS"
    },
    "model": "core.answerlist",
    "pk": 68
  },
  {
    "fields": {
      "name": "Gew\u00e4sserraumzone, \u00fcberlagert",
      "question": 94,
      "sort": 8,
      "value": "GR\u00fc"
    },
    "model": "core.answerlist",
    "pk": 69
  },
  {
    "fields": {
      "name": "Gefahrenzone rot",
      "question": 94,
      "sort": 10,
      "value": "GZr"
    },
    "model": "core.answerlist",
    "pk": 70
  },
  {
    "fields": {
      "name": "Gefahrenzone blau",
      "question": 94,
      "sort": 11,
      "value": "GZb"
    },
    "model": "core.answerlist",
    "pk": 71
  },
  {
    "fields": {
      "name": "Gefahrenzone gelb",
      "question": 94,
      "sort": 12,
      "value": "GZg"
    },
    "model": "core.answerlist",
    "pk": 72
  },
  {
    "fields": {
      "name": "Zone f\u00fcr Wintersport",
      "question": 94,
      "sort": 13,
      "value": "ZW"
    },
    "model": "core.answerlist",
    "pk": 73
  },
  {
    "fields": {
      "name": "Deponiezone, \u00fcberlagert",
      "question": 94,
      "sort": 14,
      "value": "D\u00fc"
    },
    "model": "core.answerlist",
    "pk": 74
  },
  {
    "fields": {
      "name": "Abbauzone, \u00fcberlagert",
      "question": 94,
      "sort": 15,
      "value": "A\u00fc"
    },
    "model": "core.answerlist",
    "pk": 75
  },
  {
    "fields": {
      "name": "Zone f\u00fcr besondere Anlagen und Betriebsst\u00e4tten, \u00fcberlagert",
      "question": 94,
      "sort": 16,
      "value": "AB\u00fc"
    },
    "model": "core.answerlist",
    "pk": 76
  },
  {
    "fields": {
      "name": "Zone f\u00fcr Bauten in Gew\u00e4ssern",
      "question": 94,
      "sort": 18,
      "value": "ZBG"
    },
    "model": "core.answerlist",
    "pk": 77
  },
  {
    "fields": {
      "name": "Zone f\u00fcr Sport- und Freizeitanlagen, \u00fcberlagert",
      "question": 94,
      "sort": 19,
      "value": "SF\u00fc"
    },
    "model": "core.answerlist",
    "pk": 78
  },
  {
    "fields": {
      "name": "Bereich rechtsg\u00fcltiger Quartierplan",
      "question": 94,
      "sort": 21,
      "value": "QPr"
    },
    "model": "core.answerlist",
    "pk": 79
  },
  {
    "fields": {
      "name": "Bereich rechtsg\u00fcltiger Quartiergestaltungsplan",
      "question": 94,
      "sort": 22,
      "value": "QGPr"
    },
    "model": "core.answerlist",
    "pk": 80
  },
  {
    "fields": {
      "name": "Zone mit Quartierplanpflicht",
      "question": 94,
      "sort": 24,
      "value": "QPp"
    },
    "model": "core.answerlist",
    "pk": 81
  },
  {
    "fields": {
      "name": "Zone mit Quartiergestaltungsplanpflicht",
      "question": 94,
      "sort": 25,
      "value": "QGPp"
    },
    "model": "core.answerlist",
    "pk": 82
  },
  {
    "fields": {
      "name": "Nutzungsvorbehalt Immissionsschutz",
      "question": 94,
      "sort": 26,
      "value": "NvI"
    },
    "model": "core.answerlist",
    "pk": 83
  },
  {
    "fields": {
      "name": "Genehmigungsvorbehalt RR",
      "question": 94,
      "sort": 27,
      "value": "GvRR"
    },
    "model": "core.answerlist",
    "pk": 84
  },
  {
    "fields": {
      "name": "weitere fl\u00e4chenbezogene Festlegung",
      "question": 94,
      "sort": 28,
      "value": "wfF"
    },
    "model": "core.answerlist",
    "pk": 85
  },
  {
    "fields": {
      "name": "Baulinie Strasse",
      "question": 94,
      "sort": 34,
      "value": "BLS"
    },
    "model": "core.answerlist",
    "pk": 86
  },
  {
    "fields": {
      "name": "Baulinie Gew\u00e4sser",
      "question": 94,
      "sort": 35,
      "value": "BLG"
    },
    "model": "core.answerlist",
    "pk": 87
  },
  {
    "fields": {
      "name": "Baulinie Immissionsschutz",
      "question": 94,
      "sort": 36,
      "value": "BLI"
    },
    "model": "core.answerlist",
    "pk": 88
  },
  {
    "fields": {
      "name": "weitere Baulinie (gem. Art. 49 PBG)",
      "question": 94,
      "sort": 37,
      "value": "BL"
    },
    "model": "core.answerlist",
    "pk": 89
  },
  {
    "fields": {
      "name": "Naturobjekt lokal, linear",
      "question": 94,
      "sort": 38,
      "value": "NOll"
    },
    "model": "core.answerlist",
    "pk": 90
  },
  {
    "fields": {
      "name": "Kulturobjekt lokal, linear",
      "question": 94,
      "sort": 39,
      "value": "KOll"
    },
    "model": "core.answerlist",
    "pk": 91
  },
  {
    "fields": {
      "name": "Naturobjekt lokal",
      "question": 94,
      "sort": 43,
      "value": "NOl"
    },
    "model": "core.answerlist",
    "pk": 93
  },
  {
    "fields": {
      "name": "Kulturobjekt lokal",
      "question": 94,
      "sort": 45,
      "value": "KOl"
    },
    "model": "core.answerlist",
    "pk": 94
  },
  {
    "fields": {
      "name": "Einzelobjekt in Kern- und Schutzzonen",
      "question": 94,
      "sort": 46,
      "value": "EO"
    },
    "model": "core.answerlist",
    "pk": 95
  },
  {
    "fields": {
      "name": "Grundwasserschutzzone",
      "question": 95,
      "sort": 0,
      "value": "GSZ"
    },
    "model": "core.answerlist",
    "pk": 97
  },
  {
    "fields": {
      "name": "Grundwasserschutzzonen provisorisch",
      "question": 95,
      "sort": 1,
      "value": "GSZp"
    },
    "model": "core.answerlist",
    "pk": 98
  },
  {
    "fields": {
      "name": "Grundwasserschutzareale",
      "question": 95,
      "sort": 2,
      "value": "GSA"
    },
    "model": "core.answerlist",
    "pk": 99
  },
  {
    "fields": {
      "name": "Grundwasserschutzareale provisorisch",
      "question": 95,
      "sort": 3,
      "value": "GSAp"
    },
    "model": "core.answerlist",
    "pk": 100
  },
  {
    "fields": {
      "name": "Gefahrengebiet",
      "question": 95,
      "sort": 4,
      "value": "GG"
    },
    "model": "core.answerlist",
    "pk": 101
  },
  {
    "fields": {
      "name": "Waldreservat",
      "question": 95,
      "sort": 6,
      "value": "WR"
    },
    "model": "core.answerlist",
    "pk": 102
  },
  {
    "fields": {
      "name": "Naturschutzzone regional / national",
      "question": 95,
      "sort": 7,
      "value": "NSrn"
    },
    "model": "core.answerlist",
    "pk": 103
  },
  {
    "fields": {
      "name": "Landschaftsschutzzone regional / national",
      "question": 95,
      "sort": 9,
      "value": "LSrn"
    },
    "model": "core.answerlist",
    "pk": 104
  },
  {
    "fields": {
      "name": "Naturobjekt regional / national, linear",
      "question": 95,
      "sort": 11,
      "value": "NOrnl"
    },
    "model": "core.answerlist",
    "pk": 105
  },
  {
    "fields": {
      "name": "Naturobjekt regional / national, punktf\u00f6rmig",
      "question": 95,
      "sort": 12,
      "value": "NOrn"
    },
    "model": "core.answerlist",
    "pk": 106
  },
  {
    "fields": {
      "name": "Kulturobjekt regional / national, punktf\u00f6rmig",
      "question": 95,
      "sort": 14,
      "value": "KOrn"
    },
    "model": "core.answerlist",
    "pk": 107
  },
  {
    "fields": {
      "name": "Fruchtfolgefl\u00e4che",
      "question": 95,
      "sort": 15,
      "value": "FFF"
    },
    "model": "core.answerlist",
    "pk": 108
  },
  {
    "fields": {
      "name": "Wildruhezone",
      "question": 95,
      "sort": 5,
      "value": "WRZ"
    },
    "model": "core.answerlist",
    "pk": 109
  },
  {
    "fields": {
      "name": "Neubau",
      "question": 97,
      "sort": 0,
      "value": "21"
    },
    "model": "core.answerlist",
    "pk": 110
  },
  {
    "fields": {
      "name": "Umbau",
      "question": 97,
      "sort": 1,
      "value": "22"
    },
    "model": "core.answerlist",
    "pk": 111
  },
  {
    "fields": {
      "name": "An/Aufbau",
      "question": 97,
      "sort": 2,
      "value": "23"
    },
    "model": "core.answerlist",
    "pk": 112
  },
  {
    "fields": {
      "name": "Zweck\u00e4nderung",
      "question": 97,
      "sort": 3,
      "value": "24"
    },
    "model": "core.answerlist",
    "pk": 113
  },
  {
    "fields": {
      "name": "Terrainver\u00e4nderung",
      "question": 97,
      "sort": 4,
      "value": "25"
    },
    "model": "core.answerlist",
    "pk": 114
  },
  {
    "fields": {
      "name": "Abbruch",
      "question": 97,
      "sort": 5,
      "value": "26"
    },
    "model": "core.answerlist",
    "pk": 115
  },
  {
    "fields": {
      "name": "Reklame",
      "question": 97,
      "sort": 6,
      "value": "27"
    },
    "model": "core.answerlist",
    "pk": 116
  },
  {
    "fields": {
      "name": "Garage",
      "question": 97,
      "sort": 7,
      "value": "28"
    },
    "model": "core.answerlist",
    "pk": 117
  },
  {
    "fields": {
      "name": "Solaranlage",
      "question": 97,
      "sort": 8,
      "value": "29"
    },
    "model": "core.answerlist",
    "pk": 118
  },
  {
    "fields": {
      "name": "Fassadensanierung",
      "question": 97,
      "sort": 9,
      "value": "30"
    },
    "model": "core.answerlist",
    "pk": 119
  },
  {
    "fields": {
      "name": "EFH",
      "question": 97,
      "sort": 10,
      "value": "31"
    },
    "model": "core.answerlist",
    "pk": 120
  },
  {
    "fields": {
      "name": "MFH",
      "question": 97,
      "sort": 11,
      "value": "32"
    },
    "model": "core.answerlist",
    "pk": 121
  },
  {
    "fields": {
      "name": "Gesch\u00e4ftshaus",
      "question": 97,
      "sort": 12,
      "value": "33"
    },
    "model": "core.answerlist",
    "pk": 122
  },
  {
    "fields": {
      "name": "Lagergebaude",
      "question": 97,
      "sort": 13,
      "value": "34"
    },
    "model": "core.answerlist",
    "pk": 123
  },
  {
    "fields": {
      "name": "Antennenanlage",
      "question": 97,
      "sort": 14,
      "value": "35"
    },
    "model": "core.answerlist",
    "pk": 124
  },
  {
    "fields": {
      "name": "Unterkellerung",
      "question": 97,
      "sort": 15,
      "value": "36"
    },
    "model": "core.answerlist",
    "pk": 125
  },
  {
    "fields": {
      "name": "Industrie",
      "question": 99,
      "sort": 0,
      "value": "I"
    },
    "model": "core.answerlist",
    "pk": 126
  },
  {
    "fields": {
      "name": "Dienstleistung",
      "question": 99,
      "sort": 1,
      "value": "D"
    },
    "model": "core.answerlist",
    "pk": 127
  },
  {
    "fields": {
      "name": "B\u00fcro",
      "question": 99,
      "sort": 2,
      "value": "B"
    },
    "model": "core.answerlist",
    "pk": 128
  },
  {
    "fields": {
      "name": "Wohnen",
      "question": 99,
      "sort": 3,
      "value": "W"
    },
    "model": "core.answerlist",
    "pk": 129
  },
  {
    "fields": {
      "name": "Gewerbe",
      "question": 99,
      "sort": 4,
      "value": "G"
    },
    "model": "core.answerlist",
    "pk": 130
  },
  {
    "fields": {
      "name": "Lager",
      "question": 99,
      "sort": 5,
      "value": "La"
    },
    "model": "core.answerlist",
    "pk": 131
  },
  {
    "fields": {
      "name": "Landwirtschaft",
      "question": 99,
      "sort": 6,
      "value": "L"
    },
    "model": "core.answerlist",
    "pk": 132
  },
  {
    "fields": {
      "name": "Produktion",
      "question": 99,
      "sort": 7,
      "value": "Pr"
    },
    "model": "core.answerlist",
    "pk": 133
  },
  {
    "fields": {
      "name": "Verf\u00fcgung",
      "question": 121,
      "sort": 0,
      "value": "verfuegung"
    },
    "model": "core.answerlist",
    "pk": 150
  },
  {
    "fields": {
      "name": "Stellungnahme",
      "question": 121,
      "sort": 1,
      "value": "stellungnahme"
    },
    "model": "core.answerlist",
    "pk": 170
  },
  {
    "fields": {
      "name": "Mitbericht",
      "question": 121,
      "sort": 2,
      "value": "mitbericht"
    },
    "model": "core.answerlist",
    "pk": 171
  },
  {
    "fields": {
      "name": "Verf\u00fcgung",
      "question": 141,
      "sort": 0,
      "value": "verfuegung"
    },
    "model": "core.answerlist",
    "pk": 172
  },
  {
    "fields": {
      "name": "Stellungnahme",
      "question": 141,
      "sort": 1,
      "value": "stellungnahme"
    },
    "model": "core.answerlist",
    "pk": 173
  },
  {
    "fields": {
      "name": "Mitbericht",
      "question": 141,
      "sort": 5,
      "value": "mitbericht"
    },
    "model": "core.answerlist",
    "pk": 174
  },
  {
    "fields": {
      "name": "Planbegutachtung",
      "question": 141,
      "sort": 6,
      "value": "planbegutachtung"
    },
    "model": "core.answerlist",
    "pk": 175
  },
  {
    "fields": {
      "name": "Planvisum",
      "question": 141,
      "sort": 7,
      "value": "Planvisum"
    },
    "model": "core.answerlist",
    "pk": 176
  },
  {
    "fields": {
      "name": "Fachtechnische Beurteilung",
      "question": 141,
      "sort": 2,
      "value": "fachtech"
    },
    "model": "core.answerlist",
    "pk": 177
  },
  {
    "fields": {
      "name": "Interner Kurzbericht via CAMAC",
      "question": 141,
      "sort": 3,
      "value": "internemitteilung"
    },
    "model": "core.answerlist",
    "pk": 178
  },
  {
    "fields": {
      "name": "Andere",
      "question": 141,
      "sort": 11,
      "value": "andere"
    },
    "model": "core.answerlist",
    "pk": 179
  },
  {
    "fields": {
      "name": "Rechnung / Geb\u00fchr",
      "question": 141,
      "sort": 4,
      "value": "rechnung"
    },
    "model": "core.answerlist",
    "pk": 180
  },
  {
    "fields": {
      "name": "Keine Stellungnahme",
      "question": 141,
      "sort": 9,
      "value": "Keine Stellungnahme"
    },
    "model": "core.answerlist",
    "pk": 181
  },
  {
    "fields": {
      "name": "Fachstelle nicht betroffen",
      "question": 141,
      "sort": 10,
      "value": "nichtbetroffen"
    },
    "model": "core.answerlist",
    "pk": 182
  },
  {
    "fields": {
      "name": "Reservezone, unproduktiv",
      "question": 22,
      "sort": 53,
      "value": "RZu"
    },
    "model": "core.answerlist",
    "pk": 210
  },
  {
    "fields": {
      "name": "Wohnzone 2 Kirchh\u00fcgel",
      "question": 22,
      "sort": 5,
      "value": "W2K"
    },
    "model": "core.answerlist",
    "pk": 230
  },
  {
    "fields": {
      "name": "Wohnzone 2a",
      "question": 22,
      "sort": 2,
      "value": "W2a"
    },
    "model": "core.answerlist",
    "pk": 231
  },
  {
    "fields": {
      "name": "Wohnzone 2b",
      "question": 22,
      "sort": 3,
      "value": "W2b"
    },
    "model": "core.answerlist",
    "pk": 232
  },
  {
    "fields": {
      "name": "Wohnzone 2c",
      "question": 22,
      "sort": 4,
      "value": "W2c"
    },
    "model": "core.answerlist",
    "pk": 233
  },
  {
    "fields": {
      "name": "Wohnzone Eggberge",
      "question": 22,
      "sort": 6,
      "value": "WE"
    },
    "model": "core.answerlist",
    "pk": 234
  },
  {
    "fields": {
      "name": "Wohnzone im Landschaftsgebiet",
      "question": 22,
      "sort": 13,
      "value": "WL"
    },
    "model": "core.answerlist",
    "pk": 235
  },
  {
    "fields": {
      "name": "Wohnzone Kolonie",
      "question": 22,
      "sort": 12,
      "value": "WK"
    },
    "model": "core.answerlist",
    "pk": 236
  },
  {
    "fields": {
      "name": "Sonderwohnzone R\u00fctli",
      "question": 22,
      "sort": 11,
      "value": "WSR\u00fctli"
    },
    "model": "core.answerlist",
    "pk": 237
  },
  {
    "fields": {
      "name": "Wohn- und Gewerbezone Eggberge",
      "question": 22,
      "sort": 24,
      "value": "WGE"
    },
    "model": "core.answerlist",
    "pk": 238
  },
  {
    "fields": {
      "name": "Kernzone 2",
      "question": 22,
      "sort": 26,
      "value": "K2"
    },
    "model": "core.answerlist",
    "pk": 239
  },
  {
    "fields": {
      "name": "Kernzone 4",
      "question": 22,
      "sort": 28,
      "value": "K4"
    },
    "model": "core.answerlist",
    "pk": 240
  },
  {
    "fields": {
      "name": "Industriezone 1",
      "question": 22,
      "sort": 19,
      "value": "I1"
    },
    "model": "core.answerlist",
    "pk": 241
  },
  {
    "fields": {
      "name": "Industriezone 2",
      "question": 22,
      "sort": 20,
      "value": "I2"
    },
    "model": "core.answerlist",
    "pk": 242
  },
  {
    "fields": {
      "name": "Zone f\u00fcr besondere Anlage und Betriebsst\u00e4tte Event-Center",
      "question": 22,
      "sort": 38,
      "value": "ABEC"
    },
    "model": "core.answerlist",
    "pk": 243
  },
  {
    "fields": {
      "name": "Sonderwohnzone",
      "question": 22,
      "sort": 9,
      "value": "WS"
    },
    "model": "core.answerlist",
    "pk": 244
  },
  {
    "fields": {
      "name": "BZ Br\u00fcsti",
      "question": 22,
      "sort": 10,
      "value": "BZB"
    },
    "model": "core.answerlist",
    "pk": 245
  },
  {
    "fields": {
      "name": "Erholungszone",
      "question": 22,
      "sort": 34,
      "value": "Eh"
    },
    "model": "core.answerlist",
    "pk": 246
  },
  {
    "fields": {
      "name": "Flugplatzzone",
      "question": 22,
      "sort": 36,
      "value": "FPZ"
    },
    "model": "core.answerlist",
    "pk": 247
  },
  {
    "fields": {
      "name": "Gewerbesonderzone Eielen",
      "question": 22,
      "sort": 39,
      "value": "ABE"
    },
    "model": "core.answerlist",
    "pk": 248
  },
  {
    "fields": {
      "name": "Gewerbesonderzone Harder",
      "question": 22,
      "sort": 40,
      "value": "ABH"
    },
    "model": "core.answerlist",
    "pk": 249
  },
  {
    "fields": {
      "name": "Niederhofen",
      "question": 22,
      "sort": 41,
      "value": "ABN"
    },
    "model": "core.answerlist",
    "pk": 250
  },
  {
    "fields": {
      "name": "Sondernutzungszone Holzheizwerk",
      "question": 22,
      "sort": 42,
      "value": "ABSH"
    },
    "model": "core.answerlist",
    "pk": 251
  },
  {
    "fields": {
      "name": "Sonderzone Baugruppen",
      "question": 22,
      "sort": 14,
      "value": "SZB"
    },
    "model": "core.answerlist",
    "pk": 252
  },
  {
    "fields": {
      "name": "Kulturobjekt regional / national, linear",
      "question": 95,
      "sort": 13,
      "value": "KOrnl"
    },
    "model": "core.answerlist",
    "pk": 253
  },
  {
    "fields": {
      "name": "Gesch\u00fctzte Mauer",
      "question": 94,
      "sort": 40,
      "value": "KOIIGM"
    },
    "model": "core.answerlist",
    "pk": 254
  },
  {
    "fields": {
      "name": "Einzelbaum",
      "question": 94,
      "sort": 44,
      "value": "NOIEB"
    },
    "model": "core.answerlist",
    "pk": 255
  },
  {
    "fields": {
      "name": "Schutzw\u00fcrdige Geb\u00e4ude",
      "question": 94,
      "sort": 47,
      "value": "EOSG"
    },
    "model": "core.answerlist",
    "pk": 256
  },
  {
    "fields": {
      "name": "Flachmoor",
      "question": 95,
      "sort": 8,
      "value": "FM"
    },
    "model": "core.answerlist",
    "pk": 257
  },
  {
    "fields": {
      "name": "Gebiete mit sch\u00fctzenswerter Bausubstanz",
      "question": 95,
      "sort": 10,
      "value": "GmsB"
    },
    "model": "core.answerlist",
    "pk": 258
  },
  {
    "fields": {
      "name": "Gebiet mit verdichteter Bauweise",
      "question": 94,
      "sort": 29,
      "value": "VB"
    },
    "model": "core.answerlist",
    "pk": 260
  },
  {
    "fields": {
      "name": "Bereich rechtsg\u00fcltiger Quartierrichtplan",
      "question": 94,
      "sort": 20,
      "value": "QRPr"
    },
    "model": "core.answerlist",
    "pk": 261
  },
  {
    "fields": {
      "name": "Abfahrtsrouten",
      "question": 94,
      "sort": 30,
      "value": "AR"
    },
    "model": "core.answerlist",
    "pk": 262
  },
  {
    "fields": {
      "name": "Fernsprenganlagen",
      "question": 94,
      "sort": 31,
      "value": "F"
    },
    "model": "core.answerlist",
    "pk": 263
  },
  {
    "fields": {
      "name": "Parkanlagen",
      "question": 94,
      "sort": 32,
      "value": "PA"
    },
    "model": "core.answerlist",
    "pk": 264
  },
  {
    "fields": {
      "name": "Seeuferbereich, \u00fcberlagert",
      "question": 94,
      "sort": 9,
      "value": "SUB"
    },
    "model": "core.answerlist",
    "pk": 265
  },
  {
    "fields": {
      "name": "Schutzbereich",
      "question": 94,
      "sort": 1,
      "value": "E"
    },
    "model": "core.answerlist",
    "pk": 266
  },
  {
    "fields": {
      "name": "wichtige Gasse",
      "question": 94,
      "sort": 41,
      "value": "KOIIwG"
    },
    "model": "core.answerlist",
    "pk": 267
  },
  {
    "fields": {
      "name": "Zone mit Quartierrichtplanpflicht",
      "question": 94,
      "sort": 23,
      "value": "QRPp"
    },
    "model": "core.answerlist",
    "pk": 268
  },
  {
    "fields": {
      "name": "Gewerbesonderzone Harder, \u00fcberlagert",
      "question": 94,
      "sort": 17,
      "value": "AB\u00fcH"
    },
    "model": "core.answerlist",
    "pk": 269
  },
  {
    "fields": {
      "name": "Projektierungsbereich",
      "question": 94,
      "sort": 33,
      "value": "PB"
    },
    "model": "core.answerlist",
    "pk": 270
  },
  {
    "fields": {
      "name": "Gewerbezone 1",
      "question": 22,
      "sort": 16,
      "value": "G1"
    },
    "model": "core.answerlist",
    "pk": 271
  },
  {
    "fields": {
      "name": "Gewerbezone 2",
      "question": 22,
      "sort": 17,
      "value": "G2"
    },
    "model": "core.answerlist",
    "pk": 272
  },
  {
    "fields": {
      "name": "Vorhaben ist bereits realisiert.",
      "question": 260,
      "sort": 0,
      "value": "already_realized"
    },
    "model": "core.answerlist",
    "pk": 273
  },
  {
    "fields": {
      "name": "Bauarbeiten sind gestartet; Baustopp verf\u00fcgt.",
      "question": 260,
      "sort": 1,
      "value": "stopped"
    },
    "model": "core.answerlist",
    "pk": 274
  },
  {
    "fields": {
      "name": "Wohnzone 5+",
      "question": 22,
      "sort": 9,
      "value": "W5"
    },
    "model": "core.answerlist",
    "pk": 275
  },
  {
    "fields": {
      "name": "Wohn- und Gewerbezone 5+",
      "question": 22,
      "sort": 24,
      "value": "WG5"
    },
    "model": "core.answerlist",
    "pk": 276
  },
  {
    "fields": {
      "name": "Kernzone",
      "question": 22,
      "sort": 24,
      "value": "K"
    },
    "model": "core.answerlist",
    "pk": 277
  },
  {
    "fields": {
      "name": "Kernzone - Zentrum",
      "question": 22,
      "sort": 29,
      "value": "KZE"
    },
    "model": "core.answerlist",
    "pk": 278
  },
  {
    "fields": {
      "name": "Neubau",
      "question": 261,
      "sort": 4,
      "value": "neubau"
    },
    "model": "core.answerlist",
    "pk": 279
  },
  {
    "fields": {
      "name": "Umbau / Anbau",
      "question": 261,
      "sort": 2,
      "value": "umbau"
    },
    "model": "core.answerlist",
    "pk": 280
  },
  {
    "fields": {
      "name": "Sanierung",
      "question": 261,
      "sort": 1,
      "value": "sanierung"
    },
    "model": "core.answerlist",
    "pk": 281
  },
  {
    "fields": {
      "name": "Zweck\u00e4nderung",
      "question": 261,
      "sort": 5,
      "value": "zweck"
    },
    "model": "core.answerlist",
    "pk": 282
  },
  {
    "fields": {
      "name": "Abbruch",
      "question": 261,
      "sort": 0,
      "value": "abbruch"
    },
    "model": "core.answerlist",
    "pk": 283
  },
  {
    "fields": {
      "name": "Andere",
      "question": 261,
      "sort": 7,
      "value": "andere"
    },
    "model": "core.answerlist",
    "pk": 284
  },
  {
    "fields": {
      "name": "Wohnbaute",
      "question": 262,
      "sort": 0,
      "value": "wohnbaute"
    },
    "model": "core.answerlist",
    "pk": 285
  },
  {
    "fields": {
      "name": "Wohn- / \u00d6konomiebaute",
      "question": 262,
      "sort": 1,
      "value": "wohn\u00f6konomie"
    },
    "model": "core.answerlist",
    "pk": 286
  },
  {
    "fields": {
      "name": "Gewerbebaute mit Arbeitpl\u00e4tzen",
      "question": 262,
      "sort": 2,
      "value": "gewerbemitap"
    },
    "model": "core.answerlist",
    "pk": 287
  },
  {
    "fields": {
      "name": "Gewerbebaute ohne Arbeitspl\u00e4tze",
      "question": 262,
      "sort": 3,
      "value": "gewerbeohneap"
    },
    "model": "core.answerlist",
    "pk": 288
  },
  {
    "fields": {
      "name": "\u00d6konomiebaute mit Tierhaltung",
      "question": 262,
      "sort": 4,
      "value": "\u00f6konomie_tier"
    },
    "model": "core.answerlist",
    "pk": 289
  },
  {
    "fields": {
      "name": "\u00d6konomiebaute ohne Tierhaltung",
      "question": 262,
      "sort": 5,
      "value": "\u00f6konomie"
    },
    "model": "core.answerlist",
    "pk": 290
  },
  {
    "fields": {
      "name": "Terrainver\u00e4nderung",
      "question": 262,
      "sort": 6,
      "value": "terrain"
    },
    "model": "core.answerlist",
    "pk": 291
  },
  {
    "fields": {
      "name": "Viehtriebweg",
      "question": 262,
      "sort": 8,
      "value": "viehtriebweg"
    },
    "model": "core.answerlist",
    "pk": 292
  },
  {
    "fields": {
      "name": "Bewirtschaftungsweg",
      "question": 262,
      "sort": 9,
      "value": "bewirtschaftungsweg"
    },
    "model": "core.answerlist",
    "pk": 293
  },
  {
    "fields": {
      "name": "Hof- / G\u00fctererschliessung",
      "question": 262,
      "sort": 10,
      "value": "hofg\u00fcter"
    },
    "model": "core.answerlist",
    "pk": 294
  },
  {
    "fields": {
      "name": "Andere",
      "question": 262,
      "sort": 13,
      "value": "andere"
    },
    "model": "core.answerlist",
    "pk": 295
  },
  {
    "fields": {
      "name": "Zonenkonform",
      "question": 263,
      "sort": 0,
      "value": "zonenkonform"
    },
    "model": "core.answerlist",
    "pk": 296
  },
  {
    "fields": {
      "name": "Ausnahmebewilligung",
      "question": 263,
      "sort": 1,
      "value": "ausnahme"
    },
    "model": "core.answerlist",
    "pk": 297
  },
  {
    "fields": {
      "name": "Andere",
      "question": 263,
      "sort": 2,
      "value": "andere"
    },
    "model": "core.answerlist",
    "pk": 298
  },
  {
    "fields": {
      "name": "RPG 16a RPV 34 1 \u00d6konomiebauten f\u00fcr die bodenabh\u00e4ngige Landwirtschaft",
      "question": 264,
      "sort": 1,
      "value": "5001"
    },
    "model": "core.answerlist",
    "pk": 299
  },
  {
    "fields": {
      "name": "RPG 18a Solaranlagen",
      "question": 264,
      "sort": 12,
      "value": "5015"
    },
    "model": "core.answerlist",
    "pk": 300
  },
  {
    "fields": {
      "name": "RPG 22 allgemein zonenkonform",
      "question": 264,
      "sort": 13,
      "value": "1 Kein GWR Code"
    },
    "model": "core.answerlist",
    "pk": 301
  },
  {
    "fields": {
      "name": "RPG 24 Standortgebundene Bauten und Anlagen",
      "question": 264,
      "sort": 14,
      "value": "5021"
    },
    "model": "core.answerlist",
    "pk": 302
  },
  {
    "fields": {
      "name": "RPG 24a Zweck\u00e4nderung ohne bauliche Massnahmen",
      "question": 264,
      "sort": 17,
      "value": "5031"
    },
    "model": "core.answerlist",
    "pk": 303
  },
  {
    "fields": {
      "name": "RPG 24b 1 Nichtlandwirtschaftliche Nebenbetriebe zur Existenzsicherung",
      "question": 264,
      "sort": 18,
      "value": "5041"
    },
    "model": "core.answerlist",
    "pk": 304
  },
  {
    "fields": {
      "name": "RPG 24c RPV 42 \u00c4nderung zonenwidrig gewordener Bauten und Anlagen",
      "question": 264,
      "sort": 21,
      "value": "5051"
    },
    "model": "core.answerlist",
    "pk": 305
  },
  {
    "fields": {
      "name": "RPG 24d 1 RPV 42a \u00c4nderungen an ehemals landwirtschaftlich genutzten Wohnbauten",
      "question": 264,
      "sort": 22,
      "value": "5061"
    },
    "model": "core.answerlist",
    "pk": 306
  },
  {
    "fields": {
      "name": "RPG 24e 1 Hobbym\u00e4ssige Tierhaltung  in nahe bei der Bauzone gelegenen Geb\u00e4uden",
      "question": 264,
      "sort": 23,
      "value": "5064"
    },
    "model": "core.answerlist",
    "pk": 307
  },
  {
    "fields": {
      "name": "RPG 37a RPV 43 \u00c4nderung zonenwidrig gewordener gewerblicher Bauten",
      "question": 264,
      "sort": 26,
      "value": "5071"
    },
    "model": "core.answerlist",
    "pk": 308
  },
  {
    "fields": {
      "name": "Andere Dossiers",
      "question": 264,
      "sort": 28,
      "value": "3 Kein GWR Code"
    },
    "model": "core.answerlist",
    "pk": 309
  },
  {
    "fields": {
      "name": "positiv",
      "question": 265,
      "sort": 0,
      "value": "positiv"
    },
    "model": "core.answerlist",
    "pk": 310
  },
  {
    "fields": {
      "name": "negativ",
      "question": 265,
      "sort": 1,
      "value": "negativ"
    },
    "model": "core.answerlist",
    "pk": 311
  },
  {
    "fields": {
      "name": "andere",
      "question": 265,
      "sort": 2,
      "value": "andere"
    },
    "model": "core.answerlist",
    "pk": 312
  },
  {
    "fields": {
      "name": "Privatpersonen (inkl. Erbengemeinschaften)",
      "question": 267,
      "sort": 18,
      "value": "6161"
    },
    "model": "core.answerlist",
    "pk": 316
  },
  {
    "fields": {
      "name": "Kanton (z.B. ARE BD, ohne \u00f6ffentliche Unternehmen)",
      "question": 267,
      "sort": 6,
      "value": "6110"
    },
    "model": "core.answerlist",
    "pk": 317
  },
  {
    "fields": {
      "name": "Gemeinden (inkl. Korporationen B\u00fcrgergemeinden und Alpgenossenschaften)",
      "question": 267,
      "sort": 8,
      "value": "6115"
    },
    "model": "core.answerlist",
    "pk": 318
  },
  {
    "fields": {
      "name": "Immobilienbranche (Einzelpersonen oder Personengesellschaften)",
      "question": 267,
      "sort": 23,
      "value": "6141"
    },
    "model": "core.answerlist",
    "pk": 319
  },
  {
    "fields": {
      "name": "Banken",
      "question": 267,
      "sort": 13,
      "value": "6124"
    },
    "model": "core.answerlist",
    "pk": 320
  },
  {
    "fields": {
      "name": "Bundesamt f\u00fcr Umweltschutz",
      "question": 267,
      "sort": 26,
      "value": "BAFU"
    },
    "model": "core.answerlist",
    "pk": 321
  },
  {
    "fields": {
      "name": "Abparzellierung Ver\u00e4usserung Betriebs\u00fcbergabe",
      "question": 261,
      "sort": 6,
      "value": "bgbb"
    },
    "model": "core.answerlist",
    "pk": 322
  },
  {
    "fields": {
      "name": "Ersatzneubau",
      "question": 261,
      "sort": 3,
      "value": "Ersatzneubau"
    },
    "model": "core.answerlist",
    "pk": 342
  },
  {
    "fields": {
      "name": "BGBB 4a VBB Abparzellierung von Bauten und Anlagen, Feststellungsverf\u00fcgung",
      "question": 264,
      "sort": 27,
      "value": "2 Kein GWR Code"
    },
    "model": "core.answerlist",
    "pk": 362
  },
  {
    "fields": {
      "name": "Fahrnisbauten",
      "question": 262,
      "sort": 11,
      "value": "Befristet"
    },
    "model": "core.answerlist",
    "pk": 363
  },
  {
    "fields": {
      "name": "RPG 16a 1 RPV 34 2 Landwirtschaftliche Bauten: Aufbereitung Lagerung und Verkauf",
      "question": 264,
      "sort": 2,
      "value": "5002"
    },
    "model": "core.answerlist",
    "pk": 382
  },
  {
    "fields": {
      "name": "RPG 16a 1 RPV 34 3 Wohnbauten f\u00fcr landwirtschaftliche Gewerbe",
      "question": 264,
      "sort": 3,
      "value": "5003"
    },
    "model": "core.answerlist",
    "pk": 383
  },
  {
    "fields": {
      "name": "RPG 16a RPV 35 Gemeinschaftliche Stallbauten",
      "question": 264,
      "sort": 4,
      "value": "5004"
    },
    "model": "core.answerlist",
    "pk": 384
  },
  {
    "fields": {
      "name": "RPG 16a 2 RPV 36 Innere Aufstockung Tierhaltung (Schweinest\u00e4lle, Gefl\u00fcgelhallen)",
      "question": 264,
      "sort": 5,
      "value": "5005"
    },
    "model": "core.answerlist",
    "pk": 385
  },
  {
    "fields": {
      "name": "RPG 16a 2 RPV 37 Innere Aufstockung Gem\u00fcse- und Pflanzenbau (Gew\u00e4chsh\u00e4user)",
      "question": 264,
      "sort": 6,
      "value": "5006"
    },
    "model": "core.answerlist",
    "pk": 386
  },
  {
    "fields": {
      "name": "RPG 16a 3 RPV 38 Bauten und Anlagen in Speziallandwirtschaftszonen",
      "question": 264,
      "sort": 7,
      "value": "5007"
    },
    "model": "core.answerlist",
    "pk": 387
  },
  {
    "fields": {
      "name": "RPG 16a 1 RPV 34a Gewinnung von Energie aus Biomasse",
      "question": 264,
      "sort": 8,
      "value": "5008"
    },
    "model": "core.answerlist",
    "pk": 388
  },
  {
    "fields": {
      "name": "RPG 17 allgemein, Zonenkonforme Bauten und Anlagen in Schutzzonen",
      "question": 264,
      "sort": 9,
      "value": "5009"
    },
    "model": "core.answerlist",
    "pk": 389
  },
  {
    "fields": {
      "name": "RPG 18 allgemein, Zonenkonforme Bauten und Anlagen in Spezialzonen (Deponie, Sport, u.\u00e4. ohne Weiler, Erhaltungszonen)",
      "question": 264,
      "sort": 10,
      "value": "5011"
    },
    "model": "core.answerlist",
    "pk": 402
  },
  {
    "fields": {
      "name": "RPG 18 RPV 33 Zonenkonforme Bauten und Anlagen in Weiler- oder Erhaltungszonen u.\u00e4.",
      "question": 264,
      "sort": 11,
      "value": "5012"
    },
    "model": "core.answerlist",
    "pk": 403
  },
  {
    "fields": {
      "name": "RPG 24 RPV 39 1 Vollst\u00e4ndige Zweck\u00e4nderung von Bauten in Streusiedlungsgebieten",
      "question": 264,
      "sort": 15,
      "value": "5022"
    },
    "model": "core.answerlist",
    "pk": 404
  },
  {
    "fields": {
      "name": "RPG 24 RPV 39 2 Vollst\u00e4ndige Zweck\u00e4nderung landschaftspr\u00e4gender Bauten",
      "question": 264,
      "sort": 16,
      "value": "5023"
    },
    "model": "core.answerlist",
    "pk": 405
  },
  {
    "fields": {
      "name": "RPG 24b 1 bis Nichtlandw. Nebenbetriebe mit engem Bezug zu landw. Gewerbe",
      "question": 264,
      "sort": 19,
      "value": "5043"
    },
    "model": "core.answerlist",
    "pk": 406
  },
  {
    "fields": {
      "name": "RPG 24b 1 ter Nichtlandw. Nebenbetriebe in tempor\u00e4ren Betriebszentren",
      "question": 264,
      "sort": 20,
      "value": "5044"
    },
    "model": "core.answerlist",
    "pk": 407
  },
  {
    "fields": {
      "name": "RPG 24e 2-4 Aussenanlagen zur hobbym\u00e4ssigen Tierhaltung",
      "question": 264,
      "sort": 24,
      "value": "5063"
    },
    "model": "core.answerlist",
    "pk": 408
  },
  {
    "fields": {
      "name": "RPG 24d 2 Vollst\u00e4ndige Zweck\u00e4nderung gesch\u00fctzter Bauten",
      "question": 264,
      "sort": 25,
      "value": "5062"
    },
    "model": "core.answerlist",
    "pk": 409
  },
  {
    "fields": {
      "name": "Innerhalb Bauzone",
      "question": 264,
      "sort": 0,
      "value": "5000"
    },
    "model": "core.answerlist",
    "pk": 410
  },
  {
    "fields": {
      "name": "SBB (Schweizerische Bundesbahnen)",
      "question": 267,
      "sort": 0,
      "value": "6101"
    },
    "model": "core.answerlist",
    "pk": 411
  },
  {
    "fields": {
      "name": "VBS (Eidg. Departement f\u00fcr Verteidigung, Bev\u00f6lkerungsschutz und Sport)",
      "question": 267,
      "sort": 1,
      "value": "6103"
    },
    "model": "core.answerlist",
    "pk": 412
  },
  {
    "fields": {
      "name": "BBL (Bundesamt f\u00fcr Bauten und Logistik)",
      "question": 267,
      "sort": 2,
      "value": "6104"
    },
    "model": "core.answerlist",
    "pk": 413
  },
  {
    "fields": {
      "name": "ASTRA (Bundesamt f\u00fcr Strassen)",
      "question": 267,
      "sort": 3,
      "value": "6105"
    },
    "model": "core.answerlist",
    "pk": 414
  },
  {
    "fields": {
      "name": "Swisscom",
      "question": 267,
      "sort": 4,
      "value": "6107"
    },
    "model": "core.answerlist",
    "pk": 415
  },
  {
    "fields": {
      "name": "Die Post",
      "question": 267,
      "sort": 5,
      "value": "6108"
    },
    "model": "core.answerlist",
    "pk": 416
  },
  {
    "fields": {
      "name": "Kanton (\u00f6ffentliche Unternehmen des Kantons, z.B. Spital)",
      "question": 267,
      "sort": 7,
      "value": "6111"
    },
    "model": "core.answerlist",
    "pk": 418
  },
  {
    "fields": {
      "name": "Gemeinden (\u00f6ffentliche Unternehmen Gemeinde, z.B. Wasserwerke, Elektrizit\u00e4stwerke)",
      "question": 267,
      "sort": 9,
      "value": "6116"
    },
    "model": "core.answerlist",
    "pk": 420
  },
  {
    "fields": {
      "name": "Versicherungsgesellschaften",
      "question": 267,
      "sort": 10,
      "value": "6121"
    },
    "model": "core.answerlist",
    "pk": 421
  },
  {
    "fields": {
      "name": "Personalf\u00fcrsorgestiftungen (Pensionskassen)",
      "question": 267,
      "sort": 11,
      "value": "6122"
    },
    "model": "core.answerlist",
    "pk": 422
  },
  {
    "fields": {
      "name": "Krankenkassen, SUVA",
      "question": 267,
      "sort": 12,
      "value": "6123"
    },
    "model": "core.answerlist",
    "pk": 423
  },
  {
    "fields": {
      "name": "Elektrizit\u00e4tswerke (ausgenommen gemeindeeigene Werke)",
      "question": 267,
      "sort": 14,
      "value": "6131"
    },
    "model": "core.answerlist",
    "pk": 424
  },
  {
    "fields": {
      "name": "Gaswerke",
      "question": 267,
      "sort": 15,
      "value": "6132"
    },
    "model": "core.answerlist",
    "pk": 425
  },
  {
    "fields": {
      "name": "Privatbahnen",
      "question": 267,
      "sort": 16,
      "value": "6133"
    },
    "model": "core.answerlist",
    "pk": 426
  },
  {
    "fields": {
      "name": "Internationale Organisationen, Botschaften",
      "question": 267,
      "sort": 22,
      "value": "6163"
    },
    "model": "core.answerlist",
    "pk": 427
  },
  {
    "fields": {
      "name": "Andere private Auftraggeber (z.B. SAC Sektionen, Kirchgemeinden, Stiftungen, Vereine)",
      "question": 267,
      "sort": 21,
      "value": "6162"
    },
    "model": "core.answerlist",
    "pk": 428
  },
  {
    "fields": {
      "name": "Einzelfirmen oder Personengesellschaften",
      "question": 267,
      "sort": 19,
      "value": "6151"
    },
    "model": "core.answerlist",
    "pk": 429
  },
  {
    "fields": {
      "name": "Kapitalgesellschaften (AG, GmbH, Genossenschaft)",
      "question": 267,
      "sort": 20,
      "value": "6152"
    },
    "model": "core.answerlist",
    "pk": 430
  },
  {
    "fields": {
      "name": "Immobilienbranche (AG, GmbH, Genossenschaft)",
      "question": 267,
      "sort": 17,
      "value": "6143"
    },
    "model": "core.answerlist",
    "pk": 431
  },
  {
    "fields": {
      "name": "Immobilienbranche (Wohnbaugenossenschaften)",
      "question": 267,
      "sort": 24,
      "value": "6142"
    },
    "model": "core.answerlist",
    "pk": 432
  },
  {
    "fields": {
      "name": "Wanderweg",
      "question": 262,
      "sort": 7,
      "value": "Wanderweg"
    },
    "model": "core.answerlist",
    "pk": 433
  },
  {
    "fields": {
      "name": "Betrieb Gewerbe Liegenschaften",
      "question": 262,
      "sort": 12,
      "value": "Betrieb Hof"
    },
    "model": "core.answerlist",
    "pk": 434
  },
  {
    "fields": {
      "name": "Gemeinde",
      "query": "SELECT\n  \"LOCATION_ID\", \"NAME\"\nFROM\n  \"LOCATION\"\n\nWHERE\n  \"LOCATION_ID\" IN (\n    SELECT\n      \"LOCATION_ID\"\n    FROM\n      \"GROUP_LOCATION\"\n    WHERE\n      \"GROUP_ID\" = [GROUP_ID]\n    )\n    OR\n    [ROLE_ID] NOT IN (6, 7, 1105)\nORDER BY \"NAME\""
    },
    "model": "core.answerquery",
    "pk": 1
  },
  {
    "fields": {
      "name": "Zonenplan",
      "query": "SELECT\n \"ID\", \"DESCRIPTION\"\nFROM\n \"MAP_ZONE2\""
    },
    "model": "core.answerquery",
    "pk": 21
  },
  {
    "fields": {
      "name": "Leitbeh\u00f6rde",
      "query": "SELECT DISTINCT\r\n  \"AUTHORITY\".\"AUTHORITY_ID\",\r\n  \"AUTHORITY\".\"NAME\"\r\nFROM\r\n  \"AUTHORITY\"\r\nLEFT JOIN\r\n  \"GROUP_LOCATION\" ON (\r\n  \"GROUP_LOCATION\".\"GROUP_ID\" = [GROUP_ID]\r\n)\r\nLEFT JOIN\r\n  \"GROUP\" ON (\r\n  \"GROUP\".\"GROUP_ID\" = [GROUP_ID]\r\n)\r\nLEFT JOIN\r\n  \"AUTHORITY_LOCATION\" ON (\r\n    \"AUTHORITY\".\"AUTHORITY_ID\" = \"AUTHORITY_LOCATION\".\"AUTHORITY_ID\"\r\n  )\r\n \r\nJOIN\r\n  \"AUTHORITY_AUTHORITY_TYPE\" \"AAT\" ON (\r\n    \"AUTHORITY\".\"AUTHORITY_ID\" = \"AAT\".\"AUTHORITY_ID\"\r\n  )\r\nJOIN\r\n  \"AUTHORITY_TYPE\" \"AT\" ON (\r\n    \"AAT\".\"AUTHORITY_TYPE_ID\" = \"AT\".\"AUTHORITY_TYPE_ID\"\r\n  )\r\nLEFT JOIN\r\n  \"FORM_GROUP_FORM\" \"FGF\" ON (\r\n    \"FGF\".\"FORM_ID\" = [URL_FORM_ID]\r\n  )\r\n\r\nWHERE (\r\n\r\n  (\r\n    \"GROUP_LOCATION\".\"LOCATION_ID\" = \"AUTHORITY_LOCATION\".\"LOCATION_ID\"\r\n    AND\r\n    (\r\n      (\"FGF\".\"FORM_GROUP_ID\" = 30 AND \"AT\".\"TAG\" = 'BG')\r\n      OR\r\n      (\"FGF\".\"FORM_GROUP_ID\" = 141 AND \"AT\".\"TAG\" = 'NP')\r\n    )\r\n  )\r\n  OR\r\n  -- HACK: If the Group is Bundestelle set Leitbehoerde to BAV\r\n  (\r\n\t\"GROUP\".\"GROUP_ID\" = 1028\r\n\t AND\r\n\t\"AUTHORITY\".\"AUTHORITY_ID\" = 75\r\n  )\r\n  OR\r\n  (\r\n    \"GROUP_LOCATION\".\"LOCATION_ID\" IS NULL\r\n    AND\r\n\tNOT \"GROUP\".\"GROUP_ID\" = 1028\r\n  )\r\n\r\n)\r\nORDER BY \"AUTHORITY\".\"NAME\""
    },
    "model": "core.answerquery",
    "pk": 41
  },
  {
    "fields": {
      "name": "Gemeinden (ohne Diverse/Alle Gemeinden/Bundesamt*)",
      "query": "SELECT\r\n  \"COMMUNAL_FEDERAL_NUMBER\", \"NAME\"\r\nFROM\r\n  \"LOCATION\"\r\n\r\nWHERE\r\n  \"LOCATION_ID\" IN (\r\n    SELECT\r\n      \"LOCATION_ID\"\r\n    FROM\r\n      \"GROUP_LOCATION\"\r\n    WHERE\r\n      \"GROUP_ID\" = [GROUP_ID]\r\n    )\r\n    OR\r\n    [ROLE_ID] NOT IN (6, 7, 1105)\r\nAND \"LOCATION_ID\" NOT IN (\r\n    21,\r\n    22)\r\nORDER BY \"NAME\""
    },
    "model": "core.answerquery",
    "pk": 42
  },
  {
    "fields": {
      "air_action_name": "edit",
      "instance_resource": 315,
      "resource": 267
    },
    "model": "core.apageredirect",
    "pk": 711
  },
  {
    "fields": {
      "air_action_name": "edit",
      "instance_resource": 467,
      "resource": 288
    },
    "model": "core.apageredirect",
    "pk": 732
  },
  {
    "fields": {
      "air_action_name": null,
      "instance_resource": null,
      "resource": 122
    },
    "model": "core.apageredirect",
    "pk": 733
  },
  {
    "fields": {
      "air_action_name": null,
      "instance_resource": null,
      "resource": 302
    },
    "model": "core.apageredirect",
    "pk": 735
  },
  {
    "fields": {
      "air_action_name": "index",
      "instance_resource": 314,
      "resource": 267
    },
    "model": "core.apageredirect",
    "pk": 737
  },
  {
    "fields": {
      "air_action_name": "index",
      "instance_resource": 486,
      "resource": 288
    },
    "model": "core.apageredirect",
    "pk": 738
  },
  {
    "fields": {
      "air_action_name": "edit",
      "instance_resource": 625,
      "resource": 264
    },
    "model": "core.apageredirect",
    "pk": 976
  },
  {
    "fields": {
      "air_action_name": "list",
      "instance_resource": 678,
      "resource": 251
    },
    "model": "core.apageredirect",
    "pk": 1056
  },
  {
    "fields": {
      "air_action_name": "list",
      "instance_resource": 678,
      "resource": 251
    },
    "model": "core.apageredirect",
    "pk": 1065
  },
  {
    "fields": {
      "air_action_name": "list",
      "instance_resource": 678,
      "resource": 251
    },
    "model": "core.apageredirect",
    "pk": 1071
  },
  {
    "fields": {
      "air_action_name": "edit",
      "instance_resource": 702,
      "resource": 289
    },
    "model": "core.apageredirect",
    "pk": 1152
  },
  {
    "fields": {
      "air_action_name": null,
      "instance_resource": 1,
      "resource": 289
    },
    "model": "core.apageredirect",
    "pk": 1158
  },
  {
    "fields": {
      "air_action_name": "edit",
      "instance_resource": 717,
      "resource": 296
    },
    "model": "core.apageredirect",
    "pk": 1210
  },
  {
    "fields": {
      "air_action_name": null,
      "instance_resource": 1,
      "resource": 297
    },
    "model": "core.apageredirect",
    "pk": 1234
  },
  {
    "fields": {
      "air_action_name": null,
      "instance_resource": null,
      "resource": 298
    },
    "model": "core.apageredirect",
    "pk": 1284
  },
  {
    "fields": {
      "air_action_name": "edit",
      "instance_resource": 763,
      "resource": 316
    },
    "model": "core.apageredirect",
    "pk": 1414
  },
  {
    "fields": {
      "air_action_name": null,
      "instance_resource": null,
      "resource": 302
    },
    "model": "core.apageredirect",
    "pk": 1425
  },
  {
    "fields": {
      "php_class": "DossierNR"
    },
    "model": "core.aphp",
    "pk": 7
  },
  {
    "fields": {
      "php_class": "DossierNR"
    },
    "model": "core.aphp",
    "pk": 69
  },
  {
    "fields": {
      "php_class": "ChangeDossierType"
    },
    "model": "core.aphp",
    "pk": 260
  },
  {
    "fields": {
      "php_class": "CircEnd"
    },
    "model": "core.aphp",
    "pk": 490
  },
  {
    "fields": {
      "php_class": "ReopenCirculation"
    },
    "model": "core.aphp",
    "pk": 610
  },
  {
    "fields": {
      "php_class": "EditNotice"
    },
    "model": "core.aphp",
    "pk": 631
  },
  {
    "fields": {
      "php_class": "DossierNR"
    },
    "model": "core.aphp",
    "pk": 634
  },
  {
    "fields": {
      "php_class": "ReopenCirculation"
    },
    "model": "core.aphp",
    "pk": 662
  },
  {
    "fields": {
      "php_class": "EditNotice"
    },
    "model": "core.aphp",
    "pk": 670
  },
  {
    "fields": {
      "php_class": "DossierNR"
    },
    "model": "core.aphp",
    "pk": 692
  },
  {
    "fields": {
      "php_class": "CircStart"
    },
    "model": "core.aphp",
    "pk": 831
  },
  {
    "fields": {
      "php_class": "CircStart"
    },
    "model": "core.aphp",
    "pk": 832
  },
  {
    "fields": {
      "php_class": "CircStart"
    },
    "model": "core.aphp",
    "pk": 834
  },
  {
    "fields": {
      "php_class": "CircStart"
    },
    "model": "core.aphp",
    "pk": 841
  },
  {
    "fields": {
      "php_class": "SaveCommissionAssignments"
    },
    "model": "core.aphp",
    "pk": 870
  },
  {
    "fields": {
      "php_class": "SetNFD"
    },
    "model": "core.aphp",
    "pk": 913
  },
  {
    "fields": {
      "php_class": "SetNFDComplete"
    },
    "model": "core.aphp",
    "pk": 914
  },
  {
    "fields": {
      "php_class": "DossierNR"
    },
    "model": "core.aphp",
    "pk": 952
  },
  {
    "fields": {
      "php_class": "CircStart"
    },
    "model": "core.aphp",
    "pk": 974
  },
  {
    "fields": {
      "php_class": "CircStart"
    },
    "model": "core.aphp",
    "pk": 979
  },
  {
    "fields": {
      "php_class": "ReopenCirculation"
    },
    "model": "core.aphp",
    "pk": 982
  },
  {
    "fields": {
      "php_class": "DossierNR"
    },
    "model": "core.aphp",
    "pk": 1010
  },
  {
    "fields": {
      "php_class": "SetPortalUser"
    },
    "model": "core.aphp",
    "pk": 1012
  },
  {
    "fields": {
      "php_class": "DossierNR"
    },
    "model": "core.aphp",
    "pk": 1058
  },
  {
    "fields": {
      "php_class": "SetAuthority"
    },
    "model": "core.aphp",
    "pk": 1059
  },
  {
    "fields": {
      "php_class": "SetAuthority"
    },
    "model": "core.aphp",
    "pk": 1060
  },
  {
    "fields": {
      "php_class": "SaveFormPerson"
    },
    "model": "core.aphp",
    "pk": 1064
  },
  {
    "fields": {
      "php_class": "SetAuthority"
    },
    "model": "core.aphp",
    "pk": 1093
  },
  {
    "fields": {
      "php_class": "RedirectToPortal"
    },
    "model": "core.aphp",
    "pk": 1105
  },
  {
    "fields": {
      "php_class": "CircStart"
    },
    "model": "core.aphp",
    "pk": 1150
  },
  {
    "fields": {
      "php_class": "EditNotice"
    },
    "model": "core.aphp",
    "pk": 1157
  },
  {
    "fields": {
      "php_class": "DossierNR"
    },
    "model": "core.aphp",
    "pk": 1161
  },
  {
    "fields": {
      "php_class": "CircStart"
    },
    "model": "core.aphp",
    "pk": 1181
  },
  {
    "fields": {
      "php_class": "ReopenCirculation"
    },
    "model": "core.aphp",
    "pk": 1184
  },
  {
    "fields": {
      "php_class": "CircStart"
    },
    "model": "core.aphp",
    "pk": 1208
  },
  {
    "fields": {
      "php_class": "CircStart"
    },
    "model": "core.aphp",
    "pk": 1213
  },
  {
    "fields": {
      "php_class": "ReopenCirculation"
    },
    "model": "core.aphp",
    "pk": 1216
  },
  {
    "fields": {
      "php_class": "DossierNR"
    },
    "model": "core.aphp",
    "pk": 1221
  },
  {
    "fields": {
      "php_class": "CircStart"
    },
    "model": "core.aphp",
    "pk": 1232
  },
  {
    "fields": {
      "php_class": "CircStart"
    },
    "model": "core.aphp",
    "pk": 1237
  },
  {
    "fields": {
      "php_class": "ReopenCirculation"
    },
    "model": "core.aphp",
    "pk": 1240
  },
  {
    "fields": {
      "php_class": "DossierNR"
    },
    "model": "core.aphp",
    "pk": 1258
  },
  {
    "fields": {
      "php_class": "CircStart"
    },
    "model": "core.aphp",
    "pk": 1282
  },
  {
    "fields": {
      "php_class": "CircStart"
    },
    "model": "core.aphp",
    "pk": 1287
  },
  {
    "fields": {
      "php_class": "ReopenCirculation"
    },
    "model": "core.aphp",
    "pk": 1290
  },
  {
    "fields": {
      "php_class": "DossierNR"
    },
    "model": "core.aphp",
    "pk": 1295
  },
  {
    "fields": {
      "php_class": "RedirectToInstance"
    },
    "model": "core.aphp",
    "pk": 1374
  },
  {
    "fields": {
      "php_class": "CheckIfNFDPossible"
    },
    "model": "core.aphp",
    "pk": 1379
  },
  {
    "fields": {
      "php_class": "CircStart"
    },
    "model": "core.aphp",
    "pk": 1383
  },
  {
    "fields": {
      "php_class": "CircStart"
    },
    "model": "core.aphp",
    "pk": 1387
  },
  {
    "fields": {
      "php_class": "ReopenCirculation"
    },
    "model": "core.aphp",
    "pk": 1388
  },
  {
    "fields": {
      "php_class": "DossierNR"
    },
    "model": "core.aphp",
    "pk": 1403
  },
  {
    "fields": {
      "php_class": "CircStart"
    },
    "model": "core.aphp",
    "pk": 1412
  },
  {
    "fields": {
      "php_class": "ReopenCirculation"
    },
    "model": "core.aphp",
    "pk": 1415
  },
  {
    "fields": {
      "php_class": "CircStart"
    },
    "model": "core.aphp",
    "pk": 1418
  },
  {
    "fields": {
      "php_class": "BundesstelleCircEnd"
    },
    "model": "core.aphp",
    "pk": 1423
  },
  {
    "fields": {
      "php_class": "MunicipalityCircEnd"
    },
    "model": "core.aphp",
    "pk": 1435
  },
  {
    "fields": {
      "php_class": "SetOLD"
    },
    "model": "core.aphp",
    "pk": 1436
  },
  {
    "fields": {
      "php_class": "SetOLD"
    },
    "model": "core.aphp",
    "pk": 1437
  },
  {
    "fields": {
      "php_class": "SetOLD"
    },
    "model": "core.aphp",
    "pk": 1438
  },
  {
    "fields": {
      "php_class": "MunicipalityCircEnd"
    },
    "model": "core.aphp",
    "pk": 1455
  },
  {
    "fields": {
      "action_name": "template",
      "available_resource": "page",
      "hidden": 0
    },
    "model": "core.araction",
    "pk": 1
  },
  {
    "fields": {
      "action_name": "list",
      "available_resource": "formlist",
      "hidden": 0
    },
    "model": "core.araction",
    "pk": 2
  },
  {
    "fields": {
      "action_name": "index",
      "available_resource": "search",
      "hidden": 0
    },
    "model": "core.araction",
    "pk": 3
  },
  {
    "fields": {
      "action_name": "result",
      "available_resource": "search",
      "hidden": 1
    },
    "model": "core.araction",
    "pk": 4
  },
  {
    "fields": {
      "action_name": "index",
      "available_resource": "list",
      "hidden": 0
    },
    "model": "core.araction",
    "pk": 5
  },
  {
    "fields": {
      "action_name": "index",
      "available_resource": "glossary",
      "hidden": 0
    },
    "model": "core.araction",
    "pk": 6
  },
  {
    "fields": {
      "action_name": "add-category",
      "available_resource": "glossary",
      "hidden": 1
    },
    "model": "core.araction",
    "pk": 7
  },
  {
    "fields": {
      "action_name": "edit-category",
      "available_resource": "glossary",
      "hidden": 1
    },
    "model": "core.araction",
    "pk": 8
  },
  {
    "fields": {
      "action_name": "add-sentence",
      "available_resource": "glossary",
      "hidden": 1
    },
    "model": "core.araction",
    "pk": 9
  },
  {
    "fields": {
      "action_name": "edit-sentence",
      "available_resource": "glossary",
      "hidden": 1
    },
    "model": "core.araction",
    "pk": 10
  },
  {
    "fields": {
      "action_name": "list",
      "available_resource": "glossary",
      "hidden": 1
    },
    "model": "core.araction",
    "pk": 11
  },
  {
    "fields": {
      "action_name": "session",
      "available_resource": "portal",
      "hidden": 1
    },
    "model": "core.araction",
    "pk": 12
  },
  {
    "fields": {
      "action_name": "entry",
      "available_resource": "portal",
      "hidden": 1
    },
    "model": "core.araction",
    "pk": 13
  },
  {
    "fields": {
      "action_name": "overview",
      "available_resource": "portal",
      "hidden": 0
    },
    "model": "core.araction",
    "pk": 14
  },
  {
    "fields": {
      "action_name": "logout",
      "available_resource": "portal",
      "hidden": 1
    },
    "model": "core.araction",
    "pk": 15
  },
  {
    "fields": {
      "action_name": "index",
      "available_resource": "simplelist",
      "hidden": 0
    },
    "model": "core.araction",
    "pk": 16
  },
  {
    "fields": {
      "action_name": "index",
      "available_resource": "extendedsearch",
      "hidden": 0
    },
    "model": "core.araction",
    "pk": 17
  },
  {
    "fields": {
      "action_name": "result",
      "available_resource": "extendedsearch",
      "hidden": 1
    },
    "model": "core.araction",
    "pk": 18
  },
  {
    "fields": {
      "action_name": "index",
      "available_resource": "statistics",
      "hidden": 0
    },
    "model": "core.araction",
    "pk": 19
  },
  {
    "fields": {
      "action_name": "report",
      "available_resource": "statistics",
      "hidden": 1
    },
    "model": "core.araction",
    "pk": 20
  },
  {
    "fields": {
      "action_name": "index",
      "available_resource": "download",
      "hidden": 0
    },
    "model": "core.araction",
    "pk": 21
  },
  {
    "fields": {
      "action_name": "index",
      "available_resource": "useradmin",
      "hidden": 0
    },
    "model": "core.araction",
    "pk": 22
  },
  {
    "fields": {
      "action_name": "add",
      "available_resource": "useradmin",
      "hidden": 1
    },
    "model": "core.araction",
    "pk": 23
  },
  {
    "fields": {
      "action_name": "list-service",
      "available_resource": "useradmin",
      "hidden": 1
    },
    "model": "core.araction",
    "pk": 24
  },
  {
    "fields": {
      "action_name": "add-service",
      "available_resource": "useradmin",
      "hidden": 1
    },
    "model": "core.araction",
    "pk": 25
  },
  {
    "fields": {
      "action_name": "edit-service",
      "available_resource": "useradmin",
      "hidden": 1
    },
    "model": "core.araction",
    "pk": 26
  },
  {
    "fields": {
      "action_name": "email-configuration",
      "available_resource": "useradmin",
      "hidden": 1
    },
    "model": "core.araction",
    "pk": 27
  },
  {
    "fields": {
      "name": "PDF"
    },
    "model": "core.attachmentextension",
    "pk": 41
  },
  {
    "fields": {
      "name": "JPG"
    },
    "model": "core.attachmentextension",
    "pk": 42
  },
  {
    "fields": {
      "name": "ITF"
    },
    "model": "core.attachmentextension",
    "pk": 43
  },
  {
    "fields": {
      "name": "ILI"
    },
    "model": "core.attachmentextension",
    "pk": 44
  },
  {
    "fields": {
      "name": "PNG"
    },
    "model": "core.attachmentextension",
    "pk": 45
  },
  {
    "fields": {
      "name": "GIF"
    },
    "model": "core.attachmentextension",
    "pk": 46
  },
  {
    "fields": {
      "name": "DOCX"
    },
    "model": "core.attachmentextension",
    "pk": 47
  },
  {
    "fields": {
      "name": "XTF"
    },
    "model": "core.attachmentextension",
    "pk": 48
  },
  {
    "fields": {
      "name": "XLSX"
    },
    "model": "core.attachmentextension",
    "pk": 49
  },
  {
    "fields": {
      "attachment_extension": 41,
      "mode": "",
      "role": 3
    },
    "model": "core.attachmentextensionrole",
    "pk": 135
  },
  {
    "fields": {
      "attachment_extension": 49,
      "mode": "",
      "role": 1061
    },
    "model": "core.attachmentextensionrole",
    "pk": 136
  },
  {
    "fields": {
      "attachment_extension": 41,
      "mode": "",
      "role": 7
    },
    "model": "core.attachmentextensionrole",
    "pk": 137
  },
  {
    "fields": {
      "attachment_extension": 41,
      "mode": "",
      "role": 6
    },
    "model": "core.attachmentextensionrole",
    "pk": 138
  },
  {
    "fields": {
      "attachment_extension": 41,
      "mode": "",
      "role": 4
    },
    "model": "core.attachmentextensionrole",
    "pk": 139
  },
  {
    "fields": {
      "attachment_extension": 41,
      "mode": "",
      "role": 1021
    },
    "model": "core.attachmentextensionrole",
    "pk": 140
  },
  {
    "fields": {
      "attachment_extension": 42,
      "mode": "",
      "role": 3
    },
    "model": "core.attachmentextensionrole",
    "pk": 141
  },
  {
    "fields": {
      "attachment_extension": 42,
      "mode": "",
      "role": 1061
    },
    "model": "core.attachmentextensionrole",
    "pk": 142
  },
  {
    "fields": {
      "attachment_extension": 42,
      "mode": "",
      "role": 7
    },
    "model": "core.attachmentextensionrole",
    "pk": 143
  },
  {
    "fields": {
      "attachment_extension": 48,
      "mode": "",
      "role": 1061
    },
    "model": "core.attachmentextensionrole",
    "pk": 144
  },
  {
    "fields": {
      "attachment_extension": 42,
      "mode": "",
      "role": 4
    },
    "model": "core.attachmentextensionrole",
    "pk": 145
  },
  {
    "fields": {
      "attachment_extension": 42,
      "mode": "",
      "role": 1021
    },
    "model": "core.attachmentextensionrole",
    "pk": 146
  },
  {
    "fields": {
      "attachment_extension": 43,
      "mode": "",
      "role": 6
    },
    "model": "core.attachmentextensionrole",
    "pk": 147
  },
  {
    "fields": {
      "attachment_extension": 43,
      "mode": "",
      "role": 1061
    },
    "model": "core.attachmentextensionrole",
    "pk": 148
  },
  {
    "fields": {
      "attachment_extension": 41,
      "mode": "",
      "role": 1102
    },
    "model": "core.attachmentextensionrole",
    "pk": 149
  },
  {
    "fields": {
      "attachment_extension": 41,
      "mode": "",
      "role": 1101
    },
    "model": "core.attachmentextensionrole",
    "pk": 150
  },
  {
    "fields": {
      "attachment_extension": 41,
      "mode": "",
      "role": 1103
    },
    "model": "core.attachmentextensionrole",
    "pk": 151
  },
  {
    "fields": {
      "attachment_extension": 44,
      "mode": "",
      "role": 1061
    },
    "model": "core.attachmentextensionrole",
    "pk": 152
  },
  {
    "fields": {
      "attachment_extension": 44,
      "mode": "",
      "role": 6
    },
    "model": "core.attachmentextensionrole",
    "pk": 153
  },
  {
    "fields": {
      "attachment_extension": 42,
      "mode": "",
      "role": 1103
    },
    "model": "core.attachmentextensionrole",
    "pk": 154
  },
  {
    "fields": {
      "attachment_extension": 45,
      "mode": "",
      "role": 1103
    },
    "model": "core.attachmentextensionrole",
    "pk": 155
  },
  {
    "fields": {
      "attachment_extension": 46,
      "mode": "",
      "role": 1103
    },
    "model": "core.attachmentextensionrole",
    "pk": 156
  },
  {
    "fields": {
      "attachment_extension": 41,
      "mode": "",
      "role": 1106
    },
    "model": "core.attachmentextensionrole",
    "pk": 157
  },
  {
    "fields": {
      "attachment_extension": 41,
      "mode": "",
      "role": 1107
    },
    "model": "core.attachmentextensionrole",
    "pk": 158
  },
  {
    "fields": {
      "attachment_extension": 41,
      "mode": "",
      "role": 1127
    },
    "model": "core.attachmentextensionrole",
    "pk": 159
  },
  {
    "fields": {
      "attachment_extension": 41,
      "mode": "",
      "role": 1128
    },
    "model": "core.attachmentextensionrole",
    "pk": 160
  },
  {
    "fields": {
      "attachment_extension": 47,
      "mode": "",
      "role": 1101
    },
    "model": "core.attachmentextensionrole",
    "pk": 161
  },
  {
    "fields": {
      "attachment_extension": 47,
      "mode": "",
      "role": 3
    },
    "model": "core.attachmentextensionrole",
    "pk": 162
  },
  {
    "fields": {
      "attachment_extension": 47,
      "mode": "",
      "role": 1127
    },
    "model": "core.attachmentextensionrole",
    "pk": 163
  },
  {
    "fields": {
      "attachment_extension": 47,
      "mode": "",
      "role": 1128
    },
    "model": "core.attachmentextensionrole",
    "pk": 164
  },
  {
    "fields": {
      "attachment_extension": 47,
      "mode": "",
      "role": 1107
    },
    "model": "core.attachmentextensionrole",
    "pk": 165
  },
  {
    "fields": {
      "attachment_extension": 47,
      "mode": "",
      "role": 1061
    },
    "model": "core.attachmentextensionrole",
    "pk": 166
  },
  {
    "fields": {
      "attachment_extension": 47,
      "mode": "",
      "role": 1106
    },
    "model": "core.attachmentextensionrole",
    "pk": 167
  },
  {
    "fields": {
      "attachment_extension": 47,
      "mode": "",
      "role": 4
    },
    "model": "core.attachmentextensionrole",
    "pk": 168
  },
  {
    "fields": {
      "attachment_extension": 47,
      "mode": "",
      "role": 1021
    },
    "model": "core.attachmentextensionrole",
    "pk": 169
  },
  {
    "fields": {
      "attachment_extension": 48,
      "mode": "",
      "role": 6
    },
    "model": "core.attachmentextensionrole",
    "pk": 170
  },
  {
    "fields": {
      "attachment_extension": 41,
      "mode": null,
      "role": 1105
    },
    "model": "core.attachmentextensionrole",
    "pk": 171
  },
  {
    "fields": {
      "attachment_extension": 42,
      "mode": null,
      "role": 1105
    },
    "model": "core.attachmentextensionrole",
    "pk": 172
  },
  {
    "fields": {
      "attachment_extension": 47,
      "mode": null,
      "role": 1105
    },
    "model": "core.attachmentextensionrole",
    "pk": 173
  },
  {
    "fields": {
      "attachment_extension": 45,
      "mode": null,
      "role": 1105
    },
    "model": "core.attachmentextensionrole",
    "pk": 174
  },
  {
    "fields": {
      "attachment_extension": 41,
      "mode": null,
      "role": 1061
    },
    "model": "core.attachmentextensionrole",
    "pk": 175
  },
  {
    "fields": {
      "attachment_extension": 41,
      "mode": null,
      "role": 1129
    },
    "model": "core.attachmentextensionrole",
    "pk": 176
  },
  {
    "fields": {
      "attachment_extension": 47,
      "mode": null,
      "role": 1
    },
    "model": "core.attachmentextensionrole",
    "pk": 177
  },
  {
    "fields": {
      "attachment_extension": 47,
      "mode": null,
      "role": 1129
    },
    "model": "core.attachmentextensionrole",
    "pk": 178
  },
  {
    "fields": {
      "attachment_extension": 42,
      "mode": null,
      "role": 1129
    },
    "model": "core.attachmentextensionrole",
    "pk": 179
  },
  {
    "fields": {
      "attachment_extension": 45,
      "mode": null,
      "role": 1129
    },
    "model": "core.attachmentextensionrole",
    "pk": 180
  },
  {
    "fields": {
      "attachment_extension": 46,
      "mode": null,
      "role": 1129
    },
    "model": "core.attachmentextensionrole",
    "pk": 181
  },
  {
    "fields": {
      "attachment_extension": 49,
      "mode": null,
      "role": 1129
    },
    "model": "core.attachmentextensionrole",
    "pk": 182
  },
  {
    "fields": {
      "attachment_extension": 41,
      "mode": null,
      "role": 1104
    },
    "model": "core.attachmentextensionrole",
    "pk": 183
  },
  {
    "fields": {
      "attachment_extension": 42,
      "mode": null,
      "role": 1104
    },
    "model": "core.attachmentextensionrole",
    "pk": 184
  },
  {
    "fields": {
      "attachment_extension": 49,
      "mode": null,
      "role": 4
    },
    "model": "core.attachmentextensionrole",
    "pk": 185
  },
  {
    "fields": {
      "attachment_extension": 49,
      "mode": null,
      "role": 1021
    },
    "model": "core.attachmentextensionrole",
    "pk": 186
  },
  {
    "fields": {
      "attachment_extension": 49,
      "mode": null,
      "role": 1102
    },
    "model": "core.attachmentextensionrole",
    "pk": 187
  },
  {
    "fields": {
      "attachment_extension": 45,
      "mode": null,
      "role": 1101
    },
    "model": "core.attachmentextensionrole",
    "pk": 188
  },
  {
    "fields": {
      "attachment_extension": 45,
      "mode": null,
      "role": 3
    },
    "model": "core.attachmentextensionrole",
    "pk": 189
  },
  {
    "fields": {
      "attachment_extension": 43,
      "mode": "",
      "service": 201
    },
    "model": "core.attachmentextensionservice",
    "pk": 1
  },
  {
    "fields": {
      "attachment_extension": 44,
      "mode": "",
      "service": 201
    },
    "model": "core.attachmentextensionservice",
    "pk": 2
  },
  {
    "fields": {
      "attachment_extension": 48,
      "mode": "",
      "service": 201
    },
    "model": "core.attachmentextensionservice",
    "pk": 3
  },
  {
    "fields": {
      "name": "Baukommission Altdorf"
    },
    "model": "core.authority",
    "pk": 18
  },
  {
    "fields": {
      "name": "Baukommission Andermatt"
    },
    "model": "core.authority",
    "pk": 19
  },
  {
    "fields": {
      "name": "Baukommission Attinghausen"
    },
    "model": "core.authority",
    "pk": 20
  },
  {
    "fields": {
      "name": "Gemeinderat Bauen"
    },
    "model": "core.authority",
    "pk": 21
  },
  {
    "fields": {
      "name": "Baukommission B\u00fcrglen"
    },
    "model": "core.authority",
    "pk": 22
  },
  {
    "fields": {
      "name": "Baukommission Erstfeld"
    },
    "model": "core.authority",
    "pk": 23
  },
  {
    "fields": {
      "name": "Baukommission Fl\u00fcelen"
    },
    "model": "core.authority",
    "pk": 24
  },
  {
    "fields": {
      "name": "Gemeinderat Hospental"
    },
    "model": "core.authority",
    "pk": 36
  },
  {
    "fields": {
      "name": "Gemeinderat Isenthal"
    },
    "model": "core.authority",
    "pk": 38
  },
  {
    "fields": {
      "name": "Gemeinderat Realp"
    },
    "model": "core.authority",
    "pk": 39
  },
  {
    "fields": {
      "name": "Baukommission Schattdorf"
    },
    "model": "core.authority",
    "pk": 41
  },
  {
    "fields": {
      "name": "Baukommission Seedorf"
    },
    "model": "core.authority",
    "pk": 43
  },
  {
    "fields": {
      "name": "Baukommission Seelisberg"
    },
    "model": "core.authority",
    "pk": 45
  },
  {
    "fields": {
      "name": "Baukommission Silenen"
    },
    "model": "core.authority",
    "pk": 47
  },
  {
    "fields": {
      "name": "Gemeinderat Sisikon"
    },
    "model": "core.authority",
    "pk": 48
  },
  {
    "fields": {
      "name": "Gemeinderat Spiringen"
    },
    "model": "core.authority",
    "pk": 49
  },
  {
    "fields": {
      "name": "Gemeinderat Untersch\u00e4chen"
    },
    "model": "core.authority",
    "pk": 50
  },
  {
    "fields": {
      "name": "Baukommission Urner Oberland"
    },
    "model": "core.authority",
    "pk": 55
  },
  {
    "fields": {
      "name": "Regierungsrat"
    },
    "model": "core.authority",
    "pk": 56
  },
  {
    "fields": {
      "name": "Baudirektion"
    },
    "model": "core.authority",
    "pk": 57
  },
  {
    "fields": {
      "name": "Bildungs- und Kulturdirektion"
    },
    "model": "core.authority",
    "pk": 58
  },
  {
    "fields": {
      "name": "Finanzdirektion"
    },
    "model": "core.authority",
    "pk": 59
  },
  {
    "fields": {
      "name": "Gesundheits- Sozial- und Umweltdirektion"
    },
    "model": "core.authority",
    "pk": 60
  },
  {
    "fields": {
      "name": "Justizdirektion"
    },
    "model": "core.authority",
    "pk": 61
  },
  {
    "fields": {
      "name": "Sicherheitsdirektion"
    },
    "model": "core.authority",
    "pk": 62
  },
  {
    "fields": {
      "name": "Amt f\u00fcr Energie"
    },
    "model": "core.authority",
    "pk": 63
  },
  {
    "fields": {
      "name": "Amt f\u00fcr Forst und Jagd"
    },
    "model": "core.authority",
    "pk": 64
  },
  {
    "fields": {
      "name": "Amt f\u00fcr Hochbau"
    },
    "model": "core.authority",
    "pk": 65
  },
  {
    "fields": {
      "name": "Amt f\u00fcr Landwirtschaft"
    },
    "model": "core.authority",
    "pk": 66
  },
  {
    "fields": {
      "name": "Amt f\u00fcr Raumentwicklung"
    },
    "model": "core.authority",
    "pk": 67
  },
  {
    "fields": {
      "name": "Amt f\u00fcr Tiefbau"
    },
    "model": "core.authority",
    "pk": 68
  },
  {
    "fields": {
      "name": "Amt f\u00fcr Umweltschutz"
    },
    "model": "core.authority",
    "pk": 69
  },
  {
    "fields": {
      "name": "Amt f\u00fcr Wasserbau"
    },
    "model": "core.authority",
    "pk": 70
  },
  {
    "fields": {
      "name": "UVEK"
    },
    "model": "core.authority",
    "pk": 71
  },
  {
    "fields": {
      "name": "Starkstrominspektorat"
    },
    "model": "core.authority",
    "pk": 72
  },
  {
    "fields": {
      "name": "Gemeinderat G\u00f6schenen"
    },
    "model": "core.authority",
    "pk": 73
  },
  {
    "fields": {
      "name": "Gemeinderat Gurtnellen"
    },
    "model": "core.authority",
    "pk": 74
  },
  {
    "fields": {
      "name": "Bundesamt f\u00fcr Verkehr (BAV)"
    },
    "model": "core.authority",
    "pk": 75
  },
  {
    "fields": {
      "name": "Bundesamt f\u00fcr Umweltschutz (BAfU)"
    },
    "model": "core.authority",
    "pk": 76
  },
  {
    "fields": {
      "name": "Gemeinderat Altdorf"
    },
    "model": "core.authority",
    "pk": 77
  },
  {
    "fields": {
      "name": "Gemeinderat Andermatt"
    },
    "model": "core.authority",
    "pk": 78
  },
  {
    "fields": {
      "name": "Gemeinderat Attinghausen"
    },
    "model": "core.authority",
    "pk": 79
  },
  {
    "fields": {
      "name": "Gemeinderat B\u00fcrglen"
    },
    "model": "core.authority",
    "pk": 80
  },
  {
    "fields": {
      "name": "Gemeinderat Erstfeld"
    },
    "model": "core.authority",
    "pk": 81
  },
  {
    "fields": {
      "name": "Gemeinderat Fl\u00fcelen"
    },
    "model": "core.authority",
    "pk": 82
  },
  {
    "fields": {
      "name": "Gemeinderat Schattdorf"
    },
    "model": "core.authority",
    "pk": 83
  },
  {
    "fields": {
      "name": "Gemeinderat Seedorf"
    },
    "model": "core.authority",
    "pk": 84
  },
  {
    "fields": {
      "name": "Gemeinderat Seelisberg"
    },
    "model": "core.authority",
    "pk": 85
  },
  {
    "fields": {
      "name": "Gemeinderat Silenen"
    },
    "model": "core.authority",
    "pk": 86
  },
  {
    "fields": {
      "name": "Gemeinderat Wassen"
    },
    "model": "core.authority",
    "pk": 87
  },
  {
    "fields": {
      "name": "Bundesamt f\u00fcr Zivilluftfahrt (BAZL)"
    },
    "model": "core.authority",
    "pk": 88
  },
  {
    "fields": {
      "name": "VBS"
    },
    "model": "core.authority",
    "pk": 89
  },
  {
    "fields": {
      "name": "Amt f\u00fcr Kantonspolizei"
    },
    "model": "core.authority",
    "pk": 90
  },
  {
    "fields": {
      "name": "Bundesamt f\u00fcr Strassen (ASTRA)"
    },
    "model": "core.authority",
    "pk": 91
  },
  {
    "fields": {
      "authority": 56,
      "authority_type": 1
    },
    "model": "core.authorityauthoritytype",
    "pk": 1
  },
  {
    "fields": {
      "authority": 57,
      "authority_type": 1
    },
    "model": "core.authorityauthoritytype",
    "pk": 2
  },
  {
    "fields": {
      "authority": 58,
      "authority_type": 1
    },
    "model": "core.authorityauthoritytype",
    "pk": 3
  },
  {
    "fields": {
      "authority": 59,
      "authority_type": 1
    },
    "model": "core.authorityauthoritytype",
    "pk": 4
  },
  {
    "fields": {
      "authority": 60,
      "authority_type": 1
    },
    "model": "core.authorityauthoritytype",
    "pk": 5
  },
  {
    "fields": {
      "authority": 61,
      "authority_type": 1
    },
    "model": "core.authorityauthoritytype",
    "pk": 6
  },
  {
    "fields": {
      "authority": 62,
      "authority_type": 1
    },
    "model": "core.authorityauthoritytype",
    "pk": 7
  },
  {
    "fields": {
      "authority": 63,
      "authority_type": 1
    },
    "model": "core.authorityauthoritytype",
    "pk": 8
  },
  {
    "fields": {
      "authority": 64,
      "authority_type": 1
    },
    "model": "core.authorityauthoritytype",
    "pk": 9
  },
  {
    "fields": {
      "authority": 65,
      "authority_type": 1
    },
    "model": "core.authorityauthoritytype",
    "pk": 10
  },
  {
    "fields": {
      "authority": 66,
      "authority_type": 1
    },
    "model": "core.authorityauthoritytype",
    "pk": 11
  },
  {
    "fields": {
      "authority": 67,
      "authority_type": 1
    },
    "model": "core.authorityauthoritytype",
    "pk": 12
  },
  {
    "fields": {
      "authority": 68,
      "authority_type": 1
    },
    "model": "core.authorityauthoritytype",
    "pk": 13
  },
  {
    "fields": {
      "authority": 69,
      "authority_type": 1
    },
    "model": "core.authorityauthoritytype",
    "pk": 14
  },
  {
    "fields": {
      "authority": 70,
      "authority_type": 1
    },
    "model": "core.authorityauthoritytype",
    "pk": 15
  },
  {
    "fields": {
      "authority": 71,
      "authority_type": 1
    },
    "model": "core.authorityauthoritytype",
    "pk": 16
  },
  {
    "fields": {
      "authority": 72,
      "authority_type": 1
    },
    "model": "core.authorityauthoritytype",
    "pk": 17
  },
  {
    "fields": {
      "authority": 73,
      "authority_type": 3
    },
    "model": "core.authorityauthoritytype",
    "pk": 18
  },
  {
    "fields": {
      "authority": 74,
      "authority_type": 3
    },
    "model": "core.authorityauthoritytype",
    "pk": 19
  },
  {
    "fields": {
      "authority": 18,
      "authority_type": 2
    },
    "model": "core.authorityauthoritytype",
    "pk": 20
  },
  {
    "fields": {
      "authority": 19,
      "authority_type": 2
    },
    "model": "core.authorityauthoritytype",
    "pk": 21
  },
  {
    "fields": {
      "authority": 20,
      "authority_type": 2
    },
    "model": "core.authorityauthoritytype",
    "pk": 22
  },
  {
    "fields": {
      "authority": 21,
      "authority_type": 2
    },
    "model": "core.authorityauthoritytype",
    "pk": 23
  },
  {
    "fields": {
      "authority": 22,
      "authority_type": 2
    },
    "model": "core.authorityauthoritytype",
    "pk": 24
  },
  {
    "fields": {
      "authority": 23,
      "authority_type": 2
    },
    "model": "core.authorityauthoritytype",
    "pk": 25
  },
  {
    "fields": {
      "authority": 24,
      "authority_type": 2
    },
    "model": "core.authorityauthoritytype",
    "pk": 26
  },
  {
    "fields": {
      "authority": 55,
      "authority_type": 2
    },
    "model": "core.authorityauthoritytype",
    "pk": 27
  },
  {
    "fields": {
      "authority": 36,
      "authority_type": 2
    },
    "model": "core.authorityauthoritytype",
    "pk": 28
  },
  {
    "fields": {
      "authority": 38,
      "authority_type": 2
    },
    "model": "core.authorityauthoritytype",
    "pk": 29
  },
  {
    "fields": {
      "authority": 39,
      "authority_type": 2
    },
    "model": "core.authorityauthoritytype",
    "pk": 30
  },
  {
    "fields": {
      "authority": 41,
      "authority_type": 2
    },
    "model": "core.authorityauthoritytype",
    "pk": 31
  },
  {
    "fields": {
      "authority": 43,
      "authority_type": 2
    },
    "model": "core.authorityauthoritytype",
    "pk": 32
  },
  {
    "fields": {
      "authority": 45,
      "authority_type": 2
    },
    "model": "core.authorityauthoritytype",
    "pk": 33
  },
  {
    "fields": {
      "authority": 47,
      "authority_type": 2
    },
    "model": "core.authorityauthoritytype",
    "pk": 34
  },
  {
    "fields": {
      "authority": 48,
      "authority_type": 2
    },
    "model": "core.authorityauthoritytype",
    "pk": 35
  },
  {
    "fields": {
      "authority": 49,
      "authority_type": 2
    },
    "model": "core.authorityauthoritytype",
    "pk": 36
  },
  {
    "fields": {
      "authority": 50,
      "authority_type": 2
    },
    "model": "core.authorityauthoritytype",
    "pk": 37
  },
  {
    "fields": {
      "authority": 75,
      "authority_type": 2
    },
    "model": "core.authorityauthoritytype",
    "pk": 38
  },
  {
    "fields": {
      "authority": 76,
      "authority_type": 1
    },
    "model": "core.authorityauthoritytype",
    "pk": 39
  },
  {
    "fields": {
      "authority": 77,
      "authority_type": 3
    },
    "model": "core.authorityauthoritytype",
    "pk": 40
  },
  {
    "fields": {
      "authority": 78,
      "authority_type": 3
    },
    "model": "core.authorityauthoritytype",
    "pk": 41
  },
  {
    "fields": {
      "authority": 79,
      "authority_type": 3
    },
    "model": "core.authorityauthoritytype",
    "pk": 42
  },
  {
    "fields": {
      "authority": 80,
      "authority_type": 3
    },
    "model": "core.authorityauthoritytype",
    "pk": 43
  },
  {
    "fields": {
      "authority": 81,
      "authority_type": 3
    },
    "model": "core.authorityauthoritytype",
    "pk": 44
  },
  {
    "fields": {
      "authority": 82,
      "authority_type": 3
    },
    "model": "core.authorityauthoritytype",
    "pk": 45
  },
  {
    "fields": {
      "authority": 83,
      "authority_type": 3
    },
    "model": "core.authorityauthoritytype",
    "pk": 46
  },
  {
    "fields": {
      "authority": 84,
      "authority_type": 3
    },
    "model": "core.authorityauthoritytype",
    "pk": 47
  },
  {
    "fields": {
      "authority": 85,
      "authority_type": 3
    },
    "model": "core.authorityauthoritytype",
    "pk": 48
  },
  {
    "fields": {
      "authority": 86,
      "authority_type": 3
    },
    "model": "core.authorityauthoritytype",
    "pk": 49
  },
  {
    "fields": {
      "authority": 87,
      "authority_type": 2
    },
    "model": "core.authorityauthoritytype",
    "pk": 50
  },
  {
    "fields": {
      "authority": 21,
      "authority_type": 2
    },
    "model": "core.authorityauthoritytype",
    "pk": 51
  },
  {
    "fields": {
      "authority": 36,
      "authority_type": 2
    },
    "model": "core.authorityauthoritytype",
    "pk": 52
  },
  {
    "fields": {
      "authority": 38,
      "authority_type": 2
    },
    "model": "core.authorityauthoritytype",
    "pk": 53
  },
  {
    "fields": {
      "authority": 39,
      "authority_type": 2
    },
    "model": "core.authorityauthoritytype",
    "pk": 54
  },
  {
    "fields": {
      "authority": 48,
      "authority_type": 2
    },
    "model": "core.authorityauthoritytype",
    "pk": 55
  },
  {
    "fields": {
      "authority": 49,
      "authority_type": 2
    },
    "model": "core.authorityauthoritytype",
    "pk": 56
  },
  {
    "fields": {
      "authority": 50,
      "authority_type": 2
    },
    "model": "core.authorityauthoritytype",
    "pk": 57
  },
  {
    "fields": {
      "authority": 88,
      "authority_type": 2
    },
    "model": "core.authorityauthoritytype",
    "pk": 58
  },
  {
    "fields": {
      "authority": 21,
      "authority_type": 3
    },
    "model": "core.authorityauthoritytype",
    "pk": 59
  },
  {
    "fields": {
      "authority": 36,
      "authority_type": 3
    },
    "model": "core.authorityauthoritytype",
    "pk": 60
  },
  {
    "fields": {
      "authority": 38,
      "authority_type": 3
    },
    "model": "core.authorityauthoritytype",
    "pk": 61
  },
  {
    "fields": {
      "authority": 39,
      "authority_type": 3
    },
    "model": "core.authorityauthoritytype",
    "pk": 62
  },
  {
    "fields": {
      "authority": 48,
      "authority_type": 3
    },
    "model": "core.authorityauthoritytype",
    "pk": 63
  },
  {
    "fields": {
      "authority": 49,
      "authority_type": 3
    },
    "model": "core.authorityauthoritytype",
    "pk": 64
  },
  {
    "fields": {
      "authority": 50,
      "authority_type": 3
    },
    "model": "core.authorityauthoritytype",
    "pk": 65
  },
  {
    "fields": {
      "authority": 73,
      "authority_type": 2
    },
    "model": "core.authorityauthoritytype",
    "pk": 66
  },
  {
    "fields": {
      "authority": 74,
      "authority_type": 2
    },
    "model": "core.authorityauthoritytype",
    "pk": 67
  },
  {
    "fields": {
      "authority": 89,
      "authority_type": 1
    },
    "model": "core.authorityauthoritytype",
    "pk": 68
  },
  {
    "fields": {
      "authority": 90,
      "authority_type": 1
    },
    "model": "core.authorityauthoritytype",
    "pk": 69
  },
  {
    "fields": {
      "authority": 91,
      "authority_type": 1
    },
    "model": "core.authorityauthoritytype",
    "pk": 70
  },
  {
    "fields": {
      "authority": 18,
      "location": 1
    },
    "model": "core.authoritylocation",
    "pk": 1
  },
  {
    "fields": {
      "authority": 19,
      "location": 2
    },
    "model": "core.authoritylocation",
    "pk": 2
  },
  {
    "fields": {
      "authority": 20,
      "location": 3
    },
    "model": "core.authoritylocation",
    "pk": 3
  },
  {
    "fields": {
      "authority": 21,
      "location": 4
    },
    "model": "core.authoritylocation",
    "pk": 4
  },
  {
    "fields": {
      "authority": 22,
      "location": 5
    },
    "model": "core.authoritylocation",
    "pk": 5
  },
  {
    "fields": {
      "authority": 23,
      "location": 6
    },
    "model": "core.authoritylocation",
    "pk": 6
  },
  {
    "fields": {
      "authority": 24,
      "location": 7
    },
    "model": "core.authoritylocation",
    "pk": 7
  },
  {
    "fields": {
      "authority": 36,
      "location": 10
    },
    "model": "core.authoritylocation",
    "pk": 8
  },
  {
    "fields": {
      "authority": 38,
      "location": 11
    },
    "model": "core.authoritylocation",
    "pk": 9
  },
  {
    "fields": {
      "authority": 39,
      "location": 12
    },
    "model": "core.authoritylocation",
    "pk": 10
  },
  {
    "fields": {
      "authority": 41,
      "location": 13
    },
    "model": "core.authoritylocation",
    "pk": 11
  },
  {
    "fields": {
      "authority": 43,
      "location": 14
    },
    "model": "core.authoritylocation",
    "pk": 12
  },
  {
    "fields": {
      "authority": 45,
      "location": 15
    },
    "model": "core.authoritylocation",
    "pk": 13
  },
  {
    "fields": {
      "authority": 47,
      "location": 16
    },
    "model": "core.authoritylocation",
    "pk": 14
  },
  {
    "fields": {
      "authority": 48,
      "location": 17
    },
    "model": "core.authoritylocation",
    "pk": 15
  },
  {
    "fields": {
      "authority": 49,
      "location": 18
    },
    "model": "core.authoritylocation",
    "pk": 16
  },
  {
    "fields": {
      "authority": 50,
      "location": 19
    },
    "model": "core.authoritylocation",
    "pk": 17
  },
  {
    "fields": {
      "authority": 55,
      "location": 8
    },
    "model": "core.authoritylocation",
    "pk": 18
  },
  {
    "fields": {
      "authority": 55,
      "location": 9
    },
    "model": "core.authoritylocation",
    "pk": 19
  },
  {
    "fields": {
      "authority": 55,
      "location": 20
    },
    "model": "core.authoritylocation",
    "pk": 20
  },
  {
    "fields": {
      "authority": 77,
      "location": 1
    },
    "model": "core.authoritylocation",
    "pk": 21
  },
  {
    "fields": {
      "authority": 78,
      "location": 2
    },
    "model": "core.authoritylocation",
    "pk": 22
  },
  {
    "fields": {
      "authority": 79,
      "location": 3
    },
    "model": "core.authoritylocation",
    "pk": 23
  },
  {
    "fields": {
      "authority": 80,
      "location": 5
    },
    "model": "core.authoritylocation",
    "pk": 24
  },
  {
    "fields": {
      "authority": 81,
      "location": 6
    },
    "model": "core.authoritylocation",
    "pk": 25
  },
  {
    "fields": {
      "authority": 82,
      "location": 7
    },
    "model": "core.authoritylocation",
    "pk": 26
  },
  {
    "fields": {
      "authority": 83,
      "location": 13
    },
    "model": "core.authoritylocation",
    "pk": 27
  },
  {
    "fields": {
      "authority": 84,
      "location": 14
    },
    "model": "core.authoritylocation",
    "pk": 28
  },
  {
    "fields": {
      "authority": 85,
      "location": 15
    },
    "model": "core.authoritylocation",
    "pk": 29
  },
  {
    "fields": {
      "authority": 86,
      "location": 16
    },
    "model": "core.authoritylocation",
    "pk": 30
  },
  {
    "fields": {
      "authority": 87,
      "location": 20
    },
    "model": "core.authoritylocation",
    "pk": 31
  },
  {
    "fields": {
      "authority": 74,
      "location": 9
    },
    "model": "core.authoritylocation",
    "pk": 32
  },
  {
    "fields": {
      "authority": 73,
      "location": 8
    },
    "model": "core.authoritylocation",
    "pk": 33
  },
  {
    "fields": {
      "name": "Andere",
      "tag": "O"
    },
    "model": "core.authoritytype",
    "pk": 1
  },
  {
    "fields": {
      "name": "Baugesuch",
      "tag": "BG"
    },
    "model": "core.authoritytype",
    "pk": 2
  },
  {
    "fields": {
      "name": "Nutzungsplan",
      "tag": "NP"
    },
    "model": "core.authoritytype",
    "pk": 3
  },
  {
    "fields": {
      "description": "Handle docgen comments",
      "module_name": "docgen"
    },
    "model": "core.availableaction",
    "pk": "activation"
  },
  {
    "fields": {
      "description": "Check with a SQL query",
      "module_name": "default"
    },
    "model": "core.availableaction",
    "pk": "checkquery"
  },
  {
    "fields": {
      "description": "Send email to activated services",
      "module_name": "default"
    },
    "model": "core.availableaction",
    "pk": "circulationemail"
  },
  {
    "fields": {
      "description": "Change state of the circulation",
      "module_name": "default"
    },
    "model": "core.availableaction",
    "pk": "circulationtransition"
  },
  {
    "fields": {
      "description": "Copy data from question to question",
      "module_name": "default"
    },
    "model": "core.availableaction",
    "pk": "copyanswer"
  },
  {
    "fields": {
      "description": "Copy data from question to table",
      "module_name": "default"
    },
    "model": "core.availableaction",
    "pk": "copydata"
  },
  {
    "fields": {
      "description": "Delete the circulation",
      "module_name": "default"
    },
    "model": "core.availableaction",
    "pk": "deletecirculation"
  },
  {
    "fields": {
      "description": "Generate DOCX document",
      "module_name": "docgen"
    },
    "model": "core.availableaction",
    "pk": "docx"
  },
  {
    "fields": {
      "description": "Send e-mail",
      "module_name": "default"
    },
    "model": "core.availableaction",
    "pk": "email"
  },
  {
    "fields": {
      "description": "Make a transition",
      "module_name": "default"
    },
    "model": "core.availableaction",
    "pk": "formtransition"
  },
  {
    "fields": {
      "description": "Set location of instance",
      "module_name": "default"
    },
    "model": "core.availableaction",
    "pk": "location"
  },
  {
    "fields": {
      "description": "Retrieve notice",
      "module_name": "default"
    },
    "model": "core.availableaction",
    "pk": "notice"
  },
  {
    "fields": {
      "description": "Send notification",
      "module_name": "notification"
    },
    "model": "core.availableaction",
    "pk": "notification"
  },
  {
    "fields": {
      "description": "Make a redirect to a specific page",
      "module_name": "default"
    },
    "model": "core.availableaction",
    "pk": "pageredirect"
  },
  {
    "fields": {
      "description": "Generate PDF document",
      "module_name": "docgen"
    },
    "model": "core.availableaction",
    "pk": "pdf"
  },
  {
    "fields": {
      "description": "Call PHP",
      "module_name": "default"
    },
    "model": "core.availableaction",
    "pk": "php"
  },
  {
    "fields": {
      "description": "Generate proposal activation",
      "module_name": "default"
    },
    "model": "core.availableaction",
    "pk": "proposal"
  },
  {
    "fields": {
      "description": "Save",
      "module_name": "default"
    },
    "model": "core.availableaction",
    "pk": "save"
  },
  {
    "fields": {
      "description": "Save PDF from a form",
      "module_name": "default"
    },
    "model": "core.availableaction",
    "pk": "savepdf"
  },
  {
    "fields": {
      "description": "Validate the form",
      "module_name": "default"
    },
    "model": "core.availableaction",
    "pk": "validate"
  },
  {
    "fields": {
      "description": "Set workflow date",
      "module_name": "workflow"
    },
    "model": "core.availableaction",
    "pk": "workflow"
  },
  {
    "fields": {
      "description": "WS geocode",
      "module_name": "wsgeocode"
    },
    "model": "core.availableaction",
    "pk": "wsgeocode"
  },
  {
    "fields": {
      "controller_name": "form",
      "description": "Read all pages of the form",
      "module_name": "default"
    },
    "model": "core.availableinstanceresource",
    "pk": "allformpages"
  },
  {
    "fields": {
      "controller_name": "edit",
      "description": "BaB Datenerfassung",
      "module_name": "bab"
    },
    "model": "core.availableinstanceresource",
    "pk": "bab"
  },
  {
    "fields": {
      "controller_name": "edit",
      "description": "Edit the billing",
      "module_name": "billing"
    },
    "model": "core.availableinstanceresource",
    "pk": "billing"
  },
  {
    "fields": {
      "controller_name": "edit",
      "description": "Edit the building authority entries",
      "module_name": "buildingauthority"
    },
    "model": "core.availableinstanceresource",
    "pk": "buildingauthority"
  },
  {
    "fields": {
      "controller_name": "circulation",
      "description": "Read the circulation",
      "module_name": "default"
    },
    "model": "core.availableinstanceresource",
    "pk": "circulation"
  },
  {
    "fields": {
      "controller_name": "list",
      "description": "List the Documents",
      "module_name": "documents"
    },
    "model": "core.availableinstanceresource",
    "pk": "documents"
  },
  {
    "fields": {
      "controller_name": "portal",
      "description": "Portal Documents handler",
      "module_name": "documents"
    },
    "model": "core.availableinstanceresource",
    "pk": "documents_portal"
  },
  {
    "fields": {
      "controller_name": "submit",
      "description": "Portal Submit handler",
      "module_name": "documents"
    },
    "model": "core.availableinstanceresource",
    "pk": "documents_portal_submit"
  },
  {
    "fields": {
      "controller_name": "circulation",
      "description": "Edit the circulation",
      "module_name": "default"
    },
    "model": "core.availableinstanceresource",
    "pk": "editcirculation"
  },
  {
    "fields": {
      "controller_name": "form",
      "description": "Edit one page of the form",
      "module_name": "default"
    },
    "model": "core.availableinstanceresource",
    "pk": "editformpage"
  },
  {
    "fields": {
      "controller_name": "form",
      "description": "Edit multiple page of the form",
      "module_name": "default"
    },
    "model": "core.availableinstanceresource",
    "pk": "editformpages"
  },
  {
    "fields": {
      "controller_name": "letter",
      "description": "Edit letter",
      "module_name": "default"
    },
    "model": "core.availableinstanceresource",
    "pk": "editletter"
  },
  {
    "fields": {
      "controller_name": "circulation",
      "description": "Edit the notice",
      "module_name": "default"
    },
    "model": "core.availableinstanceresource",
    "pk": "editnotice"
  },
  {
    "fields": {
      "controller_name": "form",
      "description": "Page with error list of the form",
      "module_name": "default"
    },
    "model": "core.availableinstanceresource",
    "pk": "formerror"
  },
  {
    "fields": {
      "controller_name": "form",
      "description": "Read one page of the form",
      "module_name": "default"
    },
    "model": "core.availableinstanceresource",
    "pk": "formpage"
  },
  {
    "fields": {
      "controller_name": "form",
      "description": "Read multiple page of the form",
      "module_name": "default"
    },
    "model": "core.availableinstanceresource",
    "pk": "formpages"
  },
  {
    "fields": {
      "controller_name": "form",
      "description": "Wizard for the creation of a form",
      "module_name": "default"
    },
    "model": "core.availableinstanceresource",
    "pk": "formwizard"
  },
  {
    "fields": {
      "controller_name": "index",
      "description": "History of an instance",
      "module_name": "history"
    },
    "model": "core.availableinstanceresource",
    "pk": "history"
  },
  {
    "fields": {
      "controller_name": "letter",
      "description": "Read letter",
      "module_name": "default"
    },
    "model": "core.availableinstanceresource",
    "pk": "letter"
  },
  {
    "fields": {
      "controller_name": "form",
      "description": "Create the form",
      "module_name": "default"
    },
    "model": "core.availableinstanceresource",
    "pk": "newform"
  },
  {
    "fields": {
      "controller_name": "page",
      "description": "Page from template",
      "module_name": "default"
    },
    "model": "core.availableinstanceresource",
    "pk": "page"
  },
  {
    "fields": {
      "controller_name": "publish",
      "description": "Publish a document",
      "module_name": "publication"
    },
    "model": "core.availableinstanceresource",
    "pk": "publication"
  },
  {
    "fields": {
      "controller_name": "list",
      "description": "Show the sanctions",
      "module_name": "sanction"
    },
    "model": "core.availableinstanceresource",
    "pk": "sanction"
  },
  {
    "fields": {
      "controller_name": "list",
      "description": "Show the workflow entries",
      "module_name": "workflow"
    },
    "model": "core.availableinstanceresource",
    "pk": "workflow"
  },
  {
    "fields": {
      "controller_name": "download",
      "description": "Download module",
      "module_name": "download"
    },
    "model": "core.availableresource",
    "pk": "download"
  },
  {
    "fields": {
      "controller_name": "extendedsearch",
      "description": "Extended search page",
      "module_name": "extendedsearch"
    },
    "model": "core.availableresource",
    "pk": "extendedsearch"
  },
  {
    "fields": {
      "controller_name": "form",
      "description": "Page with a list of forms",
      "module_name": "default"
    },
    "model": "core.availableresource",
    "pk": "formlist"
  },
  {
    "fields": {
      "controller_name": "index",
      "description": "Glossary",
      "module_name": "glossary"
    },
    "model": "core.availableresource",
    "pk": "glossary"
  },
  {
    "fields": {
      "controller_name": "list",
      "description": "Page with a list of instances",
      "module_name": "default"
    },
    "model": "core.availableresource",
    "pk": "list"
  },
  {
    "fields": {
      "controller_name": "index",
      "description": "Page from template",
      "module_name": "default"
    },
    "model": "core.availableresource",
    "pk": "page"
  },
  {
    "fields": {
      "controller_name": "user",
      "description": "Portal user controller",
      "module_name": "portal"
    },
    "model": "core.availableresource",
    "pk": "portal"
  },
  {
    "fields": {
      "controller_name": "search",
      "description": "Page with search function",
      "module_name": "default"
    },
    "model": "core.availableresource",
    "pk": "search"
  },
  {
    "fields": {
      "controller_name": "simplelist",
      "description": "Page with a list of instances (new)",
      "module_name": "core"
    },
    "model": "core.availableresource",
    "pk": "simplelist"
  },
  {
    "fields": {
      "controller_name": "statistics",
      "description": "Statistics module",
      "module_name": "statistics"
    },
    "model": "core.availableresource",
    "pk": "statistics"
  },
  {
    "fields": {
      "controller_name": "user",
      "description": "Group settings",
      "module_name": "useradmin"
    },
    "model": "core.availableresource",
    "pk": "useradmin"
  },
  {
    "fields": {
      "name": "hourly_rate",
      "value": "100"
    },
    "model": "core.billingconfig",
    "pk": 1
  },
  {
    "fields": {
      "button": 2,
      "instance_state": 1,
      "role": 6
    },
    "model": "core.broleacl",
    "pk": 1
  },
  {
    "fields": {
      "button": 3,
      "instance_state": 21,
      "role": 6
    },
    "model": "core.broleacl",
    "pk": 2
  },
  {
    "fields": {
      "button": 3,
      "instance_state": 25,
      "role": 6
    },
    "model": "core.broleacl",
    "pk": 3
  },
  {
    "fields": {
      "button": 4,
      "instance_state": 21,
      "role": 6
    },
    "model": "core.broleacl",
    "pk": 4
  },
  {
    "fields": {
      "button": 5,
      "instance_state": 21,
      "role": 3
    },
    "model": "core.broleacl",
    "pk": 5
  },
  {
    "fields": {
      "button": 5,
      "instance_state": 22,
      "role": 3
    },
    "model": "core.broleacl",
    "pk": 6
  },
  {
    "fields": {
      "button": 5,
      "instance_state": 23,
      "role": 3
    },
    "model": "core.broleacl",
    "pk": 7
  },
  {
    "fields": {
      "button": 5,
      "instance_state": 24,
      "role": 3
    },
    "model": "core.broleacl",
    "pk": 8
  },
  {
    "fields": {
      "button": 5,
      "instance_state": 25,
      "role": 3
    },
    "model": "core.broleacl",
    "pk": 9
  },
  {
    "fields": {
      "button": 5,
      "instance_state": 26,
      "role": 3
    },
    "model": "core.broleacl",
    "pk": 10
  },
  {
    "fields": {
      "button": 5,
      "instance_state": 27,
      "role": 3
    },
    "model": "core.broleacl",
    "pk": 11
  },
  {
    "fields": {
      "button": 64,
      "instance_state": 1,
      "role": 3
    },
    "model": "core.broleacl",
    "pk": 12
  },
  {
    "fields": {
      "button": 65,
      "instance_state": 21,
      "role": 3
    },
    "model": "core.broleacl",
    "pk": 13
  },
  {
    "fields": {
      "button": 65,
      "instance_state": 22,
      "role": 3
    },
    "model": "core.broleacl",
    "pk": 14
  },
  {
    "fields": {
      "button": 65,
      "instance_state": 23,
      "role": 3
    },
    "model": "core.broleacl",
    "pk": 15
  },
  {
    "fields": {
      "button": 65,
      "instance_state": 24,
      "role": 3
    },
    "model": "core.broleacl",
    "pk": 16
  },
  {
    "fields": {
      "button": 65,
      "instance_state": 25,
      "role": 3
    },
    "model": "core.broleacl",
    "pk": 17
  },
  {
    "fields": {
      "button": 65,
      "instance_state": 26,
      "role": 3
    },
    "model": "core.broleacl",
    "pk": 18
  },
  {
    "fields": {
      "button": 65,
      "instance_state": 27,
      "role": 3
    },
    "model": "core.broleacl",
    "pk": 19
  },
  {
    "fields": {
      "button": 124,
      "instance_state": 22,
      "role": 3
    },
    "model": "core.broleacl",
    "pk": 20
  },
  {
    "fields": {
      "button": 144,
      "instance_state": 22,
      "role": 3
    },
    "model": "core.broleacl",
    "pk": 21
  },
  {
    "fields": {
      "button": 146,
      "instance_state": 21,
      "role": 6
    },
    "model": "core.broleacl",
    "pk": 22
  },
  {
    "fields": {
      "button": 147,
      "instance_state": 24,
      "role": 3
    },
    "model": "core.broleacl",
    "pk": 23
  },
  {
    "fields": {
      "button": 148,
      "instance_state": 24,
      "role": 3
    },
    "model": "core.broleacl",
    "pk": 24
  },
  {
    "fields": {
      "button": 149,
      "instance_state": 21,
      "role": 6
    },
    "model": "core.broleacl",
    "pk": 25
  },
  {
    "fields": {
      "button": 149,
      "instance_state": 25,
      "role": 6
    },
    "model": "core.broleacl",
    "pk": 26
  },
  {
    "fields": {
      "button": 150,
      "instance_state": 21,
      "role": 6
    },
    "model": "core.broleacl",
    "pk": 27
  },
  {
    "fields": {
      "button": 152,
      "instance_state": 21,
      "role": 6
    },
    "model": "core.broleacl",
    "pk": 28
  },
  {
    "fields": {
      "button": 153,
      "instance_state": 21,
      "role": 6
    },
    "model": "core.broleacl",
    "pk": 29
  },
  {
    "fields": {
      "button": 153,
      "instance_state": 25,
      "role": 6
    },
    "model": "core.broleacl",
    "pk": 30
  },
  {
    "fields": {
      "button": 215,
      "instance_state": 22,
      "role": 3
    },
    "model": "core.broleacl",
    "pk": 31
  },
  {
    "fields": {
      "button": 215,
      "instance_state": 23,
      "role": 3
    },
    "model": "core.broleacl",
    "pk": 32
  },
  {
    "fields": {
      "button": 215,
      "instance_state": 24,
      "role": 3
    },
    "model": "core.broleacl",
    "pk": 33
  },
  {
    "fields": {
      "button": 216,
      "instance_state": 22,
      "role": 3
    },
    "model": "core.broleacl",
    "pk": 34
  },
  {
    "fields": {
      "button": 216,
      "instance_state": 24,
      "role": 3
    },
    "model": "core.broleacl",
    "pk": 35
  },
  {
    "fields": {
      "button": 248,
      "instance_state": 22,
      "role": 3
    },
    "model": "core.broleacl",
    "pk": 36
  },
  {
    "fields": {
      "button": 248,
      "instance_state": 23,
      "role": 3
    },
    "model": "core.broleacl",
    "pk": 37
  },
  {
    "fields": {
      "button": 248,
      "instance_state": 24,
      "role": 3
    },
    "model": "core.broleacl",
    "pk": 38
  },
  {
    "fields": {
      "button": 248,
      "instance_state": 25,
      "role": 3
    },
    "model": "core.broleacl",
    "pk": 39
  },
  {
    "fields": {
      "button": 248,
      "instance_state": 26,
      "role": 3
    },
    "model": "core.broleacl",
    "pk": 40
  },
  {
    "fields": {
      "button": 248,
      "instance_state": 27,
      "role": 3
    },
    "model": "core.broleacl",
    "pk": 41
  },
  {
    "fields": {
      "button": 759,
      "instance_state": 26,
      "role": 1101
    },
    "model": "core.broleacl",
    "pk": 42
  },
  {
    "fields": {
      "button": 757,
      "instance_state": 26,
      "role": 1061
    },
    "model": "core.broleacl",
    "pk": 43
  },
  {
    "fields": {
      "button": 760,
      "instance_state": 26,
      "role": 3
    },
    "model": "core.broleacl",
    "pk": 44
  },
  {
    "fields": {
      "button": 272,
      "instance_state": 22,
      "role": 3
    },
    "model": "core.broleacl",
    "pk": 45
  },
  {
    "fields": {
      "button": 272,
      "instance_state": 23,
      "role": 3
    },
    "model": "core.broleacl",
    "pk": 46
  },
  {
    "fields": {
      "button": 272,
      "instance_state": 24,
      "role": 3
    },
    "model": "core.broleacl",
    "pk": 47
  },
  {
    "fields": {
      "button": 272,
      "instance_state": 25,
      "role": 3
    },
    "model": "core.broleacl",
    "pk": 48
  },
  {
    "fields": {
      "button": 272,
      "instance_state": 26,
      "role": 3
    },
    "model": "core.broleacl",
    "pk": 49
  },
  {
    "fields": {
      "button": 272,
      "instance_state": 27,
      "role": 3
    },
    "model": "core.broleacl",
    "pk": 50
  },
  {
    "fields": {
      "button": 278,
      "instance_state": 22,
      "role": 3
    },
    "model": "core.broleacl",
    "pk": 51
  },
  {
    "fields": {
      "button": 278,
      "instance_state": 23,
      "role": 3
    },
    "model": "core.broleacl",
    "pk": 52
  },
  {
    "fields": {
      "button": 278,
      "instance_state": 24,
      "role": 3
    },
    "model": "core.broleacl",
    "pk": 53
  },
  {
    "fields": {
      "button": 278,
      "instance_state": 25,
      "role": 3
    },
    "model": "core.broleacl",
    "pk": 54
  },
  {
    "fields": {
      "button": 278,
      "instance_state": 26,
      "role": 3
    },
    "model": "core.broleacl",
    "pk": 55
  },
  {
    "fields": {
      "button": 278,
      "instance_state": 27,
      "role": 3
    },
    "model": "core.broleacl",
    "pk": 56
  },
  {
    "fields": {
      "button": 288,
      "instance_state": 22,
      "role": 3
    },
    "model": "core.broleacl",
    "pk": 57
  },
  {
    "fields": {
      "button": 288,
      "instance_state": 23,
      "role": 3
    },
    "model": "core.broleacl",
    "pk": 58
  },
  {
    "fields": {
      "button": 288,
      "instance_state": 24,
      "role": 3
    },
    "model": "core.broleacl",
    "pk": 59
  },
  {
    "fields": {
      "button": 288,
      "instance_state": 25,
      "role": 3
    },
    "model": "core.broleacl",
    "pk": 60
  },
  {
    "fields": {
      "button": 288,
      "instance_state": 26,
      "role": 3
    },
    "model": "core.broleacl",
    "pk": 61
  },
  {
    "fields": {
      "button": 288,
      "instance_state": 27,
      "role": 3
    },
    "model": "core.broleacl",
    "pk": 62
  },
  {
    "fields": {
      "button": 304,
      "instance_state": 23,
      "role": 4
    },
    "model": "core.broleacl",
    "pk": 65
  },
  {
    "fields": {
      "button": 304,
      "instance_state": 23,
      "role": 1021
    },
    "model": "core.broleacl",
    "pk": 66
  },
  {
    "fields": {
      "button": 305,
      "instance_state": 23,
      "role": 4
    },
    "model": "core.broleacl",
    "pk": 67
  },
  {
    "fields": {
      "button": 324,
      "instance_state": 23,
      "role": 4
    },
    "model": "core.broleacl",
    "pk": 68
  },
  {
    "fields": {
      "button": 325,
      "instance_state": 23,
      "role": 1021
    },
    "model": "core.broleacl",
    "pk": 69
  },
  {
    "fields": {
      "button": 326,
      "instance_state": 23,
      "role": 1021
    },
    "model": "core.broleacl",
    "pk": 70
  },
  {
    "fields": {
      "button": 389,
      "instance_state": 23,
      "role": 3
    },
    "model": "core.broleacl",
    "pk": 71
  },
  {
    "fields": {
      "button": 389,
      "instance_state": 24,
      "role": 3
    },
    "model": "core.broleacl",
    "pk": 72
  },
  {
    "fields": {
      "button": 408,
      "instance_state": 23,
      "role": 3
    },
    "model": "core.broleacl",
    "pk": 73
  },
  {
    "fields": {
      "button": 408,
      "instance_state": 24,
      "role": 3
    },
    "model": "core.broleacl",
    "pk": 74
  },
  {
    "fields": {
      "button": 409,
      "instance_state": 1,
      "role": 1061
    },
    "model": "core.broleacl",
    "pk": 75
  },
  {
    "fields": {
      "button": 428,
      "instance_state": 22,
      "role": 1061
    },
    "model": "core.broleacl",
    "pk": 76
  },
  {
    "fields": {
      "button": 428,
      "instance_state": 24,
      "role": 1061
    },
    "model": "core.broleacl",
    "pk": 77
  },
  {
    "fields": {
      "button": 429,
      "instance_state": 22,
      "role": 1061
    },
    "model": "core.broleacl",
    "pk": 78
  },
  {
    "fields": {
      "button": 429,
      "instance_state": 24,
      "role": 1061
    },
    "model": "core.broleacl",
    "pk": 79
  },
  {
    "fields": {
      "button": 430,
      "instance_state": 22,
      "role": 1061
    },
    "model": "core.broleacl",
    "pk": 80
  },
  {
    "fields": {
      "button": 430,
      "instance_state": 24,
      "role": 1061
    },
    "model": "core.broleacl",
    "pk": 81
  },
  {
    "fields": {
      "button": 431,
      "instance_state": 22,
      "role": 1061
    },
    "model": "core.broleacl",
    "pk": 82
  },
  {
    "fields": {
      "button": 431,
      "instance_state": 23,
      "role": 1061
    },
    "model": "core.broleacl",
    "pk": 83
  },
  {
    "fields": {
      "button": 431,
      "instance_state": 24,
      "role": 1061
    },
    "model": "core.broleacl",
    "pk": 84
  },
  {
    "fields": {
      "button": 432,
      "instance_state": 22,
      "role": 1061
    },
    "model": "core.broleacl",
    "pk": 85
  },
  {
    "fields": {
      "button": 432,
      "instance_state": 24,
      "role": 1061
    },
    "model": "core.broleacl",
    "pk": 86
  },
  {
    "fields": {
      "button": 433,
      "instance_state": 22,
      "role": 1061
    },
    "model": "core.broleacl",
    "pk": 87
  },
  {
    "fields": {
      "button": 433,
      "instance_state": 23,
      "role": 1061
    },
    "model": "core.broleacl",
    "pk": 88
  },
  {
    "fields": {
      "button": 433,
      "instance_state": 24,
      "role": 1061
    },
    "model": "core.broleacl",
    "pk": 89
  },
  {
    "fields": {
      "button": 433,
      "instance_state": 25,
      "role": 1061
    },
    "model": "core.broleacl",
    "pk": 90
  },
  {
    "fields": {
      "button": 433,
      "instance_state": 26,
      "role": 1061
    },
    "model": "core.broleacl",
    "pk": 91
  },
  {
    "fields": {
      "button": 433,
      "instance_state": 27,
      "role": 1061
    },
    "model": "core.broleacl",
    "pk": 92
  },
  {
    "fields": {
      "button": 434,
      "instance_state": 23,
      "role": 1061
    },
    "model": "core.broleacl",
    "pk": 93
  },
  {
    "fields": {
      "button": 434,
      "instance_state": 24,
      "role": 1061
    },
    "model": "core.broleacl",
    "pk": 94
  },
  {
    "fields": {
      "button": 448,
      "instance_state": 23,
      "role": 1061
    },
    "model": "core.broleacl",
    "pk": 95
  },
  {
    "fields": {
      "button": 448,
      "instance_state": 24,
      "role": 1061
    },
    "model": "core.broleacl",
    "pk": 96
  },
  {
    "fields": {
      "button": 468,
      "instance_state": 1,
      "role": 6
    },
    "model": "core.broleacl",
    "pk": 97
  },
  {
    "fields": {
      "button": 469,
      "instance_state": 21,
      "role": 6
    },
    "model": "core.broleacl",
    "pk": 98
  },
  {
    "fields": {
      "button": 470,
      "instance_state": 21,
      "role": 6
    },
    "model": "core.broleacl",
    "pk": 99
  },
  {
    "fields": {
      "button": 471,
      "instance_state": 21,
      "role": 6
    },
    "model": "core.broleacl",
    "pk": 100
  },
  {
    "fields": {
      "button": 472,
      "instance_state": 21,
      "role": 6
    },
    "model": "core.broleacl",
    "pk": 101
  },
  {
    "fields": {
      "button": 472,
      "instance_state": 25,
      "role": 6
    },
    "model": "core.broleacl",
    "pk": 102
  },
  {
    "fields": {
      "button": 488,
      "instance_state": 25,
      "role": 6
    },
    "model": "core.broleacl",
    "pk": 103
  },
  {
    "fields": {
      "button": 489,
      "instance_state": 25,
      "role": 6
    },
    "model": "core.broleacl",
    "pk": 104
  },
  {
    "fields": {
      "button": 528,
      "instance_state": 22,
      "role": 1061
    },
    "model": "core.broleacl",
    "pk": 105
  },
  {
    "fields": {
      "button": 528,
      "instance_state": 23,
      "role": 1061
    },
    "model": "core.broleacl",
    "pk": 106
  },
  {
    "fields": {
      "button": 528,
      "instance_state": 24,
      "role": 1061
    },
    "model": "core.broleacl",
    "pk": 107
  },
  {
    "fields": {
      "button": 528,
      "instance_state": 25,
      "role": 1061
    },
    "model": "core.broleacl",
    "pk": 108
  },
  {
    "fields": {
      "button": 528,
      "instance_state": 26,
      "role": 1061
    },
    "model": "core.broleacl",
    "pk": 109
  },
  {
    "fields": {
      "button": 528,
      "instance_state": 27,
      "role": 1061
    },
    "model": "core.broleacl",
    "pk": 110
  },
  {
    "fields": {
      "button": 529,
      "instance_state": 24,
      "role": 1061
    },
    "model": "core.broleacl",
    "pk": 111
  },
  {
    "fields": {
      "button": 548,
      "instance_state": 22,
      "role": 1061
    },
    "model": "core.broleacl",
    "pk": 112
  },
  {
    "fields": {
      "button": 548,
      "instance_state": 23,
      "role": 1061
    },
    "model": "core.broleacl",
    "pk": 113
  },
  {
    "fields": {
      "button": 548,
      "instance_state": 24,
      "role": 1061
    },
    "model": "core.broleacl",
    "pk": 114
  },
  {
    "fields": {
      "button": 548,
      "instance_state": 25,
      "role": 1061
    },
    "model": "core.broleacl",
    "pk": 115
  },
  {
    "fields": {
      "button": 548,
      "instance_state": 26,
      "role": 1061
    },
    "model": "core.broleacl",
    "pk": 116
  },
  {
    "fields": {
      "button": 548,
      "instance_state": 27,
      "role": 1061
    },
    "model": "core.broleacl",
    "pk": 117
  },
  {
    "fields": {
      "button": 568,
      "instance_state": 23,
      "role": 3
    },
    "model": "core.broleacl",
    "pk": 118
  },
  {
    "fields": {
      "button": 570,
      "instance_state": 23,
      "role": 1061
    },
    "model": "core.broleacl",
    "pk": 119
  },
  {
    "fields": {
      "button": 428,
      "instance_state": 23,
      "role": 1061
    },
    "model": "core.broleacl",
    "pk": 120
  },
  {
    "fields": {
      "button": 389,
      "instance_state": 22,
      "role": 3
    },
    "model": "core.broleacl",
    "pk": 121
  },
  {
    "fields": {
      "button": 608,
      "instance_state": 23,
      "role": 4
    },
    "model": "core.broleacl",
    "pk": 122
  },
  {
    "fields": {
      "button": 715,
      "instance_state": 22,
      "role": 1101
    },
    "model": "core.broleacl",
    "pk": 123
  },
  {
    "fields": {
      "button": 691,
      "instance_state": 22,
      "role": 1101
    },
    "model": "core.broleacl",
    "pk": 124
  },
  {
    "fields": {
      "button": 714,
      "instance_state": 22,
      "role": 1101
    },
    "model": "core.broleacl",
    "pk": 125
  },
  {
    "fields": {
      "button": 688,
      "instance_state": 23,
      "role": 1101
    },
    "model": "core.broleacl",
    "pk": 126
  },
  {
    "fields": {
      "button": 691,
      "instance_state": 23,
      "role": 1101
    },
    "model": "core.broleacl",
    "pk": 127
  },
  {
    "fields": {
      "button": 714,
      "instance_state": 24,
      "role": 1101
    },
    "model": "core.broleacl",
    "pk": 128
  },
  {
    "fields": {
      "button": 717,
      "instance_state": 25,
      "role": 1101
    },
    "model": "core.broleacl",
    "pk": 129
  },
  {
    "fields": {
      "button": 688,
      "instance_state": 22,
      "role": 1101
    },
    "model": "core.broleacl",
    "pk": 130
  },
  {
    "fields": {
      "button": 714,
      "instance_state": 23,
      "role": 1101
    },
    "model": "core.broleacl",
    "pk": 131
  },
  {
    "fields": {
      "button": 648,
      "instance_state": 23,
      "role": 1102
    },
    "model": "core.broleacl",
    "pk": 132
  },
  {
    "fields": {
      "button": 708,
      "instance_state": 25,
      "role": 1101
    },
    "model": "core.broleacl",
    "pk": 133
  },
  {
    "fields": {
      "button": 305,
      "instance_state": 23,
      "role": 1102
    },
    "model": "core.broleacl",
    "pk": 134
  },
  {
    "fields": {
      "button": 628,
      "instance_state": 23,
      "role": 4
    },
    "model": "core.broleacl",
    "pk": 135
  },
  {
    "fields": {
      "button": 716,
      "instance_state": 25,
      "role": 1101
    },
    "model": "core.broleacl",
    "pk": 136
  },
  {
    "fields": {
      "button": 692,
      "instance_state": 23,
      "role": 1101
    },
    "model": "core.broleacl",
    "pk": 137
  },
  {
    "fields": {
      "button": 668,
      "instance_state": 1,
      "role": 1101
    },
    "model": "core.broleacl",
    "pk": 138
  },
  {
    "fields": {
      "button": 691,
      "instance_state": 26,
      "role": 1101
    },
    "model": "core.broleacl",
    "pk": 139
  },
  {
    "fields": {
      "button": 689,
      "instance_state": 22,
      "role": 1101
    },
    "model": "core.broleacl",
    "pk": 140
  },
  {
    "fields": {
      "button": 691,
      "instance_state": 24,
      "role": 1101
    },
    "model": "core.broleacl",
    "pk": 141
  },
  {
    "fields": {
      "button": 721,
      "instance_state": 26,
      "role": 1061
    },
    "model": "core.broleacl",
    "pk": 142
  },
  {
    "fields": {
      "button": 710,
      "instance_state": 22,
      "role": 1101
    },
    "model": "core.broleacl",
    "pk": 143
  },
  {
    "fields": {
      "button": 716,
      "instance_state": 26,
      "role": 1101
    },
    "model": "core.broleacl",
    "pk": 144
  },
  {
    "fields": {
      "button": 708,
      "instance_state": 24,
      "role": 1101
    },
    "model": "core.broleacl",
    "pk": 145
  },
  {
    "fields": {
      "button": 714,
      "instance_state": 27,
      "role": 1101
    },
    "model": "core.broleacl",
    "pk": 146
  },
  {
    "fields": {
      "button": 717,
      "instance_state": 24,
      "role": 1101
    },
    "model": "core.broleacl",
    "pk": 147
  },
  {
    "fields": {
      "button": 692,
      "instance_state": 24,
      "role": 1101
    },
    "model": "core.broleacl",
    "pk": 148
  },
  {
    "fields": {
      "button": 304,
      "instance_state": 23,
      "role": 1102
    },
    "model": "core.broleacl",
    "pk": 149
  },
  {
    "fields": {
      "button": 719,
      "instance_state": 26,
      "role": 1101
    },
    "model": "core.broleacl",
    "pk": 150
  },
  {
    "fields": {
      "button": 708,
      "instance_state": 22,
      "role": 1101
    },
    "model": "core.broleacl",
    "pk": 151
  },
  {
    "fields": {
      "button": 711,
      "instance_state": 24,
      "role": 1101
    },
    "model": "core.broleacl",
    "pk": 152
  },
  {
    "fields": {
      "button": 716,
      "instance_state": 22,
      "role": 1101
    },
    "model": "core.broleacl",
    "pk": 153
  },
  {
    "fields": {
      "button": 715,
      "instance_state": 24,
      "role": 1101
    },
    "model": "core.broleacl",
    "pk": 154
  },
  {
    "fields": {
      "button": 720,
      "instance_state": 26,
      "role": 1101
    },
    "model": "core.broleacl",
    "pk": 155
  },
  {
    "fields": {
      "button": 714,
      "instance_state": 25,
      "role": 1101
    },
    "model": "core.broleacl",
    "pk": 156
  },
  {
    "fields": {
      "button": 715,
      "instance_state": 25,
      "role": 1101
    },
    "model": "core.broleacl",
    "pk": 157
  },
  {
    "fields": {
      "button": 708,
      "instance_state": 23,
      "role": 1101
    },
    "model": "core.broleacl",
    "pk": 158
  },
  {
    "fields": {
      "button": 716,
      "instance_state": 23,
      "role": 1101
    },
    "model": "core.broleacl",
    "pk": 159
  },
  {
    "fields": {
      "button": 690,
      "instance_state": 23,
      "role": 1101
    },
    "model": "core.broleacl",
    "pk": 160
  },
  {
    "fields": {
      "button": 715,
      "instance_state": 23,
      "role": 1101
    },
    "model": "core.broleacl",
    "pk": 161
  },
  {
    "fields": {
      "button": 716,
      "instance_state": 24,
      "role": 1101
    },
    "model": "core.broleacl",
    "pk": 162
  },
  {
    "fields": {
      "button": 718,
      "instance_state": 26,
      "role": 3
    },
    "model": "core.broleacl",
    "pk": 163
  },
  {
    "fields": {
      "button": 714,
      "instance_state": 26,
      "role": 1101
    },
    "model": "core.broleacl",
    "pk": 164
  },
  {
    "fields": {
      "button": 714,
      "instance_state": 21,
      "role": 1101
    },
    "model": "core.broleacl",
    "pk": 165
  },
  {
    "fields": {
      "button": 688,
      "instance_state": 24,
      "role": 1101
    },
    "model": "core.broleacl",
    "pk": 166
  },
  {
    "fields": {
      "button": 689,
      "instance_state": 24,
      "role": 1101
    },
    "model": "core.broleacl",
    "pk": 167
  },
  {
    "fields": {
      "button": 691,
      "instance_state": 25,
      "role": 1101
    },
    "model": "core.broleacl",
    "pk": 168
  },
  {
    "fields": {
      "button": 628,
      "instance_state": 23,
      "role": 1102
    },
    "model": "core.broleacl",
    "pk": 169
  },
  {
    "fields": {
      "button": 648,
      "instance_state": 23,
      "role": 4
    },
    "model": "core.broleacl",
    "pk": 170
  },
  {
    "fields": {
      "button": 715,
      "instance_state": 26,
      "role": 1101
    },
    "model": "core.broleacl",
    "pk": 171
  },
  {
    "fields": {
      "button": 753,
      "instance_state": 29,
      "role": 1103
    },
    "model": "core.broleacl",
    "pk": 172
  },
  {
    "fields": {
      "button": 747,
      "instance_state": 30,
      "role": 6
    },
    "model": "core.broleacl",
    "pk": 173
  },
  {
    "fields": {
      "button": 742,
      "instance_state": 28,
      "role": 1103
    },
    "model": "core.broleacl",
    "pk": 174
  },
  {
    "fields": {
      "button": 748,
      "instance_state": 29,
      "role": 1103
    },
    "model": "core.broleacl",
    "pk": 175
  },
  {
    "fields": {
      "button": 752,
      "instance_state": 30,
      "role": 6
    },
    "model": "core.broleacl",
    "pk": 176
  },
  {
    "fields": {
      "button": 725,
      "instance_state": 26,
      "role": 1101
    },
    "model": "core.broleacl",
    "pk": 177
  },
  {
    "fields": {
      "button": 742,
      "instance_state": 29,
      "role": 1103
    },
    "model": "core.broleacl",
    "pk": 178
  },
  {
    "fields": {
      "button": 724,
      "instance_state": 25,
      "role": 1061
    },
    "model": "core.broleacl",
    "pk": 179
  },
  {
    "fields": {
      "button": 743,
      "instance_state": 1,
      "role": 1103
    },
    "model": "core.broleacl",
    "pk": 180
  },
  {
    "fields": {
      "button": 754,
      "instance_state": 29,
      "role": 1103
    },
    "model": "core.broleacl",
    "pk": 181
  },
  {
    "fields": {
      "button": 723,
      "instance_state": 26,
      "role": 3
    },
    "model": "core.broleacl",
    "pk": 182
  },
  {
    "fields": {
      "button": 755,
      "instance_state": 29,
      "role": 1103
    },
    "model": "core.broleacl",
    "pk": 183
  },
  {
    "fields": {
      "button": 745,
      "instance_state": 30,
      "role": 6
    },
    "model": "core.broleacl",
    "pk": 184
  },
  {
    "fields": {
      "button": 748,
      "instance_state": 28,
      "role": 1103
    },
    "model": "core.broleacl",
    "pk": 185
  },
  {
    "fields": {
      "button": 723,
      "instance_state": 25,
      "role": 3
    },
    "model": "core.broleacl",
    "pk": 186
  },
  {
    "fields": {
      "button": 746,
      "instance_state": 30,
      "role": 6
    },
    "model": "core.broleacl",
    "pk": 187
  },
  {
    "fields": {
      "button": 724,
      "instance_state": 26,
      "role": 1061
    },
    "model": "core.broleacl",
    "pk": 188
  },
  {
    "fields": {
      "button": 725,
      "instance_state": 25,
      "role": 1101
    },
    "model": "core.broleacl",
    "pk": 189
  },
  {
    "fields": {
      "button": 756,
      "instance_state": 26,
      "role": 3
    },
    "model": "core.broleacl",
    "pk": 190
  },
  {
    "fields": {
      "button": 761,
      "instance_state": 26,
      "role": 3
    },
    "model": "core.broleacl",
    "pk": 191
  },
  {
    "fields": {
      "button": 758,
      "instance_state": 26,
      "role": 1101
    },
    "model": "core.broleacl",
    "pk": 192
  },
  {
    "fields": {
      "button": 784,
      "instance_state": 24,
      "role": 1106
    },
    "model": "core.broleacl",
    "pk": 194
  },
  {
    "fields": {
      "button": 894,
      "instance_state": 25,
      "role": 3
    },
    "model": "core.broleacl",
    "pk": 195
  },
  {
    "fields": {
      "button": 765,
      "instance_state": 25,
      "role": 1106
    },
    "model": "core.broleacl",
    "pk": 196
  },
  {
    "fields": {
      "button": 822,
      "instance_state": 24,
      "role": 1128
    },
    "model": "core.broleacl",
    "pk": 197
  },
  {
    "fields": {
      "button": 914,
      "instance_state": 26,
      "role": 1128
    },
    "model": "core.broleacl",
    "pk": 198
  },
  {
    "fields": {
      "button": 830,
      "instance_state": 24,
      "role": 1128
    },
    "model": "core.broleacl",
    "pk": 199
  },
  {
    "fields": {
      "button": 914,
      "instance_state": 22,
      "role": 1128
    },
    "model": "core.broleacl",
    "pk": 200
  },
  {
    "fields": {
      "button": 769,
      "instance_state": 26,
      "role": 1106
    },
    "model": "core.broleacl",
    "pk": 201
  },
  {
    "fields": {
      "button": 783,
      "instance_state": 24,
      "role": 1106
    },
    "model": "core.broleacl",
    "pk": 202
  },
  {
    "fields": {
      "button": 798,
      "instance_state": 24,
      "role": 1107
    },
    "model": "core.broleacl",
    "pk": 203
  },
  {
    "fields": {
      "button": 854,
      "instance_state": 25,
      "role": 6
    },
    "model": "core.broleacl",
    "pk": 204
  },
  {
    "fields": {
      "button": 834,
      "instance_state": 23,
      "role": 1021
    },
    "model": "core.broleacl",
    "pk": 205
  },
  {
    "fields": {
      "button": 770,
      "instance_state": 23,
      "role": 1106
    },
    "model": "core.broleacl",
    "pk": 206
  },
  {
    "fields": {
      "button": 914,
      "instance_state": 21,
      "role": 1128
    },
    "model": "core.broleacl",
    "pk": 207
  },
  {
    "fields": {
      "button": 790,
      "instance_state": 27,
      "role": 1107
    },
    "model": "core.broleacl",
    "pk": 208
  },
  {
    "fields": {
      "button": 806,
      "instance_state": 23,
      "role": 1127
    },
    "model": "core.broleacl",
    "pk": 209
  },
  {
    "fields": {
      "button": 810,
      "instance_state": 23,
      "role": 1127
    },
    "model": "core.broleacl",
    "pk": 210
  },
  {
    "fields": {
      "button": 811,
      "instance_state": 22,
      "role": 1127
    },
    "model": "core.broleacl",
    "pk": 211
  },
  {
    "fields": {
      "button": 854,
      "instance_state": 24,
      "role": 4
    },
    "model": "core.broleacl",
    "pk": 212
  },
  {
    "fields": {
      "button": 790,
      "instance_state": 22,
      "role": 1107
    },
    "model": "core.broleacl",
    "pk": 213
  },
  {
    "fields": {
      "button": 874,
      "instance_state": 26,
      "role": 1061
    },
    "model": "core.broleacl",
    "pk": 214
  },
  {
    "fields": {
      "button": 822,
      "instance_state": 27,
      "role": 1128
    },
    "model": "core.broleacl",
    "pk": 216
  },
  {
    "fields": {
      "button": 793,
      "instance_state": 26,
      "role": 1107
    },
    "model": "core.broleacl",
    "pk": 217
  },
  {
    "fields": {
      "button": 765,
      "instance_state": 23,
      "role": 1106
    },
    "model": "core.broleacl",
    "pk": 218
  },
  {
    "fields": {
      "button": 825,
      "instance_state": 26,
      "role": 1128
    },
    "model": "core.broleacl",
    "pk": 219
  },
  {
    "fields": {
      "button": 797,
      "instance_state": 24,
      "role": 1107
    },
    "model": "core.broleacl",
    "pk": 220
  },
  {
    "fields": {
      "button": 832,
      "instance_state": 25,
      "role": 1128
    },
    "model": "core.broleacl",
    "pk": 221
  },
  {
    "fields": {
      "button": 799,
      "instance_state": 24,
      "role": 1107
    },
    "model": "core.broleacl",
    "pk": 222
  },
  {
    "fields": {
      "button": 834,
      "instance_state": 25,
      "role": 1102
    },
    "model": "core.broleacl",
    "pk": 223
  },
  {
    "fields": {
      "button": 802,
      "instance_state": 23,
      "role": 1127
    },
    "model": "core.broleacl",
    "pk": 224
  },
  {
    "fields": {
      "button": 834,
      "instance_state": 23,
      "role": 4
    },
    "model": "core.broleacl",
    "pk": 225
  },
  {
    "fields": {
      "button": 783,
      "instance_state": 25,
      "role": 1106
    },
    "model": "core.broleacl",
    "pk": 226
  },
  {
    "fields": {
      "button": 767,
      "instance_state": 24,
      "role": 1106
    },
    "model": "core.broleacl",
    "pk": 227
  },
  {
    "fields": {
      "button": 834,
      "instance_state": 24,
      "role": 1102
    },
    "model": "core.broleacl",
    "pk": 228
  },
  {
    "fields": {
      "button": 894,
      "instance_state": 22,
      "role": 3
    },
    "model": "core.broleacl",
    "pk": 229
  },
  {
    "fields": {
      "button": 809,
      "instance_state": 26,
      "role": 1127
    },
    "model": "core.broleacl",
    "pk": 230
  },
  {
    "fields": {
      "button": 834,
      "instance_state": 21,
      "role": 6
    },
    "model": "core.broleacl",
    "pk": 231
  },
  {
    "fields": {
      "button": 802,
      "instance_state": 22,
      "role": 1127
    },
    "model": "core.broleacl",
    "pk": 232
  },
  {
    "fields": {
      "button": 917,
      "instance_state": 24,
      "role": 1101
    },
    "model": "core.broleacl",
    "pk": 233
  },
  {
    "fields": {
      "button": 917,
      "instance_state": 25,
      "role": 1101
    },
    "model": "core.broleacl",
    "pk": 234
  },
  {
    "fields": {
      "button": 774,
      "instance_state": 24,
      "role": 1106
    },
    "model": "core.broleacl",
    "pk": 235
  },
  {
    "fields": {
      "button": 834,
      "instance_state": 21,
      "role": 4
    },
    "model": "core.broleacl",
    "pk": 236
  },
  {
    "fields": {
      "button": 829,
      "instance_state": 26,
      "role": 1128
    },
    "model": "core.broleacl",
    "pk": 237
  },
  {
    "fields": {
      "button": 817,
      "instance_state": 1,
      "role": 1127
    },
    "model": "core.broleacl",
    "pk": 238
  },
  {
    "fields": {
      "button": 799,
      "instance_state": 27,
      "role": 1107
    },
    "model": "core.broleacl",
    "pk": 239
  },
  {
    "fields": {
      "button": 834,
      "instance_state": 23,
      "role": 6
    },
    "model": "core.broleacl",
    "pk": 240
  },
  {
    "fields": {
      "button": 822,
      "instance_state": 26,
      "role": 1128
    },
    "model": "core.broleacl",
    "pk": 241
  },
  {
    "fields": {
      "button": 915,
      "instance_state": 26,
      "role": 1106
    },
    "model": "core.broleacl",
    "pk": 242
  },
  {
    "fields": {
      "button": 834,
      "instance_state": 22,
      "role": 6
    },
    "model": "core.broleacl",
    "pk": 243
  },
  {
    "fields": {
      "button": 799,
      "instance_state": 22,
      "role": 1107
    },
    "model": "core.broleacl",
    "pk": 244
  },
  {
    "fields": {
      "button": 831,
      "instance_state": 26,
      "role": 1128
    },
    "model": "core.broleacl",
    "pk": 245
  },
  {
    "fields": {
      "button": 854,
      "instance_state": 22,
      "role": 1102
    },
    "model": "core.broleacl",
    "pk": 246
  },
  {
    "fields": {
      "button": 804,
      "instance_state": 24,
      "role": 1127
    },
    "model": "core.broleacl",
    "pk": 247
  },
  {
    "fields": {
      "button": 791,
      "instance_state": 22,
      "role": 1107
    },
    "model": "core.broleacl",
    "pk": 248
  },
  {
    "fields": {
      "button": 823,
      "instance_state": 22,
      "role": 1128
    },
    "model": "core.broleacl",
    "pk": 249
  },
  {
    "fields": {
      "button": 807,
      "instance_state": 24,
      "role": 1127
    },
    "model": "core.broleacl",
    "pk": 250
  },
  {
    "fields": {
      "button": 792,
      "instance_state": 24,
      "role": 1107
    },
    "model": "core.broleacl",
    "pk": 251
  },
  {
    "fields": {
      "button": 894,
      "instance_state": 23,
      "role": 3
    },
    "model": "core.broleacl",
    "pk": 252
  },
  {
    "fields": {
      "button": 828,
      "instance_state": 23,
      "role": 1128
    },
    "model": "core.broleacl",
    "pk": 253
  },
  {
    "fields": {
      "button": 915,
      "instance_state": 23,
      "role": 1106
    },
    "model": "core.broleacl",
    "pk": 254
  },
  {
    "fields": {
      "button": 894,
      "instance_state": 26,
      "role": 3
    },
    "model": "core.broleacl",
    "pk": 255
  },
  {
    "fields": {
      "button": 802,
      "instance_state": 24,
      "role": 1127
    },
    "model": "core.broleacl",
    "pk": 256
  },
  {
    "fields": {
      "button": 834,
      "instance_state": 24,
      "role": 6
    },
    "model": "core.broleacl",
    "pk": 257
  },
  {
    "fields": {
      "button": 826,
      "instance_state": 24,
      "role": 1128
    },
    "model": "core.broleacl",
    "pk": 258
  },
  {
    "fields": {
      "button": 797,
      "instance_state": 26,
      "role": 1107
    },
    "model": "core.broleacl",
    "pk": 259
  },
  {
    "fields": {
      "button": 777,
      "instance_state": 1,
      "role": 1106
    },
    "model": "core.broleacl",
    "pk": 261
  },
  {
    "fields": {
      "button": 831,
      "instance_state": 23,
      "role": 1128
    },
    "model": "core.broleacl",
    "pk": 262
  },
  {
    "fields": {
      "button": 809,
      "instance_state": 23,
      "role": 1127
    },
    "model": "core.broleacl",
    "pk": 263
  },
  {
    "fields": {
      "button": 782,
      "instance_state": 23,
      "role": 1106
    },
    "model": "core.broleacl",
    "pk": 264
  },
  {
    "fields": {
      "button": 854,
      "instance_state": 23,
      "role": 1021
    },
    "model": "core.broleacl",
    "pk": 265
  },
  {
    "fields": {
      "button": 854,
      "instance_state": 25,
      "role": 1021
    },
    "model": "core.broleacl",
    "pk": 266
  },
  {
    "fields": {
      "button": 834,
      "instance_state": 26,
      "role": 4
    },
    "model": "core.broleacl",
    "pk": 267
  },
  {
    "fields": {
      "button": 795,
      "instance_state": 22,
      "role": 1107
    },
    "model": "core.broleacl",
    "pk": 269
  },
  {
    "fields": {
      "button": 834,
      "instance_state": 23,
      "role": 1102
    },
    "model": "core.broleacl",
    "pk": 270
  },
  {
    "fields": {
      "button": 774,
      "instance_state": 22,
      "role": 1106
    },
    "model": "core.broleacl",
    "pk": 272
  },
  {
    "fields": {
      "button": 806,
      "instance_state": 22,
      "role": 1127
    },
    "model": "core.broleacl",
    "pk": 273
  },
  {
    "fields": {
      "button": 812,
      "instance_state": 26,
      "role": 1127
    },
    "model": "core.broleacl",
    "pk": 274
  },
  {
    "fields": {
      "button": 917,
      "instance_state": 22,
      "role": 1101
    },
    "model": "core.broleacl",
    "pk": 276
  },
  {
    "fields": {
      "button": 783,
      "instance_state": 23,
      "role": 1106
    },
    "model": "core.broleacl",
    "pk": 277
  },
  {
    "fields": {
      "button": 827,
      "instance_state": 22,
      "role": 1128
    },
    "model": "core.broleacl",
    "pk": 278
  },
  {
    "fields": {
      "button": 874,
      "instance_state": 22,
      "role": 1061
    },
    "model": "core.broleacl",
    "pk": 279
  },
  {
    "fields": {
      "button": 812,
      "instance_state": 25,
      "role": 1127
    },
    "model": "core.broleacl",
    "pk": 280
  },
  {
    "fields": {
      "button": 854,
      "instance_state": 24,
      "role": 1021
    },
    "model": "core.broleacl",
    "pk": 281
  },
  {
    "fields": {
      "button": 915,
      "instance_state": 22,
      "role": 1106
    },
    "model": "core.broleacl",
    "pk": 282
  },
  {
    "fields": {
      "button": 774,
      "instance_state": 26,
      "role": 1106
    },
    "model": "core.broleacl",
    "pk": 283
  },
  {
    "fields": {
      "button": 811,
      "instance_state": 25,
      "role": 1127
    },
    "model": "core.broleacl",
    "pk": 284
  },
  {
    "fields": {
      "button": 826,
      "instance_state": 23,
      "role": 1128
    },
    "model": "core.broleacl",
    "pk": 285
  },
  {
    "fields": {
      "button": 917,
      "instance_state": 26,
      "role": 1101
    },
    "model": "core.broleacl",
    "pk": 286
  },
  {
    "fields": {
      "button": 809,
      "instance_state": 24,
      "role": 1127
    },
    "model": "core.broleacl",
    "pk": 287
  },
  {
    "fields": {
      "button": 783,
      "instance_state": 22,
      "role": 1106
    },
    "model": "core.broleacl",
    "pk": 288
  },
  {
    "fields": {
      "button": 831,
      "instance_state": 24,
      "role": 1128
    },
    "model": "core.broleacl",
    "pk": 289
  },
  {
    "fields": {
      "button": 915,
      "instance_state": 24,
      "role": 1106
    },
    "model": "core.broleacl",
    "pk": 290
  },
  {
    "fields": {
      "button": 790,
      "instance_state": 26,
      "role": 1107
    },
    "model": "core.broleacl",
    "pk": 291
  },
  {
    "fields": {
      "button": 834,
      "instance_state": 24,
      "role": 4
    },
    "model": "core.broleacl",
    "pk": 292
  },
  {
    "fields": {
      "button": 834,
      "instance_state": 22,
      "role": 1102
    },
    "model": "core.broleacl",
    "pk": 293
  },
  {
    "fields": {
      "button": 776,
      "instance_state": 24,
      "role": 1106
    },
    "model": "core.broleacl",
    "pk": 294
  },
  {
    "fields": {
      "button": 914,
      "instance_state": 24,
      "role": 1128
    },
    "model": "core.broleacl",
    "pk": 295
  },
  {
    "fields": {
      "button": 800,
      "instance_state": 26,
      "role": 1107
    },
    "model": "core.broleacl",
    "pk": 296
  },
  {
    "fields": {
      "button": 822,
      "instance_state": 22,
      "role": 1128
    },
    "model": "core.broleacl",
    "pk": 297
  },
  {
    "fields": {
      "button": 800,
      "instance_state": 25,
      "role": 1107
    },
    "model": "core.broleacl",
    "pk": 298
  },
  {
    "fields": {
      "button": 799,
      "instance_state": 25,
      "role": 1107
    },
    "model": "core.broleacl",
    "pk": 299
  },
  {
    "fields": {
      "button": 834,
      "instance_state": 25,
      "role": 1021
    },
    "model": "core.broleacl",
    "pk": 300
  },
  {
    "fields": {
      "button": 854,
      "instance_state": 25,
      "role": 1102
    },
    "model": "core.broleacl",
    "pk": 301
  },
  {
    "fields": {
      "button": 784,
      "instance_state": 23,
      "role": 1106
    },
    "model": "core.broleacl",
    "pk": 302
  },
  {
    "fields": {
      "button": 766,
      "instance_state": 22,
      "role": 1106
    },
    "model": "core.broleacl",
    "pk": 303
  },
  {
    "fields": {
      "button": 805,
      "instance_state": 26,
      "role": 1127
    },
    "model": "core.broleacl",
    "pk": 304
  },
  {
    "fields": {
      "button": 831,
      "instance_state": 27,
      "role": 1128
    },
    "model": "core.broleacl",
    "pk": 305
  },
  {
    "fields": {
      "button": 801,
      "instance_state": 1,
      "role": 1107
    },
    "model": "core.broleacl",
    "pk": 306
  },
  {
    "fields": {
      "button": 854,
      "instance_state": 21,
      "role": 1102
    },
    "model": "core.broleacl",
    "pk": 307
  },
  {
    "fields": {
      "button": 874,
      "instance_state": 23,
      "role": 1061
    },
    "model": "core.broleacl",
    "pk": 308
  },
  {
    "fields": {
      "button": 811,
      "instance_state": 24,
      "role": 1127
    },
    "model": "core.broleacl",
    "pk": 309
  },
  {
    "fields": {
      "button": 774,
      "instance_state": 25,
      "role": 1106
    },
    "model": "core.broleacl",
    "pk": 310
  },
  {
    "fields": {
      "button": 811,
      "instance_state": 23,
      "role": 1127
    },
    "model": "core.broleacl",
    "pk": 311
  },
  {
    "fields": {
      "button": 794,
      "instance_state": 24,
      "role": 1107
    },
    "model": "core.broleacl",
    "pk": 312
  },
  {
    "fields": {
      "button": 765,
      "instance_state": 21,
      "role": 1106
    },
    "model": "core.broleacl",
    "pk": 313
  },
  {
    "fields": {
      "button": 917,
      "instance_state": 23,
      "role": 1101
    },
    "model": "core.broleacl",
    "pk": 314
  },
  {
    "fields": {
      "button": 802,
      "instance_state": 21,
      "role": 1127
    },
    "model": "core.broleacl",
    "pk": 315
  },
  {
    "fields": {
      "button": 914,
      "instance_state": 25,
      "role": 1128
    },
    "model": "core.broleacl",
    "pk": 316
  },
  {
    "fields": {
      "button": 854,
      "instance_state": 22,
      "role": 4
    },
    "model": "core.broleacl",
    "pk": 317
  },
  {
    "fields": {
      "button": 774,
      "instance_state": 23,
      "role": 1106
    },
    "model": "core.broleacl",
    "pk": 318
  },
  {
    "fields": {
      "button": 790,
      "instance_state": 24,
      "role": 1107
    },
    "model": "core.broleacl",
    "pk": 319
  },
  {
    "fields": {
      "button": 771,
      "instance_state": 24,
      "role": 1106
    },
    "model": "core.broleacl",
    "pk": 320
  },
  {
    "fields": {
      "button": 797,
      "instance_state": 22,
      "role": 1107
    },
    "model": "core.broleacl",
    "pk": 321
  },
  {
    "fields": {
      "button": 775,
      "instance_state": 25,
      "role": 1106
    },
    "model": "core.broleacl",
    "pk": 322
  },
  {
    "fields": {
      "button": 829,
      "instance_state": 22,
      "role": 1128
    },
    "model": "core.broleacl",
    "pk": 323
  },
  {
    "fields": {
      "button": 894,
      "instance_state": 24,
      "role": 3
    },
    "model": "core.broleacl",
    "pk": 324
  },
  {
    "fields": {
      "button": 803,
      "instance_state": 22,
      "role": 1127
    },
    "model": "core.broleacl",
    "pk": 325
  },
  {
    "fields": {
      "button": 770,
      "instance_state": 24,
      "role": 1106
    },
    "model": "core.broleacl",
    "pk": 326
  },
  {
    "fields": {
      "button": 854,
      "instance_state": 22,
      "role": 1021
    },
    "model": "core.broleacl",
    "pk": 327
  },
  {
    "fields": {
      "button": 915,
      "instance_state": 21,
      "role": 1106
    },
    "model": "core.broleacl",
    "pk": 328
  },
  {
    "fields": {
      "button": 775,
      "instance_state": 26,
      "role": 1106
    },
    "model": "core.broleacl",
    "pk": 329
  },
  {
    "fields": {
      "button": 809,
      "instance_state": 22,
      "role": 1127
    },
    "model": "core.broleacl",
    "pk": 330
  },
  {
    "fields": {
      "button": 822,
      "instance_state": 21,
      "role": 1128
    },
    "model": "core.broleacl",
    "pk": 331
  },
  {
    "fields": {
      "button": 834,
      "instance_state": 21,
      "role": 1021
    },
    "model": "core.broleacl",
    "pk": 332
  },
  {
    "fields": {
      "button": 765,
      "instance_state": 26,
      "role": 1106
    },
    "model": "core.broleacl",
    "pk": 333
  },
  {
    "fields": {
      "button": 797,
      "instance_state": 23,
      "role": 1107
    },
    "model": "core.broleacl",
    "pk": 334
  },
  {
    "fields": {
      "button": 854,
      "instance_state": 21,
      "role": 6
    },
    "model": "core.broleacl",
    "pk": 335
  },
  {
    "fields": {
      "button": 811,
      "instance_state": 27,
      "role": 1127
    },
    "model": "core.broleacl",
    "pk": 336
  },
  {
    "fields": {
      "button": 854,
      "instance_state": 23,
      "role": 4
    },
    "model": "core.broleacl",
    "pk": 337
  },
  {
    "fields": {
      "button": 833,
      "instance_state": 1,
      "role": 1128
    },
    "model": "core.broleacl",
    "pk": 338
  },
  {
    "fields": {
      "button": 795,
      "instance_state": 24,
      "role": 1107
    },
    "model": "core.broleacl",
    "pk": 339
  },
  {
    "fields": {
      "button": 834,
      "instance_state": 22,
      "role": 4
    },
    "model": "core.broleacl",
    "pk": 340
  },
  {
    "fields": {
      "button": 824,
      "instance_state": 24,
      "role": 1128
    },
    "model": "core.broleacl",
    "pk": 341
  },
  {
    "fields": {
      "button": 799,
      "instance_state": 26,
      "role": 1107
    },
    "model": "core.broleacl",
    "pk": 342
  },
  {
    "fields": {
      "button": 771,
      "instance_state": 22,
      "role": 1106
    },
    "model": "core.broleacl",
    "pk": 343
  },
  {
    "fields": {
      "button": 802,
      "instance_state": 27,
      "role": 1127
    },
    "model": "core.broleacl",
    "pk": 344
  },
  {
    "fields": {
      "button": 834,
      "instance_state": 24,
      "role": 1021
    },
    "model": "core.broleacl",
    "pk": 345
  },
  {
    "fields": {
      "button": 790,
      "instance_state": 25,
      "role": 1107
    },
    "model": "core.broleacl",
    "pk": 346
  },
  {
    "fields": {
      "button": 806,
      "instance_state": 24,
      "role": 1127
    },
    "model": "core.broleacl",
    "pk": 347
  },
  {
    "fields": {
      "button": 854,
      "instance_state": 23,
      "role": 1102
    },
    "model": "core.broleacl",
    "pk": 348
  },
  {
    "fields": {
      "button": 799,
      "instance_state": 23,
      "role": 1107
    },
    "model": "core.broleacl",
    "pk": 349
  },
  {
    "fields": {
      "button": 854,
      "instance_state": 21,
      "role": 1021
    },
    "model": "core.broleacl",
    "pk": 350
  },
  {
    "fields": {
      "button": 832,
      "instance_state": 26,
      "role": 1128
    },
    "model": "core.broleacl",
    "pk": 351
  },
  {
    "fields": {
      "button": 822,
      "instance_state": 23,
      "role": 1128
    },
    "model": "core.broleacl",
    "pk": 352
  },
  {
    "fields": {
      "button": 765,
      "instance_state": 22,
      "role": 1106
    },
    "model": "core.broleacl",
    "pk": 353
  },
  {
    "fields": {
      "button": 830,
      "instance_state": 23,
      "role": 1128
    },
    "model": "core.broleacl",
    "pk": 354
  },
  {
    "fields": {
      "button": 831,
      "instance_state": 25,
      "role": 1128
    },
    "model": "core.broleacl",
    "pk": 355
  },
  {
    "fields": {
      "button": 854,
      "instance_state": 21,
      "role": 4
    },
    "model": "core.broleacl",
    "pk": 356
  },
  {
    "fields": {
      "button": 829,
      "instance_state": 23,
      "role": 1128
    },
    "model": "core.broleacl",
    "pk": 357
  },
  {
    "fields": {
      "button": 834,
      "instance_state": 25,
      "role": 6
    },
    "model": "core.broleacl",
    "pk": 358
  },
  {
    "fields": {
      "button": 790,
      "instance_state": 23,
      "role": 1107
    },
    "model": "core.broleacl",
    "pk": 359
  },
  {
    "fields": {
      "button": 807,
      "instance_state": 22,
      "role": 1127
    },
    "model": "core.broleacl",
    "pk": 360
  },
  {
    "fields": {
      "button": 914,
      "instance_state": 23,
      "role": 1128
    },
    "model": "core.broleacl",
    "pk": 361
  },
  {
    "fields": {
      "button": 811,
      "instance_state": 26,
      "role": 1127
    },
    "model": "core.broleacl",
    "pk": 362
  },
  {
    "fields": {
      "button": 827,
      "instance_state": 24,
      "role": 1128
    },
    "model": "core.broleacl",
    "pk": 363
  },
  {
    "fields": {
      "button": 915,
      "instance_state": 25,
      "role": 1106
    },
    "model": "core.broleacl",
    "pk": 364
  },
  {
    "fields": {
      "button": 822,
      "instance_state": 25,
      "role": 1128
    },
    "model": "core.broleacl",
    "pk": 365
  },
  {
    "fields": {
      "button": 774,
      "instance_state": 27,
      "role": 1106
    },
    "model": "core.broleacl",
    "pk": 366
  },
  {
    "fields": {
      "button": 770,
      "instance_state": 22,
      "role": 1106
    },
    "model": "core.broleacl",
    "pk": 367
  },
  {
    "fields": {
      "button": 765,
      "instance_state": 27,
      "role": 1106
    },
    "model": "core.broleacl",
    "pk": 368
  },
  {
    "fields": {
      "button": 810,
      "instance_state": 24,
      "role": 1127
    },
    "model": "core.broleacl",
    "pk": 369
  },
  {
    "fields": {
      "button": 826,
      "instance_state": 22,
      "role": 1128
    },
    "model": "core.broleacl",
    "pk": 370
  },
  {
    "fields": {
      "button": 765,
      "instance_state": 24,
      "role": 1106
    },
    "model": "core.broleacl",
    "pk": 371
  },
  {
    "fields": {
      "button": 796,
      "instance_state": 23,
      "role": 1107
    },
    "model": "core.broleacl",
    "pk": 372
  },
  {
    "fields": {
      "button": 829,
      "instance_state": 25,
      "role": 1128
    },
    "model": "core.broleacl",
    "pk": 373
  },
  {
    "fields": {
      "button": 809,
      "instance_state": 25,
      "role": 1127
    },
    "model": "core.broleacl",
    "pk": 374
  },
  {
    "fields": {
      "button": 874,
      "instance_state": 25,
      "role": 1061
    },
    "model": "core.broleacl",
    "pk": 375
  },
  {
    "fields": {
      "button": 834,
      "instance_state": 22,
      "role": 1021
    },
    "model": "core.broleacl",
    "pk": 376
  },
  {
    "fields": {
      "button": 834,
      "instance_state": 21,
      "role": 1102
    },
    "model": "core.broleacl",
    "pk": 378
  },
  {
    "fields": {
      "button": 776,
      "instance_state": 23,
      "role": 1106
    },
    "model": "core.broleacl",
    "pk": 379
  },
  {
    "fields": {
      "button": 854,
      "instance_state": 24,
      "role": 1102
    },
    "model": "core.broleacl",
    "pk": 380
  },
  {
    "fields": {
      "button": 831,
      "instance_state": 22,
      "role": 1128
    },
    "model": "core.broleacl",
    "pk": 381
  },
  {
    "fields": {
      "button": 783,
      "instance_state": 26,
      "role": 1106
    },
    "model": "core.broleacl",
    "pk": 382
  },
  {
    "fields": {
      "button": 798,
      "instance_state": 23,
      "role": 1107
    },
    "model": "core.broleacl",
    "pk": 384
  },
  {
    "fields": {
      "button": 808,
      "instance_state": 23,
      "role": 1127
    },
    "model": "core.broleacl",
    "pk": 385
  },
  {
    "fields": {
      "button": 854,
      "instance_state": 25,
      "role": 4
    },
    "model": "core.broleacl",
    "pk": 386
  },
  {
    "fields": {
      "button": 802,
      "instance_state": 26,
      "role": 1127
    },
    "model": "core.broleacl",
    "pk": 387
  },
  {
    "fields": {
      "button": 834,
      "instance_state": 25,
      "role": 4
    },
    "model": "core.broleacl",
    "pk": 388
  },
  {
    "fields": {
      "button": 794,
      "instance_state": 22,
      "role": 1107
    },
    "model": "core.broleacl",
    "pk": 389
  },
  {
    "fields": {
      "button": 790,
      "instance_state": 21,
      "role": 1107
    },
    "model": "core.broleacl",
    "pk": 390
  },
  {
    "fields": {
      "button": 797,
      "instance_state": 25,
      "role": 1107
    },
    "model": "core.broleacl",
    "pk": 392
  },
  {
    "fields": {
      "button": 829,
      "instance_state": 24,
      "role": 1128
    },
    "model": "core.broleacl",
    "pk": 393
  },
  {
    "fields": {
      "button": 874,
      "instance_state": 24,
      "role": 1061
    },
    "model": "core.broleacl",
    "pk": 394
  },
  {
    "fields": {
      "button": 794,
      "instance_state": 23,
      "role": 1107
    },
    "model": "core.broleacl",
    "pk": 395
  },
  {
    "fields": {
      "button": 802,
      "instance_state": 25,
      "role": 1127
    },
    "model": "core.broleacl",
    "pk": 396
  },
  {
    "fields": {
      "button": 434,
      "instance_state": 22,
      "role": 1061
    },
    "model": "core.broleacl",
    "pk": 397
  },
  {
    "fields": {
      "button": 692,
      "instance_state": 22,
      "role": 1101
    },
    "model": "core.broleacl",
    "pk": 398
  },
  {
    "fields": {
      "button": 833,
      "instance_state": 1,
      "role": 1129
    },
    "model": "core.broleacl",
    "pk": 403
  },
  {
    "fields": {
      "button": 822,
      "instance_state": 21,
      "role": 1129
    },
    "model": "core.broleacl",
    "pk": 404
  },
  {
    "fields": {
      "button": 822,
      "instance_state": 22,
      "role": 1129
    },
    "model": "core.broleacl",
    "pk": 405
  },
  {
    "fields": {
      "button": 822,
      "instance_state": 23,
      "role": 1129
    },
    "model": "core.broleacl",
    "pk": 406
  },
  {
    "fields": {
      "button": 822,
      "instance_state": 24,
      "role": 1129
    },
    "model": "core.broleacl",
    "pk": 407
  },
  {
    "fields": {
      "button": 822,
      "instance_state": 25,
      "role": 1129
    },
    "model": "core.broleacl",
    "pk": 408
  },
  {
    "fields": {
      "button": 822,
      "instance_state": 26,
      "role": 1129
    },
    "model": "core.broleacl",
    "pk": 409
  },
  {
    "fields": {
      "button": 822,
      "instance_state": 27,
      "role": 1129
    },
    "model": "core.broleacl",
    "pk": 410
  },
  {
    "fields": {
      "button": 823,
      "instance_state": 22,
      "role": 1129
    },
    "model": "core.broleacl",
    "pk": 411
  },
  {
    "fields": {
      "button": 824,
      "instance_state": 24,
      "role": 1129
    },
    "model": "core.broleacl",
    "pk": 412
  },
  {
    "fields": {
      "button": 825,
      "instance_state": 26,
      "role": 1129
    },
    "model": "core.broleacl",
    "pk": 413
  },
  {
    "fields": {
      "button": 826,
      "instance_state": 22,
      "role": 1129
    },
    "model": "core.broleacl",
    "pk": 420
  },
  {
    "fields": {
      "button": 826,
      "instance_state": 23,
      "role": 1129
    },
    "model": "core.broleacl",
    "pk": 421
  },
  {
    "fields": {
      "button": 826,
      "instance_state": 24,
      "role": 1129
    },
    "model": "core.broleacl",
    "pk": 422
  },
  {
    "fields": {
      "button": 827,
      "instance_state": 22,
      "role": 1129
    },
    "model": "core.broleacl",
    "pk": 423
  },
  {
    "fields": {
      "button": 827,
      "instance_state": 24,
      "role": 1129
    },
    "model": "core.broleacl",
    "pk": 424
  },
  {
    "fields": {
      "button": 828,
      "instance_state": 23,
      "role": 1129
    },
    "model": "core.broleacl",
    "pk": 425
  },
  {
    "fields": {
      "button": 829,
      "instance_state": 22,
      "role": 1129
    },
    "model": "core.broleacl",
    "pk": 426
  },
  {
    "fields": {
      "button": 829,
      "instance_state": 23,
      "role": 1129
    },
    "model": "core.broleacl",
    "pk": 427
  },
  {
    "fields": {
      "button": 829,
      "instance_state": 24,
      "role": 1129
    },
    "model": "core.broleacl",
    "pk": 428
  },
  {
    "fields": {
      "button": 829,
      "instance_state": 25,
      "role": 1129
    },
    "model": "core.broleacl",
    "pk": 429
  },
  {
    "fields": {
      "button": 829,
      "instance_state": 26,
      "role": 1129
    },
    "model": "core.broleacl",
    "pk": 430
  },
  {
    "fields": {
      "button": 830,
      "instance_state": 23,
      "role": 1129
    },
    "model": "core.broleacl",
    "pk": 431
  },
  {
    "fields": {
      "button": 830,
      "instance_state": 24,
      "role": 1129
    },
    "model": "core.broleacl",
    "pk": 432
  },
  {
    "fields": {
      "button": 919,
      "instance_state": 22,
      "role": 1129
    },
    "model": "core.broleacl",
    "pk": 433
  },
  {
    "fields": {
      "button": 919,
      "instance_state": 23,
      "role": 1129
    },
    "model": "core.broleacl",
    "pk": 434
  },
  {
    "fields": {
      "button": 919,
      "instance_state": 24,
      "role": 1129
    },
    "model": "core.broleacl",
    "pk": 435
  },
  {
    "fields": {
      "button": 919,
      "instance_state": 25,
      "role": 1129
    },
    "model": "core.broleacl",
    "pk": 436
  },
  {
    "fields": {
      "button": 919,
      "instance_state": 26,
      "role": 1129
    },
    "model": "core.broleacl",
    "pk": 437
  },
  {
    "fields": {
      "button": 919,
      "instance_state": 27,
      "role": 1129
    },
    "model": "core.broleacl",
    "pk": 438
  },
  {
    "fields": {
      "button": 920,
      "instance_state": 25,
      "role": 1129
    },
    "model": "core.broleacl",
    "pk": 439
  },
  {
    "fields": {
      "button": 920,
      "instance_state": 26,
      "role": 1129
    },
    "model": "core.broleacl",
    "pk": 440
  },
  {
    "fields": {
      "button": 921,
      "instance_state": 21,
      "role": 6
    },
    "model": "core.broleacl",
    "pk": 443
  },
  {
    "fields": {
      "button": 150,
      "instance_state": 32,
      "role": 6
    },
    "model": "core.broleacl",
    "pk": 444
  },
  {
    "fields": {
      "button": 785,
      "instance_state": 26,
      "role": 3
    },
    "model": "core.broleacl",
    "pk": 450
  },
  {
    "fields": {
      "button": 785,
      "instance_state": 25,
      "role": 3
    },
    "model": "core.broleacl",
    "pk": 455
  },
  {
    "fields": {
      "button": 762,
      "instance_state": 25,
      "role": 3
    },
    "model": "core.broleacl",
    "pk": 456
  },
  {
    "fields": {
      "button": 762,
      "instance_state": 26,
      "role": 3
    },
    "model": "core.broleacl",
    "pk": 457
  },
  {
    "fields": {
      "button": 762,
      "instance_state": 21,
      "role": 3
    },
    "model": "core.broleacl",
    "pk": 458
  },
  {
    "fields": {
      "button": 785,
      "instance_state": 21,
      "role": 3
    },
    "model": "core.broleacl",
    "pk": 459
  },
  {
    "fields": {
      "button": 762,
      "instance_state": 32,
      "role": 3
    },
    "model": "core.broleacl",
    "pk": 460
  },
  {
    "fields": {
      "button": 785,
      "instance_state": 32,
      "role": 3
    },
    "model": "core.broleacl",
    "pk": 461
  },
  {
    "fields": {
      "button": 923,
      "instance_state": 21,
      "role": 6
    },
    "model": "core.broleacl",
    "pk": 468
  },
  {
    "fields": {
      "button": 923,
      "instance_state": 22,
      "role": 6
    },
    "model": "core.broleacl",
    "pk": 469
  },
  {
    "fields": {
      "button": 923,
      "instance_state": 32,
      "role": 6
    },
    "model": "core.broleacl",
    "pk": 470
  },
  {
    "fields": {
      "button": 923,
      "instance_state": 23,
      "role": 6
    },
    "model": "core.broleacl",
    "pk": 471
  },
  {
    "fields": {
      "button": 923,
      "instance_state": 24,
      "role": 6
    },
    "model": "core.broleacl",
    "pk": 472
  },
  {
    "fields": {
      "button": 923,
      "instance_state": 25,
      "role": 6
    },
    "model": "core.broleacl",
    "pk": 473
  },
  {
    "fields": {
      "button": 922,
      "instance_state": 21,
      "role": 6
    },
    "model": "core.broleacl",
    "pk": 474
  },
  {
    "fields": {
      "button": 922,
      "instance_state": 22,
      "role": 6
    },
    "model": "core.broleacl",
    "pk": 475
  },
  {
    "fields": {
      "button": 922,
      "instance_state": 32,
      "role": 6
    },
    "model": "core.broleacl",
    "pk": 476
  },
  {
    "fields": {
      "button": 922,
      "instance_state": 23,
      "role": 6
    },
    "model": "core.broleacl",
    "pk": 477
  },
  {
    "fields": {
      "button": 922,
      "instance_state": 24,
      "role": 6
    },
    "model": "core.broleacl",
    "pk": 478
  },
  {
    "fields": {
      "button": 922,
      "instance_state": 25,
      "role": 6
    },
    "model": "core.broleacl",
    "pk": 479
  },
  {
    "fields": {
      "button": 924,
      "instance_state": 21,
      "role": 6
    },
    "model": "core.broleacl",
    "pk": 480
  },
  {
    "fields": {
      "button": 924,
      "instance_state": 22,
      "role": 6
    },
    "model": "core.broleacl",
    "pk": 481
  },
  {
    "fields": {
      "button": 924,
      "instance_state": 32,
      "role": 6
    },
    "model": "core.broleacl",
    "pk": 482
  },
  {
    "fields": {
      "button": 924,
      "instance_state": 23,
      "role": 6
    },
    "model": "core.broleacl",
    "pk": 483
  },
  {
    "fields": {
      "button": 924,
      "instance_state": 24,
      "role": 6
    },
    "model": "core.broleacl",
    "pk": 484
  },
  {
    "fields": {
      "button": 924,
      "instance_state": 25,
      "role": 6
    },
    "model": "core.broleacl",
    "pk": 485
  },
  {
    "fields": {
      "button": 925,
      "instance_state": 21,
      "role": 6
    },
    "model": "core.broleacl",
    "pk": 486
  },
  {
    "fields": {
      "button": 925,
      "instance_state": 22,
      "role": 6
    },
    "model": "core.broleacl",
    "pk": 487
  },
  {
    "fields": {
      "button": 925,
      "instance_state": 32,
      "role": 6
    },
    "model": "core.broleacl",
    "pk": 488
  },
  {
    "fields": {
      "button": 925,
      "instance_state": 23,
      "role": 6
    },
    "model": "core.broleacl",
    "pk": 489
  },
  {
    "fields": {
      "button": 925,
      "instance_state": 24,
      "role": 6
    },
    "model": "core.broleacl",
    "pk": 490
  },
  {
    "fields": {
      "button": 925,
      "instance_state": 25,
      "role": 6
    },
    "model": "core.broleacl",
    "pk": 491
  },
  {
    "fields": {
      "button": 926,
      "instance_state": 21,
      "role": 1104
    },
    "model": "core.broleacl",
    "pk": 504
  },
  {
    "fields": {
      "button": 926,
      "instance_state": 22,
      "role": 1104
    },
    "model": "core.broleacl",
    "pk": 505
  },
  {
    "fields": {
      "button": 926,
      "instance_state": 32,
      "role": 1104
    },
    "model": "core.broleacl",
    "pk": 506
  },
  {
    "fields": {
      "button": 926,
      "instance_state": 23,
      "role": 1104
    },
    "model": "core.broleacl",
    "pk": 507
  },
  {
    "fields": {
      "button": 926,
      "instance_state": 24,
      "role": 1104
    },
    "model": "core.broleacl",
    "pk": 508
  },
  {
    "fields": {
      "button": 926,
      "instance_state": 25,
      "role": 1104
    },
    "model": "core.broleacl",
    "pk": 509
  },
  {
    "fields": {
      "button": 927,
      "instance_state": 21,
      "role": 1104
    },
    "model": "core.broleacl",
    "pk": 510
  },
  {
    "fields": {
      "button": 927,
      "instance_state": 22,
      "role": 1104
    },
    "model": "core.broleacl",
    "pk": 511
  },
  {
    "fields": {
      "button": 927,
      "instance_state": 32,
      "role": 1104
    },
    "model": "core.broleacl",
    "pk": 512
  },
  {
    "fields": {
      "button": 927,
      "instance_state": 23,
      "role": 1104
    },
    "model": "core.broleacl",
    "pk": 513
  },
  {
    "fields": {
      "button": 927,
      "instance_state": 24,
      "role": 1104
    },
    "model": "core.broleacl",
    "pk": 514
  },
  {
    "fields": {
      "button": 927,
      "instance_state": 25,
      "role": 1104
    },
    "model": "core.broleacl",
    "pk": 515
  },
  {
    "fields": {
      "button": 930,
      "instance_state": 1,
      "role": 1130
    },
    "model": "core.broleacl",
    "pk": 516
  },
  {
    "fields": {
      "button": 931,
      "instance_state": 21,
      "role": 1130
    },
    "model": "core.broleacl",
    "pk": 517
  },
  {
    "fields": {
      "button": 933,
      "instance_state": 24,
      "role": 1130
    },
    "model": "core.broleacl",
    "pk": 518
  },
  {
    "fields": {
      "button": 934,
      "instance_state": 22,
      "role": 1130
    },
    "model": "core.broleacl",
    "pk": 519
  },
  {
    "fields": {
      "button": 934,
      "instance_state": 23,
      "role": 1130
    },
    "model": "core.broleacl",
    "pk": 520
  },
  {
    "fields": {
      "button": 934,
      "instance_state": 24,
      "role": 1130
    },
    "model": "core.broleacl",
    "pk": 521
  },
  {
    "fields": {
      "button": 935,
      "instance_state": 22,
      "role": 1130
    },
    "model": "core.broleacl",
    "pk": 522
  },
  {
    "fields": {
      "button": 935,
      "instance_state": 24,
      "role": 1130
    },
    "model": "core.broleacl",
    "pk": 523
  },
  {
    "fields": {
      "button": 936,
      "instance_state": 23,
      "role": 1130
    },
    "model": "core.broleacl",
    "pk": 524
  },
  {
    "fields": {
      "button": 938,
      "instance_state": 22,
      "role": 1130
    },
    "model": "core.broleacl",
    "pk": 531
  },
  {
    "fields": {
      "button": 938,
      "instance_state": 23,
      "role": 1130
    },
    "model": "core.broleacl",
    "pk": 532
  },
  {
    "fields": {
      "button": 938,
      "instance_state": 24,
      "role": 1130
    },
    "model": "core.broleacl",
    "pk": 533
  },
  {
    "fields": {
      "button": 932,
      "instance_state": 21,
      "role": 1130
    },
    "model": "core.broleacl",
    "pk": 535
  },
  {
    "fields": {
      "button": 934,
      "instance_state": 21,
      "role": 1130
    },
    "model": "core.broleacl",
    "pk": 536
  },
  {
    "fields": {
      "button": 935,
      "instance_state": 21,
      "role": 1130
    },
    "model": "core.broleacl",
    "pk": 538
  },
  {
    "fields": {
      "button": 938,
      "instance_state": 21,
      "role": 1130
    },
    "model": "core.broleacl",
    "pk": 545
  },
  {
    "fields": {
      "button": 939,
      "instance_state": 23,
      "role": 1102
    },
    "model": "core.broleacl",
    "pk": 546
  },
  {
    "fields": {
      "button": 939,
      "instance_state": 23,
      "role": 4
    },
    "model": "core.broleacl",
    "pk": 547
  },
  {
    "fields": {
      "button": 939,
      "instance_state": 23,
      "role": 1021
    },
    "model": "core.broleacl",
    "pk": 548
  },
  {
    "fields": {
      "button": 940,
      "instance_state": 23,
      "role": 1102
    },
    "model": "core.broleacl",
    "pk": 549
  },
  {
    "fields": {
      "button": 940,
      "instance_state": 23,
      "role": 4
    },
    "model": "core.broleacl",
    "pk": 550
  },
  {
    "fields": {
      "button": 943,
      "instance_state": 21,
      "role": 1130
    },
    "model": "core.broleacl",
    "pk": 555
  },
  {
    "fields": {
      "button": 939,
      "instance_state": 21,
      "role": 1102
    },
    "model": "core.broleacl",
    "pk": 556
  },
  {
    "fields": {
      "button": 939,
      "instance_state": 22,
      "role": 1102
    },
    "model": "core.broleacl",
    "pk": 557
  },
  {
    "fields": {
      "button": 939,
      "instance_state": 32,
      "role": 1102
    },
    "model": "core.broleacl",
    "pk": 558
  },
  {
    "fields": {
      "button": 939,
      "instance_state": 24,
      "role": 1102
    },
    "model": "core.broleacl",
    "pk": 559
  },
  {
    "fields": {
      "button": 939,
      "instance_state": 21,
      "role": 4
    },
    "model": "core.broleacl",
    "pk": 560
  },
  {
    "fields": {
      "button": 939,
      "instance_state": 22,
      "role": 4
    },
    "model": "core.broleacl",
    "pk": 561
  },
  {
    "fields": {
      "button": 939,
      "instance_state": 32,
      "role": 4
    },
    "model": "core.broleacl",
    "pk": 562
  },
  {
    "fields": {
      "button": 939,
      "instance_state": 24,
      "role": 4
    },
    "model": "core.broleacl",
    "pk": 563
  },
  {
    "fields": {
      "button": 939,
      "instance_state": 21,
      "role": 1021
    },
    "model": "core.broleacl",
    "pk": 564
  },
  {
    "fields": {
      "button": 939,
      "instance_state": 22,
      "role": 1021
    },
    "model": "core.broleacl",
    "pk": 565
  },
  {
    "fields": {
      "button": 939,
      "instance_state": 32,
      "role": 1021
    },
    "model": "core.broleacl",
    "pk": 566
  },
  {
    "fields": {
      "button": 939,
      "instance_state": 24,
      "role": 1021
    },
    "model": "core.broleacl",
    "pk": 567
  },
  {
    "fields": {
      "button": 940,
      "instance_state": 21,
      "role": 1102
    },
    "model": "core.broleacl",
    "pk": 568
  },
  {
    "fields": {
      "button": 940,
      "instance_state": 22,
      "role": 1102
    },
    "model": "core.broleacl",
    "pk": 569
  },
  {
    "fields": {
      "button": 940,
      "instance_state": 32,
      "role": 1102
    },
    "model": "core.broleacl",
    "pk": 570
  },
  {
    "fields": {
      "button": 940,
      "instance_state": 24,
      "role": 1102
    },
    "model": "core.broleacl",
    "pk": 571
  },
  {
    "fields": {
      "button": 940,
      "instance_state": 21,
      "role": 4
    },
    "model": "core.broleacl",
    "pk": 572
  },
  {
    "fields": {
      "button": 940,
      "instance_state": 22,
      "role": 4
    },
    "model": "core.broleacl",
    "pk": 573
  },
  {
    "fields": {
      "button": 940,
      "instance_state": 32,
      "role": 4
    },
    "model": "core.broleacl",
    "pk": 574
  },
  {
    "fields": {
      "button": 940,
      "instance_state": 24,
      "role": 4
    },
    "model": "core.broleacl",
    "pk": 575
  },
  {
    "fields": {
      "button": 936,
      "instance_state": 21,
      "role": 1130
    },
    "model": "core.broleacl",
    "pk": 576
  },
  {
    "fields": {
      "button": 936,
      "instance_state": 22,
      "role": 1130
    },
    "model": "core.broleacl",
    "pk": 577
  },
  {
    "fields": {
      "button": 936,
      "instance_state": 32,
      "role": 1130
    },
    "model": "core.broleacl",
    "pk": 578
  },
  {
    "fields": {
      "button": 936,
      "instance_state": 24,
      "role": 1130
    },
    "model": "core.broleacl",
    "pk": 579
  },
  {
    "fields": {
      "button": 65,
      "instance_state": 33,
      "role": 3
    },
    "model": "core.broleacl",
    "pk": 580
  },
  {
    "fields": {
      "button": 144,
      "instance_state": 33,
      "role": 3
    },
    "model": "core.broleacl",
    "pk": 581
  },
  {
    "fields": {
      "button": 150,
      "instance_state": 33,
      "role": 6
    },
    "model": "core.broleacl",
    "pk": 582
  },
  {
    "fields": {
      "button": 151,
      "instance_state": 21,
      "role": 1
    },
    "model": "core.broleacl",
    "pk": 584
  },
  {
    "fields": {
      "button": 151,
      "instance_state": 33,
      "role": 1
    },
    "model": "core.broleacl",
    "pk": 585
  },
  {
    "fields": {
      "button": 151,
      "instance_state": 33,
      "role": 6
    },
    "model": "core.broleacl",
    "pk": 586
  },
  {
    "fields": {
      "button": 144,
      "instance_state": 33,
      "role": 1101
    },
    "model": "core.broleacl",
    "pk": 587
  },
  {
    "fields": {
      "button": 144,
      "instance_state": 33,
      "role": 1127
    },
    "model": "core.broleacl",
    "pk": 588
  },
  {
    "fields": {
      "button": 144,
      "instance_state": 33,
      "role": 1128
    },
    "model": "core.broleacl",
    "pk": 589
  },
  {
    "fields": {
      "button": 144,
      "instance_state": 33,
      "role": 1061
    },
    "model": "core.broleacl",
    "pk": 590
  },
  {
    "fields": {
      "button": 144,
      "instance_state": 33,
      "role": 1129
    },
    "model": "core.broleacl",
    "pk": 591
  },
  {
    "fields": {
      "button": 144,
      "instance_state": 33,
      "role": 1107
    },
    "model": "core.broleacl",
    "pk": 592
  },
  {
    "fields": {
      "button": 144,
      "instance_state": 33,
      "role": 1106
    },
    "model": "core.broleacl",
    "pk": 593
  },
  {
    "fields": {
      "button": 944,
      "instance_state": 25,
      "role": 6
    },
    "model": "core.broleacl",
    "pk": 595
  },
  {
    "fields": {
      "button": 945,
      "instance_state": 24,
      "role": 3
    },
    "model": "core.broleacl",
    "pk": 596
  },
  {
    "fields": {
      "button": 946,
      "instance_state": 24,
      "role": 1
    },
    "model": "core.broleacl",
    "pk": 598
  },
  {
    "fields": {
      "button": 762,
      "instance_state": 27,
      "role": 3
    },
    "model": "core.broleacl",
    "pk": 599
  },
  {
    "fields": {
      "button": 785,
      "instance_state": 27,
      "role": 3
    },
    "model": "core.broleacl",
    "pk": 600
  },
  {
    "fields": {
      "button": 947,
      "instance_state": 21,
      "role": 1104
    },
    "model": "core.broleacl",
    "pk": 601
  },
  {
    "fields": {
      "button": 947,
      "instance_state": 22,
      "role": 1104
    },
    "model": "core.broleacl",
    "pk": 602
  },
  {
    "fields": {
      "button": 947,
      "instance_state": 32,
      "role": 1104
    },
    "model": "core.broleacl",
    "pk": 603
  },
  {
    "fields": {
      "button": 947,
      "instance_state": 23,
      "role": 1104
    },
    "model": "core.broleacl",
    "pk": 604
  },
  {
    "fields": {
      "button": 947,
      "instance_state": 24,
      "role": 1104
    },
    "model": "core.broleacl",
    "pk": 605
  },
  {
    "fields": {
      "button": 947,
      "instance_state": 25,
      "role": 1104
    },
    "model": "core.broleacl",
    "pk": 606
  },
  {
    "fields": {
      "button": 948,
      "instance_state": 21,
      "role": 1104
    },
    "model": "core.broleacl",
    "pk": 607
  },
  {
    "fields": {
      "button": 948,
      "instance_state": 22,
      "role": 1104
    },
    "model": "core.broleacl",
    "pk": 608
  },
  {
    "fields": {
      "button": 948,
      "instance_state": 32,
      "role": 1104
    },
    "model": "core.broleacl",
    "pk": 609
  },
  {
    "fields": {
      "button": 948,
      "instance_state": 23,
      "role": 1104
    },
    "model": "core.broleacl",
    "pk": 610
  },
  {
    "fields": {
      "button": 948,
      "instance_state": 24,
      "role": 1104
    },
    "model": "core.broleacl",
    "pk": 611
  },
  {
    "fields": {
      "button": 948,
      "instance_state": 25,
      "role": 1104
    },
    "model": "core.broleacl",
    "pk": 612
  },
  {
    "fields": {
      "button": 152,
      "instance_state": 32,
      "role": 6
    },
    "model": "core.broleacl",
    "pk": 613
  },
  {
    "fields": {
      "button": 3,
      "instance_state": 34,
      "role": 6
    },
    "model": "core.broleacl",
    "pk": 614
  },
  {
    "fields": {
      "button": 5,
      "instance_state": 34,
      "role": 3
    },
    "model": "core.broleacl",
    "pk": 615
  },
  {
    "fields": {
      "button": 65,
      "instance_state": 34,
      "role": 3
    },
    "model": "core.broleacl",
    "pk": 616
  },
  {
    "fields": {
      "button": 149,
      "instance_state": 34,
      "role": 6
    },
    "model": "core.broleacl",
    "pk": 617
  },
  {
    "fields": {
      "button": 153,
      "instance_state": 34,
      "role": 6
    },
    "model": "core.broleacl",
    "pk": 618
  },
  {
    "fields": {
      "button": 248,
      "instance_state": 34,
      "role": 3
    },
    "model": "core.broleacl",
    "pk": 619
  },
  {
    "fields": {
      "button": 272,
      "instance_state": 34,
      "role": 3
    },
    "model": "core.broleacl",
    "pk": 620
  },
  {
    "fields": {
      "button": 278,
      "instance_state": 34,
      "role": 3
    },
    "model": "core.broleacl",
    "pk": 621
  },
  {
    "fields": {
      "button": 288,
      "instance_state": 34,
      "role": 3
    },
    "model": "core.broleacl",
    "pk": 622
  },
  {
    "fields": {
      "button": 433,
      "instance_state": 34,
      "role": 1061
    },
    "model": "core.broleacl",
    "pk": 623
  },
  {
    "fields": {
      "button": 472,
      "instance_state": 34,
      "role": 6
    },
    "model": "core.broleacl",
    "pk": 624
  },
  {
    "fields": {
      "button": 488,
      "instance_state": 34,
      "role": 6
    },
    "model": "core.broleacl",
    "pk": 625
  },
  {
    "fields": {
      "button": 489,
      "instance_state": 34,
      "role": 6
    },
    "model": "core.broleacl",
    "pk": 626
  },
  {
    "fields": {
      "button": 528,
      "instance_state": 34,
      "role": 1061
    },
    "model": "core.broleacl",
    "pk": 627
  },
  {
    "fields": {
      "button": 548,
      "instance_state": 34,
      "role": 1061
    },
    "model": "core.broleacl",
    "pk": 628
  },
  {
    "fields": {
      "button": 717,
      "instance_state": 34,
      "role": 1101
    },
    "model": "core.broleacl",
    "pk": 629
  },
  {
    "fields": {
      "button": 708,
      "instance_state": 34,
      "role": 1101
    },
    "model": "core.broleacl",
    "pk": 630
  },
  {
    "fields": {
      "button": 716,
      "instance_state": 34,
      "role": 1101
    },
    "model": "core.broleacl",
    "pk": 631
  },
  {
    "fields": {
      "button": 714,
      "instance_state": 34,
      "role": 1101
    },
    "model": "core.broleacl",
    "pk": 632
  },
  {
    "fields": {
      "button": 715,
      "instance_state": 34,
      "role": 1101
    },
    "model": "core.broleacl",
    "pk": 633
  },
  {
    "fields": {
      "button": 691,
      "instance_state": 34,
      "role": 1101
    },
    "model": "core.broleacl",
    "pk": 634
  },
  {
    "fields": {
      "button": 724,
      "instance_state": 34,
      "role": 1061
    },
    "model": "core.broleacl",
    "pk": 635
  },
  {
    "fields": {
      "button": 723,
      "instance_state": 34,
      "role": 3
    },
    "model": "core.broleacl",
    "pk": 636
  },
  {
    "fields": {
      "button": 725,
      "instance_state": 34,
      "role": 1101
    },
    "model": "core.broleacl",
    "pk": 637
  },
  {
    "fields": {
      "button": 894,
      "instance_state": 34,
      "role": 3
    },
    "model": "core.broleacl",
    "pk": 638
  },
  {
    "fields": {
      "button": 765,
      "instance_state": 34,
      "role": 1106
    },
    "model": "core.broleacl",
    "pk": 639
  },
  {
    "fields": {
      "button": 854,
      "instance_state": 34,
      "role": 6
    },
    "model": "core.broleacl",
    "pk": 640
  },
  {
    "fields": {
      "button": 832,
      "instance_state": 34,
      "role": 1128
    },
    "model": "core.broleacl",
    "pk": 641
  },
  {
    "fields": {
      "button": 834,
      "instance_state": 34,
      "role": 1102
    },
    "model": "core.broleacl",
    "pk": 642
  },
  {
    "fields": {
      "button": 783,
      "instance_state": 34,
      "role": 1106
    },
    "model": "core.broleacl",
    "pk": 643
  },
  {
    "fields": {
      "button": 917,
      "instance_state": 34,
      "role": 1101
    },
    "model": "core.broleacl",
    "pk": 644
  },
  {
    "fields": {
      "button": 854,
      "instance_state": 34,
      "role": 1021
    },
    "model": "core.broleacl",
    "pk": 645
  },
  {
    "fields": {
      "button": 812,
      "instance_state": 34,
      "role": 1127
    },
    "model": "core.broleacl",
    "pk": 646
  },
  {
    "fields": {
      "button": 811,
      "instance_state": 34,
      "role": 1127
    },
    "model": "core.broleacl",
    "pk": 647
  },
  {
    "fields": {
      "button": 800,
      "instance_state": 34,
      "role": 1107
    },
    "model": "core.broleacl",
    "pk": 648
  },
  {
    "fields": {
      "button": 799,
      "instance_state": 34,
      "role": 1107
    },
    "model": "core.broleacl",
    "pk": 649
  },
  {
    "fields": {
      "button": 834,
      "instance_state": 34,
      "role": 1021
    },
    "model": "core.broleacl",
    "pk": 650
  },
  {
    "fields": {
      "button": 854,
      "instance_state": 34,
      "role": 1102
    },
    "model": "core.broleacl",
    "pk": 651
  },
  {
    "fields": {
      "button": 774,
      "instance_state": 34,
      "role": 1106
    },
    "model": "core.broleacl",
    "pk": 652
  },
  {
    "fields": {
      "button": 914,
      "instance_state": 34,
      "role": 1128
    },
    "model": "core.broleacl",
    "pk": 653
  },
  {
    "fields": {
      "button": 775,
      "instance_state": 34,
      "role": 1106
    },
    "model": "core.broleacl",
    "pk": 654
  },
  {
    "fields": {
      "button": 790,
      "instance_state": 34,
      "role": 1107
    },
    "model": "core.broleacl",
    "pk": 655
  },
  {
    "fields": {
      "button": 831,
      "instance_state": 34,
      "role": 1128
    },
    "model": "core.broleacl",
    "pk": 656
  },
  {
    "fields": {
      "button": 834,
      "instance_state": 34,
      "role": 6
    },
    "model": "core.broleacl",
    "pk": 657
  },
  {
    "fields": {
      "button": 915,
      "instance_state": 34,
      "role": 1106
    },
    "model": "core.broleacl",
    "pk": 658
  },
  {
    "fields": {
      "button": 822,
      "instance_state": 34,
      "role": 1128
    },
    "model": "core.broleacl",
    "pk": 659
  },
  {
    "fields": {
      "button": 829,
      "instance_state": 34,
      "role": 1128
    },
    "model": "core.broleacl",
    "pk": 660
  },
  {
    "fields": {
      "button": 809,
      "instance_state": 34,
      "role": 1127
    },
    "model": "core.broleacl",
    "pk": 661
  },
  {
    "fields": {
      "button": 874,
      "instance_state": 34,
      "role": 1061
    },
    "model": "core.broleacl",
    "pk": 662
  },
  {
    "fields": {
      "button": 854,
      "instance_state": 34,
      "role": 4
    },
    "model": "core.broleacl",
    "pk": 663
  },
  {
    "fields": {
      "button": 834,
      "instance_state": 34,
      "role": 4
    },
    "model": "core.broleacl",
    "pk": 664
  },
  {
    "fields": {
      "button": 797,
      "instance_state": 34,
      "role": 1107
    },
    "model": "core.broleacl",
    "pk": 665
  },
  {
    "fields": {
      "button": 802,
      "instance_state": 34,
      "role": 1127
    },
    "model": "core.broleacl",
    "pk": 666
  },
  {
    "fields": {
      "button": 822,
      "instance_state": 34,
      "role": 1129
    },
    "model": "core.broleacl",
    "pk": 667
  },
  {
    "fields": {
      "button": 829,
      "instance_state": 34,
      "role": 1129
    },
    "model": "core.broleacl",
    "pk": 668
  },
  {
    "fields": {
      "button": 919,
      "instance_state": 34,
      "role": 1129
    },
    "model": "core.broleacl",
    "pk": 669
  },
  {
    "fields": {
      "button": 920,
      "instance_state": 34,
      "role": 1129
    },
    "model": "core.broleacl",
    "pk": 670
  },
  {
    "fields": {
      "button": 785,
      "instance_state": 34,
      "role": 3
    },
    "model": "core.broleacl",
    "pk": 671
  },
  {
    "fields": {
      "button": 762,
      "instance_state": 34,
      "role": 3
    },
    "model": "core.broleacl",
    "pk": 672
  },
  {
    "fields": {
      "button": 923,
      "instance_state": 34,
      "role": 6
    },
    "model": "core.broleacl",
    "pk": 673
  },
  {
    "fields": {
      "button": 922,
      "instance_state": 34,
      "role": 6
    },
    "model": "core.broleacl",
    "pk": 674
  },
  {
    "fields": {
      "button": 924,
      "instance_state": 34,
      "role": 6
    },
    "model": "core.broleacl",
    "pk": 675
  },
  {
    "fields": {
      "button": 925,
      "instance_state": 34,
      "role": 6
    },
    "model": "core.broleacl",
    "pk": 676
  },
  {
    "fields": {
      "button": 926,
      "instance_state": 34,
      "role": 1104
    },
    "model": "core.broleacl",
    "pk": 677
  },
  {
    "fields": {
      "button": 927,
      "instance_state": 34,
      "role": 1104
    },
    "model": "core.broleacl",
    "pk": 678
  },
  {
    "fields": {
      "button": 944,
      "instance_state": 34,
      "role": 6
    },
    "model": "core.broleacl",
    "pk": 679
  },
  {
    "fields": {
      "button": 947,
      "instance_state": 34,
      "role": 1104
    },
    "model": "core.broleacl",
    "pk": 680
  },
  {
    "fields": {
      "button": 948,
      "instance_state": 34,
      "role": 1104
    },
    "model": "core.broleacl",
    "pk": 681
  },
  {
    "fields": {
      "button": 762,
      "instance_state": 23,
      "role": 1061
    },
    "model": "core.broleacl",
    "pk": 682
  },
  {
    "fields": {
      "button": 785,
      "instance_state": 23,
      "role": 1061
    },
    "model": "core.broleacl",
    "pk": 683
  },
  {
    "fields": {
      "button": 762,
      "instance_state": 23,
      "role": 3
    },
    "model": "core.broleacl",
    "pk": 684
  },
  {
    "fields": {
      "button": 785,
      "instance_state": 23,
      "role": 3
    },
    "model": "core.broleacl",
    "pk": 685
  },
  {
    "fields": {
      "button": 949,
      "instance_state": 23,
      "role": 1061
    },
    "model": "core.broleacl",
    "pk": 686
  },
  {
    "fields": {
      "button": 5,
      "instance_state": 22,
      "service": 1
    },
    "model": "core.bserviceacl",
    "pk": 1
  },
  {
    "fields": {
      "button": 5,
      "instance_state": 24,
      "service": 1
    },
    "model": "core.bserviceacl",
    "pk": 2
  },
  {
    "fields": {
      "label": "Baubewilligung erstellen"
    },
    "model": "core.buildingauthoritybutton",
    "pk": 2
  },
  {
    "fields": {
      "label": "Baubewilligung erteilt, Info an Geometer"
    },
    "model": "core.buildingauthoritybutton",
    "pk": 3
  },
  {
    "fields": {
      "label": "Bau beendet, Info an Geometer"
    },
    "model": "core.buildingauthoritybutton",
    "pk": 4
  },
  {
    "fields": {
      "label": "Bau beendet, Info an Liegenschaftssch\u00e4tzung"
    },
    "model": "core.buildingauthoritybutton",
    "pk": 5
  },
  {
    "fields": {
      "label": "Bau beendet, Info an Abwasser Uri"
    },
    "model": "core.buildingauthoritybutton",
    "pk": 6
  },
  {
    "fields": {
      "label": "Grundbuchanmeldung"
    },
    "model": "core.buildingauthoritybutton",
    "pk": 7
  },
  {
    "fields": {
      "label": "Abnahme Schnurger\u00fcst, Info an ABM"
    },
    "model": "core.buildingauthoritybutton",
    "pk": 8
  },
  {
    "fields": {
      "label": "Infobrief an Gesuchsteller"
    },
    "model": "core.buildingauthoritybutton",
    "pk": 9
  },
  {
    "fields": {
      "label": "Infobrief allgemein"
    },
    "model": "core.buildingauthoritybutton",
    "pk": 10
  },
  {
    "fields": {
      "label": "Baubewilligung erteilt, Info an Geb\u00e4udesch\u00e4tzung"
    },
    "model": "core.buildingauthoritybutton",
    "pk": 11
  },
  {
    "fields": {
      "label": "Versand Entscheiddokumente per Post"
    },
    "model": "core.buildingauthoritybutton",
    "pk": 12
  },
  {
    "fields": {
      "label": "Versand Entscheiddokumente per Portal"
    },
    "model": "core.buildingauthoritybutton",
    "pk": 13
  },
  {
    "fields": {
      "label": "Versand Entscheiddokumente per Mail"
    },
    "model": "core.buildingauthoritybutton",
    "pk": 14
  },
  {
    "fields": {
      "label": "Versand Stellungnahme Vorentscheid per Mail"
    },
    "model": "core.buildingauthoritybutton",
    "pk": 15
  },
  {
    "fields": {
      "label": "Versand Stellungnahme Vorentscheid per Post"
    },
    "model": "core.buildingauthoritybutton",
    "pk": 16
  },
  {
    "fields": {
      "building_authority_button": 2,
      "template": 101,
      "template_class": 102
    },
    "model": "core.buildingauthoritydoc",
    "pk": 2
  },
  {
    "fields": {
      "building_authority_button": 10,
      "template": 208,
      "template_class": 62
    },
    "model": "core.buildingauthoritydoc",
    "pk": 3
  },
  {
    "fields": {
      "building_authority_button": 9,
      "template": 209,
      "template_class": 62
    },
    "model": "core.buildingauthoritydoc",
    "pk": 4
  },
  {
    "fields": {
      "building_authority_button": 7,
      "template": 210,
      "template_class": 102
    },
    "model": "core.buildingauthoritydoc",
    "pk": 5
  },
  {
    "fields": {
      "attachment_section": null,
      "building_authority_button": 3,
      "email_subject": "CAMAC Dossier Nr. [@c2q6i1]: Meldung Baubewilligung erteilt",
      "email_text": "CAMAC Info\r\n\r\n(automatisch generierte E-Mail von CAMAC, bitte nicht darauf  antworten)\r\n\r\nMeldung Baubewilligung erteilt\r\n\r\nDie zust\u00e4ndige Gemeindebaubeh\u00f6rde [INSTANCE_LOCATION] hat betreffend das Dossier ID [INSTANCE_ID] mit der CAMAC Dossier Nr. [@c2q6i1] die Baubewilligung erteilt. Die Baubewilligung wurde unter \u201eDokumente\u201c im CAMAC hochgeladen.\r\n\r\n[INSTANCE_LOCATION], [DATE]",
      "from_email": "camac@ur.ch",
      "from_name": "Camac Info",
      "receiver_query": "camac.ur@achtgradost.ch",
      "workflow_item": null
    },
    "model": "core.buildingauthorityemail",
    "pk": 2
  },
  {
    "fields": {
      "attachment_section": null,
      "building_authority_button": 4,
      "email_subject": "CAMAC Dossier Nr. [@c2q6i1]: Meldung Bau beendet",
      "email_text": "CAMAC Info\r\n\r\n(automatisch generierte E-Mail von CAMAC, bitte nicht darauf  antworten)\r\n\r\nMeldung Bau beendet\r\n\r\nDas Bauvorhaben mit der Dossier ID [INSTANCE_ID] / CAMAC Dossier Nr. [@c2q6i1] ist fertiggestellt. Wir bitten Sie, das Bauobjekt zu vermessen und die Vermarkung zu \u00fcberpr\u00fcfen. Allf\u00e4llige Kosten gehen zu Lasten der Bauherrschaft. Die Bauherrschaft wurde im Rahmen der Baubewilligung \u00fcber die Vermessungspflicht und daraus allf\u00e4llig entstehenden Kosten in Kenntnis gesetzt.\r\n\r\nEGID Nr.   \u2026\u2026\u2026\u2026...\r\n\r\nEWID Nr.  \u2026\u2026\u2026\u2026\u2026\r\n\r\nDie EGID Nr. bzw. die EWID Nummern gem\u00e4ss GWR werden mitgeteilt sobald das Objekt im GWR erfasst wurde und die entsprechenden Nummern bekannt sind. \r\n\r\n(bitte nichtzutreffendes l\u00f6schen, entweder Angabe der Nummern oder Hinweis).\r\n\r\n[INSTANCE_LOCATION], [DATE]",
      "from_email": "camac@ur.ch",
      "from_name": "Camac Info",
      "receiver_query": "camac.ur@achtgradost.ch",
      "workflow_item": null
    },
    "model": "core.buildingauthorityemail",
    "pk": 22
  },
  {
    "fields": {
      "attachment_section": null,
      "building_authority_button": 5,
      "email_subject": "CAMAC Dossier Nr. [@c2q6i1]: Meldung Fertigstellung Bauvorhaben",
      "email_text": "CAMAC Info\r\n\r\n(automatisch generierte E-Mail von CAMAC, bitte nicht darauf antworten)\r\n\r\nMeldung Fertigstellung Bauvorhaben gest\u00fctzt auf Artikel 2 Absatz 3 der Verordnung \u00fcber die steueramtliche Sch\u00e4tzung der Grundst\u00fccke.\r\n\r\nDas Bauvorhaben mit der Dossier ID [INSTANCE_ID] / CAMAC Dossier Nr. [@c2q6i1] ist fertiggestellt.\r\n\r\nGem\u00e4ss Sch\u00e4tzungsverordnung sind Zwischensch\u00e4tzungen vorzunehmen, wenn der Bestand der Baute oder Anlage ver\u00e4ndert wird. Dies ist insbesondere dann der Fall, wenn sich der Umfang des Grundst\u00fcckes ver\u00e4ndert hat, wenn Neubauten oder wesentliche Um,- Aus- oder Anbauten verwirklicht werden, wenn Geb\u00e4ulichkeiten abgebrochen werden oder wenn andere Gr\u00fcnde zu einer wesentlichen Wertver\u00e4nderung beitragen. Weiter sind Zwischensch\u00e4tzungen notwendig bei wesentlichen \u00c4nderungen der Ben\u00fctzungsart und \u00c4nderungen der Beschaffenheit des Grundst\u00fcckes.\r\n\r\nWir bitten Sie, das Erfordernis der Zwischensch\u00e4tzung zu pr\u00fcfen und gegebenenfalls die notwendigen Schritte einzuleiten.\r\n\r\n[INSTANCE_LOCATION], [DATE]",
      "from_email": "camac@ur.ch",
      "from_name": "Camac Info",
      "receiver_query": "grundstueckschaetzung@ur.ch",
      "workflow_item": null
    },
    "model": "core.buildingauthorityemail",
    "pk": 42
  },
  {
    "fields": {
      "attachment_section": null,
      "building_authority_button": 6,
      "email_subject": "CAMAC Dossier Nr. [@c2q6i1]: Meldung Fertigstellung Bauvorhaben",
      "email_text": "CAMAC Info\r\n\r\n(automatisch generierte E-Mail von CAMAC, bitte nicht darauf antworten)\r\n\r\nMeldung Fertigstellung Bauvorhaben\r\n\r\nDas Bauvorhaben mit der Dossier ID [INSTANCE_ID] / CAMAC Dossier Nr. [@c2q6i1] ist fertiggestellt und zur Endabnahme bereit.\r\n\r\n[INSTANCE_LOCATION], [DATE]",
      "from_email": "camac@ur.ch",
      "from_name": "Camac Info",
      "receiver_query": "info@abwasser-uri.ch",
      "workflow_item": null
    },
    "model": "core.buildingauthorityemail",
    "pk": 43
  },
  {
    "fields": {
      "attachment_section": null,
      "building_authority_button": 8,
      "email_subject": "CAMAC Dossier Nr. [@c2q6i1]: Meldung Abnahme Schnurger\u00fcst",
      "email_text": "CAMAC Info\r\n\r\n(automatisch generierte E-Mail von CAMAC, bitte nicht darauf antworten)\r\n\r\nMeldung Abnahme Schnurger\u00fcst\r\n\r\nBeim Bauvorhaben mit der Dossier ID [INSTANCE_ID] / CAMAC Dossier Nr. [@c2q6i1] ist die Abnahme Schnurger\u00fcst erfolgt.\r\n\r\n[INSTANCE_LOCATION], [DATE]",
      "from_email": "camac@ur.ch",
      "from_name": "Camac Info",
      "receiver_query": "gisler.martin@ur.ch",
      "workflow_item": null
    },
    "model": "core.buildingauthorityemail",
    "pk": 44
  },
  {
    "fields": {
      "attachment_section": null,
      "building_authority_button": 11,
      "email_subject": "CAMAC Dossier Nr. [@c2q6i1]: Meldung Baubewilligung erteilt",
      "email_text": "CAMAC Info\r\n\r\n(automatisch generierte E-Mail von CAMAC, bitte nicht darauf  antworten)\r\n\r\nMeldung Baubewilligung erteilt\r\n\r\nDie zust\u00e4ndige Gemeindebaubeh\u00f6rde [INSTANCE_LOCATION] hat betreffend das Dossier ID [INSTANCE_ID] mit der CAMAC Dossier Nr. [@c2q6i1] die Baubewilligung erteilt. Die Baubewilligung wurde unter \u201eDokumente\u201c im CAMAC hochgeladen.\r\n\r\n[INSTANCE_LOCATION], [DATE]",
      "from_email": "camac@ur.ch",
      "from_name": "Camac Info",
      "receiver_query": "ds@fgs-ur.ch",
      "workflow_item": null
    },
    "model": "core.buildingauthorityemail",
    "pk": 45
  },
  {
    "fields": {
      "attachment_section": null,
      "building_authority_button": 12,
      "email_subject": "CAMAC Dossier Nr. [@c2q6i1]: Bau- und Einsprache-Entscheid",
      "email_text": "CAMAC Info\r\n(automatisch generierte E-Mail von CAMAC, bitte nicht darauf antworten)\r\n\r\nBAU- UND EINSPRACHE-ENTSCHEID\r\n\r\nSehr geehrte Dame\r\nSehr geehrter Herr\r\n\r\nBetreffend das Dossier mit der ID Nr. [INSTANCE_ID] bzw. der CAMAC Nr. [@c2q6i1] wurde der Bau- und Einsprache-Entscheid von der zust\u00e4ndigen Gemeindebaubeh\u00f6rde [INSTANCE_LOCATION] erteilt und dem Gesuchsteller zugestellt.\r\n\r\nBitte kontaktieren Sie die zust\u00e4ndige Gemeindebaubeh\u00f6rde falls diese den Bauentscheid im CAMAC noch nicht hochgeladen hat.\r\n\r\nAmt f\u00fcr Raumentwicklung \r\nKoordinationsstelle f\u00fcr Baueingaben\r\nRathausplatz 5\r\n6460 Altdorf\r\n\r\nTel. 041 875 24 29\r\nE-Mail: raumplanung@ur.ch",
      "from_email": "camac@ur.ch",
      "from_name": "Camac Info",
      "receiver_query": "[fachstellen]",
      "workflow_item": null
    },
    "model": "core.buildingauthorityemail",
    "pk": 46
  },
  {
    "fields": {
      "attachment_section": null,
      "building_authority_button": 12,
      "email_subject": "CAMAC Dossier Nr. [@c2q6i1]: Bau- und Einsprache-Entscheid",
      "email_text": "CAMAC Info\r\n(automatisch generierte E-Mail von CAMAC, bitte nicht darauf antworten)\r\n\r\nStatusmeldung zum Stand des Bewilligungsverfahrens\r\nBAU- UND EINSPRACHEENTSCHEID\r\n\r\nSehr geehrte Dame\r\nSehr geehrter Herr\r\n\r\nDer Bau- und Einspracheentscheid der Gemeindebaubeh\u00f6rde [INSTANCE_LOCATION] zum Dossiers mit der ID Nr. [INSTANCE_ID] (CAMAC Dossiernummer [@c2q6i1]) wurde verschickt.\r\n\r\nMit freundlichen Gr\u00fcssen\r\nGemeindebaubeh\u00f6rde [INSTANCE_LOCATION]",
      "from_email": "camac@ur.ch",
      "from_name": "Camac Info",
      "receiver_query": "[gesuchsteller]",
      "workflow_item": null
    },
    "model": "core.buildingauthorityemail",
    "pk": 66
  },
  {
    "fields": {
      "attachment_section": 104,
      "building_authority_button": 14,
      "email_subject": "CAMAC Dossier Nr. [@c2q6i1]: Bau- und Einsprache-Entscheid",
      "email_text": "CAMAC Info (automatisch generierte E-Mail von CAMAC, bitte nicht darauf antworten) Statusmeldung zum Stand des Verfahrens\r\n\r\nER\u00d6FFNUNG STELLUNGNAHME / VORENTSCHEID\r\n\r\nSehr geehrte Dame Sehr geehrter Herr\r\n\r\nZum Dossiers mit der ID Nr. [INSTANCE_ID], (CAMAC Dossiernummer [@c2q6i1]) wird Ihnen hiermit eine Stellungnahme / Vorentscheid via Gemeindebaubeh\u00f6rde [INSTANCE_LOCATION] zugestellt. Die Originaldokumente bleiben bei der ausstellenden Beh\u00f6rde und k\u00f6nnen bei Bedarf angefordert werden. Sie k\u00f6nnen die relevanten Dokumente \u00fcber den folgenden Link herunterladen:\r\n\r\n[ARCHIVE_DOWNLOAD_URL]\r\n\r\nMit dem \u00d6ffnen des Links beginnt gleichzeitig die in der Stellungnahme / Vorentscheid erw\u00e4hnte Frist f\u00fcr das rechtliche Geh\u00f6r. Das aktuelle Datum beim Anklicken des Links wurde im System gespeichert und gilt als Er\u00f6ffnungsdatum.\r\n\r\nMit freundlichen Gr\u00fcssen\r\nGemeindebaubeh\u00f6rde [INSTANCE_LOCATION]\r\n",
      "from_email": "camac@ur.ch",
      "from_name": "Camac Info",
      "receiver_query": "[gesuchsteller]",
      "workflow_item": 87
    },
    "model": "core.buildingauthorityemail",
    "pk": 67
  },
  {
    "fields": {
      "attachment_section": 104,
      "building_authority_button": 13,
      "email_subject": "CAMAC Dossier Nr. [@c2q6i1]: Bau- und Einsprache-Entscheid",
      "email_text": "CAMAC Info (automatisch generierte E-Mail von CAMAC, bitte nicht darauf antworten) Statusmeldung zum Stand des Verfahrens\r\n\r\nER\u00d6FFNUNG STELLUNGNAHME / VORENTSCHEID\r\n\r\nSehr geehrte Dame Sehr geehrter Herr\r\n\r\nZum Dossiers mit der ID Nr. [INSTANCE_ID], (CAMAC Dossiernummer [@c2q6i1]) wird Ihnen hiermit eine Stellungnahme / Vorentscheid via Gemeindebaubeh\u00f6rde [INSTANCE_LOCATION] zugestellt. Die Originaldokumente bleiben bei der ausstellenden Beh\u00f6rde und k\u00f6nnen bei Bedarf angefordert werden. Sie k\u00f6nnen die relevanten Dokumente \u00fcber den folgenden Link herunterladen:\r\n\r\n[ARCHIVE_DOWNLOAD_URL]\r\n\r\nMit dem \u00d6ffnen des Links beginnt gleichzeitig die in der Stellungnahme / Vorentscheid erw\u00e4hnte Frist f\u00fcr das rechtliche Geh\u00f6r. Das aktuelle Datum beim Anklicken des Links wurde im System gespeichert und gilt als Er\u00f6ffnungsdatum.\r\n\r\nMit freundlichen Gr\u00fcssen\r\nGemeindebaubeh\u00f6rde [INSTANCE_LOCATION]\r\n",
      "from_email": "camac@ur.ch",
      "from_name": "Camac Info",
      "receiver_query": "[gesuchsteller]",
      "workflow_item": 87
    },
    "model": "core.buildingauthorityemail",
    "pk": 68
  },
  {
    "fields": {
      "attachment_section": 104,
      "building_authority_button": 15,
      "email_subject": "CAMAC Dossier Nr. [@c2q6i1]: Bau- und Einsprache-Entscheid",
      "email_text": "CAMAC Info (automatisch generierte E-Mail von CAMAC, bitte nicht darauf antworten) Statusmeldung zum Stand des Verfahrens\r\n\r\nER\u00d6FFNUNG STELLUNGNAHME / VORENTSCHEID\r\n\r\nSehr geehrte Dame Sehr geehrter Herr\r\n\r\nZum Dossiers mit der ID Nr. [INSTANCE_ID], (CAMAC Dossiernummer [@c2q6i1]) wird Ihnen hiermit eine Stellungnahme / Vorentscheid via Gemeindebaubeh\u00f6rde [INSTANCE_LOCATION] zugestellt. Die Originaldokumente bleiben bei der ausstellenden Beh\u00f6rde und k\u00f6nnen bei Bedarf angefordert werden. Sie k\u00f6nnen die relevanten Dokumente \u00fcber den folgenden Link herunterladen:\r\n\r\n[ARCHIVE_DOWNLOAD_URL]\r\n\r\nMit dem \u00d6ffnen des Links beginnt gleichzeitig die in der Stellungnahme / Vorentscheid erw\u00e4hnte Frist f\u00fcr das rechtliche Geh\u00f6r. Das aktuelle Datum beim Anklicken des Links wurde im System gespeichert und gilt als Er\u00f6ffnungsdatum.\r\n\r\nMit freundlichen Gr\u00fcssen\r\nGemeindebaubeh\u00f6rde [INSTANCE_LOCATION]\r\n",
      "from_email": "camac@ur.ch",
      "from_name": "Camac Info",
      "receiver_query": "[gesuchsteller]",
      "workflow_item": 130000
    },
    "model": "core.buildingauthorityemail",
    "pk": 69
  },
  {
    "fields": {
      "attachment_section": null,
      "building_authority_button": 16,
      "email_subject": "CAMAC Dossier Nr. [@c2q6i1]: Bau- und Einsprache-Entscheid",
      "email_text": "CAMAC Info\r\n(automatisch generierte E-Mail von CAMAC, bitte nicht darauf antworten)\r\n\r\nBAU- UND EINSPRACHE-ENTSCHEID\r\n\r\nSehr geehrte Dame\r\nSehr geehrter Herr\r\n\r\nBetreffend das Dossier mit der ID Nr. [INSTANCE_ID] bzw. der CAMAC Nr. [@c2q6i1] wurde der Bau- und Einsprache-Entscheid von der zust\u00e4ndigen Gemeindebaubeh\u00f6rde [INSTANCE_LOCATION] erteilt und dem Gesuchsteller zugestellt.\r\n\r\nBitte kontaktieren Sie die zust\u00e4ndige Gemeindebaubeh\u00f6rde falls diese den Bauentscheid im CAMAC noch nicht hochgeladen hat.\r\n\r\nAmt f\u00fcr Raumentwicklung \r\nKoordinationsstelle f\u00fcr Baueingaben\r\nRathausplatz 5\r\n6460 Altdorf\r\n\r\nTel. 041 875 24 29\r\nE-Mail: raumplanung@ur.ch",
      "from_email": "camac@ur.ch",
      "from_name": "Camac Info",
      "receiver_query": "[fachstellen]",
      "workflow_item": null
    },
    "model": "core.buildingauthorityemail",
    "pk": 70
  },
  {
    "fields": {
      "attachment_section": null,
      "building_authority_button": 16,
      "email_subject": "CAMAC Dossier Nr. [@c2q6i1]: Bau- und Einsprache-Entscheid",
      "email_text": "CAMAC Info\r\n(automatisch generierte E-Mail von CAMAC, bitte nicht darauf antworten)\r\n\r\nStatusmeldung zum Stand des Bewilligungsverfahrens\r\nBAU- UND EINSPRACHEENTSCHEID\r\n\r\nSehr geehrte Dame\r\nSehr geehrter Herr\r\n\r\nDer Bau- und Einspracheentscheid der Gemeindebaubeh\u00f6rde [INSTANCE_LOCATION] zum Dossiers mit der ID Nr. [INSTANCE_ID] (CAMAC Dossiernummer [@c2q6i1]) wurde verschickt.\r\n\r\nMit freundlichen Gr\u00fcssen\r\nGemeindebaubeh\u00f6rde [INSTANCE_LOCATION]",
      "from_email": "camac@ur.ch",
      "from_name": "Camac Info",
      "receiver_query": "[gesuchsteller]",
      "workflow_item": null
    },
    "model": "core.buildingauthorityemail",
    "pk": 71
  },
  {
    "fields": {
      "name": "Ordentliches Verfahren"
    },
    "model": "core.buildingauthoritysection",
    "pk": 1
  },
  {
    "fields": {
      "name": "Rechtsmittelverfahren"
    },
    "model": "core.buildingauthoritysection",
    "pk": 2
  },
  {
    "fields": {
      "name": "Realisierungsphase"
    },
    "model": "core.buildingauthoritysection",
    "pk": 3
  },
  {
    "fields": {
      "name": "Meldungen / Dokumente"
    },
    "model": "core.buildingauthoritysection",
    "pk": 4
  },
  {
    "fields": {
      "class_field": "",
      "description": "",
      "hidden": 0,
      "instance_resource": 1,
      "name": "Erstellen",
      "sort": 0
    },
    "model": "core.button",
    "pk": 2
  },
  {
    "fields": {
      "class_field": "",
      "description": "",
      "hidden": 0,
      "instance_resource": 2,
      "name": "Speichern",
      "sort": 0
    },
    "model": "core.button",
    "pk": 3
  },
  {
    "fields": {
      "class_field": "release_koor",
      "description": null,
      "hidden": 0,
      "instance_resource": 2,
      "name": "Freigeben f\u00fcr Koordinationsstelle",
      "sort": 1
    },
    "model": "core.button",
    "pk": 4
  },
  {
    "fields": {
      "class_field": "",
      "description": "",
      "hidden": 0,
      "instance_resource": 4,
      "name": "Speichern",
      "sort": 0
    },
    "model": "core.button",
    "pk": 5
  },
  {
    "fields": {
      "class_field": "",
      "description": "",
      "hidden": 0,
      "instance_resource": 106,
      "name": "Erstellen",
      "sort": 0
    },
    "model": "core.button",
    "pk": 64
  },
  {
    "fields": {
      "class_field": "",
      "description": "",
      "hidden": 0,
      "instance_resource": 107,
      "name": "Speichern",
      "sort": 0
    },
    "model": "core.button",
    "pk": 65
  },
  {
    "fields": {
      "class_field": "return_to_community no-animation",
      "description": "ext zu comm",
      "hidden": 0,
      "instance_resource": 4,
      "name": "Zur\u00fcck an Gemeinde",
      "sort": 1
    },
    "model": "core.button",
    "pk": 124
  },
  {
    "fields": {
      "class_field": "",
      "description": "",
      "hidden": 0,
      "instance_resource": 107,
      "name": "L\u00f6schen",
      "sort": 2
    },
    "model": "core.button",
    "pk": 144
  },
  {
    "fields": {
      "class_field": "",
      "description": "",
      "hidden": 0,
      "instance_resource": 2,
      "name": "L\u00f6schen",
      "sort": 2
    },
    "model": "core.button",
    "pk": 146
  },
  {
    "fields": {
      "class_field": "return_to_community  no-animation",
      "description": "redac zu done",
      "hidden": 0,
      "instance_resource": 4,
      "name": "Zur\u00fcck an Gemeinde",
      "sort": 2
    },
    "model": "core.button",
    "pk": 147
  },
  {
    "fields": {
      "class_field": "",
      "description": "",
      "hidden": 0,
      "instance_resource": 107,
      "name": "Archivieren",
      "sort": 3
    },
    "model": "core.button",
    "pk": 148
  },
  {
    "fields": {
      "class_field": "",
      "description": "Gemeinde COMM und DONE",
      "hidden": 0,
      "instance_resource": 2,
      "name": "Archivieren",
      "sort": 3
    },
    "model": "core.button",
    "pk": 149
  },
  {
    "fields": {
      "class_field": "",
      "description": "",
      "hidden": 0,
      "instance_resource": 245,
      "name": "Speichern",
      "sort": 0
    },
    "model": "core.button",
    "pk": 150
  },
  {
    "fields": {
      "class_field": "",
      "description": "",
      "hidden": 0,
      "instance_resource": 245,
      "name": "L\u00f6schen",
      "sort": 2
    },
    "model": "core.button",
    "pk": 151
  },
  {
    "fields": {
      "class_field": "",
      "description": "",
      "hidden": 0,
      "instance_resource": 245,
      "name": "Archivieren",
      "sort": 3
    },
    "model": "core.button",
    "pk": 152
  },
  {
    "fields": {
      "class_field": "",
      "description": "",
      "hidden": 0,
      "instance_resource": 246,
      "name": "Umwandeln",
      "sort": 0
    },
    "model": "core.button",
    "pk": 153
  },
  {
    "fields": {
      "class_field": "",
      "description": "",
      "hidden": 0,
      "instance_resource": 315,
      "name": "Speichern",
      "sort": 0
    },
    "model": "core.button",
    "pk": 215
  },
  {
    "fields": {
      "class_field": "circ_start",
      "description": "",
      "hidden": 0,
      "instance_resource": 315,
      "name": "Zirkulation starten",
      "sort": 1
    },
    "model": "core.button",
    "pk": 216
  },
  {
    "fields": {
      "class_field": "downloady trigger-modal",
      "description": "",
      "hidden": 0,
      "instance_resource": 314,
      "name": "Entscheid / Stellungnahme \u00f6ffnen",
      "sort": 1
    },
    "model": "core.button",
    "pk": 248
  },
  {
    "fields": {
      "class_field": "downloady",
      "description": "",
      "hidden": 0,
      "instance_resource": 314,
      "name": "Rechnung erstellen",
      "sort": 2
    },
    "model": "core.button",
    "pk": 272
  },
  {
    "fields": {
      "class_field": "tracerbutton",
      "description": "",
      "hidden": 0,
      "instance_resource": 315,
      "name": "Laufzettel generieren",
      "sort": 3
    },
    "model": "core.button",
    "pk": 278
  },
  {
    "fields": {
      "class_field": "downloady",
      "description": "",
      "hidden": 0,
      "instance_resource": 314,
      "name": "Brief an GesuchstellerIn",
      "sort": 0
    },
    "model": "core.button",
    "pk": 288
  },
  {
    "fields": {
      "class_field": "circ_save_button",
      "description": "Antwort speichern Button",
      "hidden": 0,
      "instance_resource": 367,
      "name": "Antwort Speichern",
      "sort": 0
    },
    "model": "core.button",
    "pk": 304
  },
  {
    "fields": {
      "class_field": "circ_send_button no-animation",
      "description": null,
      "hidden": 0,
      "instance_resource": 367,
      "name": "Antwort senden",
      "sort": 1
    },
    "model": "core.button",
    "pk": 305
  },
  {
    "fields": {
      "class_field": "",
      "description": "",
      "hidden": 0,
      "instance_resource": 387,
      "name": "Zirkulation starten",
      "sort": 0
    },
    "model": "core.button",
    "pk": 324
  },
  {
    "fields": {
      "class_field": "",
      "description": "",
      "hidden": 0,
      "instance_resource": 389,
      "name": "Antwort Speichern",
      "sort": 0
    },
    "model": "core.button",
    "pk": 325
  },
  {
    "fields": {
      "class_field": "",
      "description": "",
      "hidden": 0,
      "instance_resource": 389,
      "name": "Antwort senden",
      "sort": 1
    },
    "model": "core.button",
    "pk": 326
  },
  {
    "fields": {
      "class_field": "reopen_button",
      "description": "",
      "hidden": 0,
      "instance_resource": 315,
      "name": "Wiederer\u00f6ffnen",
      "sort": 4
    },
    "model": "core.button",
    "pk": 389
  },
  {
    "fields": {
      "class_field": "",
      "description": "",
      "hidden": 0,
      "instance_resource": 447,
      "name": "Speichern",
      "sort": 0
    },
    "model": "core.button",
    "pk": 408
  },
  {
    "fields": {
      "class_field": "",
      "description": "",
      "hidden": 0,
      "instance_resource": 448,
      "name": "Erstellen",
      "sort": 0
    },
    "model": "core.button",
    "pk": 409
  },
  {
    "fields": {
      "class_field": "",
      "description": "",
      "hidden": 0,
      "instance_resource": 445,
      "name": "Speichern",
      "sort": 0
    },
    "model": "core.button",
    "pk": 428
  },
  {
    "fields": {
      "class_field": "",
      "description": "",
      "hidden": 0,
      "instance_resource": 445,
      "name": "L\u00f6schen",
      "sort": 1
    },
    "model": "core.button",
    "pk": 429
  },
  {
    "fields": {
      "class_field": "",
      "description": "",
      "hidden": 0,
      "instance_resource": 445,
      "name": "Archivieren",
      "sort": 2
    },
    "model": "core.button",
    "pk": 430
  },
  {
    "fields": {
      "class_field": "",
      "description": "",
      "hidden": 0,
      "instance_resource": 467,
      "name": "Speichern",
      "sort": 0
    },
    "model": "core.button",
    "pk": 431
  },
  {
    "fields": {
      "class_field": "circ_start",
      "description": "",
      "hidden": 0,
      "instance_resource": 467,
      "name": "Zirkulation starten",
      "sort": 1
    },
    "model": "core.button",
    "pk": 432
  },
  {
    "fields": {
      "class_field": "tracerbutton",
      "description": "",
      "hidden": 0,
      "instance_resource": 467,
      "name": "Laufzettel generieren",
      "sort": 3
    },
    "model": "core.button",
    "pk": 433
  },
  {
    "fields": {
      "class_field": "reopen_button",
      "description": "",
      "hidden": 0,
      "instance_resource": 467,
      "name": "Wiederer\u00f6ffnen",
      "sort": 4
    },
    "model": "core.button",
    "pk": 434
  },
  {
    "fields": {
      "class_field": "",
      "description": "",
      "hidden": 0,
      "instance_resource": 487,
      "name": "Speichern",
      "sort": 0
    },
    "model": "core.button",
    "pk": 448
  },
  {
    "fields": {
      "class_field": "",
      "description": "",
      "hidden": 0,
      "instance_resource": 489,
      "name": "Erstellen",
      "sort": 0
    },
    "model": "core.button",
    "pk": 468
  },
  {
    "fields": {
      "class_field": "",
      "description": "",
      "hidden": 0,
      "instance_resource": 490,
      "name": "Speichern",
      "sort": 0
    },
    "model": "core.button",
    "pk": 469
  },
  {
    "fields": {
      "class_field": "release_koor",
      "description": null,
      "hidden": 0,
      "instance_resource": 490,
      "name": "Freigeben f\u00fcr Koordinationsstelle",
      "sort": 1
    },
    "model": "core.button",
    "pk": 470
  },
  {
    "fields": {
      "class_field": "",
      "description": "",
      "hidden": 0,
      "instance_resource": 490,
      "name": "L\u00f6schen",
      "sort": 2
    },
    "model": "core.button",
    "pk": 471
  },
  {
    "fields": {
      "class_field": "",
      "description": "Gemeinde COMM und DONE",
      "hidden": 0,
      "instance_resource": 490,
      "name": "Archivieren",
      "sort": 3
    },
    "model": "core.button",
    "pk": 472
  },
  {
    "fields": {
      "class_field": "",
      "description": "",
      "hidden": 0,
      "instance_resource": 2,
      "name": "Wiederer\u00f6ffnen",
      "sort": 4
    },
    "model": "core.button",
    "pk": 488
  },
  {
    "fields": {
      "class_field": "",
      "description": "",
      "hidden": 0,
      "instance_resource": 490,
      "name": "Wiederer\u00f6ffnen",
      "sort": 4
    },
    "model": "core.button",
    "pk": 489
  },
  {
    "fields": {
      "class_field": "downloady",
      "description": "",
      "hidden": 0,
      "instance_resource": 486,
      "name": "Rechnung / Geb\u00fchren",
      "sort": 0
    },
    "model": "core.button",
    "pk": 528
  },
  {
    "fields": {
      "class_field": "return_to_community no-animation",
      "description": null,
      "hidden": 0,
      "instance_resource": 445,
      "name": "Zur\u00fcck an Gemeinde",
      "sort": 3
    },
    "model": "core.button",
    "pk": 529
  },
  {
    "fields": {
      "class_field": "downloady trigger-modal",
      "description": "",
      "hidden": 0,
      "instance_resource": 486,
      "name": "Entscheid / Stellungnahme \u00f6ffnen",
      "sort": 1
    },
    "model": "core.button",
    "pk": 548
  },
  {
    "fields": {
      "class_field": "add_to_circ",
      "description": null,
      "hidden": 0,
      "instance_resource": 315,
      "name": "Zur Zirkulation hinzuf\u00fcgen",
      "sort": 2
    },
    "model": "core.button",
    "pk": 568
  },
  {
    "fields": {
      "class_field": "add_to_circ",
      "description": "",
      "hidden": 0,
      "instance_resource": 467,
      "name": "Zur Zirkulation hinzuf\u00fcgen",
      "sort": 2
    },
    "model": "core.button",
    "pk": 570
  },
  {
    "fields": {
      "class_field": "",
      "description": "",
      "hidden": 0,
      "instance_resource": 586,
      "name": "Speichern",
      "sort": 0
    },
    "model": "core.button",
    "pk": 608
  },
  {
    "fields": {
      "class_field": "circ_nfd_button",
      "description": "Button, der die Zirkulation in Nachforderung setzt f\u00fcr diese Vernehmlassungsstelle",
      "hidden": 0,
      "instance_resource": 367,
      "name": "Nachforderung",
      "sort": 2
    },
    "model": "core.button",
    "pk": 628
  },
  {
    "fields": {
      "class_field": "circ_complete_button",
      "description": "Button, wenn die Nachforderung erledigt ist",
      "hidden": 0,
      "instance_resource": 367,
      "name": "Dossier vollst\u00e4ndig",
      "sort": 3
    },
    "model": "core.button",
    "pk": 648
  },
  {
    "fields": {
      "class_field": "",
      "description": "",
      "hidden": 0,
      "instance_resource": 608,
      "name": "Erstellen",
      "sort": 0
    },
    "model": "core.button",
    "pk": 668
  },
  {
    "fields": {
      "class_field": "",
      "description": "",
      "hidden": 0,
      "instance_resource": 625,
      "name": "Speichern",
      "sort": 0
    },
    "model": "core.button",
    "pk": 688
  },
  {
    "fields": {
      "class_field": "circ_start",
      "description": "",
      "hidden": 0,
      "instance_resource": 625,
      "name": "Zirkulation starten",
      "sort": 1
    },
    "model": "core.button",
    "pk": 689
  },
  {
    "fields": {
      "class_field": "add_to_circ",
      "description": "",
      "hidden": 0,
      "instance_resource": 625,
      "name": "Zur Zirkulation hinzuf\u00fcgen",
      "sort": 2
    },
    "model": "core.button",
    "pk": 690
  },
  {
    "fields": {
      "class_field": "tracerbutton",
      "description": "",
      "hidden": 0,
      "instance_resource": 625,
      "name": "Laufzettel generieren",
      "sort": 3
    },
    "model": "core.button",
    "pk": 691
  },
  {
    "fields": {
      "class_field": "reopen_button",
      "description": "",
      "hidden": 0,
      "instance_resource": 625,
      "name": "Wiederer\u00f6ffnen",
      "sort": 4
    },
    "model": "core.button",
    "pk": 692
  },
  {
    "fields": {
      "class_field": "",
      "description": "",
      "hidden": 0,
      "instance_resource": 605,
      "name": "Speichern",
      "sort": 0
    },
    "model": "core.button",
    "pk": 708
  },
  {
    "fields": {
      "class_field": "",
      "description": "",
      "hidden": 0,
      "instance_resource": 605,
      "name": "L\u00f6schen",
      "sort": 2
    },
    "model": "core.button",
    "pk": 710
  },
  {
    "fields": {
      "class_field": "",
      "description": "",
      "hidden": 0,
      "instance_resource": 605,
      "name": "Archivieren",
      "sort": 3
    },
    "model": "core.button",
    "pk": 711
  },
  {
    "fields": {
      "class_field": "downloady",
      "description": "",
      "hidden": 0,
      "instance_resource": 646,
      "name": "Rechnung / Geb\u00fchren",
      "sort": 2
    },
    "model": "core.button",
    "pk": 714
  },
  {
    "fields": {
      "class_field": "",
      "description": "",
      "hidden": 0,
      "instance_resource": 649,
      "name": "Speichern",
      "sort": 0
    },
    "model": "core.button",
    "pk": 715
  },
  {
    "fields": {
      "class_field": "",
      "description": "",
      "hidden": 0,
      "instance_resource": 649,
      "name": "L\u00f6schen",
      "sort": 1
    },
    "model": "core.button",
    "pk": 716
  },
  {
    "fields": {
      "class_field": "",
      "description": "",
      "hidden": 0,
      "instance_resource": 649,
      "name": "Archivieren",
      "sort": 2
    },
    "model": "core.button",
    "pk": 717
  },
  {
    "fields": {
      "class_field": "button_reopen",
      "description": "Von Arch zur\u00fcck zu Redac",
      "hidden": 0,
      "instance_resource": 107,
      "name": "Wiederer\u00f6ffnen (EXT)",
      "sort": 5
    },
    "model": "core.button",
    "pk": 718
  },
  {
    "fields": {
      "class_field": "button_reopen",
      "description": "",
      "hidden": 0,
      "instance_resource": 605,
      "name": "Wiederer\u00f6ffnen (COMM)",
      "sort": 4
    },
    "model": "core.button",
    "pk": 719
  },
  {
    "fields": {
      "class_field": "button_reopen",
      "description": "",
      "hidden": 0,
      "instance_resource": 649,
      "name": "Wiederer\u00f6ffnen (COMM)",
      "sort": 3
    },
    "model": "core.button",
    "pk": 720
  },
  {
    "fields": {
      "class_field": "button_reopen",
      "description": "",
      "hidden": 0,
      "instance_resource": 465,
      "name": "Wiederer\u00f6ffnen (COMM)",
      "sort": 0
    },
    "model": "core.button",
    "pk": 721
  },
  {
    "fields": {
      "class_field": "downloady",
      "description": "",
      "hidden": 0,
      "instance_resource": 314,
      "name": "Rechnung Baubegleitung",
      "sort": 3
    },
    "model": "core.button",
    "pk": 723
  },
  {
    "fields": {
      "class_field": "downloady",
      "description": "",
      "hidden": 0,
      "instance_resource": 486,
      "name": "Rechnung Baubegleitung",
      "sort": 1
    },
    "model": "core.button",
    "pk": 724
  },
  {
    "fields": {
      "class_field": "downloady",
      "description": "",
      "hidden": 0,
      "instance_resource": 646,
      "name": "Rechnung Baubegleitung",
      "sort": 1
    },
    "model": "core.button",
    "pk": 725
  },
  {
    "fields": {
      "class_field": "",
      "description": "",
      "hidden": 0,
      "instance_resource": 671,
      "name": "Speichern",
      "sort": 0
    },
    "model": "core.button",
    "pk": 742
  },
  {
    "fields": {
      "class_field": "",
      "description": "",
      "hidden": 0,
      "instance_resource": 651,
      "name": "Erstellen",
      "sort": 0
    },
    "model": "core.button",
    "pk": 743
  },
  {
    "fields": {
      "class_field": "",
      "description": "",
      "hidden": 0,
      "instance_resource": 672,
      "name": "Speichern",
      "sort": 0
    },
    "model": "core.button",
    "pk": 745
  },
  {
    "fields": {
      "class_field": "button_accept",
      "description": "Akzeptieren vom Dossier, d.h., in den echten Workflow \u00fcbernehmen",
      "hidden": 0,
      "instance_resource": 672,
      "name": "Dossier annehmen",
      "sort": 1
    },
    "model": "core.button",
    "pk": 746
  },
  {
    "fields": {
      "class_field": "reject-msg",
      "description": "Button zum Abweisen eines Dossiers",
      "hidden": 0,
      "instance_resource": 672,
      "name": "Abweisen",
      "sort": 2
    },
    "model": "core.button",
    "pk": 747
  },
  {
    "fields": {
      "class_field": "portal_save_and_continue",
      "description": "Portal\nButton um vom Dossier editieren zu den Dokumenten zu gelangen",
      "hidden": 0,
      "instance_resource": 671,
      "name": "Speichern und weiter",
      "sort": 1
    },
    "model": "core.button",
    "pk": 748
  },
  {
    "fields": {
      "class_field": "nfd-msg",
      "description": "Nachforderung bei B\u00fcrger-Dossier",
      "hidden": 0,
      "instance_resource": 672,
      "name": "Nachforderung",
      "sort": 3
    },
    "model": "core.button",
    "pk": 752
  },
  {
    "fields": {
      "class_field": "",
      "description": "Dossier in NFD ist nun komplett und wird wieder f\u00fcr die Gemeinde freigegeben.",
      "hidden": 0,
      "instance_resource": 674,
      "name": "Dossier komplett",
      "sort": 2
    },
    "model": "core.button",
    "pk": 753
  },
  {
    "fields": {
      "class_field": "back_button",
      "description": "Zur\u00fcck-Button f\u00fcr die Seite, wo man bei NFD die Sache best\u00e4tigt",
      "hidden": 0,
      "instance_resource": 681,
      "name": "Zur\u00fcck",
      "sort": 0
    },
    "model": "core.button",
    "pk": 754
  },
  {
    "fields": {
      "class_field": "",
      "description": "Button, womit man sagen kann, ob ein Dossier komplett ist",
      "hidden": 0,
      "instance_resource": 681,
      "name": "Dossier senden",
      "sort": 1
    },
    "model": "core.button",
    "pk": 755
  },
  {
    "fields": {
      "class_field": "",
      "description": "",
      "hidden": 0,
      "instance_resource": 4,
      "name": "Wiederer\u00f6ffnen (COMM)",
      "sort": 3
    },
    "model": "core.button",
    "pk": 756
  },
  {
    "fields": {
      "class_field": "",
      "description": "",
      "hidden": 0,
      "instance_resource": 465,
      "name": "Wiederer\u00f6ffnen (EXT)",
      "sort": 1
    },
    "model": "core.button",
    "pk": 757
  },
  {
    "fields": {
      "class_field": "",
      "description": "",
      "hidden": 0,
      "instance_resource": 605,
      "name": "Wiederer\u00f6ffnen (EXT)",
      "sort": 5
    },
    "model": "core.button",
    "pk": 758
  },
  {
    "fields": {
      "class_field": "",
      "description": "",
      "hidden": 0,
      "instance_resource": 649,
      "name": "Wiederer\u00f6ffnen (EXT)",
      "sort": 4
    },
    "model": "core.button",
    "pk": 759
  },
  {
    "fields": {
      "class_field": "",
      "description": "",
      "hidden": 0,
      "instance_resource": 4,
      "name": "Wiederer\u00f6ffnen (EXT)",
      "sort": 4
    },
    "model": "core.button",
    "pk": 760
  },
  {
    "fields": {
      "class_field": "",
      "description": "",
      "hidden": 0,
      "instance_resource": 107,
      "name": "Wiederer\u00f6ffnen (COMM)",
      "sort": 4
    },
    "model": "core.button",
    "pk": 761
  },
  {
    "fields": {
      "class_field": null,
      "description": "\u00c4ndert den Status des Dossiers",
      "hidden": 0,
      "instance_resource": 4,
      "name": "Status\u00e4nderung",
      "sort": 5
    },
    "model": "core.button",
    "pk": 762
  },
  {
    "fields": {
      "class_field": "",
      "description": "",
      "hidden": 0,
      "instance_resource": 699,
      "name": "Speichern",
      "sort": 0
    },
    "model": "core.button",
    "pk": 765
  },
  {
    "fields": {
      "class_field": "",
      "description": "",
      "hidden": 0,
      "instance_resource": 699,
      "name": "L\u00f6schen",
      "sort": 1
    },
    "model": "core.button",
    "pk": 766
  },
  {
    "fields": {
      "class_field": "",
      "description": "",
      "hidden": 0,
      "instance_resource": 699,
      "name": "Archivieren",
      "sort": 2
    },
    "model": "core.button",
    "pk": 767
  },
  {
    "fields": {
      "class_field": "",
      "description": "Von Arch zur\u00fcck zu Redac",
      "hidden": 0,
      "instance_resource": 699,
      "name": "Wiederer\u00f6ffnen (EXT)",
      "sort": 3
    },
    "model": "core.button",
    "pk": 769
  },
  {
    "fields": {
      "class_field": "",
      "description": "",
      "hidden": 0,
      "instance_resource": 702,
      "name": "Speichern",
      "sort": 0
    },
    "model": "core.button",
    "pk": 770
  },
  {
    "fields": {
      "class_field": "circ_start",
      "description": "",
      "hidden": 0,
      "instance_resource": 702,
      "name": "Zirkulation starten",
      "sort": 1
    },
    "model": "core.button",
    "pk": 771
  },
  {
    "fields": {
      "class_field": "downloady",
      "description": "",
      "hidden": 0,
      "instance_resource": 704,
      "name": "Rechnung / Geb\u00fchren",
      "sort": 2
    },
    "model": "core.button",
    "pk": 774
  },
  {
    "fields": {
      "class_field": "downloady",
      "description": "",
      "hidden": 0,
      "instance_resource": 704,
      "name": "Rechnung Baubegleitung",
      "sort": 3
    },
    "model": "core.button",
    "pk": 775
  },
  {
    "fields": {
      "class_field": "",
      "description": "",
      "hidden": 0,
      "instance_resource": 705,
      "name": "Speichern",
      "sort": 0
    },
    "model": "core.button",
    "pk": 776
  },
  {
    "fields": {
      "class_field": "",
      "description": "",
      "hidden": 0,
      "instance_resource": 697,
      "name": "Erstellen",
      "sort": 0
    },
    "model": "core.button",
    "pk": 777
  },
  {
    "fields": {
      "class_field": "add_to_circ",
      "description": "",
      "hidden": 0,
      "instance_resource": 702,
      "name": "Zur Zirkulation hinzuf\u00fcgen",
      "sort": 2
    },
    "model": "core.button",
    "pk": 782
  },
  {
    "fields": {
      "class_field": "tracerbutton",
      "description": "",
      "hidden": 0,
      "instance_resource": 702,
      "name": "Laufzettel generieren",
      "sort": 3
    },
    "model": "core.button",
    "pk": 783
  },
  {
    "fields": {
      "class_field": "reopen_button",
      "description": "",
      "hidden": 0,
      "instance_resource": 702,
      "name": "Wiederer\u00f6ffnen",
      "sort": 4
    },
    "model": "core.button",
    "pk": 784
  },
  {
    "fields": {
      "class_field": null,
      "description": "\u00c4ndert den Status des Dossiers",
      "hidden": 0,
      "instance_resource": 107,
      "name": "Status\u00e4nderung",
      "sort": 6
    },
    "model": "core.button",
    "pk": 785
  },
  {
    "fields": {
      "class_field": "",
      "description": "",
      "hidden": 0,
      "instance_resource": 714,
      "name": "Speichern",
      "sort": 0
    },
    "model": "core.button",
    "pk": 790
  },
  {
    "fields": {
      "class_field": "",
      "description": "",
      "hidden": 0,
      "instance_resource": 714,
      "name": "L\u00f6schen",
      "sort": 1
    },
    "model": "core.button",
    "pk": 791
  },
  {
    "fields": {
      "class_field": "",
      "description": "",
      "hidden": 0,
      "instance_resource": 714,
      "name": "Archivieren",
      "sort": 2
    },
    "model": "core.button",
    "pk": 792
  },
  {
    "fields": {
      "class_field": "",
      "description": "Von Arch zur\u00fcck zu Redac",
      "hidden": 0,
      "instance_resource": 714,
      "name": "Wiederer\u00f6ffnen (EXT)",
      "sort": 3
    },
    "model": "core.button",
    "pk": 793
  },
  {
    "fields": {
      "class_field": "",
      "description": "",
      "hidden": 0,
      "instance_resource": 717,
      "name": "Speichern",
      "sort": 0
    },
    "model": "core.button",
    "pk": 794
  },
  {
    "fields": {
      "class_field": "",
      "description": "",
      "hidden": 0,
      "instance_resource": 717,
      "name": "Zirkulation starten",
      "sort": 1
    },
    "model": "core.button",
    "pk": 795
  },
  {
    "fields": {
      "class_field": "add_to_circ",
      "description": "",
      "hidden": 0,
      "instance_resource": 717,
      "name": "Zur Zirkulation hinzuf\u00fcgen",
      "sort": 2
    },
    "model": "core.button",
    "pk": 796
  },
  {
    "fields": {
      "class_field": "tracerbutton",
      "description": "",
      "hidden": 0,
      "instance_resource": 717,
      "name": "Laufzettel generieren",
      "sort": 3
    },
    "model": "core.button",
    "pk": 797
  },
  {
    "fields": {
      "class_field": "reopen_button",
      "description": "",
      "hidden": 0,
      "instance_resource": 717,
      "name": "Wiederer\u00f6ffnen",
      "sort": 4
    },
    "model": "core.button",
    "pk": 798
  },
  {
    "fields": {
      "class_field": "downloady",
      "description": "",
      "hidden": 0,
      "instance_resource": 719,
      "name": "Rechnung / Geb\u00fchren",
      "sort": 0
    },
    "model": "core.button",
    "pk": 799
  },
  {
    "fields": {
      "class_field": "downloady",
      "description": "",
      "hidden": 0,
      "instance_resource": 719,
      "name": "Rechnung Baubegleitung",
      "sort": 1
    },
    "model": "core.button",
    "pk": 800
  },
  {
    "fields": {
      "class_field": "",
      "description": "",
      "hidden": 0,
      "instance_resource": 722,
      "name": "Erstellen",
      "sort": 0
    },
    "model": "core.button",
    "pk": 801
  },
  {
    "fields": {
      "class_field": "",
      "description": "",
      "hidden": 0,
      "instance_resource": 723,
      "name": "Speichern",
      "sort": 0
    },
    "model": "core.button",
    "pk": 802
  },
  {
    "fields": {
      "class_field": "",
      "description": "",
      "hidden": 0,
      "instance_resource": 723,
      "name": "L\u00f6schen",
      "sort": 1
    },
    "model": "core.button",
    "pk": 803
  },
  {
    "fields": {
      "class_field": "",
      "description": "",
      "hidden": 0,
      "instance_resource": 723,
      "name": "Archivieren",
      "sort": 2
    },
    "model": "core.button",
    "pk": 804
  },
  {
    "fields": {
      "class_field": "",
      "description": "Von Arch zur\u00fcck zu Redac",
      "hidden": 0,
      "instance_resource": 723,
      "name": "Wiederer\u00f6ffnen (EXT)",
      "sort": 3
    },
    "model": "core.button",
    "pk": 805
  },
  {
    "fields": {
      "class_field": "",
      "description": "",
      "hidden": 0,
      "instance_resource": 726,
      "name": "Speichern",
      "sort": 0
    },
    "model": "core.button",
    "pk": 806
  },
  {
    "fields": {
      "class_field": "",
      "description": "",
      "hidden": 0,
      "instance_resource": 726,
      "name": "Zirkulation starten",
      "sort": 1
    },
    "model": "core.button",
    "pk": 807
  },
  {
    "fields": {
      "class_field": "add_to_circ",
      "description": "",
      "hidden": 0,
      "instance_resource": 726,
      "name": "Zur Zirkulation hinzuf\u00fcgen",
      "sort": 2
    },
    "model": "core.button",
    "pk": 808
  },
  {
    "fields": {
      "class_field": "tracerbutton",
      "description": "",
      "hidden": 0,
      "instance_resource": 726,
      "name": "Laufzettel generieren",
      "sort": 3
    },
    "model": "core.button",
    "pk": 809
  },
  {
    "fields": {
      "class_field": "reopen_button",
      "description": "",
      "hidden": 0,
      "instance_resource": 726,
      "name": "Wiederer\u00f6ffnen",
      "sort": 4
    },
    "model": "core.button",
    "pk": 810
  },
  {
    "fields": {
      "class_field": "downloady",
      "description": "",
      "hidden": 0,
      "instance_resource": 727,
      "name": "Rechnung / Geb\u00fchren",
      "sort": 0
    },
    "model": "core.button",
    "pk": 811
  },
  {
    "fields": {
      "class_field": "downloady",
      "description": "",
      "hidden": 0,
      "instance_resource": 727,
      "name": "Rechnung Baubegleitung",
      "sort": 1
    },
    "model": "core.button",
    "pk": 812
  },
  {
    "fields": {
      "class_field": "",
      "description": "",
      "hidden": 0,
      "instance_resource": 732,
      "name": "Erstellen",
      "sort": 0
    },
    "model": "core.button",
    "pk": 817
  },
  {
    "fields": {
      "class_field": "",
      "description": "",
      "hidden": 0,
      "instance_resource": 735,
      "name": "Speichern",
      "sort": 0
    },
    "model": "core.button",
    "pk": 822
  },
  {
    "fields": {
      "class_field": "",
      "description": "",
      "hidden": 0,
      "instance_resource": 735,
      "name": "L\u00f6schen",
      "sort": 1
    },
    "model": "core.button",
    "pk": 823
  },
  {
    "fields": {
      "class_field": "",
      "description": "",
      "hidden": 0,
      "instance_resource": 735,
      "name": "Archivieren",
      "sort": 2
    },
    "model": "core.button",
    "pk": 824
  },
  {
    "fields": {
      "class_field": "",
      "description": "Von Arch zur\u00fcck zu Redac",
      "hidden": 0,
      "instance_resource": 735,
      "name": "Wiederer\u00f6ffnen (EXT)",
      "sort": 3
    },
    "model": "core.button",
    "pk": 825
  },
  {
    "fields": {
      "class_field": "",
      "description": "",
      "hidden": 0,
      "instance_resource": 738,
      "name": "Speichern",
      "sort": 0
    },
    "model": "core.button",
    "pk": 826
  },
  {
    "fields": {
      "class_field": "",
      "description": "",
      "hidden": 0,
      "instance_resource": 738,
      "name": "Zirkulation starten",
      "sort": 1
    },
    "model": "core.button",
    "pk": 827
  },
  {
    "fields": {
      "class_field": "add_to_circ",
      "description": "",
      "hidden": 0,
      "instance_resource": 738,
      "name": "Zur Zirkulation hinzuf\u00fcgen",
      "sort": 2
    },
    "model": "core.button",
    "pk": 828
  },
  {
    "fields": {
      "class_field": "tracerbutton",
      "description": "",
      "hidden": 0,
      "instance_resource": 738,
      "name": "Laufzettel generieren",
      "sort": 3
    },
    "model": "core.button",
    "pk": 829
  },
  {
    "fields": {
      "class_field": "reopen_button",
      "description": "",
      "hidden": 0,
      "instance_resource": 738,
      "name": "Wiederer\u00f6ffnen",
      "sort": 4
    },
    "model": "core.button",
    "pk": 830
  },
  {
    "fields": {
      "class_field": "downloady",
      "description": "",
      "hidden": 0,
      "instance_resource": 739,
      "name": "Rechnung / Geb\u00fchren",
      "sort": 0
    },
    "model": "core.button",
    "pk": 831
  },
  {
    "fields": {
      "class_field": "downloady",
      "description": "",
      "hidden": 0,
      "instance_resource": 739,
      "name": "Rechnung Baubegleitung",
      "sort": 1
    },
    "model": "core.button",
    "pk": 832
  },
  {
    "fields": {
      "class_field": "",
      "description": "",
      "hidden": 0,
      "instance_resource": 742,
      "name": "Erstellen",
      "sort": 0
    },
    "model": "core.button",
    "pk": 833
  },
  {
    "fields": {
      "class_field": "oereb",
      "description": null,
      "hidden": 1,
      "instance_resource": 2,
      "name": "\u00d6REB Meldung",
      "sort": 5
    },
    "model": "core.button",
    "pk": 834
  },
  {
    "fields": {
      "class_field": "oereb",
      "description": "",
      "hidden": 0,
      "instance_resource": 490,
      "name": "\u00d6REB Meldung",
      "sort": 5
    },
    "model": "core.button",
    "pk": 854
  },
  {
    "fields": {
      "class_field": "oereb",
      "description": "",
      "hidden": 0,
      "instance_resource": 445,
      "name": "\u00d6REB Meldung",
      "sort": 4
    },
    "model": "core.button",
    "pk": 874
  },
  {
    "fields": {
      "class_field": "oereb",
      "description": "",
      "hidden": 0,
      "instance_resource": 4,
      "name": "\u00d6REB Meldung",
      "sort": 6
    },
    "model": "core.button",
    "pk": 894
  },
  {
    "fields": {
      "class_field": "oereb",
      "description": "",
      "hidden": 0,
      "instance_resource": 735,
      "name": "\u00d6REB Meldung",
      "sort": 4
    },
    "model": "core.button",
    "pk": 914
  },
  {
    "fields": {
      "class_field": "oereb",
      "description": "",
      "hidden": 0,
      "instance_resource": 699,
      "name": "\u00d6REB Meldung",
      "sort": 4
    },
    "model": "core.button",
    "pk": 915
  },
  {
    "fields": {
      "class_field": "oereb",
      "description": "",
      "hidden": 0,
      "instance_resource": 605,
      "name": "\u00d6REB Meldung",
      "sort": 6
    },
    "model": "core.button",
    "pk": 917
  },
  {
    "fields": {
      "class_field": "downloady",
      "description": null,
      "hidden": 0,
      "instance_resource": 752,
      "name": "Rechnung / Geb\u00fchren",
      "sort": 0
    },
    "model": "core.button",
    "pk": 919
  },
  {
    "fields": {
      "class_field": "downloady",
      "description": null,
      "hidden": 0,
      "instance_resource": 752,
      "name": "Rechnung Baubegleitung",
      "sort": 1
    },
    "model": "core.button",
    "pk": 920
  },
  {
    "fields": {
      "class_field": "release_buildingauthority",
      "description": null,
      "hidden": 0,
      "instance_resource": 245,
      "name": "Freigeben f\u00fcr Gemeindebaubeh\u00f6rde",
      "sort": 1
    },
    "model": "core.button",
    "pk": 921
  },
  {
    "fields": {
      "class_field": null,
      "description": null,
      "hidden": 0,
      "instance_resource": 753,
      "name": "Speichern",
      "sort": 0
    },
    "model": "core.button",
    "pk": 922
  },
  {
    "fields": {
      "class_field": "circ_start",
      "description": null,
      "hidden": 0,
      "instance_resource": 753,
      "name": "Zirkulation starten",
      "sort": 1
    },
    "model": "core.button",
    "pk": 923
  },
  {
    "fields": {
      "class_field": "add_to_circ",
      "description": null,
      "hidden": 0,
      "instance_resource": 753,
      "name": "Zur Zirkulation hinzuf\u00fcgen",
      "sort": 2
    },
    "model": "core.button",
    "pk": 924
  },
  {
    "fields": {
      "class_field": "reopen_button",
      "description": null,
      "hidden": 0,
      "instance_resource": 753,
      "name": "Wiederer\u00f6ffnen",
      "sort": 3
    },
    "model": "core.button",
    "pk": 925
  },
  {
    "fields": {
      "class_field": "circ_save_button",
      "description": null,
      "hidden": 0,
      "instance_resource": 757,
      "name": "Antwort speichern",
      "sort": 0
    },
    "model": "core.button",
    "pk": 926
  },
  {
    "fields": {
      "class_field": "circ_send_button no-animation",
      "description": null,
      "hidden": 0,
      "instance_resource": 757,
      "name": "Antwort senden",
      "sort": 1
    },
    "model": "core.button",
    "pk": 927
  },
  {
    "fields": {
      "class_field": null,
      "description": null,
      "hidden": 0,
      "instance_resource": 759,
      "name": "Erstellen",
      "sort": 0
    },
    "model": "core.button",
    "pk": 930
  },
  {
    "fields": {
      "class_field": null,
      "description": null,
      "hidden": 0,
      "instance_resource": 758,
      "name": "Speichern",
      "sort": 1
    },
    "model": "core.button",
    "pk": 931
  },
  {
    "fields": {
      "class_field": null,
      "description": null,
      "hidden": 0,
      "instance_resource": 758,
      "name": "L\u00f6schen",
      "sort": 2
    },
    "model": "core.button",
    "pk": 932
  },
  {
    "fields": {
      "class_field": "archive_btn",
      "description": null,
      "hidden": 0,
      "instance_resource": 758,
      "name": "Archivieren",
      "sort": 3
    },
    "model": "core.button",
    "pk": 933
  },
  {
    "fields": {
      "class_field": null,
      "description": null,
      "hidden": 0,
      "instance_resource": 763,
      "name": "Speichern",
      "sort": 0
    },
    "model": "core.button",
    "pk": 934
  },
  {
    "fields": {
      "class_field": "circ_start",
      "description": null,
      "hidden": 0,
      "instance_resource": 763,
      "name": "Zirkulation starten",
      "sort": 1
    },
    "model": "core.button",
    "pk": 935
  },
  {
    "fields": {
      "class_field": "add_to_circ",
      "description": null,
      "hidden": 0,
      "instance_resource": 763,
      "name": "Zur Zirkulation hinzuf\u00fcgen",
      "sort": 2
    },
    "model": "core.button",
    "pk": 936
  },
  {
    "fields": {
      "class_field": "reopen_button",
      "description": null,
      "hidden": 0,
      "instance_resource": 763,
      "name": "Wiederer\u00f6ffnen",
      "sort": 4
    },
    "model": "core.button",
    "pk": 938
  },
  {
    "fields": {
      "class_field": "circ_save_button",
      "description": null,
      "hidden": 0,
      "instance_resource": 764,
      "name": "Antwort Speichern",
      "sort": 0
    },
    "model": "core.button",
    "pk": 939
  },
  {
    "fields": {
      "class_field": "circ_send_button no-animation",
      "description": null,
      "hidden": 0,
      "instance_resource": 764,
      "name": "Antwort Senden",
      "sort": 1
    },
    "model": "core.button",
    "pk": 940
  },
  {
    "fields": {
      "class_field": "release_koor",
      "description": null,
      "hidden": 0,
      "instance_resource": 758,
      "name": "Freigeben f\u00fcr Koordinationsstelle",
      "sort": 0
    },
    "model": "core.button",
    "pk": 943
  },
  {
    "fields": {
      "class_field": null,
      "description": null,
      "hidden": 0,
      "instance_resource": 766,
      "name": "Archivieren",
      "sort": 0
    },
    "model": "core.button",
    "pk": 944
  },
  {
    "fields": {
      "class_field": null,
      "description": null,
      "hidden": 0,
      "instance_resource": 107,
      "name": "Zur\u00fcck an Leitbeh\u00f6rde",
      "sort": 1
    },
    "model": "core.button",
    "pk": 945
  },
  {
    "fields": {
      "class_field": null,
      "description": null,
      "hidden": 0,
      "instance_resource": 605,
      "name": "Zur\u00fcck an Leitbeh\u00f6rde",
      "sort": 1
    },
    "model": "core.button",
    "pk": 946
  },
  {
    "fields": {
      "class_field": "circ_save_button",
      "description": null,
      "hidden": 0,
      "instance_resource": 769,
      "name": "Antwort speichern",
      "sort": 0
    },
    "model": "core.button",
    "pk": 947
  },
  {
    "fields": {
      "class_field": "circ_send_button no-animation",
      "description": null,
      "hidden": 0,
      "instance_resource": 769,
      "name": "Antwort senden",
      "sort": 1
    },
    "model": "core.button",
    "pk": 948
  },
  {
    "fields": {
      "class_field": null,
      "description": "\u00c4ndert den Status des Dossiers",
      "hidden": 0,
      "instance_resource": 445,
      "name": "Status\u00e4nderung",
      "sort": 5
    },
    "model": "core.button",
    "pk": 949
  },
  {
    "fields": {
      "description": "Alle Daten der beteiligten Personen",
      "javascript": "",
      "name": "Personendaten"
    },
    "model": "core.chapter",
    "pk": 1
  },
  {
    "fields": {
      "description": "Alle Allgemeinen Daten wie Leitbehorde, Dossier-NR",
      "javascript": "",
      "name": "Generell"
    },
    "model": "core.chapter",
    "pk": 2
  },
  {
    "fields": {
      "description": "Die Daten, die im ersten Schritt erledigt werden",
      "javascript": "",
      "name": "Erstellung"
    },
    "model": "core.chapter",
    "pk": 3
  },
  {
    "fields": {
      "description": "",
      "javascript": "",
      "name": "Objektdaten"
    },
    "model": "core.chapter",
    "pk": 21
  },
  {
    "fields": {
      "description": "",
      "javascript": "",
      "name": "Stellungnahme"
    },
    "model": "core.chapter",
    "pk": 41
  },
  {
    "fields": {
      "description": "",
      "javascript": "",
      "name": "User information"
    },
    "model": "core.chapter",
    "pk": 61
  },
  {
    "fields": {
      "description": "Der Nutzungsplanung",
      "javascript": "",
      "name": "Objektdaten"
    },
    "model": "core.chapter",
    "pk": 101
  },
  {
    "fields": {
      "description": "",
      "javascript": "",
      "name": "Objektdaten"
    },
    "model": "core.chapter",
    "pk": 102
  },
  {
    "fields": {
      "description": "",
      "javascript": "",
      "name": "Meta"
    },
    "model": "core.chapter",
    "pk": 103
  },
  {
    "fields": {
      "description": "",
      "javascript": "",
      "name": "BaB Daten"
    },
    "model": "core.chapter",
    "pk": 104
  },
  {
    "fields": {
      "description": null,
      "javascript": null,
      "name": "Stellungsnahme f\u00fcr Gemeindeservicestellen"
    },
    "model": "core.chapter",
    "pk": 105
  },
  {
    "fields": {
      "description": null,
      "javascript": null,
      "name": "Stellungsnahme (Gemeinde)"
    },
    "model": "core.chapter",
    "pk": 106
  },
  {
    "fields": {
      "chapter": 1,
      "page": 1,
      "sort": 2
    },
    "model": "core.chapterpage",
    "pk": 1
  },
  {
    "fields": {
      "chapter": 2,
      "page": 1,
      "sort": 1
    },
    "model": "core.chapterpage",
    "pk": 2
  },
  {
    "fields": {
      "chapter": 3,
      "page": 1,
      "sort": 0
    },
    "model": "core.chapterpage",
    "pk": 3
  },
  {
    "fields": {
      "chapter": 21,
      "page": 1,
      "sort": 3
    },
    "model": "core.chapterpage",
    "pk": 4
  },
  {
    "fields": {
      "chapter": 3,
      "page": 21,
      "sort": 0
    },
    "model": "core.chapterpage",
    "pk": 5
  },
  {
    "fields": {
      "chapter": 2,
      "page": 21,
      "sort": 0
    },
    "model": "core.chapterpage",
    "pk": 6
  },
  {
    "fields": {
      "chapter": 21,
      "page": 21,
      "sort": 1
    },
    "model": "core.chapterpage",
    "pk": 7
  },
  {
    "fields": {
      "chapter": 1,
      "page": 21,
      "sort": 2
    },
    "model": "core.chapterpage",
    "pk": 8
  },
  {
    "fields": {
      "chapter": 41,
      "page": 41,
      "sort": 0
    },
    "model": "core.chapterpage",
    "pk": 9
  },
  {
    "fields": {
      "chapter": 3,
      "page": 81,
      "sort": 0
    },
    "model": "core.chapterpage",
    "pk": 10
  },
  {
    "fields": {
      "chapter": 2,
      "page": 81,
      "sort": 1
    },
    "model": "core.chapterpage",
    "pk": 11
  },
  {
    "fields": {
      "chapter": 1,
      "page": 81,
      "sort": 2
    },
    "model": "core.chapterpage",
    "pk": 12
  },
  {
    "fields": {
      "chapter": 101,
      "page": 81,
      "sort": 3
    },
    "model": "core.chapterpage",
    "pk": 13
  },
  {
    "fields": {
      "chapter": 102,
      "page": 82,
      "sort": 3
    },
    "model": "core.chapterpage",
    "pk": 14
  },
  {
    "fields": {
      "chapter": 1,
      "page": 82,
      "sort": 2
    },
    "model": "core.chapterpage",
    "pk": 15
  },
  {
    "fields": {
      "chapter": 2,
      "page": 82,
      "sort": 1
    },
    "model": "core.chapterpage",
    "pk": 16
  },
  {
    "fields": {
      "chapter": 3,
      "page": 82,
      "sort": 0
    },
    "model": "core.chapterpage",
    "pk": 17
  },
  {
    "fields": {
      "chapter": 103,
      "page": 83,
      "sort": 0
    },
    "model": "core.chapterpage",
    "pk": 18
  },
  {
    "fields": {
      "chapter": 104,
      "page": 1,
      "sort": 4
    },
    "model": "core.chapterpage",
    "pk": 19
  },
  {
    "fields": {
      "circulation_answer_type": 1,
      "circulation_type": 41,
      "name": "Nein",
      "sort": 15
    },
    "model": "core.circulationanswer",
    "pk": 61
  },
  {
    "fields": {
      "circulation_answer_type": 1,
      "circulation_type": 41,
      "name": "Ja",
      "sort": 16
    },
    "model": "core.circulationanswer",
    "pk": 62
  },
  {
    "fields": {
      "circulation_answer_type": 1,
      "circulation_type": 41,
      "name": "Ja mit Auflagen",
      "sort": 17
    },
    "model": "core.circulationanswer",
    "pk": 63
  },
  {
    "fields": {
      "circulation_answer_type": 1,
      "circulation_type": 41,
      "name": "Fachstelle nicht betroffen",
      "sort": 18
    },
    "model": "core.circulationanswer",
    "pk": 64
  },
  {
    "fields": {
      "circulation_answer_type": 1,
      "circulation_type": 61,
      "name": "Nein",
      "sort": 9
    },
    "model": "core.circulationanswer",
    "pk": 65
  },
  {
    "fields": {
      "circulation_answer_type": 1,
      "circulation_type": 61,
      "name": "Ja",
      "sort": 10
    },
    "model": "core.circulationanswer",
    "pk": 66
  },
  {
    "fields": {
      "circulation_answer_type": 1,
      "circulation_type": 61,
      "name": "Ja mit Auflagen",
      "sort": 4
    },
    "model": "core.circulationanswer",
    "pk": 67
  },
  {
    "fields": {
      "circulation_answer_type": 1,
      "circulation_type": 61,
      "name": "Fachstelle nicht betroffen",
      "sort": 5
    },
    "model": "core.circulationanswer",
    "pk": 68
  },
  {
    "fields": {
      "circulation_answer_type": 1,
      "circulation_type": 61,
      "name": "-",
      "sort": 0
    },
    "model": "core.circulationanswer",
    "pk": 69
  },
  {
    "fields": {
      "circulation_answer_type": 1,
      "circulation_type": 41,
      "name": "-",
      "sort": 6
    },
    "model": "core.circulationanswer",
    "pk": 70
  },
  {
    "fields": {
      "circulation_answer_type": 1,
      "circulation_type": 61,
      "name": "Keine Stellungnahme",
      "sort": 1
    },
    "model": "core.circulationanswer",
    "pk": 71
  },
  {
    "fields": {
      "circulation_answer_type": 1,
      "circulation_type": 41,
      "name": "Keine Stellungnahme",
      "sort": 7
    },
    "model": "core.circulationanswer",
    "pk": 72
  },
  {
    "fields": {
      "circulation_answer_type": 1,
      "circulation_type": 41,
      "name": "Keine R\u00fcckmeldung",
      "sort": 12
    },
    "model": "core.circulationanswer",
    "pk": 73
  },
  {
    "fields": {
      "circulation_answer_type": 1,
      "circulation_type": 61,
      "name": "Keine R\u00fcckmeldung",
      "sort": 13
    },
    "model": "core.circulationanswer",
    "pk": 74
  },
  {
    "fields": {
      "circulation_answer_type": 1,
      "circulation_type": 62,
      "name": "Keine R\u00fcckmeldung",
      "sort": 7
    },
    "model": "core.circulationanswer",
    "pk": 75
  },
  {
    "fields": {
      "circulation_answer_type": 1,
      "circulation_type": 62,
      "name": "Fachstelle nicht betroffen",
      "sort": 6
    },
    "model": "core.circulationanswer",
    "pk": 76
  },
  {
    "fields": {
      "circulation_answer_type": 1,
      "circulation_type": 62,
      "name": "Ja mit Auflagen",
      "sort": 5
    },
    "model": "core.circulationanswer",
    "pk": 77
  },
  {
    "fields": {
      "circulation_answer_type": 1,
      "circulation_type": 62,
      "name": "Ja",
      "sort": 4
    },
    "model": "core.circulationanswer",
    "pk": 78
  },
  {
    "fields": {
      "circulation_answer_type": 1,
      "circulation_type": 62,
      "name": "Nein",
      "sort": 3
    },
    "model": "core.circulationanswer",
    "pk": 79
  },
  {
    "fields": {
      "circulation_answer_type": 1,
      "circulation_type": 62,
      "name": "Keine Stellungnahme",
      "sort": 2
    },
    "model": "core.circulationanswer",
    "pk": 80
  },
  {
    "fields": {
      "circulation_answer_type": 1,
      "circulation_type": 62,
      "name": "-",
      "sort": 1
    },
    "model": "core.circulationanswer",
    "pk": 81
  },
  {
    "fields": {
      "name": "Response"
    },
    "model": "core.circulationanswertype",
    "pk": 1
  },
  {
    "fields": {
      "name": "Delay"
    },
    "model": "core.circulationanswertype",
    "pk": 2
  },
  {
    "fields": {
      "circulation_type": 41,
      "name": "E-Dossier",
      "sort": 3
    },
    "model": "core.circulationreason",
    "pk": 41
  },
  {
    "fields": {
      "circulation_type": 41,
      "name": "kein E-Dossier",
      "sort": 4
    },
    "model": "core.circulationreason",
    "pk": 42
  },
  {
    "fields": {
      "circulation_type": 61,
      "name": "E-Dossier",
      "sort": 1
    },
    "model": "core.circulationreason",
    "pk": 43
  },
  {
    "fields": {
      "circulation_type": 61,
      "name": "kein E-Dossier",
      "sort": 2
    },
    "model": "core.circulationreason",
    "pk": 44
  },
  {
    "fields": {
      "circulation_type": 62,
      "name": "E-Dossier",
      "sort": 1
    },
    "model": "core.circulationreason",
    "pk": 45
  },
  {
    "fields": {
      "circulation_type": 62,
      "name": "kein E-Dossier",
      "sort": 2
    },
    "model": "core.circulationreason",
    "pk": 46
  },
  {
    "fields": {
      "name": "RUN",
      "sort": 0
    },
    "model": "core.circulationstate",
    "pk": 1
  },
  {
    "fields": {
      "name": "OK",
      "sort": 1
    },
    "model": "core.circulationstate",
    "pk": 2
  },
  {
    "fields": {
      "name": "IDLE",
      "sort": 2
    },
    "model": "core.circulationstate",
    "pk": 21
  },
  {
    "fields": {
      "name": "NFD",
      "sort": 3
    },
    "model": "core.circulationstate",
    "pk": 41
  },
  {
    "fields": {
      "name": "Zirkulation Dossiers von der Koordinationsstelle",
      "page_id": 41,
      "parent_specific_activations": 0
    },
    "model": "core.circulationtype",
    "pk": 41
  },
  {
    "fields": {
      "name": "Zirkulation Dossiers von der Gemeinde",
      "page_id": 41,
      "parent_specific_activations": 0
    },
    "model": "core.circulationtype",
    "pk": 61
  },
  {
    "fields": {
      "name": "Zirkulation Dossiers von der Bundesstelle",
      "page_id": 41,
      "parent_specific_activations": 0
    },
    "model": "core.circulationtype",
    "pk": 62
  },
  {
    "fields": {
      "name": "Savedocketcomment"
    },
    "model": "core.docgenactivationaction",
    "pk": 1
  },
  {
    "fields": {
      "name": "Saveinstancecomment"
    },
    "model": "core.docgenactivationaction",
    "pk": 21
  },
  {
    "fields": {
      "action": 660,
      "docgen_activation_action": 1
    },
    "model": "core.docgenactivationactionaction",
    "pk": 1
  },
  {
    "fields": {
      "action": 811,
      "docgen_activation_action": 21
    },
    "model": "core.docgenactivationactionaction",
    "pk": 2
  },
  {
    "fields": {
      "action": 441,
      "docgen_activation_action": 21
    },
    "model": "core.docgenactivationactionaction",
    "pk": 3
  },
  {
    "fields": {
      "action": 452,
      "docgen_activation_action": 1
    },
    "model": "core.docgenactivationactionaction",
    "pk": 4
  },
  {
    "fields": {
      "action": 980,
      "docgen_activation_action": 1
    },
    "model": "core.docgenactivationactionaction",
    "pk": 5
  },
  {
    "fields": {
      "action": 1238,
      "docgen_activation_action": 1
    },
    "model": "core.docgenactivationactionaction",
    "pk": 6
  },
  {
    "fields": {
      "action": 1288,
      "docgen_activation_action": 1
    },
    "model": "core.docgenactivationactionaction",
    "pk": 7
  },
  {
    "fields": {
      "action": 1214,
      "docgen_activation_action": 1
    },
    "model": "core.docgenactivationactionaction",
    "pk": 8
  },
  {
    "fields": {
      "action": 1182,
      "docgen_activation_action": 1
    },
    "model": "core.docgenactivationactionaction",
    "pk": 9
  },
  {
    "fields": {
      "action": 438,
      "docgen_template": 121,
      "docgen_template_class": 208
    },
    "model": "core.docgendocxaction",
    "pk": 1293
  },
  {
    "fields": {
      "action": 473,
      "docgen_template": 61,
      "docgen_template_class": 62
    },
    "model": "core.docgendocxaction",
    "pk": 1294
  },
  {
    "fields": {
      "action": 998,
      "docgen_template": 204,
      "docgen_template_class": 208
    },
    "model": "core.docgendocxaction",
    "pk": 1296
  },
  {
    "fields": {
      "action": 790,
      "docgen_template": 202,
      "docgen_template_class": 208
    },
    "model": "core.docgendocxaction",
    "pk": 1297
  },
  {
    "fields": {
      "action": 1011,
      "docgen_template": 206,
      "docgen_template_class": 225
    },
    "model": "core.docgendocxaction",
    "pk": 1298
  },
  {
    "fields": {
      "action": 1009,
      "docgen_template": 207,
      "docgen_template_class": 225
    },
    "model": "core.docgendocxaction",
    "pk": 1299
  },
  {
    "fields": {
      "action": 1010,
      "docgen_template": 205,
      "docgen_template_class": 225
    },
    "model": "core.docgendocxaction",
    "pk": 1300
  },
  {
    "fields": {
      "action": 1217,
      "docgen_template": 212,
      "docgen_template_class": 208
    },
    "model": "core.docgendocxaction",
    "pk": 1301
  },
  {
    "fields": {
      "action": 1292,
      "docgen_template": 214,
      "docgen_template_class": 225
    },
    "model": "core.docgendocxaction",
    "pk": 1302
  },
  {
    "fields": {
      "action": 1218,
      "docgen_template": 212,
      "docgen_template_class": 225
    },
    "model": "core.docgendocxaction",
    "pk": 1303
  },
  {
    "fields": {
      "action": 1291,
      "docgen_template": 211,
      "docgen_template_class": 208
    },
    "model": "core.docgendocxaction",
    "pk": 1304
  },
  {
    "fields": {
      "action": 1156,
      "docgen_template": 214,
      "docgen_template_class": 225
    },
    "model": "core.docgendocxaction",
    "pk": 1305
  },
  {
    "fields": {
      "action": 1242,
      "docgen_template": 213,
      "docgen_template_class": 225
    },
    "model": "core.docgendocxaction",
    "pk": 1306
  },
  {
    "fields": {
      "action": 1155,
      "docgen_template": 214,
      "docgen_template_class": 208
    },
    "model": "core.docgendocxaction",
    "pk": 1307
  },
  {
    "fields": {
      "action": 1241,
      "docgen_template": 213,
      "docgen_template_class": 208
    },
    "model": "core.docgendocxaction",
    "pk": 1308
  },
  {
    "fields": {
      "action": 1372,
      "docgen_template": 219,
      "docgen_template_class": 208
    },
    "model": "core.docgendocxaction",
    "pk": 1309
  },
  {
    "fields": {
      "action": 1373,
      "docgen_template": 214,
      "docgen_template_class": 225
    },
    "model": "core.docgendocxaction",
    "pk": 1310
  },
  {
    "fields": {
      "action": 810,
      "docgen_template": 181,
      "docgen_template_class": 84
    },
    "model": "core.docgenpdfaction",
    "pk": 1
  },
  {
    "fields": {
      "action": 374,
      "docgen_template": 83,
      "docgen_template_class": 84
    },
    "model": "core.docgenpdfaction",
    "pk": 2
  },
  {
    "fields": {
      "action": 453,
      "docgen_template": 81,
      "docgen_template_class": 82
    },
    "model": "core.docgenpdfaction",
    "pk": 3
  },
  {
    "fields": {
      "action": 661,
      "docgen_template": 81,
      "docgen_template_class": 82
    },
    "model": "core.docgenpdfaction",
    "pk": 4
  },
  {
    "fields": {
      "action": 981,
      "docgen_template": 81,
      "docgen_template_class": 82
    },
    "model": "core.docgenpdfaction",
    "pk": 5
  },
  {
    "fields": {
      "action": 1183,
      "docgen_template": 81,
      "docgen_template_class": 82
    },
    "model": "core.docgenpdfaction",
    "pk": 6
  },
  {
    "fields": {
      "action": 1215,
      "docgen_template": 81,
      "docgen_template_class": 82
    },
    "model": "core.docgenpdfaction",
    "pk": 7
  },
  {
    "fields": {
      "action": 1239,
      "docgen_template": 81,
      "docgen_template_class": 82
    },
    "model": "core.docgenpdfaction",
    "pk": 8
  },
  {
    "fields": {
      "action": 1289,
      "docgen_template": 81,
      "docgen_template_class": 82
    },
    "model": "core.docgenpdfaction",
    "pk": 9
  },
  {
    "fields": {
      "name": "Brief an Gesuchsteller",
      "path": "letterKOORBG_ps.docx",
      "type": 1.0
    },
    "model": "core.docgentemplate",
    "pk": 61
  },
  {
    "fields": {
      "name": "Test File",
      "path": "test.zip",
      "type": 2.0
    },
    "model": "core.docgentemplate",
    "pk": 63
  },
  {
    "fields": {
      "name": "Laufzettel",
      "path": "laufzettel.zip",
      "type": 2.0
    },
    "model": "core.docgentemplate",
    "pk": 81
  },
  {
    "fields": {
      "name": "R\u00fcckmeldung",
      "path": "rueckmeldung.zip",
      "type": 2.0
    },
    "model": "core.docgentemplate",
    "pk": 83
  },
  {
    "fields": {
      "name": "Baubewilligung",
      "path": "building_permit.docx",
      "type": 1.0
    },
    "model": "core.docgentemplate",
    "pk": 101
  },
  {
    "fields": {
      "name": "Rechnung",
      "path": "billKOORBG_ps.docx",
      "type": 1.0
    },
    "model": "core.docgentemplate",
    "pk": 121
  },
  {
    "fields": {
      "name": "Publikation BG",
      "path": "publish_print_bg.docx",
      "type": 1.0
    },
    "model": "core.docgentemplate",
    "pk": 141
  },
  {
    "fields": {
      "name": "Laufzettel Nutzungsplanung",
      "path": "laufzettelnp.zip",
      "type": 2.0
    },
    "model": "core.docgentemplate",
    "pk": 161
  },
  {
    "fields": {
      "name": "R\u00fcckmeldung Nutzungsplanung",
      "path": "rueckmeldungNP.zip",
      "type": 2.0
    },
    "model": "core.docgentemplate",
    "pk": 181
  },
  {
    "fields": {
      "name": "Rechnung NP",
      "path": "billKOORNP_ps.docx",
      "type": 1.0
    },
    "model": "core.docgentemplate",
    "pk": 202
  },
  {
    "fields": {
      "name": "Laufzettel Baudirektion",
      "path": "laufzettelBD.zip",
      "type": 2.0
    },
    "model": "core.docgentemplate",
    "pk": 203
  },
  {
    "fields": {
      "name": "Rechnung BD",
      "path": "bill2KOORBD_ps.docx",
      "type": 1.0
    },
    "model": "core.docgentemplate",
    "pk": 204
  },
  {
    "fields": {
      "name": "Rechnung NP BGL",
      "path": "billKOORNP_BGL.docx",
      "type": 1.0
    },
    "model": "core.docgentemplate",
    "pk": 205
  },
  {
    "fields": {
      "name": "Rechnung BD BGL",
      "path": "billKOORBD_BGL.docx",
      "type": 1.0
    },
    "model": "core.docgentemplate",
    "pk": 206
  },
  {
    "fields": {
      "name": "Rechnung BG BGL",
      "path": "billKOORBG_BGL.docx",
      "type": 1.0
    },
    "model": "core.docgentemplate",
    "pk": 207
  },
  {
    "fields": {
      "name": "Brief Gemeindebaubeh\u00f6rde an Diverse",
      "path": "letterGemeindebaubehoerdeDiverse.docx",
      "type": 1.0
    },
    "model": "core.docgentemplate",
    "pk": 208
  },
  {
    "fields": {
      "name": "Brief Gemeindebaubeh\u00f6rde an Gesuchsteller",
      "path": "letterGemeindebaubehoerdeGesuchsteller.docx",
      "type": 1.0
    },
    "model": "core.docgentemplate",
    "pk": 209
  },
  {
    "fields": {
      "name": "Grundbuchanmeldung Bauverwalter",
      "path": "grundbuchanmeldungBauverwalter.docx",
      "type": 1.0
    },
    "model": "core.docgentemplate",
    "pk": 210
  },
  {
    "fields": {
      "name": "Rechnung AFJ",
      "path": "billKOOR AFJ_aktuell.docx",
      "type": 1.0
    },
    "model": "core.docgentemplate",
    "pk": 211
  },
  {
    "fields": {
      "name": "Rechnung ALA",
      "path": "billKOOR ALA_aktuell.docx",
      "type": 1.0
    },
    "model": "core.docgentemplate",
    "pk": 212
  },
  {
    "fields": {
      "name": "Rechnung AfE",
      "path": "billKOOR AfE_aktuell.docx",
      "type": 1.0
    },
    "model": "core.docgentemplate",
    "pk": 213
  },
  {
    "fields": {
      "name": "Rechnung AfU",
      "path": "billKOOR AfU_aktuell.docx",
      "type": 1.0
    },
    "model": "core.docgentemplate",
    "pk": 214
  },
  {
    "fields": {
      "name": "Rechnung AFJ BGL",
      "path": "Rechnung AFJ BGL.docx",
      "type": 1.0
    },
    "model": "core.docgentemplate",
    "pk": 215
  },
  {
    "fields": {
      "name": "Rechnung ALA BGL",
      "path": "Rechnung ALA BGL.docx",
      "type": 1.0
    },
    "model": "core.docgentemplate",
    "pk": 216
  },
  {
    "fields": {
      "name": "Rechnung AfE BGL",
      "path": "Rechnung AfE BGL.docx",
      "type": 1.0
    },
    "model": "core.docgentemplate",
    "pk": 217
  },
  {
    "fields": {
      "name": "Rechnung AfU BGL",
      "path": "Rechnung AfU BGL.docx",
      "type": 1.0
    },
    "model": "core.docgentemplate",
    "pk": 218
  },
  {
    "fields": {
      "name": "Rechnung SD",
      "path": "Rechnung SD.docx",
      "type": 1.0
    },
    "model": "core.docgentemplate",
    "pk": 219
  },
  {
    "fields": {
      "name": "Rechnung SD BGL",
      "path": "Rechnung SD BGL.docx",
      "type": 1.0
    },
    "model": "core.docgentemplate",
    "pk": 220
  },
  {
    "fields": {
      "name": "Publikation NP",
      "path": "publish_print_np.docx",
      "type": 1.0
    },
    "model": "core.docgentemplate",
    "pk": 221
  },
  {
    "fields": {
      "name": "Publikation SNP",
      "path": "publish_print_snp.docx",
      "type": 1.0
    },
    "model": "core.docgentemplate",
    "pk": 222
  },
  {
    "fields": {
      "name": "TestDocxClass",
      "path": "TestDocxClass.php",
      "type": 1.0
    },
    "model": "core.docgentemplateclass",
    "pk": 42
  },
  {
    "fields": {
      "name": "Brief an Gesuchsteller",
      "path": "letterClass.php",
      "type": 1.0
    },
    "model": "core.docgentemplateclass",
    "pk": 62
  },
  {
    "fields": {
      "name": "Test PDF Class",
      "path": "testPdfClass.php",
      "type": 2.0
    },
    "model": "core.docgentemplateclass",
    "pk": 64
  },
  {
    "fields": {
      "name": "Laufzettel",
      "path": "Laufzettel.php",
      "type": 2.0
    },
    "model": "core.docgentemplateclass",
    "pk": 82
  },
  {
    "fields": {
      "name": "R\u00fcckmeldung",
      "path": "Rueckmeldung.php",
      "type": 2.0
    },
    "model": "core.docgentemplateclass",
    "pk": 84
  },
  {
    "fields": {
      "name": "Baubewilligung",
      "path": "buildingPermitClass.php",
      "type": 1.0
    },
    "model": "core.docgentemplateclass",
    "pk": 102
  },
  {
    "fields": {
      "name": "Rechnung",
      "path": "Rechnung.php",
      "type": 1.0
    },
    "model": "core.docgentemplateclass",
    "pk": 122
  },
  {
    "fields": {
      "name": "Publikation",
      "path": "Publikation.php",
      "type": 1.0
    },
    "model": "core.docgentemplateclass",
    "pk": 142
  },
  {
    "fields": {
      "name": "Rechnung Baubewilligung",
      "path": "RechnungBew.php",
      "type": 1.0
    },
    "model": "core.docgentemplateclass",
    "pk": 208
  },
  {
    "fields": {
      "name": "Rechnung Baubegleitung",
      "path": "RechnungBgl.php",
      "type": 1.0
    },
    "model": "core.docgentemplateclass",
    "pk": 225
  },
  {
    "fields": {
      "description": "",
      "name": "Alle Dossiers Baukoordination"
    },
    "model": "core.formgroup",
    "pk": 30
  },
  {
    "fields": {
      "description": "",
      "name": "Alle Dossiers von der Gemeinde mit Kantonaler Beteiligung f\u00fcr BG"
    },
    "model": "core.formgroup",
    "pk": 31
  },
  {
    "fields": {
      "description": "",
      "name": "Alle Dossiers von der Koordinationsstelle BG"
    },
    "model": "core.formgroup",
    "pk": 32
  },
  {
    "fields": {
      "description": "",
      "name": "Alle Dossiers von der Gemeinde ohne Kantonale Beteiligung"
    },
    "model": "core.formgroup",
    "pk": 61
  },
  {
    "fields": {
      "description": "Alle Dossiers, die von der Gemeinde erstellt werden",
      "name": "Alle Dossiers von der Gemeinde BG"
    },
    "model": "core.formgroup",
    "pk": 81
  },
  {
    "fields": {
      "description": "",
      "name": "Alle Dossiers Nutzungsplanung"
    },
    "model": "core.formgroup",
    "pk": 141
  },
  {
    "fields": {
      "description": "",
      "name": "Alle Dossiers"
    },
    "model": "core.formgroup",
    "pk": 161
  },
  {
    "fields": {
      "description": "",
      "name": "Alle Dossiers von der Gemeinde mit Kantonaler Beteiligung (BG und NP)"
    },
    "model": "core.formgroup",
    "pk": 181
  },
  {
    "fields": {
      "description": "Beide Baubewilligungen. N\u00f6tig f\u00fcr die Publikation",
      "name": "Baubewilligungen"
    },
    "model": "core.formgroup",
    "pk": 182
  },
  {
    "fields": {
      "description": "Betrifft z.B. Reklame-Gesuche und Meldungen Solaranlagen",
      "name": "Alle Dossiers von der Gemeinde umwandelbar"
    },
    "model": "core.formgroup",
    "pk": 221
  },
  {
    "fields": {
      "description": "Alle Dossiers, die bei der Koordinationsstelle Baudirektion BD abgehandelt werden",
      "name": "Alle Dossiers Koordinationsstelle Baudirektion BD"
    },
    "model": "core.formgroup",
    "pk": 241
  },
  {
    "fields": {
      "description": "Um die \"Bearbeiten\" Seite anzeigen zu k\u00f6nnen, die bei genanntem Verfahren anders ist",
      "name": "Alle Dossiers Koordinationsstelle Baudirektion BD ohne Bewilligungsverfahren f\u00fcr die Beanspruchung von Kantonsgebiet"
    },
    "model": "core.formgroup",
    "pk": 242
  },
  {
    "fields": {
      "description": "Weil dieses Dossier eine andere Seite hat",
      "name": "Nur Dossier Bewilligungsverfahren f\u00fcr die Beanspruchung von Kantonsgebiet"
    },
    "model": "core.formgroup",
    "pk": 243
  },
  {
    "fields": {
      "description": "Alle Dossiers von Koor BG und BD erstellt",
      "name": "Alle Dossiers von der Koordinationsstelle BG und BD"
    },
    "model": "core.formgroup",
    "pk": 244
  },
  {
    "fields": {
      "description": "",
      "name": "Alle Dossiers von der Koordinationsstelle BG und BD, auch die von der Gemeinde, ohne das Verfahren mit kantonalem Gebiet"
    },
    "model": "core.formgroup",
    "pk": 245
  },
  {
    "fields": {
      "description": "",
      "name": "Alle Dossiers von der Koordinationsstelle BG und BD egal wer dass erstellt"
    },
    "model": "core.formgroup",
    "pk": 246
  },
  {
    "fields": {
      "description": "Alle Dossiers, die von Nutzern des \u00f6ffentlichen Portals erstellt werden k\u00f6nnen",
      "name": "Alle Dossiers Portal"
    },
    "model": "core.formgroup",
    "pk": 247
  },
  {
    "fields": {
      "description": "Alle Dossiers vom Portal mit denen, die umgewandelt wurden",
      "name": "Alle Dossiers Portal mit Umwandlung"
    },
    "model": "core.formgroup",
    "pk": 248
  },
  {
    "fields": {
      "description": "",
      "name": "Alle Dossiers von der Koordinationsstelle Umweltschutz AfU"
    },
    "model": "core.formgroup",
    "pk": 249
  },
  {
    "fields": {
      "description": "",
      "name": "Alle Dossiers von der Koordinationsstelle Landwirtschaft ALA"
    },
    "model": "core.formgroup",
    "pk": 250
  },
  {
    "fields": {
      "description": "",
      "name": "Alle Dossiers von der Koordinationsstelle Energie AfE"
    },
    "model": "core.formgroup",
    "pk": 251
  },
  {
    "fields": {
      "description": "",
      "name": "Alle Dossiers von der Koordinationsstelle Forst und Jagd AFJ"
    },
    "model": "core.formgroup",
    "pk": 252
  },
  {
    "fields": {
      "description": "",
      "name": "Alle Dossiers von Organisation mit Leserechten"
    },
    "model": "core.formgroup",
    "pk": 253
  },
  {
    "fields": {
      "description": null,
      "name": "Alle Dossiers von der Koordinationsstelle SD"
    },
    "model": "core.formgroup",
    "pk": 254
  },
  {
    "fields": {
      "description": null,
      "name": "Alle Dossiers KOOR (AFJ SD)"
    },
    "model": "core.formgroup",
    "pk": 255
  },
  {
    "fields": {
      "description": null,
      "name": "Alle Dossiers Bundesstelle"
    },
    "model": "core.formgroup",
    "pk": 256
  },
  {
    "fields": {
      "description": "Alle Dossiers bei welchen eine Form von Publikation m\u00f6glich ist",
      "name": "Alle Dossiers mit Publikation"
    },
    "model": "core.formgroup",
    "pk": 257
  },
  {
    "fields": {
      "form": 41,
      "form_group": 244
    },
    "model": "core.formgroupform",
    "pk": 1
  },
  {
    "fields": {
      "form": 141,
      "form_group": 246
    },
    "model": "core.formgroupform",
    "pk": 2
  },
  {
    "fields": {
      "form": 221,
      "form_group": 242
    },
    "model": "core.formgroupform",
    "pk": 3
  },
  {
    "fields": {
      "form": 248,
      "form_group": 242
    },
    "model": "core.formgroupform",
    "pk": 4
  },
  {
    "fields": {
      "form": 221,
      "form_group": 241
    },
    "model": "core.formgroupform",
    "pk": 5
  },
  {
    "fields": {
      "form": 244,
      "form_group": 246
    },
    "model": "core.formgroupform",
    "pk": 6
  },
  {
    "fields": {
      "form": 222,
      "form_group": 161
    },
    "model": "core.formgroupform",
    "pk": 7
  },
  {
    "fields": {
      "form": 41,
      "form_group": 245
    },
    "model": "core.formgroupform",
    "pk": 8
  },
  {
    "fields": {
      "form": 44,
      "form_group": 245
    },
    "model": "core.formgroupform",
    "pk": 9
  },
  {
    "fields": {
      "form": 21,
      "form_group": 30
    },
    "model": "core.formgroupform",
    "pk": 10
  },
  {
    "fields": {
      "form": 41,
      "form_group": 30
    },
    "model": "core.formgroupform",
    "pk": 11
  },
  {
    "fields": {
      "form": 42,
      "form_group": 30
    },
    "model": "core.formgroupform",
    "pk": 12
  },
  {
    "fields": {
      "form": 43,
      "form_group": 30
    },
    "model": "core.formgroupform",
    "pk": 13
  },
  {
    "fields": {
      "form": 44,
      "form_group": 30
    },
    "model": "core.formgroupform",
    "pk": 14
  },
  {
    "fields": {
      "form": 45,
      "form_group": 30
    },
    "model": "core.formgroupform",
    "pk": 15
  },
  {
    "fields": {
      "form": 46,
      "form_group": 30
    },
    "model": "core.formgroupform",
    "pk": 16
  },
  {
    "fields": {
      "form": 47,
      "form_group": 30
    },
    "model": "core.formgroupform",
    "pk": 17
  },
  {
    "fields": {
      "form": 61,
      "form_group": 30
    },
    "model": "core.formgroupform",
    "pk": 18
  },
  {
    "fields": {
      "form": 121,
      "form_group": 30
    },
    "model": "core.formgroupform",
    "pk": 19
  },
  {
    "fields": {
      "form": 141,
      "form_group": 30
    },
    "model": "core.formgroupform",
    "pk": 20
  },
  {
    "fields": {
      "form": 21,
      "form_group": 31
    },
    "model": "core.formgroupform",
    "pk": 21
  },
  {
    "fields": {
      "form": 44,
      "form_group": 31
    },
    "model": "core.formgroupform",
    "pk": 22
  },
  {
    "fields": {
      "form": 121,
      "form_group": 31
    },
    "model": "core.formgroupform",
    "pk": 23
  },
  {
    "fields": {
      "form": 141,
      "form_group": 31
    },
    "model": "core.formgroupform",
    "pk": 24
  },
  {
    "fields": {
      "form": 41,
      "form_group": 32
    },
    "model": "core.formgroupform",
    "pk": 25
  },
  {
    "fields": {
      "form": 42,
      "form_group": 32
    },
    "model": "core.formgroupform",
    "pk": 26
  },
  {
    "fields": {
      "form": 43,
      "form_group": 32
    },
    "model": "core.formgroupform",
    "pk": 27
  },
  {
    "fields": {
      "form": 45,
      "form_group": 32
    },
    "model": "core.formgroupform",
    "pk": 28
  },
  {
    "fields": {
      "form": 46,
      "form_group": 32
    },
    "model": "core.formgroupform",
    "pk": 29
  },
  {
    "fields": {
      "form": 47,
      "form_group": 61
    },
    "model": "core.formgroupform",
    "pk": 30
  },
  {
    "fields": {
      "form": 61,
      "form_group": 61
    },
    "model": "core.formgroupform",
    "pk": 31
  },
  {
    "fields": {
      "form": 21,
      "form_group": 81
    },
    "model": "core.formgroupform",
    "pk": 32
  },
  {
    "fields": {
      "form": 44,
      "form_group": 81
    },
    "model": "core.formgroupform",
    "pk": 33
  },
  {
    "fields": {
      "form": 47,
      "form_group": 81
    },
    "model": "core.formgroupform",
    "pk": 34
  },
  {
    "fields": {
      "form": 61,
      "form_group": 81
    },
    "model": "core.formgroupform",
    "pk": 35
  },
  {
    "fields": {
      "form": 121,
      "form_group": 81
    },
    "model": "core.formgroupform",
    "pk": 36
  },
  {
    "fields": {
      "form": 141,
      "form_group": 81
    },
    "model": "core.formgroupform",
    "pk": 37
  },
  {
    "fields": {
      "form": 101,
      "form_group": 141
    },
    "model": "core.formgroupform",
    "pk": 38
  },
  {
    "fields": {
      "form": 102,
      "form_group": 141
    },
    "model": "core.formgroupform",
    "pk": 39
  },
  {
    "fields": {
      "form": 103,
      "form_group": 141
    },
    "model": "core.formgroupform",
    "pk": 40
  },
  {
    "fields": {
      "form": 104,
      "form_group": 141
    },
    "model": "core.formgroupform",
    "pk": 41
  },
  {
    "fields": {
      "form": 105,
      "form_group": 141
    },
    "model": "core.formgroupform",
    "pk": 42
  },
  {
    "fields": {
      "form": 106,
      "form_group": 141
    },
    "model": "core.formgroupform",
    "pk": 43
  },
  {
    "fields": {
      "form": 107,
      "form_group": 141
    },
    "model": "core.formgroupform",
    "pk": 44
  },
  {
    "fields": {
      "form": 108,
      "form_group": 141
    },
    "model": "core.formgroupform",
    "pk": 45
  },
  {
    "fields": {
      "form": 161,
      "form_group": 141
    },
    "model": "core.formgroupform",
    "pk": 46
  },
  {
    "fields": {
      "form": 21,
      "form_group": 161
    },
    "model": "core.formgroupform",
    "pk": 47
  },
  {
    "fields": {
      "form": 41,
      "form_group": 161
    },
    "model": "core.formgroupform",
    "pk": 48
  },
  {
    "fields": {
      "form": 42,
      "form_group": 161
    },
    "model": "core.formgroupform",
    "pk": 49
  },
  {
    "fields": {
      "form": 43,
      "form_group": 161
    },
    "model": "core.formgroupform",
    "pk": 50
  },
  {
    "fields": {
      "form": 44,
      "form_group": 161
    },
    "model": "core.formgroupform",
    "pk": 51
  },
  {
    "fields": {
      "form": 45,
      "form_group": 161
    },
    "model": "core.formgroupform",
    "pk": 52
  },
  {
    "fields": {
      "form": 46,
      "form_group": 161
    },
    "model": "core.formgroupform",
    "pk": 53
  },
  {
    "fields": {
      "form": 47,
      "form_group": 161
    },
    "model": "core.formgroupform",
    "pk": 54
  },
  {
    "fields": {
      "form": 61,
      "form_group": 161
    },
    "model": "core.formgroupform",
    "pk": 55
  },
  {
    "fields": {
      "form": 101,
      "form_group": 161
    },
    "model": "core.formgroupform",
    "pk": 56
  },
  {
    "fields": {
      "form": 102,
      "form_group": 161
    },
    "model": "core.formgroupform",
    "pk": 57
  },
  {
    "fields": {
      "form": 103,
      "form_group": 161
    },
    "model": "core.formgroupform",
    "pk": 58
  },
  {
    "fields": {
      "form": 104,
      "form_group": 161
    },
    "model": "core.formgroupform",
    "pk": 59
  },
  {
    "fields": {
      "form": 105,
      "form_group": 161
    },
    "model": "core.formgroupform",
    "pk": 60
  },
  {
    "fields": {
      "form": 106,
      "form_group": 161
    },
    "model": "core.formgroupform",
    "pk": 61
  },
  {
    "fields": {
      "form": 107,
      "form_group": 161
    },
    "model": "core.formgroupform",
    "pk": 62
  },
  {
    "fields": {
      "form": 108,
      "form_group": 161
    },
    "model": "core.formgroupform",
    "pk": 63
  },
  {
    "fields": {
      "form": 121,
      "form_group": 161
    },
    "model": "core.formgroupform",
    "pk": 64
  },
  {
    "fields": {
      "form": 141,
      "form_group": 161
    },
    "model": "core.formgroupform",
    "pk": 65
  },
  {
    "fields": {
      "form": 161,
      "form_group": 161
    },
    "model": "core.formgroupform",
    "pk": 66
  },
  {
    "fields": {
      "form": 21,
      "form_group": 181
    },
    "model": "core.formgroupform",
    "pk": 67
  },
  {
    "fields": {
      "form": 44,
      "form_group": 181
    },
    "model": "core.formgroupform",
    "pk": 68
  },
  {
    "fields": {
      "form": 101,
      "form_group": 181
    },
    "model": "core.formgroupform",
    "pk": 69
  },
  {
    "fields": {
      "form": 102,
      "form_group": 181
    },
    "model": "core.formgroupform",
    "pk": 70
  },
  {
    "fields": {
      "form": 103,
      "form_group": 181
    },
    "model": "core.formgroupform",
    "pk": 71
  },
  {
    "fields": {
      "form": 104,
      "form_group": 181
    },
    "model": "core.formgroupform",
    "pk": 72
  },
  {
    "fields": {
      "form": 105,
      "form_group": 181
    },
    "model": "core.formgroupform",
    "pk": 73
  },
  {
    "fields": {
      "form": 106,
      "form_group": 181
    },
    "model": "core.formgroupform",
    "pk": 74
  },
  {
    "fields": {
      "form": 107,
      "form_group": 181
    },
    "model": "core.formgroupform",
    "pk": 75
  },
  {
    "fields": {
      "form": 108,
      "form_group": 181
    },
    "model": "core.formgroupform",
    "pk": 76
  },
  {
    "fields": {
      "form": 121,
      "form_group": 181
    },
    "model": "core.formgroupform",
    "pk": 77
  },
  {
    "fields": {
      "form": 141,
      "form_group": 181
    },
    "model": "core.formgroupform",
    "pk": 78
  },
  {
    "fields": {
      "form": 161,
      "form_group": 181
    },
    "model": "core.formgroupform",
    "pk": 79
  },
  {
    "fields": {
      "form": 44,
      "form_group": 182
    },
    "model": "core.formgroupform",
    "pk": 80
  },
  {
    "fields": {
      "form": 47,
      "form_group": 182
    },
    "model": "core.formgroupform",
    "pk": 81
  },
  {
    "fields": {
      "form": 221,
      "form_group": 161
    },
    "model": "core.formgroupform",
    "pk": 82
  },
  {
    "fields": {
      "form": 245,
      "form_group": 245
    },
    "model": "core.formgroupform",
    "pk": 83
  },
  {
    "fields": {
      "form": 201,
      "form_group": 246
    },
    "model": "core.formgroupform",
    "pk": 84
  },
  {
    "fields": {
      "form": 221,
      "form_group": 245
    },
    "model": "core.formgroupform",
    "pk": 85
  },
  {
    "fields": {
      "form": 43,
      "form_group": 246
    },
    "model": "core.formgroupform",
    "pk": 86
  },
  {
    "fields": {
      "form": 21,
      "form_group": 246
    },
    "model": "core.formgroupform",
    "pk": 87
  },
  {
    "fields": {
      "form": 242,
      "form_group": 244
    },
    "model": "core.formgroupform",
    "pk": 88
  },
  {
    "fields": {
      "form": 201,
      "form_group": 242
    },
    "model": "core.formgroupform",
    "pk": 89
  },
  {
    "fields": {
      "form": 249,
      "form_group": 245
    },
    "model": "core.formgroupform",
    "pk": 90
  },
  {
    "fields": {
      "form": 223,
      "form_group": 244
    },
    "model": "core.formgroupform",
    "pk": 91
  },
  {
    "fields": {
      "form": 243,
      "form_group": 244
    },
    "model": "core.formgroupform",
    "pk": 92
  },
  {
    "fields": {
      "form": 44,
      "form_group": 246
    },
    "model": "core.formgroupform",
    "pk": 93
  },
  {
    "fields": {
      "form": 61,
      "form_group": 246
    },
    "model": "core.formgroupform",
    "pk": 94
  },
  {
    "fields": {
      "form": 241,
      "form_group": 244
    },
    "model": "core.formgroupform",
    "pk": 95
  },
  {
    "fields": {
      "form": 47,
      "form_group": 221
    },
    "model": "core.formgroupform",
    "pk": 96
  },
  {
    "fields": {
      "form": 61,
      "form_group": 221
    },
    "model": "core.formgroupform",
    "pk": 97
  },
  {
    "fields": {
      "form": 121,
      "form_group": 221
    },
    "model": "core.formgroupform",
    "pk": 98
  },
  {
    "fields": {
      "form": 141,
      "form_group": 221
    },
    "model": "core.formgroupform",
    "pk": 99
  },
  {
    "fields": {
      "form": 21,
      "form_group": 221
    },
    "model": "core.formgroupform",
    "pk": 100
  },
  {
    "fields": {
      "form": 225,
      "form_group": 245
    },
    "model": "core.formgroupform",
    "pk": 101
  },
  {
    "fields": {
      "form": 247,
      "form_group": 244
    },
    "model": "core.formgroupform",
    "pk": 102
  },
  {
    "fields": {
      "form": 201,
      "form_group": 245
    },
    "model": "core.formgroupform",
    "pk": 103
  },
  {
    "fields": {
      "form": 42,
      "form_group": 246
    },
    "model": "core.formgroupform",
    "pk": 104
  },
  {
    "fields": {
      "form": 247,
      "form_group": 246
    },
    "model": "core.formgroupform",
    "pk": 105
  },
  {
    "fields": {
      "form": 225,
      "form_group": 161
    },
    "model": "core.formgroupform",
    "pk": 106
  },
  {
    "fields": {
      "form": 42,
      "form_group": 245
    },
    "model": "core.formgroupform",
    "pk": 107
  },
  {
    "fields": {
      "form": 224,
      "form_group": 241
    },
    "model": "core.formgroupform",
    "pk": 108
  },
  {
    "fields": {
      "form": 243,
      "form_group": 242
    },
    "model": "core.formgroupform",
    "pk": 109
  },
  {
    "fields": {
      "form": 225,
      "form_group": 241
    },
    "model": "core.formgroupform",
    "pk": 110
  },
  {
    "fields": {
      "form": 43,
      "form_group": 245
    },
    "model": "core.formgroupform",
    "pk": 111
  },
  {
    "fields": {
      "form": 224,
      "form_group": 246
    },
    "model": "core.formgroupform",
    "pk": 112
  },
  {
    "fields": {
      "form": 224,
      "form_group": 244
    },
    "model": "core.formgroupform",
    "pk": 113
  },
  {
    "fields": {
      "form": 225,
      "form_group": 244
    },
    "model": "core.formgroupform",
    "pk": 114
  },
  {
    "fields": {
      "form": 45,
      "form_group": 245
    },
    "model": "core.formgroupform",
    "pk": 115
  },
  {
    "fields": {
      "form": 181,
      "form_group": 246
    },
    "model": "core.formgroupform",
    "pk": 116
  },
  {
    "fields": {
      "form": 241,
      "form_group": 246
    },
    "model": "core.formgroupform",
    "pk": 117
  },
  {
    "fields": {
      "form": 242,
      "form_group": 161
    },
    "model": "core.formgroupform",
    "pk": 118
  },
  {
    "fields": {
      "form": 246,
      "form_group": 246
    },
    "model": "core.formgroupform",
    "pk": 119
  },
  {
    "fields": {
      "form": 46,
      "form_group": 245
    },
    "model": "core.formgroupform",
    "pk": 120
  },
  {
    "fields": {
      "form": 241,
      "form_group": 161
    },
    "model": "core.formgroupform",
    "pk": 121
  },
  {
    "fields": {
      "form": 247,
      "form_group": 241
    },
    "model": "core.formgroupform",
    "pk": 122
  },
  {
    "fields": {
      "form": 242,
      "form_group": 245
    },
    "model": "core.formgroupform",
    "pk": 123
  },
  {
    "fields": {
      "form": 241,
      "form_group": 241
    },
    "model": "core.formgroupform",
    "pk": 124
  },
  {
    "fields": {
      "form": 249,
      "form_group": 241
    },
    "model": "core.formgroupform",
    "pk": 125
  },
  {
    "fields": {
      "form": 221,
      "form_group": 244
    },
    "model": "core.formgroupform",
    "pk": 126
  },
  {
    "fields": {
      "form": 61,
      "form_group": 245
    },
    "model": "core.formgroupform",
    "pk": 127
  },
  {
    "fields": {
      "form": 47,
      "form_group": 245
    },
    "model": "core.formgroupform",
    "pk": 128
  },
  {
    "fields": {
      "form": 246,
      "form_group": 241
    },
    "model": "core.formgroupform",
    "pk": 129
  },
  {
    "fields": {
      "form": 222,
      "form_group": 244
    },
    "model": "core.formgroupform",
    "pk": 130
  },
  {
    "fields": {
      "form": 248,
      "form_group": 161
    },
    "model": "core.formgroupform",
    "pk": 131
  },
  {
    "fields": {
      "form": 248,
      "form_group": 246
    },
    "model": "core.formgroupform",
    "pk": 132
  },
  {
    "fields": {
      "form": 245,
      "form_group": 241
    },
    "model": "core.formgroupform",
    "pk": 133
  },
  {
    "fields": {
      "form": 246,
      "form_group": 242
    },
    "model": "core.formgroupform",
    "pk": 134
  },
  {
    "fields": {
      "form": 241,
      "form_group": 242
    },
    "model": "core.formgroupform",
    "pk": 135
  },
  {
    "fields": {
      "form": 223,
      "form_group": 246
    },
    "model": "core.formgroupform",
    "pk": 136
  },
  {
    "fields": {
      "form": 222,
      "form_group": 242
    },
    "model": "core.formgroupform",
    "pk": 137
  },
  {
    "fields": {
      "form": 41,
      "form_group": 246
    },
    "model": "core.formgroupform",
    "pk": 138
  },
  {
    "fields": {
      "form": 201,
      "form_group": 161
    },
    "model": "core.formgroupform",
    "pk": 139
  },
  {
    "fields": {
      "form": 224,
      "form_group": 245
    },
    "model": "core.formgroupform",
    "pk": 140
  },
  {
    "fields": {
      "form": 248,
      "form_group": 245
    },
    "model": "core.formgroupform",
    "pk": 141
  },
  {
    "fields": {
      "form": 222,
      "form_group": 246
    },
    "model": "core.formgroupform",
    "pk": 142
  },
  {
    "fields": {
      "form": 224,
      "form_group": 161
    },
    "model": "core.formgroupform",
    "pk": 143
  },
  {
    "fields": {
      "form": 21,
      "form_group": 245
    },
    "model": "core.formgroupform",
    "pk": 144
  },
  {
    "fields": {
      "form": 243,
      "form_group": 161
    },
    "model": "core.formgroupform",
    "pk": 145
  },
  {
    "fields": {
      "form": 242,
      "form_group": 241
    },
    "model": "core.formgroupform",
    "pk": 146
  },
  {
    "fields": {
      "form": 223,
      "form_group": 242
    },
    "model": "core.formgroupform",
    "pk": 147
  },
  {
    "fields": {
      "form": 224,
      "form_group": 242
    },
    "model": "core.formgroupform",
    "pk": 148
  },
  {
    "fields": {
      "form": 249,
      "form_group": 161
    },
    "model": "core.formgroupform",
    "pk": 149
  },
  {
    "fields": {
      "form": 243,
      "form_group": 245
    },
    "model": "core.formgroupform",
    "pk": 150
  },
  {
    "fields": {
      "form": 181,
      "form_group": 242
    },
    "model": "core.formgroupform",
    "pk": 151
  },
  {
    "fields": {
      "form": 222,
      "form_group": 245
    },
    "model": "core.formgroupform",
    "pk": 152
  },
  {
    "fields": {
      "form": 141,
      "form_group": 245
    },
    "model": "core.formgroupform",
    "pk": 153
  },
  {
    "fields": {
      "form": 246,
      "form_group": 161
    },
    "model": "core.formgroupform",
    "pk": 154
  },
  {
    "fields": {
      "form": 223,
      "form_group": 161
    },
    "model": "core.formgroupform",
    "pk": 155
  },
  {
    "fields": {
      "form": 221,
      "form_group": 246
    },
    "model": "core.formgroupform",
    "pk": 156
  },
  {
    "fields": {
      "form": 245,
      "form_group": 161
    },
    "model": "core.formgroupform",
    "pk": 157
  },
  {
    "fields": {
      "form": 223,
      "form_group": 245
    },
    "model": "core.formgroupform",
    "pk": 158
  },
  {
    "fields": {
      "form": 45,
      "form_group": 246
    },
    "model": "core.formgroupform",
    "pk": 159
  },
  {
    "fields": {
      "form": 223,
      "form_group": 241
    },
    "model": "core.formgroupform",
    "pk": 160
  },
  {
    "fields": {
      "form": 45,
      "form_group": 244
    },
    "model": "core.formgroupform",
    "pk": 161
  },
  {
    "fields": {
      "form": 46,
      "form_group": 244
    },
    "model": "core.formgroupform",
    "pk": 162
  },
  {
    "fields": {
      "form": 181,
      "form_group": 245
    },
    "model": "core.formgroupform",
    "pk": 163
  },
  {
    "fields": {
      "form": 121,
      "form_group": 246
    },
    "model": "core.formgroupform",
    "pk": 164
  },
  {
    "fields": {
      "form": 42,
      "form_group": 244
    },
    "model": "core.formgroupform",
    "pk": 165
  },
  {
    "fields": {
      "form": 43,
      "form_group": 244
    },
    "model": "core.formgroupform",
    "pk": 166
  },
  {
    "fields": {
      "form": 222,
      "form_group": 241
    },
    "model": "core.formgroupform",
    "pk": 167
  },
  {
    "fields": {
      "form": 243,
      "form_group": 241
    },
    "model": "core.formgroupform",
    "pk": 168
  },
  {
    "fields": {
      "form": 245,
      "form_group": 246
    },
    "model": "core.formgroupform",
    "pk": 169
  },
  {
    "fields": {
      "form": 181,
      "form_group": 161
    },
    "model": "core.formgroupform",
    "pk": 170
  },
  {
    "fields": {
      "form": 242,
      "form_group": 246
    },
    "model": "core.formgroupform",
    "pk": 171
  },
  {
    "fields": {
      "form": 246,
      "form_group": 245
    },
    "model": "core.formgroupform",
    "pk": 172
  },
  {
    "fields": {
      "form": 46,
      "form_group": 246
    },
    "model": "core.formgroupform",
    "pk": 173
  },
  {
    "fields": {
      "form": 181,
      "form_group": 244
    },
    "model": "core.formgroupform",
    "pk": 174
  },
  {
    "fields": {
      "form": 245,
      "form_group": 242
    },
    "model": "core.formgroupform",
    "pk": 175
  },
  {
    "fields": {
      "form": 201,
      "form_group": 244
    },
    "model": "core.formgroupform",
    "pk": 176
  },
  {
    "fields": {
      "form": 181,
      "form_group": 241
    },
    "model": "core.formgroupform",
    "pk": 177
  },
  {
    "fields": {
      "form": 241,
      "form_group": 245
    },
    "model": "core.formgroupform",
    "pk": 178
  },
  {
    "fields": {
      "form": 244,
      "form_group": 245
    },
    "model": "core.formgroupform",
    "pk": 179
  },
  {
    "fields": {
      "form": 247,
      "form_group": 161
    },
    "model": "core.formgroupform",
    "pk": 180
  },
  {
    "fields": {
      "form": 248,
      "form_group": 241
    },
    "model": "core.formgroupform",
    "pk": 181
  },
  {
    "fields": {
      "form": 249,
      "form_group": 242
    },
    "model": "core.formgroupform",
    "pk": 182
  },
  {
    "fields": {
      "form": 242,
      "form_group": 242
    },
    "model": "core.formgroupform",
    "pk": 183
  },
  {
    "fields": {
      "form": 225,
      "form_group": 246
    },
    "model": "core.formgroupform",
    "pk": 184
  },
  {
    "fields": {
      "form": 248,
      "form_group": 244
    },
    "model": "core.formgroupform",
    "pk": 185
  },
  {
    "fields": {
      "form": 249,
      "form_group": 244
    },
    "model": "core.formgroupform",
    "pk": 186
  },
  {
    "fields": {
      "form": 201,
      "form_group": 241
    },
    "model": "core.formgroupform",
    "pk": 187
  },
  {
    "fields": {
      "form": 244,
      "form_group": 161
    },
    "model": "core.formgroupform",
    "pk": 188
  },
  {
    "fields": {
      "form": 244,
      "form_group": 244
    },
    "model": "core.formgroupform",
    "pk": 189
  },
  {
    "fields": {
      "form": 249,
      "form_group": 246
    },
    "model": "core.formgroupform",
    "pk": 190
  },
  {
    "fields": {
      "form": 121,
      "form_group": 245
    },
    "model": "core.formgroupform",
    "pk": 191
  },
  {
    "fields": {
      "form": 243,
      "form_group": 246
    },
    "model": "core.formgroupform",
    "pk": 192
  },
  {
    "fields": {
      "form": 245,
      "form_group": 244
    },
    "model": "core.formgroupform",
    "pk": 193
  },
  {
    "fields": {
      "form": 244,
      "form_group": 242
    },
    "model": "core.formgroupform",
    "pk": 194
  },
  {
    "fields": {
      "form": 244,
      "form_group": 241
    },
    "model": "core.formgroupform",
    "pk": 195
  },
  {
    "fields": {
      "form": 246,
      "form_group": 244
    },
    "model": "core.formgroupform",
    "pk": 196
  },
  {
    "fields": {
      "form": 225,
      "form_group": 242
    },
    "model": "core.formgroupform",
    "pk": 197
  },
  {
    "fields": {
      "form": 247,
      "form_group": 243
    },
    "model": "core.formgroupform",
    "pk": 198
  },
  {
    "fields": {
      "form": 61,
      "form_group": 248
    },
    "model": "core.formgroupform",
    "pk": 199
  },
  {
    "fields": {
      "form": 121,
      "form_group": 247
    },
    "model": "core.formgroupform",
    "pk": 200
  },
  {
    "fields": {
      "form": 47,
      "form_group": 247
    },
    "model": "core.formgroupform",
    "pk": 201
  },
  {
    "fields": {
      "form": 47,
      "form_group": 248
    },
    "model": "core.formgroupform",
    "pk": 202
  },
  {
    "fields": {
      "form": 61,
      "form_group": 247
    },
    "model": "core.formgroupform",
    "pk": 203
  },
  {
    "fields": {
      "form": 44,
      "form_group": 248
    },
    "model": "core.formgroupform",
    "pk": 204
  },
  {
    "fields": {
      "form": 21,
      "form_group": 248
    },
    "model": "core.formgroupform",
    "pk": 205
  },
  {
    "fields": {
      "form": 121,
      "form_group": 248
    },
    "model": "core.formgroupform",
    "pk": 206
  },
  {
    "fields": {
      "form": 141,
      "form_group": 247
    },
    "model": "core.formgroupform",
    "pk": 207
  },
  {
    "fields": {
      "form": 141,
      "form_group": 248
    },
    "model": "core.formgroupform",
    "pk": 208
  },
  {
    "fields": {
      "form": 253,
      "form_group": 249
    },
    "model": "core.formgroupform",
    "pk": 209
  },
  {
    "fields": {
      "form": 250,
      "form_group": 161
    },
    "model": "core.formgroupform",
    "pk": 210
  },
  {
    "fields": {
      "form": 285,
      "form_group": 246
    },
    "model": "core.formgroupform",
    "pk": 211
  },
  {
    "fields": {
      "form": 281,
      "form_group": 252
    },
    "model": "core.formgroupform",
    "pk": 212
  },
  {
    "fields": {
      "form": 259,
      "form_group": 251
    },
    "model": "core.formgroupform",
    "pk": 213
  },
  {
    "fields": {
      "form": 284,
      "form_group": 141
    },
    "model": "core.formgroupform",
    "pk": 214
  },
  {
    "fields": {
      "form": 282,
      "form_group": 161
    },
    "model": "core.formgroupform",
    "pk": 215
  },
  {
    "fields": {
      "form": 252,
      "form_group": 161
    },
    "model": "core.formgroupform",
    "pk": 216
  },
  {
    "fields": {
      "form": 285,
      "form_group": 161
    },
    "model": "core.formgroupform",
    "pk": 217
  },
  {
    "fields": {
      "form": 257,
      "form_group": 251
    },
    "model": "core.formgroupform",
    "pk": 218
  },
  {
    "fields": {
      "form": 250,
      "form_group": 30
    },
    "model": "core.formgroupform",
    "pk": 219
  },
  {
    "fields": {
      "form": 256,
      "form_group": 161
    },
    "model": "core.formgroupform",
    "pk": 220
  },
  {
    "fields": {
      "form": 252,
      "form_group": 249
    },
    "model": "core.formgroupform",
    "pk": 221
  },
  {
    "fields": {
      "form": 255,
      "form_group": 250
    },
    "model": "core.formgroupform",
    "pk": 222
  },
  {
    "fields": {
      "form": 285,
      "form_group": 241
    },
    "model": "core.formgroupform",
    "pk": 223
  },
  {
    "fields": {
      "form": 261,
      "form_group": 161
    },
    "model": "core.formgroupform",
    "pk": 224
  },
  {
    "fields": {
      "form": 284,
      "form_group": 161
    },
    "model": "core.formgroupform",
    "pk": 225
  },
  {
    "fields": {
      "form": 256,
      "form_group": 251
    },
    "model": "core.formgroupform",
    "pk": 226
  },
  {
    "fields": {
      "form": 255,
      "form_group": 161
    },
    "model": "core.formgroupform",
    "pk": 227
  },
  {
    "fields": {
      "form": 261,
      "form_group": 181
    },
    "model": "core.formgroupform",
    "pk": 228
  },
  {
    "fields": {
      "form": 251,
      "form_group": 249
    },
    "model": "core.formgroupform",
    "pk": 229
  },
  {
    "fields": {
      "form": 253,
      "form_group": 161
    },
    "model": "core.formgroupform",
    "pk": 230
  },
  {
    "fields": {
      "form": 46,
      "form_group": 141
    },
    "model": "core.formgroupform",
    "pk": 231
  },
  {
    "fields": {
      "form": 250,
      "form_group": 141
    },
    "model": "core.formgroupform",
    "pk": 232
  },
  {
    "fields": {
      "form": 285,
      "form_group": 244
    },
    "model": "core.formgroupform",
    "pk": 233
  },
  {
    "fields": {
      "form": 250,
      "form_group": 244
    },
    "model": "core.formgroupform",
    "pk": 234
  },
  {
    "fields": {
      "form": 261,
      "form_group": 141
    },
    "model": "core.formgroupform",
    "pk": 235
  },
  {
    "fields": {
      "form": 45,
      "form_group": 141
    },
    "model": "core.formgroupform",
    "pk": 236
  },
  {
    "fields": {
      "form": 282,
      "form_group": 249
    },
    "model": "core.formgroupform",
    "pk": 237
  },
  {
    "fields": {
      "form": 254,
      "form_group": 161
    },
    "model": "core.formgroupform",
    "pk": 238
  },
  {
    "fields": {
      "form": 281,
      "form_group": 161
    },
    "model": "core.formgroupform",
    "pk": 239
  },
  {
    "fields": {
      "form": 260,
      "form_group": 252
    },
    "model": "core.formgroupform",
    "pk": 240
  },
  {
    "fields": {
      "form": 258,
      "form_group": 251
    },
    "model": "core.formgroupform",
    "pk": 241
  },
  {
    "fields": {
      "form": 260,
      "form_group": 161
    },
    "model": "core.formgroupform",
    "pk": 242
  },
  {
    "fields": {
      "form": 250,
      "form_group": 32
    },
    "model": "core.formgroupform",
    "pk": 243
  },
  {
    "fields": {
      "form": 254,
      "form_group": 250
    },
    "model": "core.formgroupform",
    "pk": 244
  },
  {
    "fields": {
      "form": 285,
      "form_group": 245
    },
    "model": "core.formgroupform",
    "pk": 245
  },
  {
    "fields": {
      "form": 285,
      "form_group": 242
    },
    "model": "core.formgroupform",
    "pk": 246
  },
  {
    "fields": {
      "form": 251,
      "form_group": 161
    },
    "model": "core.formgroupform",
    "pk": 247
  },
  {
    "fields": {
      "form": 61,
      "form_group": 253
    },
    "model": "core.formgroupform",
    "pk": 249
  },
  {
    "fields": {
      "form": 44,
      "form_group": 253
    },
    "model": "core.formgroupform",
    "pk": 250
  },
  {
    "fields": {
      "form": 21,
      "form_group": 253
    },
    "model": "core.formgroupform",
    "pk": 251
  },
  {
    "fields": {
      "form": 47,
      "form_group": 253
    },
    "model": "core.formgroupform",
    "pk": 252
  },
  {
    "fields": {
      "form": 259,
      "form_group": 161
    },
    "model": "core.formgroupform",
    "pk": 253
  },
  {
    "fields": {
      "form": 258,
      "form_group": 161
    },
    "model": "core.formgroupform",
    "pk": 254
  },
  {
    "fields": {
      "form": 257,
      "form_group": 161
    },
    "model": "core.formgroupform",
    "pk": 255
  },
  {
    "fields": {
      "form": 286,
      "form_group": 161
    },
    "model": "core.formgroupform",
    "pk": 256
  },
  {
    "fields": {
      "form": 286,
      "form_group": 241
    },
    "model": "core.formgroupform",
    "pk": 257
  },
  {
    "fields": {
      "form": 286,
      "form_group": 243
    },
    "model": "core.formgroupform",
    "pk": 258
  },
  {
    "fields": {
      "form": 286,
      "form_group": 244
    },
    "model": "core.formgroupform",
    "pk": 259
  },
  {
    "fields": {
      "form": 286,
      "form_group": 246
    },
    "model": "core.formgroupform",
    "pk": 260
  },
  {
    "fields": {
      "form": 288,
      "form_group": 254
    },
    "model": "core.formgroupform",
    "pk": 262
  },
  {
    "fields": {
      "form": 287,
      "form_group": 254
    },
    "model": "core.formgroupform",
    "pk": 263
  },
  {
    "fields": {
      "form": 260,
      "form_group": 255
    },
    "model": "core.formgroupform",
    "pk": 264
  },
  {
    "fields": {
      "form": 281,
      "form_group": 255
    },
    "model": "core.formgroupform",
    "pk": 265
  },
  {
    "fields": {
      "form": 288,
      "form_group": 255
    },
    "model": "core.formgroupform",
    "pk": 267
  },
  {
    "fields": {
      "form": 287,
      "form_group": 255
    },
    "model": "core.formgroupform",
    "pk": 268
  },
  {
    "fields": {
      "form": 288,
      "form_group": 161
    },
    "model": "core.formgroupform",
    "pk": 269
  },
  {
    "fields": {
      "form": 287,
      "form_group": 161
    },
    "model": "core.formgroupform",
    "pk": 270
  },
  {
    "fields": {
      "form": 289,
      "form_group": 161
    },
    "model": "core.formgroupform",
    "pk": 271
  },
  {
    "fields": {
      "form": 289,
      "form_group": 251
    },
    "model": "core.formgroupform",
    "pk": 272
  },
  {
    "fields": {
      "form": 291,
      "form_group": 254
    },
    "model": "core.formgroupform",
    "pk": 273
  },
  {
    "fields": {
      "form": 291,
      "form_group": 255
    },
    "model": "core.formgroupform",
    "pk": 274
  },
  {
    "fields": {
      "form": 291,
      "form_group": 161
    },
    "model": "core.formgroupform",
    "pk": 275
  },
  {
    "fields": {
      "form": 290,
      "form_group": 161
    },
    "model": "core.formgroupform",
    "pk": 276
  },
  {
    "fields": {
      "form": 290,
      "form_group": 30
    },
    "model": "core.formgroupform",
    "pk": 277
  },
  {
    "fields": {
      "form": 290,
      "form_group": 31
    },
    "model": "core.formgroupform",
    "pk": 278
  },
  {
    "fields": {
      "form": 290,
      "form_group": 81
    },
    "model": "core.formgroupform",
    "pk": 279
  },
  {
    "fields": {
      "form": 290,
      "form_group": 181
    },
    "model": "core.formgroupform",
    "pk": 280
  },
  {
    "fields": {
      "form": 290,
      "form_group": 221
    },
    "model": "core.formgroupform",
    "pk": 281
  },
  {
    "fields": {
      "form": 290,
      "form_group": 245
    },
    "model": "core.formgroupform",
    "pk": 282
  },
  {
    "fields": {
      "form": 290,
      "form_group": 246
    },
    "model": "core.formgroupform",
    "pk": 283
  },
  {
    "fields": {
      "form": 290,
      "form_group": 247
    },
    "model": "core.formgroupform",
    "pk": 284
  },
  {
    "fields": {
      "form": 290,
      "form_group": 248
    },
    "model": "core.formgroupform",
    "pk": 285
  },
  {
    "fields": {
      "form": 244,
      "form_group": 256
    },
    "model": "core.formgroupform",
    "pk": 286
  },
  {
    "fields": {
      "form": 250,
      "form_group": 256
    },
    "model": "core.formgroupform",
    "pk": 287
  },
  {
    "fields": {
      "form": 292,
      "form_group": 256
    },
    "model": "core.formgroupform",
    "pk": 288
  },
  {
    "fields": {
      "form": 293,
      "form_group": 161
    },
    "model": "core.formgroupform",
    "pk": 289
  },
  {
    "fields": {
      "form": 292,
      "form_group": 161
    },
    "model": "core.formgroupform",
    "pk": 290
  },
  {
    "fields": {
      "form": 293,
      "form_group": 32
    },
    "model": "core.formgroupform",
    "pk": 292
  },
  {
    "fields": {
      "form": 293,
      "form_group": 30
    },
    "model": "core.formgroupform",
    "pk": 301
  },
  {
    "fields": {
      "form": 293,
      "form_group": 61
    },
    "model": "core.formgroupform",
    "pk": 302
  },
  {
    "fields": {
      "form": 293,
      "form_group": 241
    },
    "model": "core.formgroupform",
    "pk": 303
  },
  {
    "fields": {
      "form": 293,
      "form_group": 242
    },
    "model": "core.formgroupform",
    "pk": 304
  },
  {
    "fields": {
      "form": 293,
      "form_group": 81
    },
    "model": "core.formgroupform",
    "pk": 305
  },
  {
    "fields": {
      "form": 292,
      "form_group": 30
    },
    "model": "core.formgroupform",
    "pk": 307
  },
  {
    "fields": {
      "form": 292,
      "form_group": 32
    },
    "model": "core.formgroupform",
    "pk": 308
  },
  {
    "fields": {
      "form": 104,
      "form_group": 257
    },
    "model": "core.formgroupform",
    "pk": 309
  },
  {
    "fields": {
      "form": 106,
      "form_group": 257
    },
    "model": "core.formgroupform",
    "pk": 310
  },
  {
    "fields": {
      "form": 108,
      "form_group": 257
    },
    "model": "core.formgroupform",
    "pk": 311
  },
  {
    "fields": {
      "form": 101,
      "form_group": 257
    },
    "model": "core.formgroupform",
    "pk": 312
  },
  {
    "fields": {
      "form": 44,
      "form_group": 257
    },
    "model": "core.formgroupform",
    "pk": 313
  },
  {
    "fields": {
      "form": 47,
      "form_group": 257
    },
    "model": "core.formgroupform",
    "pk": 314
  },
  {
    "fields": {
      "group": 1,
      "permission_id": "menu_account"
    },
    "model": "core.grouppermission",
    "pk": 130195
  },
  {
    "fields": {
      "group": 1,
      "permission_id": "account_user"
    },
    "model": "core.grouppermission",
    "pk": 130196
  },
  {
    "fields": {
      "group": 1,
      "permission_id": "account_group"
    },
    "model": "core.grouppermission",
    "pk": 130197
  },
  {
    "fields": {
      "group": 1,
      "permission_id": "account_role"
    },
    "model": "core.grouppermission",
    "pk": 130198
  },
  {
    "fields": {
      "group": 1,
      "permission_id": "account_service-group"
    },
    "model": "core.grouppermission",
    "pk": 130199
  },
  {
    "fields": {
      "group": 1,
      "permission_id": "account_service"
    },
    "model": "core.grouppermission",
    "pk": 130200
  },
  {
    "fields": {
      "group": 1,
      "permission_id": "menu_form"
    },
    "model": "core.grouppermission",
    "pk": 130201
  },
  {
    "fields": {
      "group": 1,
      "permission_id": "form_form"
    },
    "model": "core.grouppermission",
    "pk": 130202
  },
  {
    "fields": {
      "group": 1,
      "permission_id": "form_page"
    },
    "model": "core.grouppermission",
    "pk": 130203
  },
  {
    "fields": {
      "group": 1,
      "permission_id": "form_chapter"
    },
    "model": "core.grouppermission",
    "pk": 130204
  },
  {
    "fields": {
      "group": 1,
      "permission_id": "form_question"
    },
    "model": "core.grouppermission",
    "pk": 130205
  },
  {
    "fields": {
      "group": 1,
      "permission_id": "form_form-group"
    },
    "model": "core.grouppermission",
    "pk": 130206
  },
  {
    "fields": {
      "group": 1,
      "permission_id": "form_answer-query"
    },
    "model": "core.grouppermission",
    "pk": 130207
  },
  {
    "fields": {
      "group": 1,
      "permission_id": "form_answer-list"
    },
    "model": "core.grouppermission",
    "pk": 130208
  },
  {
    "fields": {
      "group": 1,
      "permission_id": "form_service-answer-activation"
    },
    "model": "core.grouppermission",
    "pk": 130209
  },
  {
    "fields": {
      "group": 1,
      "permission_id": "form_page-answer-activation"
    },
    "model": "core.grouppermission",
    "pk": 130210
  },
  {
    "fields": {
      "group": 1,
      "permission_id": "form_mapping"
    },
    "model": "core.grouppermission",
    "pk": 130211
  },
  {
    "fields": {
      "group": 1,
      "permission_id": "form_page-form-group"
    },
    "model": "core.grouppermission",
    "pk": 130212
  },
  {
    "fields": {
      "group": 1,
      "permission_id": "menu_resource"
    },
    "model": "core.grouppermission",
    "pk": 130213
  },
  {
    "fields": {
      "group": 1,
      "permission_id": "resource_tree"
    },
    "model": "core.grouppermission",
    "pk": 130214
  },
  {
    "fields": {
      "group": 1,
      "permission_id": "resource_resource"
    },
    "model": "core.grouppermission",
    "pk": 130215
  },
  {
    "fields": {
      "group": 1,
      "permission_id": "resource_instance-resource"
    },
    "model": "core.grouppermission",
    "pk": 130216
  },
  {
    "fields": {
      "group": 1,
      "permission_id": "resource_button"
    },
    "model": "core.grouppermission",
    "pk": 130217
  },
  {
    "fields": {
      "group": 1,
      "permission_id": "resource_action"
    },
    "model": "core.grouppermission",
    "pk": 130218
  },
  {
    "fields": {
      "group": 1,
      "permission_id": "resource_instance-state"
    },
    "model": "core.grouppermission",
    "pk": 130219
  },
  {
    "fields": {
      "group": 1,
      "permission_id": "resource_search-filter"
    },
    "model": "core.grouppermission",
    "pk": 130220
  },
  {
    "fields": {
      "group": 1,
      "permission_id": "resource_resource-loader"
    },
    "model": "core.grouppermission",
    "pk": 130221
  },
  {
    "fields": {
      "group": 1,
      "permission_id": "resource_instance-resource-loader"
    },
    "model": "core.grouppermission",
    "pk": 130222
  },
  {
    "fields": {
      "group": 1,
      "permission_id": "resource_action-loader"
    },
    "model": "core.grouppermission",
    "pk": 130223
  },
  {
    "fields": {
      "group": 1,
      "permission_id": "menu_circulation"
    },
    "model": "core.grouppermission",
    "pk": 130224
  },
  {
    "fields": {
      "group": 1,
      "permission_id": "circulation_type"
    },
    "model": "core.grouppermission",
    "pk": 130225
  },
  {
    "fields": {
      "group": 1,
      "permission_id": "circulation_state"
    },
    "model": "core.grouppermission",
    "pk": 130226
  },
  {
    "fields": {
      "group": 1,
      "permission_id": "circulation_answer-type"
    },
    "model": "core.grouppermission",
    "pk": 130227
  },
  {
    "fields": {
      "group": 1,
      "permission_id": "circulation_answer"
    },
    "model": "core.grouppermission",
    "pk": 130228
  },
  {
    "fields": {
      "group": 1,
      "permission_id": "circulation_reason"
    },
    "model": "core.grouppermission",
    "pk": 130229
  },
  {
    "fields": {
      "group": 1,
      "permission_id": "circulation_notice-type"
    },
    "model": "core.grouppermission",
    "pk": 130230
  },
  {
    "fields": {
      "group": 1,
      "permission_id": "menu_module"
    },
    "model": "core.grouppermission",
    "pk": 130231
  },
  {
    "fields": {
      "group": 1,
      "permission_id": "module_module"
    },
    "model": "core.grouppermission",
    "pk": 130232
  },
  {
    "fields": {
      "group": 1,
      "permission_id": "module_data-loader"
    },
    "model": "core.grouppermission",
    "pk": 130233
  },
  {
    "fields": {
      "available_instance_resource": "newform",
      "class_field": "",
      "description": "Erstellung durch die Gemeinde",
      "form_group": 81,
      "hidden": 1,
      "name": "Dossier erstellen",
      "resource": 22,
      "sort": 0,
      "template": ""
    },
    "model": "core.instanceresource",
    "pk": 1
  },
  {
    "fields": {
      "available_instance_resource": "editformpage",
      "class_field": null,
      "description": "Personen- und Projektdaten bearbeiten die von der Gemeinde erstellt werden, die an die Koordinationsstelle weiter geschickt werden.",
      "form_group": 31,
      "hidden": 0,
      "name": "Personen- und Projektdaten bearbeiten",
      "resource": 301,
      "sort": 0,
      "template": "/form/form-edit.phtml"
    },
    "model": "core.instanceresource",
    "pk": 2
  },
  {
    "fields": {
      "available_instance_resource": "formpage",
      "class_field": "",
      "description": "Zum alle Personen- und Projektdaten, ohne jedoch die, die comm sind.\nDie die Comm sind, k\u00f6nnen ja eh bearbeitet werden.",
      "form_group": 30,
      "hidden": 0,
      "name": "Personen- und Projektdaten",
      "resource": 301,
      "sort": 3,
      "template": "/form/form-read.phtml"
    },
    "model": "core.instanceresource",
    "pk": 3
  },
  {
    "fields": {
      "available_instance_resource": "editformpage",
      "class_field": null,
      "description": "Personen- und Projektdaten bearbeiten von der Gemeinde",
      "form_group": 81,
      "hidden": 0,
      "name": "Personen- und Projektdaten bearbeiten",
      "resource": 267,
      "sort": 0,
      "template": "/form/form-edit.phtml"
    },
    "model": "core.instanceresource",
    "pk": 4
  },
  {
    "fields": {
      "available_instance_resource": "formpage",
      "class_field": "",
      "description": "Dossier Ansehen alle Dossiers von BG und BD",
      "form_group": 245,
      "hidden": 0,
      "name": "Personen- und Projektdaten",
      "resource": 302,
      "sort": 0,
      "template": "/form/form-read.phtml"
    },
    "model": "core.instanceresource",
    "pk": 22
  },
  {
    "fields": {
      "available_instance_resource": "documents",
      "class_field": "",
      "description": "",
      "form_group": 161,
      "hidden": 0,
      "name": "Dokumente",
      "resource": 301,
      "sort": 6,
      "template": ""
    },
    "model": "core.instanceresource",
    "pk": 46
  },
  {
    "fields": {
      "available_instance_resource": "formpage",
      "class_field": "",
      "description": "Personen- und Projektdaten KOOR BG",
      "form_group": 30,
      "hidden": 1,
      "name": "Personen- und Projektdaten",
      "resource": 267,
      "sort": 2,
      "template": "/form/form-read.phtml"
    },
    "model": "core.instanceresource",
    "pk": 85
  },
  {
    "fields": {
      "available_instance_resource": "newform",
      "class_field": "",
      "description": "Erstellung durch die Koordinationsstelle BG",
      "form_group": 32,
      "hidden": 1,
      "name": "Dossier erstellen",
      "resource": 22,
      "sort": 2,
      "template": ""
    },
    "model": "core.instanceresource",
    "pk": 106
  },
  {
    "fields": {
      "available_instance_resource": "editformpage",
      "class_field": "",
      "description": "Personen- und Projektdaten bearbeiten von der Koordinationsstelle",
      "form_group": 32,
      "hidden": 0,
      "name": "Personen- und Projektdaten bearbeiten",
      "resource": 267,
      "sort": 1,
      "template": "/form/form-edit.phtml"
    },
    "model": "core.instanceresource",
    "pk": 107
  },
  {
    "fields": {
      "available_instance_resource": "documents",
      "class_field": "",
      "description": "Dokumente fur Baubewilligungsverfahren mit kantonaler Beteiligung",
      "form_group": 30,
      "hidden": 0,
      "name": "Dokumente",
      "resource": 267,
      "sort": 3,
      "template": ""
    },
    "model": "core.instanceresource",
    "pk": 145
  },
  {
    "fields": {
      "available_instance_resource": "workflow",
      "class_field": "",
      "description": "",
      "form_group": 30,
      "hidden": 0,
      "name": "Workflow",
      "resource": 267,
      "sort": 10,
      "template": ""
    },
    "model": "core.instanceresource",
    "pk": 165
  },
  {
    "fields": {
      "available_instance_resource": "billing",
      "class_field": "",
      "description": "",
      "form_group": 161,
      "hidden": 0,
      "name": "Geb\u00fchrenerfassung",
      "resource": 302,
      "sort": 9,
      "template": ""
    },
    "model": "core.instanceresource",
    "pk": 185
  },
  {
    "fields": {
      "available_instance_resource": "billing",
      "class_field": "",
      "description": "Geb\u00fchren verwalten  Koor BG",
      "form_group": 30,
      "hidden": 0,
      "name": "Geb\u00fchren verwalten",
      "resource": 267,
      "sort": 6,
      "template": ""
    },
    "model": "core.instanceresource",
    "pk": 205
  },
  {
    "fields": {
      "available_instance_resource": "formpage",
      "class_field": null,
      "description": "Personen- und Projektdaten KOOR BG & Gemeindebaubeh\u00f6rde",
      "form_group": 30,
      "hidden": 0,
      "name": "Personen- und Projektdaten",
      "resource": 42,
      "sort": 0,
      "template": "/form/form-read.phtml"
    },
    "model": "core.instanceresource",
    "pk": 225
  },
  {
    "fields": {
      "available_instance_resource": "editformpage",
      "class_field": null,
      "description": "Personen- und Projektdaten bearbeiten die von der Gemeinde erstellt werden und bei der Gemeinde bleiben",
      "form_group": 61,
      "hidden": 0,
      "name": "Personen- und Projektdaten bearbeiten",
      "resource": 301,
      "sort": 2,
      "template": "/form/form-edit.phtml"
    },
    "model": "core.instanceresource",
    "pk": 245
  },
  {
    "fields": {
      "available_instance_resource": "page",
      "class_field": "",
      "description": "",
      "form_group": 221,
      "hidden": 0,
      "name": "Verfahren \u00e4ndern",
      "resource": 301,
      "sort": 10,
      "template": "/change/gem.phtml"
    },
    "model": "core.instanceresource",
    "pk": 246
  },
  {
    "fields": {
      "available_instance_resource": "publication",
      "class_field": null,
      "description": null,
      "form_group": 257,
      "hidden": 0,
      "name": "Publikation",
      "resource": 301,
      "sort": 11,
      "template": null
    },
    "model": "core.instanceresource",
    "pk": 265
  },
  {
    "fields": {
      "available_instance_resource": "page",
      "class_field": "",
      "description": "",
      "form_group": 181,
      "hidden": 0,
      "name": "Beteiligte Fachstellen",
      "resource": 301,
      "sort": 9,
      "template": "/global/involved-department.phtml"
    },
    "model": "core.instanceresource",
    "pk": 285
  },
  {
    "fields": {
      "available_instance_resource": "circulation",
      "class_field": "",
      "description": "Zirkulation Koord ARE BG",
      "form_group": 30,
      "hidden": 0,
      "name": "Dossier abschliessen",
      "resource": 267,
      "sort": 8,
      "template": ""
    },
    "model": "core.instanceresource",
    "pk": 314
  },
  {
    "fields": {
      "available_instance_resource": "editcirculation",
      "class_field": null,
      "description": "Zirkulation BG Dossiers",
      "form_group": 30,
      "hidden": 0,
      "name": "Zirkulation",
      "resource": 267,
      "sort": 5,
      "template": null
    },
    "model": "core.instanceresource",
    "pk": 315
  },
  {
    "fields": {
      "available_instance_resource": "page",
      "class_field": null,
      "description": null,
      "form_group": 161,
      "hidden": 0,
      "name": "Beteiligte Fachstellen",
      "resource": 302,
      "sort": 13,
      "template": "/global/involved-department.phtml"
    },
    "model": "core.instanceresource",
    "pk": 327
  },
  {
    "fields": {
      "available_instance_resource": "editnotice",
      "class_field": null,
      "description": "R\u00fcckmeldung der Koodinationsstelle",
      "form_group": 161,
      "hidden": 0,
      "name": "R\u00fcckmeldung",
      "resource": 302,
      "sort": 10,
      "template": null
    },
    "model": "core.instanceresource",
    "pk": 367
  },
  {
    "fields": {
      "available_instance_resource": "editcirculation",
      "class_field": "",
      "description": "Dossiers von der Koordinationsstelle",
      "form_group": 30,
      "hidden": 1,
      "name": "Subfachstellen miteinbeziehen",
      "resource": 302,
      "sort": 12,
      "template": ""
    },
    "model": "core.instanceresource",
    "pk": 387
  },
  {
    "fields": {
      "available_instance_resource": "formpage",
      "class_field": "",
      "description": "",
      "form_group": 161,
      "hidden": 0,
      "name": "Personen- und Projektdaten",
      "resource": 122,
      "sort": 0,
      "template": "/form/form-read.phtml"
    },
    "model": "core.instanceresource",
    "pk": 388
  },
  {
    "fields": {
      "available_instance_resource": "editnotice",
      "class_field": null,
      "description": "R\u00fcckmeldung Dossiers von der Koordinationsstelle",
      "form_group": 32,
      "hidden": 0,
      "name": "R\u00fcckmeldung",
      "resource": 122,
      "sort": 1,
      "template": ""
    },
    "model": "core.instanceresource",
    "pk": 389
  },
  {
    "fields": {
      "available_instance_resource": "workflow",
      "class_field": "",
      "description": "",
      "form_group": 161,
      "hidden": 0,
      "name": "Workflow",
      "resource": 301,
      "sort": 13,
      "template": ""
    },
    "model": "core.instanceresource",
    "pk": 405
  },
  {
    "fields": {
      "available_instance_resource": "editformpage",
      "class_field": "",
      "description": "Dossiers von Koord NP",
      "form_group": 141,
      "hidden": 0,
      "name": "Personen- und Projektdaten bearbeiten",
      "resource": 288,
      "sort": 0,
      "template": "/form/form-edit.phtml"
    },
    "model": "core.instanceresource",
    "pk": 445
  },
  {
    "fields": {
      "available_instance_resource": "page",
      "class_field": "",
      "description": "",
      "form_group": 161,
      "hidden": 1,
      "name": "Stellungnahme bearbeiten",
      "resource": 267,
      "sort": 9,
      "template": "/koord/edit-notice.phtml"
    },
    "model": "core.instanceresource",
    "pk": 447
  },
  {
    "fields": {
      "available_instance_resource": "newform",
      "class_field": "",
      "description": "Erstellen von Dossiers f\u00fcr Koord NP",
      "form_group": 141,
      "hidden": 1,
      "name": "Dossier erstellen",
      "resource": 22,
      "sort": 3,
      "template": ""
    },
    "model": "core.instanceresource",
    "pk": 448
  },
  {
    "fields": {
      "available_instance_resource": "formpage",
      "class_field": null,
      "description": "Personen- und Projektdaten KOOR NP",
      "form_group": 141,
      "hidden": 0,
      "name": "Personen- und Projektdaten",
      "resource": 288,
      "sort": 1,
      "template": "/form/form-read.phtml"
    },
    "model": "core.instanceresource",
    "pk": 465
  },
  {
    "fields": {
      "available_instance_resource": "documents",
      "class_field": "",
      "description": "",
      "form_group": 141,
      "hidden": 0,
      "name": "Dokumente",
      "resource": 288,
      "sort": 2,
      "template": ""
    },
    "model": "core.instanceresource",
    "pk": 466
  },
  {
    "fields": {
      "available_instance_resource": "editcirculation",
      "class_field": null,
      "description": "Zirkulation der Dossiers Nutzungsplanung",
      "form_group": 141,
      "hidden": 0,
      "name": "Zirkulation",
      "resource": 288,
      "sort": 3,
      "template": null
    },
    "model": "core.instanceresource",
    "pk": 467
  },
  {
    "fields": {
      "available_instance_resource": "billing",
      "class_field": null,
      "description": "Geb\u00fchren verwalten Koor NP",
      "form_group": 141,
      "hidden": 0,
      "name": "Geb\u00fchren verwalten",
      "resource": 288,
      "sort": 4,
      "template": ""
    },
    "model": "core.instanceresource",
    "pk": 485
  },
  {
    "fields": {
      "available_instance_resource": "circulation",
      "class_field": "",
      "description": "Zirkulation Koor ARE NP",
      "form_group": 141,
      "hidden": 0,
      "name": "Dossier abschliessen",
      "resource": 288,
      "sort": 5,
      "template": ""
    },
    "model": "core.instanceresource",
    "pk": 486
  },
  {
    "fields": {
      "available_instance_resource": "page",
      "class_field": "",
      "description": "",
      "form_group": 141,
      "hidden": 1,
      "name": "Stellungnahme bearbeiten",
      "resource": 288,
      "sort": 6,
      "template": "/koord/edit-notice.phtml"
    },
    "model": "core.instanceresource",
    "pk": 487
  },
  {
    "fields": {
      "available_instance_resource": "workflow",
      "class_field": "",
      "description": "",
      "form_group": 141,
      "hidden": 0,
      "name": "Workflow",
      "resource": 288,
      "sort": 7,
      "template": ""
    },
    "model": "core.instanceresource",
    "pk": 488
  },
  {
    "fields": {
      "available_instance_resource": "newform",
      "class_field": "",
      "description": "Erstellung NP durch die Gemeinde",
      "form_group": 141,
      "hidden": 1,
      "name": "Dossier erstellen",
      "resource": 22,
      "sort": 1,
      "template": ""
    },
    "model": "core.instanceresource",
    "pk": 489
  },
  {
    "fields": {
      "available_instance_resource": "editformpage",
      "class_field": null,
      "description": "Dossiers NP die von der Gemeinde erstellt werden und an die Koordinationsstelle weiter geschickt werden.",
      "form_group": 141,
      "hidden": 0,
      "name": "Personen- und Projektdaten bearbeiten",
      "resource": 301,
      "sort": 1,
      "template": "/form/form-edit.phtml"
    },
    "model": "core.instanceresource",
    "pk": 490
  },
  {
    "fields": {
      "available_instance_resource": "formpage",
      "class_field": "",
      "description": "Zum alle Dossier NP anschauen, ohne jedoch die, die comm sind.\nDie die Comm sind, k\u00f6nnen ja bearbeitet werden.",
      "form_group": 141,
      "hidden": 0,
      "name": "Personen- und Projektdaten",
      "resource": 301,
      "sort": 4,
      "template": "/form/form-read.phtml"
    },
    "model": "core.instanceresource",
    "pk": 491
  },
  {
    "fields": {
      "available_instance_resource": "formpage",
      "class_field": "",
      "description": "Dossiers Nutzungsplanung ansehen",
      "form_group": 141,
      "hidden": 0,
      "name": "Personen- und Projektdaten",
      "resource": 302,
      "sort": 1,
      "template": "/form/form-read.phtml"
    },
    "model": "core.instanceresource",
    "pk": 505
  },
  {
    "fields": {
      "available_instance_resource": "documents",
      "class_field": "",
      "description": "",
      "form_group": 161,
      "hidden": 0,
      "name": "Dokumente",
      "resource": 302,
      "sort": 8,
      "template": ""
    },
    "model": "core.instanceresource",
    "pk": 525
  },
  {
    "fields": {
      "available_instance_resource": "formpage",
      "class_field": "",
      "description": "Dossieransicht f\u00fcr Amt Fachstelle OHNE Koordination bei der Dossiersuche f\u00fcr BG Dossiers",
      "form_group": 30,
      "hidden": 0,
      "name": "Personen- und Projektdaten",
      "resource": 42,
      "sort": 1,
      "template": "/form/form-read.phtml"
    },
    "model": "core.instanceresource",
    "pk": 526
  },
  {
    "fields": {
      "available_instance_resource": "formpage",
      "class_field": "",
      "description": "Anschauen f\u00fcr Amt Fachstelle f\u00fcr die Dossiersuche f\u00fcr NP",
      "form_group": 141,
      "hidden": 0,
      "name": "Personen- und Projektdaten",
      "resource": 42,
      "sort": 2,
      "template": "/form/form-read.phtml"
    },
    "model": "core.instanceresource",
    "pk": 527
  },
  {
    "fields": {
      "available_instance_resource": "documents",
      "class_field": "",
      "description": "Dokumente anschauen f\u00fcr Dossier, die nicht in der Pendenzenliste sind",
      "form_group": 161,
      "hidden": 0,
      "name": "Dokumente",
      "resource": 42,
      "sort": 3,
      "template": ""
    },
    "model": "core.instanceresource",
    "pk": 545
  },
  {
    "fields": {
      "available_instance_resource": "formpage",
      "class_field": "",
      "description": "Anschauen der Dossiers der Gruppe Baukoordination",
      "form_group": 246,
      "hidden": 0,
      "name": "Personen- und Projektdaten",
      "resource": 309,
      "sort": 0,
      "template": "/form/form-read.phtml"
    },
    "model": "core.instanceresource",
    "pk": 565
  },
  {
    "fields": {
      "available_instance_resource": "documents",
      "class_field": "",
      "description": "Dokumentenauflistung f\u00fcr die Kommissionsmitglieder",
      "form_group": 161,
      "hidden": 0,
      "name": "Dokumente",
      "resource": 309,
      "sort": 2,
      "template": ""
    },
    "model": "core.instanceresource",
    "pk": 585
  },
  {
    "fields": {
      "available_instance_resource": "page",
      "class_field": "commissioners",
      "description": "Verwalten der Kommissionsmitglieder",
      "form_group": 161,
      "hidden": 0,
      "name": "Dossier f\u00fcr Fachbereich freischalten",
      "resource": 302,
      "sort": 14,
      "template": "/dept/commissioners.phtml"
    },
    "model": "core.instanceresource",
    "pk": 586
  },
  {
    "fields": {
      "available_instance_resource": "editformpage",
      "class_field": null,
      "description": "Personen- und Projektdaten bearbeiten f\u00fcr alle Dossiers KOOR BD",
      "form_group": 242,
      "hidden": 0,
      "name": "Personen- und Projektdaten bearbeiten",
      "resource": 264,
      "sort": 0,
      "template": "/form/form-edit.phtml"
    },
    "model": "core.instanceresource",
    "pk": 605
  },
  {
    "fields": {
      "available_instance_resource": "formpage",
      "class_field": "",
      "description": "Lese-Modus aller Dossiers",
      "form_group": 241,
      "hidden": 1,
      "name": "Personen- und Projektdaten",
      "resource": 264,
      "sort": 2,
      "template": ""
    },
    "model": "core.instanceresource",
    "pk": 606
  },
  {
    "fields": {
      "available_instance_resource": "documents",
      "class_field": "",
      "description": "",
      "form_group": 161,
      "hidden": 0,
      "name": "Dokumente",
      "resource": 264,
      "sort": 3,
      "template": ""
    },
    "model": "core.instanceresource",
    "pk": 607
  },
  {
    "fields": {
      "available_instance_resource": "newform",
      "class_field": "",
      "description": "Dossier Erstellen f\u00fcr die Koor BD",
      "form_group": 241,
      "hidden": 1,
      "name": "Dossier erstellen",
      "resource": 22,
      "sort": 4,
      "template": ""
    },
    "model": "core.instanceresource",
    "pk": 608
  },
  {
    "fields": {
      "available_instance_resource": "editcirculation",
      "class_field": null,
      "description": "Zirkulation machen f\u00fcr die Dossiers BD",
      "form_group": 241,
      "hidden": 0,
      "name": "Zirkulation",
      "resource": 264,
      "sort": 4,
      "template": null
    },
    "model": "core.instanceresource",
    "pk": 625
  },
  {
    "fields": {
      "available_instance_resource": "billing",
      "class_field": null,
      "description": "Geb\u00fchren verwalten Koor BD",
      "form_group": 241,
      "hidden": 0,
      "name": "Geb\u00fchren verwalten",
      "resource": 264,
      "sort": 5,
      "template": ""
    },
    "model": "core.instanceresource",
    "pk": 645
  },
  {
    "fields": {
      "available_instance_resource": "circulation",
      "class_field": "",
      "description": "Zirkulation Koord BD",
      "form_group": 241,
      "hidden": 0,
      "name": "Dossier abschliessen",
      "resource": 264,
      "sort": 6,
      "template": ""
    },
    "model": "core.instanceresource",
    "pk": 646
  },
  {
    "fields": {
      "available_instance_resource": "page",
      "class_field": "",
      "description": "",
      "form_group": 161,
      "hidden": 1,
      "name": "Stellungnahme bearbeiten",
      "resource": 264,
      "sort": 7,
      "template": "/koord/edit-notice.phtml"
    },
    "model": "core.instanceresource",
    "pk": 647
  },
  {
    "fields": {
      "available_instance_resource": "workflow",
      "class_field": "",
      "description": "",
      "form_group": 161,
      "hidden": 0,
      "name": "Workflow",
      "resource": 264,
      "sort": 8,
      "template": ""
    },
    "model": "core.instanceresource",
    "pk": 648
  },
  {
    "fields": {
      "available_instance_resource": "editformpage",
      "class_field": "",
      "description": "Seite f\u00fcr die Bearbeitung vom Dossier Beanspruchung von Kantonsgebiet weil es eine andere Seite hat",
      "form_group": 243,
      "hidden": 0,
      "name": "Personen- und Projektdaten bearbeiten",
      "resource": 264,
      "sort": 1,
      "template": "/form/form-edit.phtml"
    },
    "model": "core.instanceresource",
    "pk": 649
  },
  {
    "fields": {
      "available_instance_resource": "formpage",
      "class_field": "",
      "description": "Ansehen Dossier Baubewilligungsverfahren f\u00fcr die Beanspruchung von Kantonsgebiet",
      "form_group": 243,
      "hidden": 0,
      "name": "Personen- und Projektdaten",
      "resource": 302,
      "sort": 2,
      "template": "/form/form-read.phtml"
    },
    "model": "core.instanceresource",
    "pk": 650
  },
  {
    "fields": {
      "available_instance_resource": "newform",
      "class_field": "",
      "description": "Erstellung durch Portal Nutzer",
      "form_group": 247,
      "hidden": 1,
      "name": "Dossier erstellen",
      "resource": 251,
      "sort": 1,
      "template": "/portal/new.phtml"
    },
    "model": "core.instanceresource",
    "pk": 651
  },
  {
    "fields": {
      "available_instance_resource": "editformpage",
      "class_field": "",
      "description": "Dossiers vom Portal User",
      "form_group": 247,
      "hidden": 0,
      "name": "Dossier bearbeiten",
      "resource": 251,
      "sort": 2,
      "template": "/portal/edit-page.phtml"
    },
    "model": "core.instanceresource",
    "pk": 671
  },
  {
    "fields": {
      "available_instance_resource": "editformpage",
      "class_field": "",
      "description": "",
      "form_group": 248,
      "hidden": 0,
      "name": "Dossier bearbeiten",
      "resource": 250,
      "sort": 1,
      "template": "/form/form-edit.phtml"
    },
    "model": "core.instanceresource",
    "pk": 672
  },
  {
    "fields": {
      "available_instance_resource": "page",
      "class_field": "",
      "description": "",
      "form_group": 247,
      "hidden": 0,
      "name": "Eingesandt",
      "resource": 251,
      "sort": 6,
      "template": "/portal/send-confirmation.phtml"
    },
    "model": "core.instanceresource",
    "pk": 674
  },
  {
    "fields": {
      "available_instance_resource": "documents",
      "class_field": "",
      "description": "Ansicht der Dokumente nach einreichung Dossier",
      "form_group": 247,
      "hidden": 0,
      "name": "Dokumente",
      "resource": 250,
      "sort": 2,
      "template": ""
    },
    "model": "core.instanceresource",
    "pk": 676
  },
  {
    "fields": {
      "available_instance_resource": "formpage",
      "class_field": "",
      "description": "Read-Only-Moduls f\u00fcr die Dossiers f\u00fcr das Portal",
      "form_group": 248,
      "hidden": 0,
      "name": "Personen- und Projektdaten",
      "resource": 251,
      "sort": 0,
      "template": "/portal/read.phtml"
    },
    "model": "core.instanceresource",
    "pk": 677
  },
  {
    "fields": {
      "available_instance_resource": "documents_portal",
      "class_field": "",
      "description": "",
      "form_group": 247,
      "hidden": 0,
      "name": "Dokumente",
      "resource": 251,
      "sort": 3,
      "template": ""
    },
    "model": "core.instanceresource",
    "pk": 678
  },
  {
    "fields": {
      "available_instance_resource": "documents_portal_submit",
      "class_field": "",
      "description": "",
      "form_group": 247,
      "hidden": 0,
      "name": "Unterschriftenblatt",
      "resource": 251,
      "sort": 4,
      "template": ""
    },
    "model": "core.instanceresource",
    "pk": 680
  },
  {
    "fields": {
      "available_instance_resource": "page",
      "class_field": "",
      "description": "",
      "form_group": 247,
      "hidden": 0,
      "name": "Best\u00e4tigung f\u00fcr NFD",
      "resource": 251,
      "sort": 5,
      "template": "/portal/nfd-complete.phtml"
    },
    "model": "core.instanceresource",
    "pk": 681
  },
  {
    "fields": {
      "available_instance_resource": "formpage",
      "class_field": "",
      "description": "",
      "form_group": 247,
      "hidden": 0,
      "name": "Personen- und Projektdaten",
      "resource": 250,
      "sort": 0,
      "template": "/form/form-read.phtml"
    },
    "model": "core.instanceresource",
    "pk": 682
  },
  {
    "fields": {
      "available_instance_resource": "sanction",
      "class_field": null,
      "description": "Erfasste Auflagen bewirtschaften f\u00fcr KOOR BG",
      "form_group": 161,
      "hidden": 0,
      "name": "Erfasste Auflagen bewirtschaften",
      "resource": 267,
      "sort": 11,
      "template": null
    },
    "model": "core.instanceresource",
    "pk": 683
  },
  {
    "fields": {
      "available_instance_resource": "sanction",
      "class_field": null,
      "description": "Erfasste Auflagen bewirtschaften f\u00fcr KOOR NP",
      "form_group": 161,
      "hidden": 0,
      "name": "Erfasste Auflagen bewirtschaften",
      "resource": 288,
      "sort": 8,
      "template": null
    },
    "model": "core.instanceresource",
    "pk": 684
  },
  {
    "fields": {
      "available_instance_resource": "sanction",
      "class_field": null,
      "description": "Auflagen bewirtschaften Gemeindebaubeh\u00f6rde",
      "form_group": 161,
      "hidden": 0,
      "name": "Auflagen bewirtschaften",
      "resource": 301,
      "sort": 12,
      "template": null
    },
    "model": "core.instanceresource",
    "pk": 685
  },
  {
    "fields": {
      "available_instance_resource": "sanction",
      "class_field": null,
      "description": "Erfasste Auflagen bewirtschaften f\u00fcr KOOR BD",
      "form_group": 161,
      "hidden": 0,
      "name": "Erfasste Auflagen bewirtschaften",
      "resource": 264,
      "sort": 9,
      "template": null
    },
    "model": "core.instanceresource",
    "pk": 690
  },
  {
    "fields": {
      "available_instance_resource": "sanction",
      "class_field": null,
      "description": "Auflagen bewirtschaften f\u00fcr Vernehmlassungsstellen",
      "form_group": 161,
      "hidden": 0,
      "name": "Auflagen bewirtschaften",
      "resource": 302,
      "sort": 15,
      "template": ""
    },
    "model": "core.instanceresource",
    "pk": 691
  },
  {
    "fields": {
      "available_instance_resource": "buildingauthority",
      "class_field": null,
      "description": null,
      "form_group": 161,
      "hidden": 0,
      "name": "Bauverwaltung",
      "resource": 301,
      "sort": 14,
      "template": null
    },
    "model": "core.instanceresource",
    "pk": 692
  },
  {
    "fields": {
      "available_instance_resource": "formpage",
      "class_field": "",
      "description": "Personen- und Projektdaten f\u00fcr Organisation mit Leserechten",
      "form_group": 253,
      "hidden": 0,
      "name": "Personen- und Projektdaten",
      "resource": 307,
      "sort": 0,
      "template": ""
    },
    "model": "core.instanceresource",
    "pk": 695
  },
  {
    "fields": {
      "available_instance_resource": "documents",
      "class_field": null,
      "description": null,
      "form_group": 161,
      "hidden": 0,
      "name": "Dokumente",
      "resource": 307,
      "sort": 1,
      "template": null
    },
    "model": "core.instanceresource",
    "pk": 696
  },
  {
    "fields": {
      "available_instance_resource": "newform",
      "class_field": "",
      "description": "Erstellung durch die Koordinationsstelle AfU",
      "form_group": 249,
      "hidden": 1,
      "name": "Dossier erstellen",
      "resource": 22,
      "sort": 5,
      "template": ""
    },
    "model": "core.instanceresource",
    "pk": 697
  },
  {
    "fields": {
      "available_instance_resource": "editformpage",
      "class_field": null,
      "description": "Personen- und Projektdaten von der Koordinationsstelle Umweltschutz AfU",
      "form_group": 249,
      "hidden": 0,
      "name": "Personen- und Projektdaten bearbeiten",
      "resource": 289,
      "sort": 0,
      "template": "/form/form-edit.phtml"
    },
    "model": "core.instanceresource",
    "pk": 699
  },
  {
    "fields": {
      "available_instance_resource": "formpage",
      "class_field": null,
      "description": "Personen- und Projektdaten KOOR AfU",
      "form_group": 161,
      "hidden": 0,
      "name": "Personen- und Projektdaten",
      "resource": 289,
      "sort": 1,
      "template": "/form/form-read.phtml"
    },
    "model": "core.instanceresource",
    "pk": 700
  },
  {
    "fields": {
      "available_instance_resource": "documents",
      "class_field": "",
      "description": "Dokumente fur Baubewilligungsverfahren",
      "form_group": 161,
      "hidden": 0,
      "name": "Dokumente",
      "resource": 289,
      "sort": 2,
      "template": ""
    },
    "model": "core.instanceresource",
    "pk": 701
  },
  {
    "fields": {
      "available_instance_resource": "editcirculation",
      "class_field": null,
      "description": "Zirkulation Dossiers von der Koordinationsstelle AfU",
      "form_group": 249,
      "hidden": 0,
      "name": "Zirkulation",
      "resource": 289,
      "sort": 3,
      "template": null
    },
    "model": "core.instanceresource",
    "pk": 702
  },
  {
    "fields": {
      "available_instance_resource": "circulation",
      "class_field": "",
      "description": "Zirkulation Koord AfU",
      "form_group": 249,
      "hidden": 0,
      "name": "Dossier abschliessen",
      "resource": 289,
      "sort": 5,
      "template": ""
    },
    "model": "core.instanceresource",
    "pk": 704
  },
  {
    "fields": {
      "available_instance_resource": "page",
      "class_field": "",
      "description": "",
      "form_group": 161,
      "hidden": 1,
      "name": "Stellungnahme bearbeiten",
      "resource": 289,
      "sort": 6,
      "template": "/koord/edit-notice.phtml"
    },
    "model": "core.instanceresource",
    "pk": 705
  },
  {
    "fields": {
      "available_instance_resource": "workflow",
      "class_field": "",
      "description": "",
      "form_group": 249,
      "hidden": 0,
      "name": "Workflow",
      "resource": 289,
      "sort": 7,
      "template": ""
    },
    "model": "core.instanceresource",
    "pk": 706
  },
  {
    "fields": {
      "available_instance_resource": "sanction",
      "class_field": null,
      "description": "Erfasste Auflagen bewirtschaften f\u00fcr KOOR AfU",
      "form_group": 161,
      "hidden": 0,
      "name": "Erfasste Auflagen bewirtschaften",
      "resource": 289,
      "sort": 8,
      "template": null
    },
    "model": "core.instanceresource",
    "pk": 707
  },
  {
    "fields": {
      "available_instance_resource": "documents",
      "class_field": "",
      "description": "",
      "form_group": 161,
      "hidden": 0,
      "name": "Dokumente",
      "resource": 293,
      "sort": 1,
      "template": ""
    },
    "model": "core.instanceresource",
    "pk": 710
  },
  {
    "fields": {
      "available_instance_resource": "formpage",
      "class_field": "",
      "description": "Dossier Ansehen alle Dossiers von AfU",
      "form_group": 249,
      "hidden": 0,
      "name": "Personen- und Projektdaten",
      "resource": 302,
      "sort": 3,
      "template": "/form/form-read.phtml"
    },
    "model": "core.instanceresource",
    "pk": 711
  },
  {
    "fields": {
      "available_instance_resource": "formpage",
      "class_field": "",
      "description": "Dossier Ansehen alle Dossiers von ALA",
      "form_group": 250,
      "hidden": 0,
      "name": "Personen- und Projektdaten",
      "resource": 302,
      "sort": 4,
      "template": "/form/form-read.phtml"
    },
    "model": "core.instanceresource",
    "pk": 712
  },
  {
    "fields": {
      "available_instance_resource": "editformpage",
      "class_field": null,
      "description": "Personen- und Projektdaten von der Koordinationsstelle Landwirtschaft ALA",
      "form_group": 250,
      "hidden": 0,
      "name": "Personen- und Projektdaten bearbeiten",
      "resource": 296,
      "sort": 0,
      "template": "/form/form-edit.phtml"
    },
    "model": "core.instanceresource",
    "pk": 714
  },
  {
    "fields": {
      "available_instance_resource": "formpage",
      "class_field": null,
      "description": "Personen- und Projektdaten KOOR ALA",
      "form_group": 161,
      "hidden": 0,
      "name": "Personen- und Projektdaten",
      "resource": 296,
      "sort": 1,
      "template": "/form/form-read.phtml"
    },
    "model": "core.instanceresource",
    "pk": 715
  },
  {
    "fields": {
      "available_instance_resource": "documents",
      "class_field": "",
      "description": "Dokumente fur Baubewilligungsverfahren",
      "form_group": 161,
      "hidden": 0,
      "name": "Dokumente",
      "resource": 296,
      "sort": 2,
      "template": ""
    },
    "model": "core.instanceresource",
    "pk": 716
  },
  {
    "fields": {
      "available_instance_resource": "editcirculation",
      "class_field": "",
      "description": "Zirkulation Dossiers von der Koordinationsstelle ALA",
      "form_group": 250,
      "hidden": 0,
      "name": "Zirkulation",
      "resource": 296,
      "sort": 3,
      "template": ""
    },
    "model": "core.instanceresource",
    "pk": 717
  },
  {
    "fields": {
      "available_instance_resource": "circulation",
      "class_field": "",
      "description": "Zirkulation Koord ALA",
      "form_group": 250,
      "hidden": 0,
      "name": "Dossier abschliessen",
      "resource": 296,
      "sort": 5,
      "template": ""
    },
    "model": "core.instanceresource",
    "pk": 719
  },
  {
    "fields": {
      "available_instance_resource": "workflow",
      "class_field": "",
      "description": "",
      "form_group": 250,
      "hidden": 0,
      "name": "Workflow",
      "resource": 296,
      "sort": 6,
      "template": ""
    },
    "model": "core.instanceresource",
    "pk": 720
  },
  {
    "fields": {
      "available_instance_resource": "sanction",
      "class_field": null,
      "description": "Erfasste Auflagen bewirtschaften f\u00fcr KOOR ALA",
      "form_group": 250,
      "hidden": 0,
      "name": "Erfasste Auflagen bewirtschaften",
      "resource": 296,
      "sort": 7,
      "template": ""
    },
    "model": "core.instanceresource",
    "pk": 721
  },
  {
    "fields": {
      "available_instance_resource": "newform",
      "class_field": "",
      "description": "Erstellung durch die Koordinationsstelle ALA",
      "form_group": 250,
      "hidden": 1,
      "name": "Dossier erstellen",
      "resource": 22,
      "sort": 6,
      "template": ""
    },
    "model": "core.instanceresource",
    "pk": 722
  },
  {
    "fields": {
      "available_instance_resource": "editformpage",
      "class_field": null,
      "description": "Personen- und Projektdaten von der Koordinationsstelle Energie AfE",
      "form_group": 251,
      "hidden": 0,
      "name": "Personen- und Projektdaten bearbeiten",
      "resource": 297,
      "sort": 0,
      "template": "/form/form-edit.phtml"
    },
    "model": "core.instanceresource",
    "pk": 723
  },
  {
    "fields": {
      "available_instance_resource": "formpage",
      "class_field": null,
      "description": "Personen- und Projektdaten KOOR AfE",
      "form_group": 161,
      "hidden": 0,
      "name": "Personen- und Projektdaten",
      "resource": 297,
      "sort": 1,
      "template": "/form/form-read.phtml"
    },
    "model": "core.instanceresource",
    "pk": 724
  },
  {
    "fields": {
      "available_instance_resource": "documents",
      "class_field": "",
      "description": "Dokumente fur Baubewilligungsverfahren",
      "form_group": 161,
      "hidden": 0,
      "name": "Dokumente",
      "resource": 297,
      "sort": 2,
      "template": ""
    },
    "model": "core.instanceresource",
    "pk": 725
  },
  {
    "fields": {
      "available_instance_resource": "editcirculation",
      "class_field": "",
      "description": "Zirkulation Dossiers von der Koordinationsstelle AfE",
      "form_group": 251,
      "hidden": 0,
      "name": "Zirkulation",
      "resource": 297,
      "sort": 3,
      "template": ""
    },
    "model": "core.instanceresource",
    "pk": 726
  },
  {
    "fields": {
      "available_instance_resource": "circulation",
      "class_field": "",
      "description": "Zirkulation Koord AfE",
      "form_group": 161,
      "hidden": 0,
      "name": "Dossier abschliessen",
      "resource": 297,
      "sort": 5,
      "template": ""
    },
    "model": "core.instanceresource",
    "pk": 727
  },
  {
    "fields": {
      "available_instance_resource": "workflow",
      "class_field": "",
      "description": "",
      "form_group": 251,
      "hidden": 0,
      "name": "Workflow",
      "resource": 297,
      "sort": 6,
      "template": ""
    },
    "model": "core.instanceresource",
    "pk": 728
  },
  {
    "fields": {
      "available_instance_resource": "sanction",
      "class_field": null,
      "description": "Erfasste Auflagen bewirtschaften f\u00fcr KOOR AfE",
      "form_group": 251,
      "hidden": 0,
      "name": "Erfasste Auflagen bewirtschaften",
      "resource": 297,
      "sort": 7,
      "template": null
    },
    "model": "core.instanceresource",
    "pk": 729
  },
  {
    "fields": {
      "available_instance_resource": "formpage",
      "class_field": "",
      "description": "Dossier Ansehen alle Dossiers von AfE",
      "form_group": 251,
      "hidden": 0,
      "name": "Personen- und Projektdaten",
      "resource": 302,
      "sort": 5,
      "template": "/form/form-read.phtml"
    },
    "model": "core.instanceresource",
    "pk": 730
  },
  {
    "fields": {
      "available_instance_resource": "newform",
      "class_field": "",
      "description": "Erstellung durch die Koordinationsstelle AfE",
      "form_group": 251,
      "hidden": 1,
      "name": "Dossier erstellen",
      "resource": 22,
      "sort": 7,
      "template": ""
    },
    "model": "core.instanceresource",
    "pk": 732
  },
  {
    "fields": {
      "available_instance_resource": "formpage",
      "class_field": "",
      "description": "Dossier Ansehen alle Dossiers von AFJ",
      "form_group": 252,
      "hidden": 0,
      "name": "Personen- und Projektdaten",
      "resource": 302,
      "sort": 6,
      "template": "/form/form-read.phtml"
    },
    "model": "core.instanceresource",
    "pk": 733
  },
  {
    "fields": {
      "available_instance_resource": "editformpage",
      "class_field": null,
      "description": "Personen- und Projektdaten von der Koordinationsstelle AFJ SD",
      "form_group": 255,
      "hidden": 0,
      "name": "Personen- und Projektdaten bearbeiten",
      "resource": 298,
      "sort": 0,
      "template": "/form/form-edit.phtml"
    },
    "model": "core.instanceresource",
    "pk": 735
  },
  {
    "fields": {
      "available_instance_resource": "formpage",
      "class_field": null,
      "description": "Personen- und Projektdaten KOOR AFJ SD",
      "form_group": 161,
      "hidden": 0,
      "name": "Personen- und Projektdaten",
      "resource": 298,
      "sort": 1,
      "template": "/form/form-read.phtml"
    },
    "model": "core.instanceresource",
    "pk": 736
  },
  {
    "fields": {
      "available_instance_resource": "documents",
      "class_field": "",
      "description": "Dokumente fur Baubewilligungsverfahren",
      "form_group": 161,
      "hidden": 0,
      "name": "Dokumente",
      "resource": 298,
      "sort": 2,
      "template": ""
    },
    "model": "core.instanceresource",
    "pk": 737
  },
  {
    "fields": {
      "available_instance_resource": "editcirculation",
      "class_field": null,
      "description": "Zirkulation Dossiers von der Koordinationsstelle AFJ und SD",
      "form_group": 255,
      "hidden": 0,
      "name": "Zirkulation",
      "resource": 298,
      "sort": 3,
      "template": null
    },
    "model": "core.instanceresource",
    "pk": 738
  },
  {
    "fields": {
      "available_instance_resource": "circulation",
      "class_field": "",
      "description": "Zirkulation Koord AFJ",
      "form_group": 252,
      "hidden": 0,
      "name": "Dossier abschliessen",
      "resource": 298,
      "sort": 5,
      "template": ""
    },
    "model": "core.instanceresource",
    "pk": 739
  },
  {
    "fields": {
      "available_instance_resource": "workflow",
      "class_field": null,
      "description": null,
      "form_group": 255,
      "hidden": 0,
      "name": "Workflow",
      "resource": 298,
      "sort": 7,
      "template": null
    },
    "model": "core.instanceresource",
    "pk": 740
  },
  {
    "fields": {
      "available_instance_resource": "sanction",
      "class_field": null,
      "description": "Erfasste Auflagen bewirtschaften f\u00fcr KOOR AJF und SD",
      "form_group": 255,
      "hidden": 0,
      "name": "Erfasste Auflagen bewirtschaften",
      "resource": 298,
      "sort": 8,
      "template": null
    },
    "model": "core.instanceresource",
    "pk": 741
  },
  {
    "fields": {
      "available_instance_resource": "newform",
      "class_field": null,
      "description": "Erstellung durch die Koordinationsstelle AFJ",
      "form_group": 255,
      "hidden": 1,
      "name": "Dossier erstellen",
      "resource": 22,
      "sort": 8,
      "template": null
    },
    "model": "core.instanceresource",
    "pk": 742
  },
  {
    "fields": {
      "available_instance_resource": "bab",
      "class_field": null,
      "description": null,
      "form_group": 161,
      "hidden": 0,
      "name": "BaB Datenerfassung",
      "resource": 302,
      "sort": 16,
      "template": ""
    },
    "model": "core.instanceresource",
    "pk": 744
  },
  {
    "fields": {
      "available_instance_resource": "bab",
      "class_field": null,
      "description": "BaB Daten erfassen KOOR BG",
      "form_group": 161,
      "hidden": 0,
      "name": "BaB Datenerfassung",
      "resource": 267,
      "sort": 12,
      "template": ""
    },
    "model": "core.instanceresource",
    "pk": 746
  },
  {
    "fields": {
      "available_instance_resource": "billing",
      "class_field": null,
      "description": "Geb\u00fchren verwalten Koor Afu",
      "form_group": 249,
      "hidden": 0,
      "name": "Geb\u00fchren verwalten",
      "resource": 289,
      "sort": 4,
      "template": null
    },
    "model": "core.instanceresource",
    "pk": 747
  },
  {
    "fields": {
      "available_instance_resource": "billing",
      "class_field": null,
      "description": "Geb\u00fchren verwalten Koor ALA",
      "form_group": 250,
      "hidden": 0,
      "name": "Geb\u00fchren verwalten",
      "resource": 296,
      "sort": 4,
      "template": null
    },
    "model": "core.instanceresource",
    "pk": 748
  },
  {
    "fields": {
      "available_instance_resource": "billing",
      "class_field": null,
      "description": "Geb\u00fchren verwalten AfE",
      "form_group": 251,
      "hidden": 0,
      "name": "Geb\u00fchren verwalten",
      "resource": 297,
      "sort": 4,
      "template": null
    },
    "model": "core.instanceresource",
    "pk": 749
  },
  {
    "fields": {
      "available_instance_resource": "billing",
      "class_field": null,
      "description": "Geb\u00fchren verwalten Koor AFJ SD",
      "form_group": 255,
      "hidden": 0,
      "name": "Geb\u00fchren verwalten",
      "resource": 298,
      "sort": 4,
      "template": null
    },
    "model": "core.instanceresource",
    "pk": 750
  },
  {
    "fields": {
      "available_instance_resource": "formpage",
      "class_field": "",
      "description": "Anschauen der NP Dossiers",
      "form_group": 141,
      "hidden": 0,
      "name": "Personen- und Projektdaten",
      "resource": 309,
      "sort": 1,
      "template": ""
    },
    "model": "core.instanceresource",
    "pk": 751
  },
  {
    "fields": {
      "available_instance_resource": "circulation",
      "class_field": null,
      "description": "Zirkulation Koor SD",
      "form_group": 254,
      "hidden": 0,
      "name": "Dossier abschliessen",
      "resource": 298,
      "sort": 6,
      "template": null
    },
    "model": "core.instanceresource",
    "pk": 752
  },
  {
    "fields": {
      "available_instance_resource": "editcirculation",
      "class_field": null,
      "description": "Gemeindezirkulation Dossiers",
      "form_group": 161,
      "hidden": 0,
      "name": "Zirkulation Gemeindeservice",
      "resource": 301,
      "sort": 7,
      "template": null
    },
    "model": "core.instanceresource",
    "pk": 753
  },
  {
    "fields": {
      "available_instance_resource": "formpage",
      "class_field": null,
      "description": null,
      "form_group": 161,
      "hidden": 0,
      "name": "Personen- und Projektdaten",
      "resource": 314,
      "sort": 0,
      "template": "/form/form-read.phtml"
    },
    "model": "core.instanceresource",
    "pk": 755
  },
  {
    "fields": {
      "available_instance_resource": "documents",
      "class_field": null,
      "description": null,
      "form_group": 161,
      "hidden": 0,
      "name": "Dokumente",
      "resource": 314,
      "sort": 1,
      "template": null
    },
    "model": "core.instanceresource",
    "pk": 756
  },
  {
    "fields": {
      "available_instance_resource": "editnotice",
      "class_field": null,
      "description": "R\u00fcckmeldung von Dossier Gemeinde",
      "form_group": 161,
      "hidden": 0,
      "name": "R\u00fcckmeldung",
      "resource": 314,
      "sort": 3,
      "template": null
    },
    "model": "core.instanceresource",
    "pk": 757
  },
  {
    "fields": {
      "available_instance_resource": "editformpage",
      "class_field": null,
      "description": "Personen- und Projektdaten bearbeiten von der Bundesstelle",
      "form_group": 256,
      "hidden": 0,
      "name": "Personen- und Projektdaten bearbeiten",
      "resource": 316,
      "sort": 0,
      "template": "/form/form-edit.phtml"
    },
    "model": "core.instanceresource",
    "pk": 758
  },
  {
    "fields": {
      "available_instance_resource": "newform",
      "class_field": null,
      "description": "Erstellung durch Bundesstelle",
      "form_group": 256,
      "hidden": 1,
      "name": "Dossier erstellen",
      "resource": 22,
      "sort": 9,
      "template": null
    },
    "model": "core.instanceresource",
    "pk": 759
  },
  {
    "fields": {
      "available_instance_resource": "circulation",
      "class_field": null,
      "description": null,
      "form_group": 256,
      "hidden": 0,
      "name": "Dossier Abschliessen",
      "resource": 316,
      "sort": 3,
      "template": null
    },
    "model": "core.instanceresource",
    "pk": 760
  },
  {
    "fields": {
      "available_instance_resource": "documents",
      "class_field": null,
      "description": "Dokumente Bundesstelle",
      "form_group": 256,
      "hidden": 0,
      "name": "Dokumente",
      "resource": 316,
      "sort": 1,
      "template": null
    },
    "model": "core.instanceresource",
    "pk": 761
  },
  {
    "fields": {
      "available_instance_resource": "editcirculation",
      "class_field": null,
      "description": "Zirkulation Dossier Bundesstelle",
      "form_group": 256,
      "hidden": 0,
      "name": "Zirkulation",
      "resource": 316,
      "sort": 2,
      "template": null
    },
    "model": "core.instanceresource",
    "pk": 763
  },
  {
    "fields": {
      "available_instance_resource": "editnotice",
      "class_field": null,
      "description": "R\u00fcckmeldung Dossiers der Bundesstelle",
      "form_group": 256,
      "hidden": 0,
      "name": "R\u00fcckmeldung Bundesstelle",
      "resource": 302,
      "sort": 11,
      "template": null
    },
    "model": "core.instanceresource",
    "pk": 764
  },
  {
    "fields": {
      "available_instance_resource": "circulation",
      "class_field": null,
      "description": "Einsehen von Resultaten der Gemeindezirkulation",
      "form_group": 161,
      "hidden": 0,
      "name": "R\u00fcckmeldungen Gemeindeservice",
      "resource": 301,
      "sort": 8,
      "template": null
    },
    "model": "core.instanceresource",
    "pk": 765
  },
  {
    "fields": {
      "available_instance_resource": "formpage",
      "class_field": null,
      "description": "Personen- und Projektdaten f\u00fcr Gemeinde Interne Dossiers",
      "form_group": 161,
      "hidden": 0,
      "name": "Personen- und Projektdaten",
      "resource": 301,
      "sort": 5,
      "template": "/form/form-read.phtml"
    },
    "model": "core.instanceresource",
    "pk": 766
  },
  {
    "fields": {
      "available_instance_resource": "formpage",
      "class_field": null,
      "description": "Dossier von Bundestelle ansehen",
      "form_group": 256,
      "hidden": 0,
      "name": "Personen- und Projektdaten",
      "resource": 302,
      "sort": 7,
      "template": "/form/form-read.phtml"
    },
    "model": "core.instanceresource",
    "pk": 767
  },
  {
    "fields": {
      "available_instance_resource": "formpage",
      "class_field": null,
      "description": null,
      "form_group": 161,
      "hidden": 0,
      "name": "Personen- und Projektdaten bearbeiten",
      "resource": 317,
      "sort": 0,
      "template": null
    },
    "model": "core.instanceresource",
    "pk": 768
  },
  {
    "fields": {
      "available_instance_resource": "editnotice",
      "class_field": null,
      "description": "R\u00fcckmeldung an das Gemeinde Sekretariat",
      "form_group": 161,
      "hidden": 0,
      "name": "R\u00fcckmeldung",
      "resource": 317,
      "sort": 2,
      "template": null
    },
    "model": "core.instanceresource",
    "pk": 769
  },
  {
    "fields": {
      "available_instance_resource": "documents",
      "class_field": null,
      "description": null,
      "form_group": 161,
      "hidden": 0,
      "name": "Dokumente",
      "resource": 317,
      "sort": 1,
      "template": null
    },
    "model": "core.instanceresource",
    "pk": 770
  },
  {
    "fields": {
      "available_action": "activation",
      "available_instance_resource": "allformpages"
    },
    "model": "core.instanceresourceaction",
    "pk": 1
  },
  {
    "fields": {
      "available_action": "checkquery",
      "available_instance_resource": "allformpages"
    },
    "model": "core.instanceresourceaction",
    "pk": 2
  },
  {
    "fields": {
      "available_action": "copydata",
      "available_instance_resource": "allformpages"
    },
    "model": "core.instanceresourceaction",
    "pk": 3
  },
  {
    "fields": {
      "available_action": "docx",
      "available_instance_resource": "allformpages"
    },
    "model": "core.instanceresourceaction",
    "pk": 4
  },
  {
    "fields": {
      "available_action": "email",
      "available_instance_resource": "allformpages"
    },
    "model": "core.instanceresourceaction",
    "pk": 5
  },
  {
    "fields": {
      "available_action": "formtransition",
      "available_instance_resource": "allformpages"
    },
    "model": "core.instanceresourceaction",
    "pk": 6
  },
  {
    "fields": {
      "available_action": "location",
      "available_instance_resource": "allformpages"
    },
    "model": "core.instanceresourceaction",
    "pk": 7
  },
  {
    "fields": {
      "available_action": "pageredirect",
      "available_instance_resource": "allformpages"
    },
    "model": "core.instanceresourceaction",
    "pk": 8
  },
  {
    "fields": {
      "available_action": "pdf",
      "available_instance_resource": "allformpages"
    },
    "model": "core.instanceresourceaction",
    "pk": 9
  },
  {
    "fields": {
      "available_action": "php",
      "available_instance_resource": "allformpages"
    },
    "model": "core.instanceresourceaction",
    "pk": 10
  },
  {
    "fields": {
      "available_action": "proposal",
      "available_instance_resource": "allformpages"
    },
    "model": "core.instanceresourceaction",
    "pk": 11
  },
  {
    "fields": {
      "available_action": "savepdf",
      "available_instance_resource": "allformpages"
    },
    "model": "core.instanceresourceaction",
    "pk": 12
  },
  {
    "fields": {
      "available_action": "validate",
      "available_instance_resource": "allformpages"
    },
    "model": "core.instanceresourceaction",
    "pk": 13
  },
  {
    "fields": {
      "available_action": "workflow",
      "available_instance_resource": "allformpages"
    },
    "model": "core.instanceresourceaction",
    "pk": 14
  },
  {
    "fields": {
      "available_action": "wsgeocode",
      "available_instance_resource": "allformpages"
    },
    "model": "core.instanceresourceaction",
    "pk": 15
  },
  {
    "fields": {
      "available_action": "activation",
      "available_instance_resource": "circulation"
    },
    "model": "core.instanceresourceaction",
    "pk": 16
  },
  {
    "fields": {
      "available_action": "checkquery",
      "available_instance_resource": "circulation"
    },
    "model": "core.instanceresourceaction",
    "pk": 17
  },
  {
    "fields": {
      "available_action": "notification",
      "available_instance_resource": "circulation"
    },
    "model": "core.instanceresourceaction",
    "pk": 18
  },
  {
    "fields": {
      "available_action": "docx",
      "available_instance_resource": "circulation"
    },
    "model": "core.instanceresourceaction",
    "pk": 19
  },
  {
    "fields": {
      "available_action": "email",
      "available_instance_resource": "circulation"
    },
    "model": "core.instanceresourceaction",
    "pk": 20
  },
  {
    "fields": {
      "available_action": "formtransition",
      "available_instance_resource": "circulation"
    },
    "model": "core.instanceresourceaction",
    "pk": 21
  },
  {
    "fields": {
      "available_action": "pageredirect",
      "available_instance_resource": "circulation"
    },
    "model": "core.instanceresourceaction",
    "pk": 22
  },
  {
    "fields": {
      "available_action": "pdf",
      "available_instance_resource": "circulation"
    },
    "model": "core.instanceresourceaction",
    "pk": 23
  },
  {
    "fields": {
      "available_action": "php",
      "available_instance_resource": "circulation"
    },
    "model": "core.instanceresourceaction",
    "pk": 24
  },
  {
    "fields": {
      "available_action": "proposal",
      "available_instance_resource": "circulation"
    },
    "model": "core.instanceresourceaction",
    "pk": 25
  },
  {
    "fields": {
      "available_action": "savepdf",
      "available_instance_resource": "circulation"
    },
    "model": "core.instanceresourceaction",
    "pk": 26
  },
  {
    "fields": {
      "available_action": "validate",
      "available_instance_resource": "circulation"
    },
    "model": "core.instanceresourceaction",
    "pk": 27
  },
  {
    "fields": {
      "available_action": "workflow",
      "available_instance_resource": "circulation"
    },
    "model": "core.instanceresourceaction",
    "pk": 28
  },
  {
    "fields": {
      "available_action": "wsgeocode",
      "available_instance_resource": "circulation"
    },
    "model": "core.instanceresourceaction",
    "pk": 29
  },
  {
    "fields": {
      "available_action": "activation",
      "available_instance_resource": "editcirculation"
    },
    "model": "core.instanceresourceaction",
    "pk": 30
  },
  {
    "fields": {
      "available_action": "checkquery",
      "available_instance_resource": "editcirculation"
    },
    "model": "core.instanceresourceaction",
    "pk": 31
  },
  {
    "fields": {
      "available_action": "notification",
      "available_instance_resource": "editcirculation"
    },
    "model": "core.instanceresourceaction",
    "pk": 32
  },
  {
    "fields": {
      "available_action": "docx",
      "available_instance_resource": "editcirculation"
    },
    "model": "core.instanceresourceaction",
    "pk": 33
  },
  {
    "fields": {
      "available_action": "email",
      "available_instance_resource": "editcirculation"
    },
    "model": "core.instanceresourceaction",
    "pk": 34
  },
  {
    "fields": {
      "available_action": "formtransition",
      "available_instance_resource": "editcirculation"
    },
    "model": "core.instanceresourceaction",
    "pk": 35
  },
  {
    "fields": {
      "available_action": "pageredirect",
      "available_instance_resource": "editcirculation"
    },
    "model": "core.instanceresourceaction",
    "pk": 36
  },
  {
    "fields": {
      "available_action": "pdf",
      "available_instance_resource": "editcirculation"
    },
    "model": "core.instanceresourceaction",
    "pk": 37
  },
  {
    "fields": {
      "available_action": "php",
      "available_instance_resource": "editcirculation"
    },
    "model": "core.instanceresourceaction",
    "pk": 38
  },
  {
    "fields": {
      "available_action": "proposal",
      "available_instance_resource": "editcirculation"
    },
    "model": "core.instanceresourceaction",
    "pk": 39
  },
  {
    "fields": {
      "available_action": "save",
      "available_instance_resource": "editcirculation"
    },
    "model": "core.instanceresourceaction",
    "pk": 40
  },
  {
    "fields": {
      "available_action": "savepdf",
      "available_instance_resource": "editcirculation"
    },
    "model": "core.instanceresourceaction",
    "pk": 41
  },
  {
    "fields": {
      "available_action": "validate",
      "available_instance_resource": "editcirculation"
    },
    "model": "core.instanceresourceaction",
    "pk": 42
  },
  {
    "fields": {
      "available_action": "workflow",
      "available_instance_resource": "editcirculation"
    },
    "model": "core.instanceresourceaction",
    "pk": 43
  },
  {
    "fields": {
      "available_action": "wsgeocode",
      "available_instance_resource": "editcirculation"
    },
    "model": "core.instanceresourceaction",
    "pk": 44
  },
  {
    "fields": {
      "available_action": "activation",
      "available_instance_resource": "editformpage"
    },
    "model": "core.instanceresourceaction",
    "pk": 45
  },
  {
    "fields": {
      "available_action": "checkquery",
      "available_instance_resource": "editformpage"
    },
    "model": "core.instanceresourceaction",
    "pk": 46
  },
  {
    "fields": {
      "available_action": "copydata",
      "available_instance_resource": "editformpage"
    },
    "model": "core.instanceresourceaction",
    "pk": 47
  },
  {
    "fields": {
      "available_action": "docx",
      "available_instance_resource": "editformpage"
    },
    "model": "core.instanceresourceaction",
    "pk": 48
  },
  {
    "fields": {
      "available_action": "email",
      "available_instance_resource": "editformpage"
    },
    "model": "core.instanceresourceaction",
    "pk": 49
  },
  {
    "fields": {
      "available_action": "formtransition",
      "available_instance_resource": "editformpage"
    },
    "model": "core.instanceresourceaction",
    "pk": 50
  },
  {
    "fields": {
      "available_action": "location",
      "available_instance_resource": "editformpage"
    },
    "model": "core.instanceresourceaction",
    "pk": 51
  },
  {
    "fields": {
      "available_action": "pageredirect",
      "available_instance_resource": "editformpage"
    },
    "model": "core.instanceresourceaction",
    "pk": 52
  },
  {
    "fields": {
      "available_action": "pdf",
      "available_instance_resource": "editformpage"
    },
    "model": "core.instanceresourceaction",
    "pk": 53
  },
  {
    "fields": {
      "available_action": "php",
      "available_instance_resource": "editformpage"
    },
    "model": "core.instanceresourceaction",
    "pk": 54
  },
  {
    "fields": {
      "available_action": "proposal",
      "available_instance_resource": "editformpage"
    },
    "model": "core.instanceresourceaction",
    "pk": 55
  },
  {
    "fields": {
      "available_action": "save",
      "available_instance_resource": "editformpage"
    },
    "model": "core.instanceresourceaction",
    "pk": 56
  },
  {
    "fields": {
      "available_action": "savepdf",
      "available_instance_resource": "editformpage"
    },
    "model": "core.instanceresourceaction",
    "pk": 57
  },
  {
    "fields": {
      "available_action": "validate",
      "available_instance_resource": "editformpage"
    },
    "model": "core.instanceresourceaction",
    "pk": 58
  },
  {
    "fields": {
      "available_action": "workflow",
      "available_instance_resource": "editformpage"
    },
    "model": "core.instanceresourceaction",
    "pk": 59
  },
  {
    "fields": {
      "available_action": "wsgeocode",
      "available_instance_resource": "editformpage"
    },
    "model": "core.instanceresourceaction",
    "pk": 60
  },
  {
    "fields": {
      "available_action": "activation",
      "available_instance_resource": "editformpages"
    },
    "model": "core.instanceresourceaction",
    "pk": 61
  },
  {
    "fields": {
      "available_action": "checkquery",
      "available_instance_resource": "editformpages"
    },
    "model": "core.instanceresourceaction",
    "pk": 62
  },
  {
    "fields": {
      "available_action": "copydata",
      "available_instance_resource": "editformpages"
    },
    "model": "core.instanceresourceaction",
    "pk": 63
  },
  {
    "fields": {
      "available_action": "docx",
      "available_instance_resource": "editformpages"
    },
    "model": "core.instanceresourceaction",
    "pk": 64
  },
  {
    "fields": {
      "available_action": "email",
      "available_instance_resource": "editformpages"
    },
    "model": "core.instanceresourceaction",
    "pk": 65
  },
  {
    "fields": {
      "available_action": "formtransition",
      "available_instance_resource": "editformpages"
    },
    "model": "core.instanceresourceaction",
    "pk": 66
  },
  {
    "fields": {
      "available_action": "location",
      "available_instance_resource": "editformpages"
    },
    "model": "core.instanceresourceaction",
    "pk": 67
  },
  {
    "fields": {
      "available_action": "pageredirect",
      "available_instance_resource": "editformpages"
    },
    "model": "core.instanceresourceaction",
    "pk": 68
  },
  {
    "fields": {
      "available_action": "pdf",
      "available_instance_resource": "editformpages"
    },
    "model": "core.instanceresourceaction",
    "pk": 69
  },
  {
    "fields": {
      "available_action": "php",
      "available_instance_resource": "editformpages"
    },
    "model": "core.instanceresourceaction",
    "pk": 70
  },
  {
    "fields": {
      "available_action": "proposal",
      "available_instance_resource": "editformpages"
    },
    "model": "core.instanceresourceaction",
    "pk": 71
  },
  {
    "fields": {
      "available_action": "save",
      "available_instance_resource": "editformpages"
    },
    "model": "core.instanceresourceaction",
    "pk": 72
  },
  {
    "fields": {
      "available_action": "savepdf",
      "available_instance_resource": "editformpages"
    },
    "model": "core.instanceresourceaction",
    "pk": 73
  },
  {
    "fields": {
      "available_action": "validate",
      "available_instance_resource": "editformpages"
    },
    "model": "core.instanceresourceaction",
    "pk": 74
  },
  {
    "fields": {
      "available_action": "workflow",
      "available_instance_resource": "editformpages"
    },
    "model": "core.instanceresourceaction",
    "pk": 75
  },
  {
    "fields": {
      "available_action": "wsgeocode",
      "available_instance_resource": "editformpages"
    },
    "model": "core.instanceresourceaction",
    "pk": 76
  },
  {
    "fields": {
      "available_action": "checkquery",
      "available_instance_resource": "editletter"
    },
    "model": "core.instanceresourceaction",
    "pk": 77
  },
  {
    "fields": {
      "available_action": "email",
      "available_instance_resource": "editletter"
    },
    "model": "core.instanceresourceaction",
    "pk": 78
  },
  {
    "fields": {
      "available_action": "formtransition",
      "available_instance_resource": "editletter"
    },
    "model": "core.instanceresourceaction",
    "pk": 79
  },
  {
    "fields": {
      "available_action": "pageredirect",
      "available_instance_resource": "editletter"
    },
    "model": "core.instanceresourceaction",
    "pk": 80
  },
  {
    "fields": {
      "available_action": "php",
      "available_instance_resource": "editletter"
    },
    "model": "core.instanceresourceaction",
    "pk": 81
  },
  {
    "fields": {
      "available_action": "save",
      "available_instance_resource": "editletter"
    },
    "model": "core.instanceresourceaction",
    "pk": 82
  },
  {
    "fields": {
      "available_action": "savepdf",
      "available_instance_resource": "editletter"
    },
    "model": "core.instanceresourceaction",
    "pk": 83
  },
  {
    "fields": {
      "available_action": "validate",
      "available_instance_resource": "editletter"
    },
    "model": "core.instanceresourceaction",
    "pk": 84
  },
  {
    "fields": {
      "available_action": "wsgeocode",
      "available_instance_resource": "editletter"
    },
    "model": "core.instanceresourceaction",
    "pk": 85
  },
  {
    "fields": {
      "available_action": "activation",
      "available_instance_resource": "editnotice"
    },
    "model": "core.instanceresourceaction",
    "pk": 86
  },
  {
    "fields": {
      "available_action": "checkquery",
      "available_instance_resource": "editnotice"
    },
    "model": "core.instanceresourceaction",
    "pk": 87
  },
  {
    "fields": {
      "available_action": "circulationtransition",
      "available_instance_resource": "editnotice"
    },
    "model": "core.instanceresourceaction",
    "pk": 88
  },
  {
    "fields": {
      "available_action": "docx",
      "available_instance_resource": "editnotice"
    },
    "model": "core.instanceresourceaction",
    "pk": 89
  },
  {
    "fields": {
      "available_action": "email",
      "available_instance_resource": "editnotice"
    },
    "model": "core.instanceresourceaction",
    "pk": 90
  },
  {
    "fields": {
      "available_action": "formtransition",
      "available_instance_resource": "editnotice"
    },
    "model": "core.instanceresourceaction",
    "pk": 91
  },
  {
    "fields": {
      "available_action": "notice",
      "available_instance_resource": "editnotice"
    },
    "model": "core.instanceresourceaction",
    "pk": 92
  },
  {
    "fields": {
      "available_action": "pageredirect",
      "available_instance_resource": "editnotice"
    },
    "model": "core.instanceresourceaction",
    "pk": 93
  },
  {
    "fields": {
      "available_action": "pdf",
      "available_instance_resource": "editnotice"
    },
    "model": "core.instanceresourceaction",
    "pk": 94
  },
  {
    "fields": {
      "available_action": "php",
      "available_instance_resource": "editnotice"
    },
    "model": "core.instanceresourceaction",
    "pk": 95
  },
  {
    "fields": {
      "available_action": "proposal",
      "available_instance_resource": "editnotice"
    },
    "model": "core.instanceresourceaction",
    "pk": 96
  },
  {
    "fields": {
      "available_action": "save",
      "available_instance_resource": "editnotice"
    },
    "model": "core.instanceresourceaction",
    "pk": 97
  },
  {
    "fields": {
      "available_action": "savepdf",
      "available_instance_resource": "editnotice"
    },
    "model": "core.instanceresourceaction",
    "pk": 98
  },
  {
    "fields": {
      "available_action": "validate",
      "available_instance_resource": "editnotice"
    },
    "model": "core.instanceresourceaction",
    "pk": 99
  },
  {
    "fields": {
      "available_action": "workflow",
      "available_instance_resource": "editnotice"
    },
    "model": "core.instanceresourceaction",
    "pk": 100
  },
  {
    "fields": {
      "available_action": "wsgeocode",
      "available_instance_resource": "editnotice"
    },
    "model": "core.instanceresourceaction",
    "pk": 101
  },
  {
    "fields": {
      "available_action": "checkquery",
      "available_instance_resource": "formpage"
    },
    "model": "core.instanceresourceaction",
    "pk": 102
  },
  {
    "fields": {
      "available_action": "copydata",
      "available_instance_resource": "formpage"
    },
    "model": "core.instanceresourceaction",
    "pk": 103
  },
  {
    "fields": {
      "available_action": "email",
      "available_instance_resource": "formpage"
    },
    "model": "core.instanceresourceaction",
    "pk": 104
  },
  {
    "fields": {
      "available_action": "formtransition",
      "available_instance_resource": "formpage"
    },
    "model": "core.instanceresourceaction",
    "pk": 105
  },
  {
    "fields": {
      "available_action": "location",
      "available_instance_resource": "formpage"
    },
    "model": "core.instanceresourceaction",
    "pk": 106
  },
  {
    "fields": {
      "available_action": "pageredirect",
      "available_instance_resource": "formpage"
    },
    "model": "core.instanceresourceaction",
    "pk": 107
  },
  {
    "fields": {
      "available_action": "php",
      "available_instance_resource": "formpage"
    },
    "model": "core.instanceresourceaction",
    "pk": 108
  },
  {
    "fields": {
      "available_action": "proposal",
      "available_instance_resource": "formpage"
    },
    "model": "core.instanceresourceaction",
    "pk": 109
  },
  {
    "fields": {
      "available_action": "savepdf",
      "available_instance_resource": "formpage"
    },
    "model": "core.instanceresourceaction",
    "pk": 110
  },
  {
    "fields": {
      "available_action": "validate",
      "available_instance_resource": "formpage"
    },
    "model": "core.instanceresourceaction",
    "pk": 111
  },
  {
    "fields": {
      "available_action": "wsgeocode",
      "available_instance_resource": "formpage"
    },
    "model": "core.instanceresourceaction",
    "pk": 112
  },
  {
    "fields": {
      "available_action": "activation",
      "available_instance_resource": "formpages"
    },
    "model": "core.instanceresourceaction",
    "pk": 113
  },
  {
    "fields": {
      "available_action": "checkquery",
      "available_instance_resource": "formpages"
    },
    "model": "core.instanceresourceaction",
    "pk": 114
  },
  {
    "fields": {
      "available_action": "copydata",
      "available_instance_resource": "formpages"
    },
    "model": "core.instanceresourceaction",
    "pk": 115
  },
  {
    "fields": {
      "available_action": "docx",
      "available_instance_resource": "formpages"
    },
    "model": "core.instanceresourceaction",
    "pk": 116
  },
  {
    "fields": {
      "available_action": "email",
      "available_instance_resource": "formpages"
    },
    "model": "core.instanceresourceaction",
    "pk": 117
  },
  {
    "fields": {
      "available_action": "formtransition",
      "available_instance_resource": "formpages"
    },
    "model": "core.instanceresourceaction",
    "pk": 118
  },
  {
    "fields": {
      "available_action": "location",
      "available_instance_resource": "formpages"
    },
    "model": "core.instanceresourceaction",
    "pk": 119
  },
  {
    "fields": {
      "available_action": "pageredirect",
      "available_instance_resource": "formpages"
    },
    "model": "core.instanceresourceaction",
    "pk": 120
  },
  {
    "fields": {
      "available_action": "pdf",
      "available_instance_resource": "formpages"
    },
    "model": "core.instanceresourceaction",
    "pk": 121
  },
  {
    "fields": {
      "available_action": "php",
      "available_instance_resource": "formpages"
    },
    "model": "core.instanceresourceaction",
    "pk": 122
  },
  {
    "fields": {
      "available_action": "proposal",
      "available_instance_resource": "formpages"
    },
    "model": "core.instanceresourceaction",
    "pk": 123
  },
  {
    "fields": {
      "available_action": "savepdf",
      "available_instance_resource": "formpages"
    },
    "model": "core.instanceresourceaction",
    "pk": 124
  },
  {
    "fields": {
      "available_action": "validate",
      "available_instance_resource": "formpages"
    },
    "model": "core.instanceresourceaction",
    "pk": 125
  },
  {
    "fields": {
      "available_action": "workflow",
      "available_instance_resource": "formpages"
    },
    "model": "core.instanceresourceaction",
    "pk": 126
  },
  {
    "fields": {
      "available_action": "wsgeocode",
      "available_instance_resource": "formpages"
    },
    "model": "core.instanceresourceaction",
    "pk": 127
  },
  {
    "fields": {
      "available_action": "checkquery",
      "available_instance_resource": "formwizard"
    },
    "model": "core.instanceresourceaction",
    "pk": 128
  },
  {
    "fields": {
      "available_action": "copydata",
      "available_instance_resource": "formwizard"
    },
    "model": "core.instanceresourceaction",
    "pk": 129
  },
  {
    "fields": {
      "available_action": "email",
      "available_instance_resource": "formwizard"
    },
    "model": "core.instanceresourceaction",
    "pk": 130
  },
  {
    "fields": {
      "available_action": "formtransition",
      "available_instance_resource": "formwizard"
    },
    "model": "core.instanceresourceaction",
    "pk": 131
  },
  {
    "fields": {
      "available_action": "location",
      "available_instance_resource": "formwizard"
    },
    "model": "core.instanceresourceaction",
    "pk": 132
  },
  {
    "fields": {
      "available_action": "pageredirect",
      "available_instance_resource": "formwizard"
    },
    "model": "core.instanceresourceaction",
    "pk": 133
  },
  {
    "fields": {
      "available_action": "php",
      "available_instance_resource": "formwizard"
    },
    "model": "core.instanceresourceaction",
    "pk": 134
  },
  {
    "fields": {
      "available_action": "proposal",
      "available_instance_resource": "formwizard"
    },
    "model": "core.instanceresourceaction",
    "pk": 135
  },
  {
    "fields": {
      "available_action": "wsgeocode",
      "available_instance_resource": "formwizard"
    },
    "model": "core.instanceresourceaction",
    "pk": 136
  },
  {
    "fields": {
      "available_action": "checkquery",
      "available_instance_resource": "history"
    },
    "model": "core.instanceresourceaction",
    "pk": 137
  },
  {
    "fields": {
      "available_action": "email",
      "available_instance_resource": "history"
    },
    "model": "core.instanceresourceaction",
    "pk": 138
  },
  {
    "fields": {
      "available_action": "php",
      "available_instance_resource": "history"
    },
    "model": "core.instanceresourceaction",
    "pk": 139
  },
  {
    "fields": {
      "available_action": "wsgeocode",
      "available_instance_resource": "history"
    },
    "model": "core.instanceresourceaction",
    "pk": 140
  },
  {
    "fields": {
      "available_action": "checkquery",
      "available_instance_resource": "letter"
    },
    "model": "core.instanceresourceaction",
    "pk": 141
  },
  {
    "fields": {
      "available_action": "email",
      "available_instance_resource": "letter"
    },
    "model": "core.instanceresourceaction",
    "pk": 142
  },
  {
    "fields": {
      "available_action": "formtransition",
      "available_instance_resource": "letter"
    },
    "model": "core.instanceresourceaction",
    "pk": 143
  },
  {
    "fields": {
      "available_action": "pageredirect",
      "available_instance_resource": "letter"
    },
    "model": "core.instanceresourceaction",
    "pk": 144
  },
  {
    "fields": {
      "available_action": "php",
      "available_instance_resource": "letter"
    },
    "model": "core.instanceresourceaction",
    "pk": 145
  },
  {
    "fields": {
      "available_action": "savepdf",
      "available_instance_resource": "letter"
    },
    "model": "core.instanceresourceaction",
    "pk": 146
  },
  {
    "fields": {
      "available_action": "validate",
      "available_instance_resource": "letter"
    },
    "model": "core.instanceresourceaction",
    "pk": 147
  },
  {
    "fields": {
      "available_action": "wsgeocode",
      "available_instance_resource": "letter"
    },
    "model": "core.instanceresourceaction",
    "pk": 148
  },
  {
    "fields": {
      "available_action": "activation",
      "available_instance_resource": "newform"
    },
    "model": "core.instanceresourceaction",
    "pk": 149
  },
  {
    "fields": {
      "available_action": "checkquery",
      "available_instance_resource": "newform"
    },
    "model": "core.instanceresourceaction",
    "pk": 150
  },
  {
    "fields": {
      "available_action": "copydata",
      "available_instance_resource": "newform"
    },
    "model": "core.instanceresourceaction",
    "pk": 151
  },
  {
    "fields": {
      "available_action": "docx",
      "available_instance_resource": "newform"
    },
    "model": "core.instanceresourceaction",
    "pk": 152
  },
  {
    "fields": {
      "available_action": "email",
      "available_instance_resource": "newform"
    },
    "model": "core.instanceresourceaction",
    "pk": 153
  },
  {
    "fields": {
      "available_action": "location",
      "available_instance_resource": "newform"
    },
    "model": "core.instanceresourceaction",
    "pk": 154
  },
  {
    "fields": {
      "available_action": "pdf",
      "available_instance_resource": "newform"
    },
    "model": "core.instanceresourceaction",
    "pk": 155
  },
  {
    "fields": {
      "available_action": "php",
      "available_instance_resource": "newform"
    },
    "model": "core.instanceresourceaction",
    "pk": 156
  },
  {
    "fields": {
      "available_action": "proposal",
      "available_instance_resource": "newform"
    },
    "model": "core.instanceresourceaction",
    "pk": 157
  },
  {
    "fields": {
      "available_action": "save",
      "available_instance_resource": "newform"
    },
    "model": "core.instanceresourceaction",
    "pk": 158
  },
  {
    "fields": {
      "available_action": "savepdf",
      "available_instance_resource": "newform"
    },
    "model": "core.instanceresourceaction",
    "pk": 159
  },
  {
    "fields": {
      "available_action": "workflow",
      "available_instance_resource": "newform"
    },
    "model": "core.instanceresourceaction",
    "pk": 160
  },
  {
    "fields": {
      "available_action": "wsgeocode",
      "available_instance_resource": "newform"
    },
    "model": "core.instanceresourceaction",
    "pk": 161
  },
  {
    "fields": {
      "available_action": "activation",
      "available_instance_resource": "page"
    },
    "model": "core.instanceresourceaction",
    "pk": 162
  },
  {
    "fields": {
      "available_action": "checkquery",
      "available_instance_resource": "page"
    },
    "model": "core.instanceresourceaction",
    "pk": 163
  },
  {
    "fields": {
      "available_action": "docx",
      "available_instance_resource": "page"
    },
    "model": "core.instanceresourceaction",
    "pk": 164
  },
  {
    "fields": {
      "available_action": "email",
      "available_instance_resource": "page"
    },
    "model": "core.instanceresourceaction",
    "pk": 165
  },
  {
    "fields": {
      "available_action": "formtransition",
      "available_instance_resource": "page"
    },
    "model": "core.instanceresourceaction",
    "pk": 166
  },
  {
    "fields": {
      "available_action": "pageredirect",
      "available_instance_resource": "page"
    },
    "model": "core.instanceresourceaction",
    "pk": 167
  },
  {
    "fields": {
      "available_action": "pdf",
      "available_instance_resource": "page"
    },
    "model": "core.instanceresourceaction",
    "pk": 168
  },
  {
    "fields": {
      "available_action": "php",
      "available_instance_resource": "page"
    },
    "model": "core.instanceresourceaction",
    "pk": 169
  },
  {
    "fields": {
      "available_action": "proposal",
      "available_instance_resource": "page"
    },
    "model": "core.instanceresourceaction",
    "pk": 170
  },
  {
    "fields": {
      "available_action": "savepdf",
      "available_instance_resource": "page"
    },
    "model": "core.instanceresourceaction",
    "pk": 171
  },
  {
    "fields": {
      "available_action": "validate",
      "available_instance_resource": "page"
    },
    "model": "core.instanceresourceaction",
    "pk": 172
  },
  {
    "fields": {
      "available_action": "workflow",
      "available_instance_resource": "page"
    },
    "model": "core.instanceresourceaction",
    "pk": 173
  },
  {
    "fields": {
      "available_action": "wsgeocode",
      "available_instance_resource": "page"
    },
    "model": "core.instanceresourceaction",
    "pk": 174
  },
  {
    "fields": {
      "available_action": "docx",
      "available_instance_resource": "publication"
    },
    "model": "core.instanceresourceaction",
    "pk": 175
  },
  {
    "fields": {
      "available_action": "copyanswer",
      "available_instance_resource": "newform"
    },
    "model": "core.instanceresourceaction",
    "pk": 176
  },
  {
    "fields": {
      "available_action": "copyanswer",
      "available_instance_resource": "editformpage"
    },
    "model": "core.instanceresourceaction",
    "pk": 177
  },
  {
    "fields": {
      "available_action": "copyanswer",
      "available_instance_resource": "editformpages"
    },
    "model": "core.instanceresourceaction",
    "pk": 178
  },
  {
    "fields": {
      "available_action": "copyanswer",
      "available_instance_resource": "formpage"
    },
    "model": "core.instanceresourceaction",
    "pk": 179
  },
  {
    "fields": {
      "available_action": "copyanswer",
      "available_instance_resource": "formpages"
    },
    "model": "core.instanceresourceaction",
    "pk": 180
  },
  {
    "fields": {
      "available_action": "copyanswer",
      "available_instance_resource": "allformpages"
    },
    "model": "core.instanceresourceaction",
    "pk": 181
  },
  {
    "fields": {
      "available_action": "copyanswer",
      "available_instance_resource": "editcirculation"
    },
    "model": "core.instanceresourceaction",
    "pk": 182
  },
  {
    "fields": {
      "available_action": "copyanswer",
      "available_instance_resource": "formwizard"
    },
    "model": "core.instanceresourceaction",
    "pk": 183
  },
  {
    "fields": {
      "available_action": "deletecirculation",
      "available_instance_resource": "editformpage"
    },
    "model": "core.instanceresourceaction",
    "pk": 184
  },
  {
    "fields": {
      "available_action": "deletecirculation",
      "available_instance_resource": "editformpages"
    },
    "model": "core.instanceresourceaction",
    "pk": 185
  },
  {
    "fields": {
      "available_action": "deletecirculation",
      "available_instance_resource": "formpage"
    },
    "model": "core.instanceresourceaction",
    "pk": 186
  },
  {
    "fields": {
      "available_action": "deletecirculation",
      "available_instance_resource": "formpages"
    },
    "model": "core.instanceresourceaction",
    "pk": 187
  },
  {
    "fields": {
      "available_action": "deletecirculation",
      "available_instance_resource": "allformpages"
    },
    "model": "core.instanceresourceaction",
    "pk": 188
  },
  {
    "fields": {
      "available_action": "deletecirculation",
      "available_instance_resource": "formerror"
    },
    "model": "core.instanceresourceaction",
    "pk": 189
  },
  {
    "fields": {
      "available_action": "deletecirculation",
      "available_instance_resource": "formwizard"
    },
    "model": "core.instanceresourceaction",
    "pk": 190
  },
  {
    "fields": {
      "available_action": "deletecirculation",
      "available_instance_resource": "editcirculation"
    },
    "model": "core.instanceresourceaction",
    "pk": 191
  },
  {
    "fields": {
      "available_action": "deletecirculation",
      "available_instance_resource": "circulation"
    },
    "model": "core.instanceresourceaction",
    "pk": 192
  },
  {
    "fields": {
      "available_action": "deletecirculation",
      "available_instance_resource": "editnotice"
    },
    "model": "core.instanceresourceaction",
    "pk": 193
  },
  {
    "fields": {
      "available_action": "deletecirculation",
      "available_instance_resource": "letter"
    },
    "model": "core.instanceresourceaction",
    "pk": 194
  },
  {
    "fields": {
      "available_action": "deletecirculation",
      "available_instance_resource": "editletter"
    },
    "model": "core.instanceresourceaction",
    "pk": 195
  },
  {
    "fields": {
      "available_action": "deletecirculation",
      "available_instance_resource": "page"
    },
    "model": "core.instanceresourceaction",
    "pk": 196
  },
  {
    "fields": {
      "available_action": "circulationemail",
      "available_instance_resource": "editformpage"
    },
    "model": "core.instanceresourceaction",
    "pk": 197
  },
  {
    "fields": {
      "available_action": "circulationemail",
      "available_instance_resource": "editformpages"
    },
    "model": "core.instanceresourceaction",
    "pk": 198
  },
  {
    "fields": {
      "available_action": "circulationemail",
      "available_instance_resource": "formpage"
    },
    "model": "core.instanceresourceaction",
    "pk": 199
  },
  {
    "fields": {
      "available_action": "circulationemail",
      "available_instance_resource": "formpages"
    },
    "model": "core.instanceresourceaction",
    "pk": 200
  },
  {
    "fields": {
      "available_action": "circulationemail",
      "available_instance_resource": "allformpages"
    },
    "model": "core.instanceresourceaction",
    "pk": 201
  },
  {
    "fields": {
      "available_action": "circulationemail",
      "available_instance_resource": "formerror"
    },
    "model": "core.instanceresourceaction",
    "pk": 202
  },
  {
    "fields": {
      "available_action": "circulationemail",
      "available_instance_resource": "formwizard"
    },
    "model": "core.instanceresourceaction",
    "pk": 203
  },
  {
    "fields": {
      "available_action": "circulationemail",
      "available_instance_resource": "editcirculation"
    },
    "model": "core.instanceresourceaction",
    "pk": 204
  },
  {
    "fields": {
      "available_action": "circulationemail",
      "available_instance_resource": "circulation"
    },
    "model": "core.instanceresourceaction",
    "pk": 205
  },
  {
    "fields": {
      "available_action": "circulationemail",
      "available_instance_resource": "editnotice"
    },
    "model": "core.instanceresourceaction",
    "pk": 206
  },
  {
    "fields": {
      "available_action": "circulationemail",
      "available_instance_resource": "letter"
    },
    "model": "core.instanceresourceaction",
    "pk": 207
  },
  {
    "fields": {
      "available_action": "circulationemail",
      "available_instance_resource": "editletter"
    },
    "model": "core.instanceresourceaction",
    "pk": 208
  },
  {
    "fields": {
      "available_action": "circulationemail",
      "available_instance_resource": "page"
    },
    "model": "core.instanceresourceaction",
    "pk": 209
  },
  {
    "fields": {
      "circulation_type": 41,
      "draft_circulation_answer": null,
      "pdf_class": "",
      "read_notice_template": "",
      "service": 1,
      "service_to_be_interpreted": "",
      "show_all_children": 1,
      "show_history": 0,
      "show_notice": 2
    },
    "model": "core.ircirculation",
    "pk": 314
  },
  {
    "fields": {
      "circulation_type": 41,
      "draft_circulation_answer": null,
      "pdf_class": "",
      "read_notice_template": "",
      "service": 87,
      "service_to_be_interpreted": "",
      "show_all_children": 1,
      "show_history": 0,
      "show_notice": 2
    },
    "model": "core.ircirculation",
    "pk": 486
  },
  {
    "fields": {
      "circulation_type": 41,
      "draft_circulation_answer": null,
      "pdf_class": "",
      "read_notice_template": "",
      "service": 302,
      "service_to_be_interpreted": "",
      "show_all_children": 1,
      "show_history": 0,
      "show_notice": 2
    },
    "model": "core.ircirculation",
    "pk": 646
  },
  {
    "fields": {
      "circulation_type": 41,
      "draft_circulation_answer": null,
      "pdf_class": "",
      "read_notice_template": "",
      "service": 524,
      "service_to_be_interpreted": "",
      "show_all_children": 1,
      "show_history": 0,
      "show_notice": 2
    },
    "model": "core.ircirculation",
    "pk": 704
  },
  {
    "fields": {
      "circulation_type": 41,
      "draft_circulation_answer": null,
      "pdf_class": "",
      "read_notice_template": "",
      "service": 525,
      "service_to_be_interpreted": "",
      "show_all_children": 1,
      "show_history": 0,
      "show_notice": 2
    },
    "model": "core.ircirculation",
    "pk": 719
  },
  {
    "fields": {
      "circulation_type": 41,
      "draft_circulation_answer": null,
      "pdf_class": "",
      "read_notice_template": "",
      "service": 545,
      "service_to_be_interpreted": "",
      "show_all_children": 1,
      "show_history": 0,
      "show_notice": 2
    },
    "model": "core.ircirculation",
    "pk": 727
  },
  {
    "fields": {
      "circulation_type": 41,
      "draft_circulation_answer": null,
      "pdf_class": "",
      "read_notice_template": "",
      "service": 546,
      "service_to_be_interpreted": "",
      "show_all_children": 1,
      "show_history": 0,
      "show_notice": 2
    },
    "model": "core.ircirculation",
    "pk": 739
  },
  {
    "fields": {
      "circulation_type": 41,
      "draft_circulation_answer": null,
      "pdf_class": null,
      "read_notice_template": null,
      "service": 590,
      "service_to_be_interpreted": null,
      "show_all_children": 1,
      "show_history": 0,
      "show_notice": 2
    },
    "model": "core.ircirculation",
    "pk": 752
  },
  {
    "fields": {
      "circulation_type": 62,
      "draft_circulation_answer": null,
      "pdf_class": null,
      "read_notice_template": null,
      "service": 309,
      "service_to_be_interpreted": null,
      "show_all_children": 1,
      "show_history": 0,
      "show_notice": 2
    },
    "model": "core.ircirculation",
    "pk": 760
  },
  {
    "fields": {
      "circulation_type": 61,
      "draft_circulation_answer": null,
      "pdf_class": null,
      "read_notice_template": null,
      "service": 301,
      "service_to_be_interpreted": null,
      "show_all_children": 1,
      "show_history": 0,
      "show_notice": 2
    },
    "model": "core.ircirculation",
    "pk": 765
  },
  {
    "fields": {
      "add_activation_template": null,
      "add_template": null,
      "circulation_email_action_id": null,
      "circulation_type": 41,
      "default_circulation_name": "Erste Zirkulation",
      "display_first_circulation": 1,
      "draft_circulation_answer": null,
      "inherit_notices": 0,
      "pdf_class": null,
      "read_notice_template": null,
      "show_notice": 1,
      "single_circulation": 1
    },
    "model": "core.ireditcirculation",
    "pk": 315
  },
  {
    "fields": {
      "add_activation_template": "",
      "add_template": "",
      "circulation_email_action_id": null,
      "circulation_type": 41,
      "default_circulation_name": "",
      "display_first_circulation": 0,
      "draft_circulation_answer": null,
      "inherit_notices": 1,
      "pdf_class": "",
      "read_notice_template": "",
      "show_notice": 1,
      "single_circulation": 0
    },
    "model": "core.ireditcirculation",
    "pk": 387
  },
  {
    "fields": {
      "add_activation_template": null,
      "add_template": null,
      "circulation_email_action_id": null,
      "circulation_type": 41,
      "default_circulation_name": null,
      "display_first_circulation": 1,
      "draft_circulation_answer": null,
      "inherit_notices": 0,
      "pdf_class": null,
      "read_notice_template": null,
      "show_notice": 1,
      "single_circulation": 1
    },
    "model": "core.ireditcirculation",
    "pk": 467
  },
  {
    "fields": {
      "add_activation_template": null,
      "add_template": null,
      "circulation_email_action_id": null,
      "circulation_type": 41,
      "default_circulation_name": null,
      "display_first_circulation": 1,
      "draft_circulation_answer": null,
      "inherit_notices": 0,
      "pdf_class": null,
      "read_notice_template": null,
      "show_notice": 1,
      "single_circulation": 1
    },
    "model": "core.ireditcirculation",
    "pk": 625
  },
  {
    "fields": {
      "add_activation_template": null,
      "add_template": null,
      "circulation_email_action_id": null,
      "circulation_type": 41,
      "default_circulation_name": "Erste Zirkulation",
      "display_first_circulation": 1,
      "draft_circulation_answer": null,
      "inherit_notices": 0,
      "pdf_class": null,
      "read_notice_template": null,
      "show_notice": 1,
      "single_circulation": 1
    },
    "model": "core.ireditcirculation",
    "pk": 702
  },
  {
    "fields": {
      "add_activation_template": "",
      "add_template": "",
      "circulation_email_action_id": null,
      "circulation_type": 41,
      "default_circulation_name": "Erste Zirkulation",
      "display_first_circulation": 1,
      "draft_circulation_answer": null,
      "inherit_notices": 0,
      "pdf_class": "",
      "read_notice_template": "",
      "show_notice": 1,
      "single_circulation": 1
    },
    "model": "core.ireditcirculation",
    "pk": 717
  },
  {
    "fields": {
      "add_activation_template": "",
      "add_template": "",
      "circulation_email_action_id": null,
      "circulation_type": 41,
      "default_circulation_name": "Erste Zirkulation",
      "display_first_circulation": 1,
      "draft_circulation_answer": null,
      "inherit_notices": 0,
      "pdf_class": "",
      "read_notice_template": "",
      "show_notice": 1,
      "single_circulation": 1
    },
    "model": "core.ireditcirculation",
    "pk": 726
  },
  {
    "fields": {
      "add_activation_template": "",
      "add_template": "",
      "circulation_email_action_id": null,
      "circulation_type": 41,
      "default_circulation_name": "Erste Zirkulation",
      "display_first_circulation": 1,
      "draft_circulation_answer": null,
      "inherit_notices": 0,
      "pdf_class": "",
      "read_notice_template": "",
      "show_notice": 1,
      "single_circulation": 1
    },
    "model": "core.ireditcirculation",
    "pk": 738
  },
  {
    "fields": {
      "add_activation_template": null,
      "add_template": null,
      "circulation_email_action_id": null,
      "circulation_type": 61,
      "default_circulation_name": "Erste Zirkulation",
      "display_first_circulation": 1,
      "draft_circulation_answer": null,
      "inherit_notices": 0,
      "pdf_class": null,
      "read_notice_template": null,
      "show_notice": 1,
      "single_circulation": 1
    },
    "model": "core.ireditcirculation",
    "pk": 753
  },
  {
    "fields": {
      "add_activation_template": null,
      "add_template": null,
      "circulation_email_action_id": null,
      "circulation_type": 62,
      "default_circulation_name": "Erste Zirkulation",
      "display_first_circulation": 1,
      "draft_circulation_answer": null,
      "inherit_notices": 0,
      "pdf_class": null,
      "read_notice_template": null,
      "show_notice": 1,
      "single_circulation": 1
    },
    "model": "core.ireditcirculation",
    "pk": 763
  },
  {
    "fields": {
      "instance_resource": 315,
      "localized": 0,
      "service_group": 2
    },
    "model": "core.ireditcirculationsg",
    "pk": 47
  },
  {
    "fields": {
      "instance_resource": 315,
      "localized": 0,
      "service_group": 21
    },
    "model": "core.ireditcirculationsg",
    "pk": 122
  },
  {
    "fields": {
      "instance_resource": 467,
      "localized": 0,
      "service_group": 21
    },
    "model": "core.ireditcirculationsg",
    "pk": 142
  },
  {
    "fields": {
      "instance_resource": 467,
      "localized": 0,
      "service_group": 2
    },
    "model": "core.ireditcirculationsg",
    "pk": 143
  },
  {
    "fields": {
      "instance_resource": 315,
      "localized": 0,
      "service_group": 41
    },
    "model": "core.ireditcirculationsg",
    "pk": 163
  },
  {
    "fields": {
      "instance_resource": 467,
      "localized": 0,
      "service_group": 41
    },
    "model": "core.ireditcirculationsg",
    "pk": 164
  },
  {
    "fields": {
      "instance_resource": 467,
      "localized": 0,
      "service_group": 61
    },
    "model": "core.ireditcirculationsg",
    "pk": 188
  },
  {
    "fields": {
      "instance_resource": 467,
      "localized": 0,
      "service_group": 64
    },
    "model": "core.ireditcirculationsg",
    "pk": 189
  },
  {
    "fields": {
      "instance_resource": 467,
      "localized": 0,
      "service_group": 65
    },
    "model": "core.ireditcirculationsg",
    "pk": 190
  },
  {
    "fields": {
      "instance_resource": 467,
      "localized": 0,
      "service_group": 62
    },
    "model": "core.ireditcirculationsg",
    "pk": 191
  },
  {
    "fields": {
      "instance_resource": 467,
      "localized": 0,
      "service_group": 63
    },
    "model": "core.ireditcirculationsg",
    "pk": 192
  },
  {
    "fields": {
      "instance_resource": 467,
      "localized": 0,
      "service_group": 66
    },
    "model": "core.ireditcirculationsg",
    "pk": 193
  },
  {
    "fields": {
      "instance_resource": 315,
      "localized": 0,
      "service_group": 61
    },
    "model": "core.ireditcirculationsg",
    "pk": 194
  },
  {
    "fields": {
      "instance_resource": 315,
      "localized": 0,
      "service_group": 64
    },
    "model": "core.ireditcirculationsg",
    "pk": 195
  },
  {
    "fields": {
      "instance_resource": 315,
      "localized": 0,
      "service_group": 65
    },
    "model": "core.ireditcirculationsg",
    "pk": 196
  },
  {
    "fields": {
      "instance_resource": 315,
      "localized": 0,
      "service_group": 62
    },
    "model": "core.ireditcirculationsg",
    "pk": 197
  },
  {
    "fields": {
      "instance_resource": 315,
      "localized": 0,
      "service_group": 63
    },
    "model": "core.ireditcirculationsg",
    "pk": 198
  },
  {
    "fields": {
      "instance_resource": 315,
      "localized": 0,
      "service_group": 66
    },
    "model": "core.ireditcirculationsg",
    "pk": 199
  },
  {
    "fields": {
      "instance_resource": 625,
      "localized": 0,
      "service_group": 61
    },
    "model": "core.ireditcirculationsg",
    "pk": 202
  },
  {
    "fields": {
      "instance_resource": 625,
      "localized": 0,
      "service_group": 64
    },
    "model": "core.ireditcirculationsg",
    "pk": 203
  },
  {
    "fields": {
      "instance_resource": 625,
      "localized": 0,
      "service_group": 41
    },
    "model": "core.ireditcirculationsg",
    "pk": 205
  },
  {
    "fields": {
      "instance_resource": 625,
      "localized": 0,
      "service_group": 65
    },
    "model": "core.ireditcirculationsg",
    "pk": 206
  },
  {
    "fields": {
      "instance_resource": 625,
      "localized": 0,
      "service_group": 2
    },
    "model": "core.ireditcirculationsg",
    "pk": 207
  },
  {
    "fields": {
      "instance_resource": 625,
      "localized": 0,
      "service_group": 21
    },
    "model": "core.ireditcirculationsg",
    "pk": 208
  },
  {
    "fields": {
      "instance_resource": 625,
      "localized": 0,
      "service_group": 62
    },
    "model": "core.ireditcirculationsg",
    "pk": 209
  },
  {
    "fields": {
      "instance_resource": 625,
      "localized": 0,
      "service_group": 63
    },
    "model": "core.ireditcirculationsg",
    "pk": 210
  },
  {
    "fields": {
      "instance_resource": 625,
      "localized": 0,
      "service_group": 66
    },
    "model": "core.ireditcirculationsg",
    "pk": 211
  },
  {
    "fields": {
      "instance_resource": 702,
      "localized": 0,
      "service_group": 61
    },
    "model": "core.ireditcirculationsg",
    "pk": 212
  },
  {
    "fields": {
      "instance_resource": 702,
      "localized": 0,
      "service_group": 64
    },
    "model": "core.ireditcirculationsg",
    "pk": 213
  },
  {
    "fields": {
      "instance_resource": 702,
      "localized": 0,
      "service_group": 2
    },
    "model": "core.ireditcirculationsg",
    "pk": 215
  },
  {
    "fields": {
      "instance_resource": 702,
      "localized": 0,
      "service_group": 63
    },
    "model": "core.ireditcirculationsg",
    "pk": 216
  },
  {
    "fields": {
      "instance_resource": 702,
      "localized": 0,
      "service_group": 66
    },
    "model": "core.ireditcirculationsg",
    "pk": 217
  },
  {
    "fields": {
      "instance_resource": 702,
      "localized": 0,
      "service_group": 65
    },
    "model": "core.ireditcirculationsg",
    "pk": 218
  },
  {
    "fields": {
      "instance_resource": 702,
      "localized": 0,
      "service_group": 21
    },
    "model": "core.ireditcirculationsg",
    "pk": 219
  },
  {
    "fields": {
      "instance_resource": 702,
      "localized": 0,
      "service_group": 62
    },
    "model": "core.ireditcirculationsg",
    "pk": 220
  },
  {
    "fields": {
      "instance_resource": 702,
      "localized": 0,
      "service_group": 41
    },
    "model": "core.ireditcirculationsg",
    "pk": 221
  },
  {
    "fields": {
      "instance_resource": 717,
      "localized": 0,
      "service_group": 21
    },
    "model": "core.ireditcirculationsg",
    "pk": 222
  },
  {
    "fields": {
      "instance_resource": 717,
      "localized": 0,
      "service_group": 2
    },
    "model": "core.ireditcirculationsg",
    "pk": 223
  },
  {
    "fields": {
      "instance_resource": 717,
      "localized": 0,
      "service_group": 65
    },
    "model": "core.ireditcirculationsg",
    "pk": 224
  },
  {
    "fields": {
      "instance_resource": 717,
      "localized": 0,
      "service_group": 66
    },
    "model": "core.ireditcirculationsg",
    "pk": 225
  },
  {
    "fields": {
      "instance_resource": 717,
      "localized": 0,
      "service_group": 62
    },
    "model": "core.ireditcirculationsg",
    "pk": 226
  },
  {
    "fields": {
      "instance_resource": 717,
      "localized": 0,
      "service_group": 61
    },
    "model": "core.ireditcirculationsg",
    "pk": 227
  },
  {
    "fields": {
      "instance_resource": 717,
      "localized": 0,
      "service_group": 63
    },
    "model": "core.ireditcirculationsg",
    "pk": 228
  },
  {
    "fields": {
      "instance_resource": 717,
      "localized": 0,
      "service_group": 64
    },
    "model": "core.ireditcirculationsg",
    "pk": 229
  },
  {
    "fields": {
      "instance_resource": 717,
      "localized": 0,
      "service_group": 41
    },
    "model": "core.ireditcirculationsg",
    "pk": 230
  },
  {
    "fields": {
      "instance_resource": 726,
      "localized": 0,
      "service_group": 21
    },
    "model": "core.ireditcirculationsg",
    "pk": 231
  },
  {
    "fields": {
      "instance_resource": 726,
      "localized": 0,
      "service_group": 2
    },
    "model": "core.ireditcirculationsg",
    "pk": 232
  },
  {
    "fields": {
      "instance_resource": 726,
      "localized": 0,
      "service_group": 65
    },
    "model": "core.ireditcirculationsg",
    "pk": 233
  },
  {
    "fields": {
      "instance_resource": 726,
      "localized": 0,
      "service_group": 66
    },
    "model": "core.ireditcirculationsg",
    "pk": 234
  },
  {
    "fields": {
      "instance_resource": 726,
      "localized": 0,
      "service_group": 62
    },
    "model": "core.ireditcirculationsg",
    "pk": 235
  },
  {
    "fields": {
      "instance_resource": 726,
      "localized": 0,
      "service_group": 61
    },
    "model": "core.ireditcirculationsg",
    "pk": 236
  },
  {
    "fields": {
      "instance_resource": 726,
      "localized": 0,
      "service_group": 63
    },
    "model": "core.ireditcirculationsg",
    "pk": 237
  },
  {
    "fields": {
      "instance_resource": 726,
      "localized": 0,
      "service_group": 64
    },
    "model": "core.ireditcirculationsg",
    "pk": 238
  },
  {
    "fields": {
      "instance_resource": 726,
      "localized": 0,
      "service_group": 41
    },
    "model": "core.ireditcirculationsg",
    "pk": 239
  },
  {
    "fields": {
      "instance_resource": 738,
      "localized": 0,
      "service_group": 21
    },
    "model": "core.ireditcirculationsg",
    "pk": 240
  },
  {
    "fields": {
      "instance_resource": 738,
      "localized": 0,
      "service_group": 2
    },
    "model": "core.ireditcirculationsg",
    "pk": 241
  },
  {
    "fields": {
      "instance_resource": 738,
      "localized": 0,
      "service_group": 65
    },
    "model": "core.ireditcirculationsg",
    "pk": 242
  },
  {
    "fields": {
      "instance_resource": 738,
      "localized": 0,
      "service_group": 66
    },
    "model": "core.ireditcirculationsg",
    "pk": 243
  },
  {
    "fields": {
      "instance_resource": 738,
      "localized": 0,
      "service_group": 62
    },
    "model": "core.ireditcirculationsg",
    "pk": 244
  },
  {
    "fields": {
      "instance_resource": 738,
      "localized": 0,
      "service_group": 61
    },
    "model": "core.ireditcirculationsg",
    "pk": 245
  },
  {
    "fields": {
      "instance_resource": 738,
      "localized": 0,
      "service_group": 63
    },
    "model": "core.ireditcirculationsg",
    "pk": 246
  },
  {
    "fields": {
      "instance_resource": 738,
      "localized": 0,
      "service_group": 64
    },
    "model": "core.ireditcirculationsg",
    "pk": 247
  },
  {
    "fields": {
      "instance_resource": 738,
      "localized": 0,
      "service_group": 41
    },
    "model": "core.ireditcirculationsg",
    "pk": 248
  },
  {
    "fields": {
      "instance_resource": 753,
      "localized": 1,
      "service_group": 69
    },
    "model": "core.ireditcirculationsg",
    "pk": 249
  },
  {
    "fields": {
      "instance_resource": 763,
      "localized": 0,
      "service_group": 41
    },
    "model": "core.ireditcirculationsg",
    "pk": 250
  },
  {
    "fields": {
      "instance_resource": 315,
      "localized": 0,
      "service_group": 70
    },
    "model": "core.ireditcirculationsg",
    "pk": 254
  },
  {
    "fields": {
      "instance_resource": 625,
      "localized": 0,
      "service_group": 70
    },
    "model": "core.ireditcirculationsg",
    "pk": 255
  },
  {
    "fields": {
      "instance_resource": 467,
      "localized": 0,
      "service_group": 70
    },
    "model": "core.ireditcirculationsg",
    "pk": 256
  },
  {
    "fields": {
      "instance_resource": 702,
      "localized": 0,
      "service_group": 70
    },
    "model": "core.ireditcirculationsg",
    "pk": 257
  },
  {
    "fields": {
      "instance_resource": 717,
      "localized": 0,
      "service_group": 70
    },
    "model": "core.ireditcirculationsg",
    "pk": 258
  },
  {
    "fields": {
      "instance_resource": 726,
      "localized": 0,
      "service_group": 70
    },
    "model": "core.ireditcirculationsg",
    "pk": 259
  },
  {
    "fields": {
      "instance_resource": 738,
      "localized": 0,
      "service_group": 70
    },
    "model": "core.ireditcirculationsg",
    "pk": 260
  },
  {
    "fields": {
      "instance_resource": 763,
      "localized": 0,
      "service_group": 70
    },
    "model": "core.ireditcirculationsg",
    "pk": 261
  },
  {
    "fields": {
      "instance_resource": 315,
      "localized": 0,
      "service_group": 71
    },
    "model": "core.ireditcirculationsg",
    "pk": 262
  },
  {
    "fields": {
      "instance_resource": 625,
      "localized": 0,
      "service_group": 71
    },
    "model": "core.ireditcirculationsg",
    "pk": 263
  },
  {
    "fields": {
      "instance_resource": 738,
      "localized": 0,
      "service_group": 71
    },
    "model": "core.ireditcirculationsg",
    "pk": 264
  },
  {
    "fields": {
      "instance_resource": 726,
      "localized": 0,
      "service_group": 71
    },
    "model": "core.ireditcirculationsg",
    "pk": 265
  },
  {
    "fields": {
      "instance_resource": 467,
      "localized": 0,
      "service_group": 71
    },
    "model": "core.ireditcirculationsg",
    "pk": 267
  },
  {
    "fields": {
      "instance_resource": 702,
      "localized": 0,
      "service_group": 71
    },
    "model": "core.ireditcirculationsg",
    "pk": 268
  },
  {
    "fields": {
      "instance_resource": 763,
      "localized": 0,
      "service_group": 71
    },
    "model": "core.ireditcirculationsg",
    "pk": 269
  },
  {
    "fields": {
      "instance_resource": 753,
      "localized": 0,
      "service_group": 72
    },
    "model": "core.ireditcirculationsg",
    "pk": 270
  },
  {
    "fields": {
      "instance_resource": 753,
      "localized": 1,
      "service_group": 73
    },
    "model": "core.ireditcirculationsg",
    "pk": 271
  },
  {
    "fields": {
      "page": 1,
      "pdf_class": null
    },
    "model": "core.ireditformpage",
    "pk": 2
  },
  {
    "fields": {
      "page": 1,
      "pdf_class": null
    },
    "model": "core.ireditformpage",
    "pk": 4
  },
  {
    "fields": {
      "page": 1,
      "pdf_class": null
    },
    "model": "core.ireditformpage",
    "pk": 107
  },
  {
    "fields": {
      "page": 1,
      "pdf_class": null
    },
    "model": "core.ireditformpage",
    "pk": 245
  },
  {
    "fields": {
      "page": 81,
      "pdf_class": null
    },
    "model": "core.ireditformpage",
    "pk": 445
  },
  {
    "fields": {
      "page": 81,
      "pdf_class": null
    },
    "model": "core.ireditformpage",
    "pk": 490
  },
  {
    "fields": {
      "page": 1,
      "pdf_class": null
    },
    "model": "core.ireditformpage",
    "pk": 605
  },
  {
    "fields": {
      "page": 82,
      "pdf_class": null
    },
    "model": "core.ireditformpage",
    "pk": 649
  },
  {
    "fields": {
      "page": 1,
      "pdf_class": ""
    },
    "model": "core.ireditformpage",
    "pk": 671
  },
  {
    "fields": {
      "page": 1,
      "pdf_class": null
    },
    "model": "core.ireditformpage",
    "pk": 672
  },
  {
    "fields": {
      "page": 1,
      "pdf_class": null
    },
    "model": "core.ireditformpage",
    "pk": 699
  },
  {
    "fields": {
      "page": 1,
      "pdf_class": null
    },
    "model": "core.ireditformpage",
    "pk": 714
  },
  {
    "fields": {
      "page": 1,
      "pdf_class": null
    },
    "model": "core.ireditformpage",
    "pk": 723
  },
  {
    "fields": {
      "page": 1,
      "pdf_class": null
    },
    "model": "core.ireditformpage",
    "pk": 735
  },
  {
    "fields": {
      "page": 1,
      "pdf_class": null
    },
    "model": "core.ireditformpage",
    "pk": 758
  },
  {
    "fields": {
      "circulation_type": 41,
      "edit_notice_template": null,
      "editable_after_deadline": 1,
      "hide_answered_notices": 0,
      "is_always_editable": 1,
      "pdf_class": null
    },
    "model": "core.ireditnotice",
    "pk": 367
  },
  {
    "fields": {
      "circulation_type": 41,
      "edit_notice_template": null,
      "editable_after_deadline": 0,
      "hide_answered_notices": 1,
      "is_always_editable": 0,
      "pdf_class": null
    },
    "model": "core.ireditnotice",
    "pk": 389
  },
  {
    "fields": {
      "circulation_type": 61,
      "edit_notice_template": null,
      "editable_after_deadline": 1,
      "hide_answered_notices": 0,
      "is_always_editable": 1,
      "pdf_class": null
    },
    "model": "core.ireditnotice",
    "pk": 757
  },
  {
    "fields": {
      "circulation_type": 62,
      "edit_notice_template": null,
      "editable_after_deadline": 1,
      "hide_answered_notices": 0,
      "is_always_editable": 1,
      "pdf_class": null
    },
    "model": "core.ireditnotice",
    "pk": 764
  },
  {
    "fields": {
      "circulation_type": 61,
      "edit_notice_template": null,
      "editable_after_deadline": 1,
      "hide_answered_notices": 0,
      "is_always_editable": 1,
      "pdf_class": null
    },
    "model": "core.ireditnotice",
    "pk": 769
  },
  {
    "fields": {
      "page": 1,
      "pdf_class": ""
    },
    "model": "core.irformpage",
    "pk": 3
  },
  {
    "fields": {
      "page": 1,
      "pdf_class": ""
    },
    "model": "core.irformpage",
    "pk": 22
  },
  {
    "fields": {
      "page": 1,
      "pdf_class": null
    },
    "model": "core.irformpage",
    "pk": 85
  },
  {
    "fields": {
      "page": 1,
      "pdf_class": null
    },
    "model": "core.irformpage",
    "pk": 225
  },
  {
    "fields": {
      "page": 1,
      "pdf_class": ""
    },
    "model": "core.irformpage",
    "pk": 388
  },
  {
    "fields": {
      "page": 81,
      "pdf_class": null
    },
    "model": "core.irformpage",
    "pk": 465
  },
  {
    "fields": {
      "page": 81,
      "pdf_class": ""
    },
    "model": "core.irformpage",
    "pk": 491
  },
  {
    "fields": {
      "page": 81,
      "pdf_class": ""
    },
    "model": "core.irformpage",
    "pk": 505
  },
  {
    "fields": {
      "page": 1,
      "pdf_class": ""
    },
    "model": "core.irformpage",
    "pk": 526
  },
  {
    "fields": {
      "page": 1,
      "pdf_class": ""
    },
    "model": "core.irformpage",
    "pk": 527
  },
  {
    "fields": {
      "page": 1,
      "pdf_class": ""
    },
    "model": "core.irformpage",
    "pk": 565
  },
  {
    "fields": {
      "page": 1,
      "pdf_class": ""
    },
    "model": "core.irformpage",
    "pk": 606
  },
  {
    "fields": {
      "page": 82,
      "pdf_class": ""
    },
    "model": "core.irformpage",
    "pk": 650
  },
  {
    "fields": {
      "page": 1,
      "pdf_class": ""
    },
    "model": "core.irformpage",
    "pk": 677
  },
  {
    "fields": {
      "page": 1,
      "pdf_class": ""
    },
    "model": "core.irformpage",
    "pk": 682
  },
  {
    "fields": {
      "page": 1,
      "pdf_class": ""
    },
    "model": "core.irformpage",
    "pk": 695
  },
  {
    "fields": {
      "page": 1,
      "pdf_class": null
    },
    "model": "core.irformpage",
    "pk": 700
  },
  {
    "fields": {
      "page": 1,
      "pdf_class": ""
    },
    "model": "core.irformpage",
    "pk": 711
  },
  {
    "fields": {
      "page": 1,
      "pdf_class": ""
    },
    "model": "core.irformpage",
    "pk": 712
  },
  {
    "fields": {
      "page": 1,
      "pdf_class": null
    },
    "model": "core.irformpage",
    "pk": 715
  },
  {
    "fields": {
      "page": 1,
      "pdf_class": null
    },
    "model": "core.irformpage",
    "pk": 724
  },
  {
    "fields": {
      "page": 1,
      "pdf_class": ""
    },
    "model": "core.irformpage",
    "pk": 730
  },
  {
    "fields": {
      "page": 1,
      "pdf_class": ""
    },
    "model": "core.irformpage",
    "pk": 733
  },
  {
    "fields": {
      "page": 1,
      "pdf_class": null
    },
    "model": "core.irformpage",
    "pk": 736
  },
  {
    "fields": {
      "page": 81,
      "pdf_class": ""
    },
    "model": "core.irformpage",
    "pk": 751
  },
  {
    "fields": {
      "page": 1,
      "pdf_class": null
    },
    "model": "core.irformpage",
    "pk": 755
  },
  {
    "fields": {
      "page": 1,
      "pdf_class": null
    },
    "model": "core.irformpage",
    "pk": 766
  },
  {
    "fields": {
      "page": 1,
      "pdf_class": null
    },
    "model": "core.irformpage",
    "pk": 767
  },
  {
    "fields": {
      "page": 1,
      "pdf_class": null
    },
    "model": "core.irformpage",
    "pk": 768
  },
  {
    "fields": {
      "instance_state": 21,
      "page_form_group": null
    },
    "model": "core.irnewform",
    "pk": 1
  },
  {
    "fields": {
      "instance_state": 22,
      "page_form_group": null
    },
    "model": "core.irnewform",
    "pk": 106
  },
  {
    "fields": {
      "instance_state": 22,
      "page_form_group": null
    },
    "model": "core.irnewform",
    "pk": 448
  },
  {
    "fields": {
      "instance_state": 21,
      "page_form_group": null
    },
    "model": "core.irnewform",
    "pk": 489
  },
  {
    "fields": {
      "instance_state": 22,
      "page_form_group": 1
    },
    "model": "core.irnewform",
    "pk": 608
  },
  {
    "fields": {
      "instance_state": 28,
      "page_form_group": null
    },
    "model": "core.irnewform",
    "pk": 651
  },
  {
    "fields": {
      "instance_state": 22,
      "page_form_group": 1
    },
    "model": "core.irnewform",
    "pk": 697
  },
  {
    "fields": {
      "instance_state": 22,
      "page_form_group": 1
    },
    "model": "core.irnewform",
    "pk": 722
  },
  {
    "fields": {
      "instance_state": 22,
      "page_form_group": 1
    },
    "model": "core.irnewform",
    "pk": 732
  },
  {
    "fields": {
      "instance_state": 22,
      "page_form_group": 1
    },
    "model": "core.irnewform",
    "pk": 742
  },
  {
    "fields": {
      "instance_state": 21,
      "page_form_group": null
    },
    "model": "core.irnewform",
    "pk": 759
  },
  {
    "fields": {
      "pdf_class": null
    },
    "model": "core.irpage",
    "pk": 246
  },
  {
    "fields": {
      "pdf_class": ""
    },
    "model": "core.irpage",
    "pk": 285
  },
  {
    "fields": {
      "pdf_class": null
    },
    "model": "core.irpage",
    "pk": 327
  },
  {
    "fields": {
      "pdf_class": ""
    },
    "model": "core.irpage",
    "pk": 447
  },
  {
    "fields": {
      "pdf_class": ""
    },
    "model": "core.irpage",
    "pk": 487
  },
  {
    "fields": {
      "pdf_class": null
    },
    "model": "core.irpage",
    "pk": 586
  },
  {
    "fields": {
      "pdf_class": ""
    },
    "model": "core.irpage",
    "pk": 647
  },
  {
    "fields": {
      "pdf_class": ""
    },
    "model": "core.irpage",
    "pk": 674
  },
  {
    "fields": {
      "pdf_class": ""
    },
    "model": "core.irpage",
    "pk": 681
  },
  {
    "fields": {
      "pdf_class": ""
    },
    "model": "core.irpage",
    "pk": 705
  },
  {
    "fields": {
      "instance_resource": 1,
      "instance_state": 1,
      "role": 6
    },
    "model": "core.irroleacl",
    "pk": 1
  },
  {
    "fields": {
      "instance_resource": 2,
      "instance_state": 21,
      "role": 6
    },
    "model": "core.irroleacl",
    "pk": 2
  },
  {
    "fields": {
      "instance_resource": 2,
      "instance_state": 25,
      "role": 6
    },
    "model": "core.irroleacl",
    "pk": 3
  },
  {
    "fields": {
      "instance_resource": 3,
      "instance_state": 22,
      "role": 6
    },
    "model": "core.irroleacl",
    "pk": 4
  },
  {
    "fields": {
      "instance_resource": 3,
      "instance_state": 23,
      "role": 6
    },
    "model": "core.irroleacl",
    "pk": 5
  },
  {
    "fields": {
      "instance_resource": 3,
      "instance_state": 24,
      "role": 6
    },
    "model": "core.irroleacl",
    "pk": 6
  },
  {
    "fields": {
      "instance_resource": 3,
      "instance_state": 26,
      "role": 6
    },
    "model": "core.irroleacl",
    "pk": 7
  },
  {
    "fields": {
      "instance_resource": 3,
      "instance_state": 27,
      "role": 6
    },
    "model": "core.irroleacl",
    "pk": 8
  },
  {
    "fields": {
      "instance_resource": 3,
      "instance_state": 22,
      "role": 7
    },
    "model": "core.irroleacl",
    "pk": 9
  },
  {
    "fields": {
      "instance_resource": 3,
      "instance_state": 23,
      "role": 7
    },
    "model": "core.irroleacl",
    "pk": 10
  },
  {
    "fields": {
      "instance_resource": 3,
      "instance_state": 24,
      "role": 7
    },
    "model": "core.irroleacl",
    "pk": 11
  },
  {
    "fields": {
      "instance_resource": 3,
      "instance_state": 25,
      "role": 7
    },
    "model": "core.irroleacl",
    "pk": 12
  },
  {
    "fields": {
      "instance_resource": 3,
      "instance_state": 26,
      "role": 7
    },
    "model": "core.irroleacl",
    "pk": 13
  },
  {
    "fields": {
      "instance_resource": 4,
      "instance_state": 21,
      "role": 3
    },
    "model": "core.irroleacl",
    "pk": 14
  },
  {
    "fields": {
      "instance_resource": 4,
      "instance_state": 22,
      "role": 3
    },
    "model": "core.irroleacl",
    "pk": 15
  },
  {
    "fields": {
      "instance_resource": 4,
      "instance_state": 23,
      "role": 3
    },
    "model": "core.irroleacl",
    "pk": 16
  },
  {
    "fields": {
      "instance_resource": 4,
      "instance_state": 24,
      "role": 3
    },
    "model": "core.irroleacl",
    "pk": 17
  },
  {
    "fields": {
      "instance_resource": 4,
      "instance_state": 25,
      "role": 3
    },
    "model": "core.irroleacl",
    "pk": 18
  },
  {
    "fields": {
      "instance_resource": 4,
      "instance_state": 26,
      "role": 3
    },
    "model": "core.irroleacl",
    "pk": 19
  },
  {
    "fields": {
      "instance_resource": 4,
      "instance_state": 27,
      "role": 3
    },
    "model": "core.irroleacl",
    "pk": 20
  },
  {
    "fields": {
      "instance_resource": 22,
      "instance_state": 23,
      "role": 4
    },
    "model": "core.irroleacl",
    "pk": 21
  },
  {
    "fields": {
      "instance_resource": 22,
      "instance_state": 24,
      "role": 4
    },
    "model": "core.irroleacl",
    "pk": 22
  },
  {
    "fields": {
      "instance_resource": 22,
      "instance_state": 23,
      "role": 1021
    },
    "model": "core.irroleacl",
    "pk": 23
  },
  {
    "fields": {
      "instance_resource": 22,
      "instance_state": 24,
      "role": 1021
    },
    "model": "core.irroleacl",
    "pk": 24
  },
  {
    "fields": {
      "instance_resource": 46,
      "instance_state": 21,
      "role": 4
    },
    "model": "core.irroleacl",
    "pk": 25
  },
  {
    "fields": {
      "instance_resource": 46,
      "instance_state": 22,
      "role": 4
    },
    "model": "core.irroleacl",
    "pk": 26
  },
  {
    "fields": {
      "instance_resource": 46,
      "instance_state": 23,
      "role": 4
    },
    "model": "core.irroleacl",
    "pk": 27
  },
  {
    "fields": {
      "instance_resource": 46,
      "instance_state": 24,
      "role": 4
    },
    "model": "core.irroleacl",
    "pk": 28
  },
  {
    "fields": {
      "instance_resource": 46,
      "instance_state": 25,
      "role": 4
    },
    "model": "core.irroleacl",
    "pk": 29
  },
  {
    "fields": {
      "instance_resource": 46,
      "instance_state": 26,
      "role": 4
    },
    "model": "core.irroleacl",
    "pk": 30
  },
  {
    "fields": {
      "instance_resource": 46,
      "instance_state": 27,
      "role": 4
    },
    "model": "core.irroleacl",
    "pk": 31
  },
  {
    "fields": {
      "instance_resource": 46,
      "instance_state": 21,
      "role": 6
    },
    "model": "core.irroleacl",
    "pk": 32
  },
  {
    "fields": {
      "instance_resource": 46,
      "instance_state": 22,
      "role": 6
    },
    "model": "core.irroleacl",
    "pk": 33
  },
  {
    "fields": {
      "instance_resource": 46,
      "instance_state": 23,
      "role": 6
    },
    "model": "core.irroleacl",
    "pk": 34
  },
  {
    "fields": {
      "instance_resource": 46,
      "instance_state": 24,
      "role": 6
    },
    "model": "core.irroleacl",
    "pk": 35
  },
  {
    "fields": {
      "instance_resource": 46,
      "instance_state": 25,
      "role": 6
    },
    "model": "core.irroleacl",
    "pk": 36
  },
  {
    "fields": {
      "instance_resource": 46,
      "instance_state": 26,
      "role": 6
    },
    "model": "core.irroleacl",
    "pk": 37
  },
  {
    "fields": {
      "instance_resource": 46,
      "instance_state": 27,
      "role": 6
    },
    "model": "core.irroleacl",
    "pk": 38
  },
  {
    "fields": {
      "instance_resource": 46,
      "instance_state": 21,
      "role": 7
    },
    "model": "core.irroleacl",
    "pk": 39
  },
  {
    "fields": {
      "instance_resource": 46,
      "instance_state": 22,
      "role": 7
    },
    "model": "core.irroleacl",
    "pk": 40
  },
  {
    "fields": {
      "instance_resource": 46,
      "instance_state": 23,
      "role": 7
    },
    "model": "core.irroleacl",
    "pk": 41
  },
  {
    "fields": {
      "instance_resource": 46,
      "instance_state": 24,
      "role": 7
    },
    "model": "core.irroleacl",
    "pk": 42
  },
  {
    "fields": {
      "instance_resource": 46,
      "instance_state": 25,
      "role": 7
    },
    "model": "core.irroleacl",
    "pk": 43
  },
  {
    "fields": {
      "instance_resource": 46,
      "instance_state": 26,
      "role": 7
    },
    "model": "core.irroleacl",
    "pk": 44
  },
  {
    "fields": {
      "instance_resource": 85,
      "instance_state": 21,
      "role": 3
    },
    "model": "core.irroleacl",
    "pk": 45
  },
  {
    "fields": {
      "instance_resource": 85,
      "instance_state": 23,
      "role": 3
    },
    "model": "core.irroleacl",
    "pk": 46
  },
  {
    "fields": {
      "instance_resource": 85,
      "instance_state": 25,
      "role": 3
    },
    "model": "core.irroleacl",
    "pk": 47
  },
  {
    "fields": {
      "instance_resource": 85,
      "instance_state": 26,
      "role": 3
    },
    "model": "core.irroleacl",
    "pk": 48
  },
  {
    "fields": {
      "instance_resource": 85,
      "instance_state": 27,
      "role": 3
    },
    "model": "core.irroleacl",
    "pk": 49
  },
  {
    "fields": {
      "instance_resource": 106,
      "instance_state": 1,
      "role": 3
    },
    "model": "core.irroleacl",
    "pk": 50
  },
  {
    "fields": {
      "instance_resource": 107,
      "instance_state": 21,
      "role": 3
    },
    "model": "core.irroleacl",
    "pk": 51
  },
  {
    "fields": {
      "instance_resource": 107,
      "instance_state": 22,
      "role": 3
    },
    "model": "core.irroleacl",
    "pk": 52
  },
  {
    "fields": {
      "instance_resource": 107,
      "instance_state": 23,
      "role": 3
    },
    "model": "core.irroleacl",
    "pk": 53
  },
  {
    "fields": {
      "instance_resource": 107,
      "instance_state": 24,
      "role": 3
    },
    "model": "core.irroleacl",
    "pk": 54
  },
  {
    "fields": {
      "instance_resource": 107,
      "instance_state": 25,
      "role": 3
    },
    "model": "core.irroleacl",
    "pk": 55
  },
  {
    "fields": {
      "instance_resource": 107,
      "instance_state": 26,
      "role": 3
    },
    "model": "core.irroleacl",
    "pk": 56
  },
  {
    "fields": {
      "instance_resource": 107,
      "instance_state": 27,
      "role": 3
    },
    "model": "core.irroleacl",
    "pk": 57
  },
  {
    "fields": {
      "instance_resource": 145,
      "instance_state": 21,
      "role": 3
    },
    "model": "core.irroleacl",
    "pk": 58
  },
  {
    "fields": {
      "instance_resource": 145,
      "instance_state": 22,
      "role": 3
    },
    "model": "core.irroleacl",
    "pk": 59
  },
  {
    "fields": {
      "instance_resource": 145,
      "instance_state": 23,
      "role": 3
    },
    "model": "core.irroleacl",
    "pk": 60
  },
  {
    "fields": {
      "instance_resource": 145,
      "instance_state": 24,
      "role": 3
    },
    "model": "core.irroleacl",
    "pk": 61
  },
  {
    "fields": {
      "instance_resource": 145,
      "instance_state": 25,
      "role": 3
    },
    "model": "core.irroleacl",
    "pk": 62
  },
  {
    "fields": {
      "instance_resource": 145,
      "instance_state": 26,
      "role": 3
    },
    "model": "core.irroleacl",
    "pk": 63
  },
  {
    "fields": {
      "instance_resource": 145,
      "instance_state": 27,
      "role": 3
    },
    "model": "core.irroleacl",
    "pk": 64
  },
  {
    "fields": {
      "instance_resource": 145,
      "instance_state": 21,
      "role": 6
    },
    "model": "core.irroleacl",
    "pk": 65
  },
  {
    "fields": {
      "instance_resource": 145,
      "instance_state": 22,
      "role": 6
    },
    "model": "core.irroleacl",
    "pk": 66
  },
  {
    "fields": {
      "instance_resource": 145,
      "instance_state": 23,
      "role": 6
    },
    "model": "core.irroleacl",
    "pk": 67
  },
  {
    "fields": {
      "instance_resource": 145,
      "instance_state": 24,
      "role": 6
    },
    "model": "core.irroleacl",
    "pk": 68
  },
  {
    "fields": {
      "instance_resource": 145,
      "instance_state": 25,
      "role": 6
    },
    "model": "core.irroleacl",
    "pk": 69
  },
  {
    "fields": {
      "instance_resource": 145,
      "instance_state": 26,
      "role": 6
    },
    "model": "core.irroleacl",
    "pk": 70
  },
  {
    "fields": {
      "instance_resource": 145,
      "instance_state": 27,
      "role": 6
    },
    "model": "core.irroleacl",
    "pk": 71
  },
  {
    "fields": {
      "instance_resource": 165,
      "instance_state": 21,
      "role": 3
    },
    "model": "core.irroleacl",
    "pk": 72
  },
  {
    "fields": {
      "instance_resource": 165,
      "instance_state": 22,
      "role": 3
    },
    "model": "core.irroleacl",
    "pk": 73
  },
  {
    "fields": {
      "instance_resource": 165,
      "instance_state": 23,
      "role": 3
    },
    "model": "core.irroleacl",
    "pk": 74
  },
  {
    "fields": {
      "instance_resource": 165,
      "instance_state": 24,
      "role": 3
    },
    "model": "core.irroleacl",
    "pk": 75
  },
  {
    "fields": {
      "instance_resource": 165,
      "instance_state": 25,
      "role": 3
    },
    "model": "core.irroleacl",
    "pk": 76
  },
  {
    "fields": {
      "instance_resource": 165,
      "instance_state": 26,
      "role": 3
    },
    "model": "core.irroleacl",
    "pk": 77
  },
  {
    "fields": {
      "instance_resource": 165,
      "instance_state": 27,
      "role": 3
    },
    "model": "core.irroleacl",
    "pk": 78
  },
  {
    "fields": {
      "instance_resource": 185,
      "instance_state": 23,
      "role": 4
    },
    "model": "core.irroleacl",
    "pk": 79
  },
  {
    "fields": {
      "instance_resource": 185,
      "instance_state": 24,
      "role": 4
    },
    "model": "core.irroleacl",
    "pk": 80
  },
  {
    "fields": {
      "instance_resource": 185,
      "instance_state": 23,
      "role": 1021
    },
    "model": "core.irroleacl",
    "pk": 81
  },
  {
    "fields": {
      "instance_resource": 205,
      "instance_state": 22,
      "role": 3
    },
    "model": "core.irroleacl",
    "pk": 82
  },
  {
    "fields": {
      "instance_resource": 205,
      "instance_state": 23,
      "role": 3
    },
    "model": "core.irroleacl",
    "pk": 83
  },
  {
    "fields": {
      "instance_resource": 205,
      "instance_state": 24,
      "role": 3
    },
    "model": "core.irroleacl",
    "pk": 84
  },
  {
    "fields": {
      "instance_resource": 205,
      "instance_state": 25,
      "role": 3
    },
    "model": "core.irroleacl",
    "pk": 85
  },
  {
    "fields": {
      "instance_resource": 205,
      "instance_state": 26,
      "role": 3
    },
    "model": "core.irroleacl",
    "pk": 86
  },
  {
    "fields": {
      "instance_resource": 205,
      "instance_state": 27,
      "role": 3
    },
    "model": "core.irroleacl",
    "pk": 87
  },
  {
    "fields": {
      "instance_resource": 245,
      "instance_state": 21,
      "role": 6
    },
    "model": "core.irroleacl",
    "pk": 88
  },
  {
    "fields": {
      "instance_resource": 246,
      "instance_state": 21,
      "role": 6
    },
    "model": "core.irroleacl",
    "pk": 89
  },
  {
    "fields": {
      "instance_resource": 246,
      "instance_state": 25,
      "role": 6
    },
    "model": "core.irroleacl",
    "pk": 90
  },
  {
    "fields": {
      "instance_resource": 265,
      "instance_state": 21,
      "role": 6
    },
    "model": "core.irroleacl",
    "pk": 91
  },
  {
    "fields": {
      "instance_resource": 265,
      "instance_state": 22,
      "role": 6
    },
    "model": "core.irroleacl",
    "pk": 92
  },
  {
    "fields": {
      "instance_resource": 265,
      "instance_state": 23,
      "role": 6
    },
    "model": "core.irroleacl",
    "pk": 93
  },
  {
    "fields": {
      "instance_resource": 265,
      "instance_state": 24,
      "role": 6
    },
    "model": "core.irroleacl",
    "pk": 94
  },
  {
    "fields": {
      "instance_resource": 265,
      "instance_state": 25,
      "role": 6
    },
    "model": "core.irroleacl",
    "pk": 95
  },
  {
    "fields": {
      "instance_resource": 265,
      "instance_state": 26,
      "role": 6
    },
    "model": "core.irroleacl",
    "pk": 96
  },
  {
    "fields": {
      "instance_resource": 285,
      "instance_state": 23,
      "role": 6
    },
    "model": "core.irroleacl",
    "pk": 97
  },
  {
    "fields": {
      "instance_resource": 285,
      "instance_state": 24,
      "role": 6
    },
    "model": "core.irroleacl",
    "pk": 98
  },
  {
    "fields": {
      "instance_resource": 285,
      "instance_state": 25,
      "role": 6
    },
    "model": "core.irroleacl",
    "pk": 99
  },
  {
    "fields": {
      "instance_resource": 285,
      "instance_state": 26,
      "role": 6
    },
    "model": "core.irroleacl",
    "pk": 100
  },
  {
    "fields": {
      "instance_resource": 314,
      "instance_state": 22,
      "role": 3
    },
    "model": "core.irroleacl",
    "pk": 101
  },
  {
    "fields": {
      "instance_resource": 314,
      "instance_state": 23,
      "role": 3
    },
    "model": "core.irroleacl",
    "pk": 102
  },
  {
    "fields": {
      "instance_resource": 314,
      "instance_state": 24,
      "role": 3
    },
    "model": "core.irroleacl",
    "pk": 103
  },
  {
    "fields": {
      "instance_resource": 314,
      "instance_state": 25,
      "role": 3
    },
    "model": "core.irroleacl",
    "pk": 104
  },
  {
    "fields": {
      "instance_resource": 314,
      "instance_state": 26,
      "role": 3
    },
    "model": "core.irroleacl",
    "pk": 105
  },
  {
    "fields": {
      "instance_resource": 314,
      "instance_state": 27,
      "role": 3
    },
    "model": "core.irroleacl",
    "pk": 106
  },
  {
    "fields": {
      "instance_resource": 315,
      "instance_state": 22,
      "role": 3
    },
    "model": "core.irroleacl",
    "pk": 107
  },
  {
    "fields": {
      "instance_resource": 315,
      "instance_state": 23,
      "role": 3
    },
    "model": "core.irroleacl",
    "pk": 108
  },
  {
    "fields": {
      "instance_resource": 315,
      "instance_state": 24,
      "role": 3
    },
    "model": "core.irroleacl",
    "pk": 109
  },
  {
    "fields": {
      "instance_resource": 315,
      "instance_state": 25,
      "role": 3
    },
    "model": "core.irroleacl",
    "pk": 110
  },
  {
    "fields": {
      "instance_resource": 315,
      "instance_state": 26,
      "role": 3
    },
    "model": "core.irroleacl",
    "pk": 111
  },
  {
    "fields": {
      "instance_resource": 315,
      "instance_state": 27,
      "role": 3
    },
    "model": "core.irroleacl",
    "pk": 112
  },
  {
    "fields": {
      "instance_resource": 327,
      "instance_state": 23,
      "role": 4
    },
    "model": "core.irroleacl",
    "pk": 113
  },
  {
    "fields": {
      "instance_resource": 327,
      "instance_state": 24,
      "role": 4
    },
    "model": "core.irroleacl",
    "pk": 114
  },
  {
    "fields": {
      "instance_resource": 367,
      "instance_state": 23,
      "role": 4
    },
    "model": "core.irroleacl",
    "pk": 115
  },
  {
    "fields": {
      "instance_resource": 367,
      "instance_state": 24,
      "role": 4
    },
    "model": "core.irroleacl",
    "pk": 116
  },
  {
    "fields": {
      "instance_resource": 367,
      "instance_state": 23,
      "role": 1021
    },
    "model": "core.irroleacl",
    "pk": 117
  },
  {
    "fields": {
      "instance_resource": 367,
      "instance_state": 24,
      "role": 1021
    },
    "model": "core.irroleacl",
    "pk": 118
  },
  {
    "fields": {
      "instance_resource": 387,
      "instance_state": 23,
      "role": 4
    },
    "model": "core.irroleacl",
    "pk": 119
  },
  {
    "fields": {
      "instance_resource": 388,
      "instance_state": 21,
      "role": 1021
    },
    "model": "core.irroleacl",
    "pk": 120
  },
  {
    "fields": {
      "instance_resource": 388,
      "instance_state": 22,
      "role": 1021
    },
    "model": "core.irroleacl",
    "pk": 121
  },
  {
    "fields": {
      "instance_resource": 388,
      "instance_state": 23,
      "role": 1021
    },
    "model": "core.irroleacl",
    "pk": 122
  },
  {
    "fields": {
      "instance_resource": 388,
      "instance_state": 24,
      "role": 1021
    },
    "model": "core.irroleacl",
    "pk": 123
  },
  {
    "fields": {
      "instance_resource": 388,
      "instance_state": 25,
      "role": 1021
    },
    "model": "core.irroleacl",
    "pk": 124
  },
  {
    "fields": {
      "instance_resource": 388,
      "instance_state": 26,
      "role": 1021
    },
    "model": "core.irroleacl",
    "pk": 125
  },
  {
    "fields": {
      "instance_resource": 388,
      "instance_state": 27,
      "role": 1021
    },
    "model": "core.irroleacl",
    "pk": 126
  },
  {
    "fields": {
      "instance_resource": 389,
      "instance_state": 23,
      "role": 4
    },
    "model": "core.irroleacl",
    "pk": 127
  },
  {
    "fields": {
      "instance_resource": 389,
      "instance_state": 24,
      "role": 4
    },
    "model": "core.irroleacl",
    "pk": 128
  },
  {
    "fields": {
      "instance_resource": 389,
      "instance_state": 23,
      "role": 1021
    },
    "model": "core.irroleacl",
    "pk": 129
  },
  {
    "fields": {
      "instance_resource": 389,
      "instance_state": 24,
      "role": 1021
    },
    "model": "core.irroleacl",
    "pk": 130
  },
  {
    "fields": {
      "instance_resource": 405,
      "instance_state": 21,
      "role": 6
    },
    "model": "core.irroleacl",
    "pk": 131
  },
  {
    "fields": {
      "instance_resource": 405,
      "instance_state": 22,
      "role": 6
    },
    "model": "core.irroleacl",
    "pk": 132
  },
  {
    "fields": {
      "instance_resource": 405,
      "instance_state": 23,
      "role": 6
    },
    "model": "core.irroleacl",
    "pk": 133
  },
  {
    "fields": {
      "instance_resource": 405,
      "instance_state": 24,
      "role": 6
    },
    "model": "core.irroleacl",
    "pk": 134
  },
  {
    "fields": {
      "instance_resource": 405,
      "instance_state": 25,
      "role": 6
    },
    "model": "core.irroleacl",
    "pk": 135
  },
  {
    "fields": {
      "instance_resource": 405,
      "instance_state": 26,
      "role": 6
    },
    "model": "core.irroleacl",
    "pk": 136
  },
  {
    "fields": {
      "instance_resource": 445,
      "instance_state": 22,
      "role": 1061
    },
    "model": "core.irroleacl",
    "pk": 137
  },
  {
    "fields": {
      "instance_resource": 445,
      "instance_state": 24,
      "role": 1061
    },
    "model": "core.irroleacl",
    "pk": 138
  },
  {
    "fields": {
      "instance_resource": 447,
      "instance_state": 23,
      "role": 3
    },
    "model": "core.irroleacl",
    "pk": 139
  },
  {
    "fields": {
      "instance_resource": 447,
      "instance_state": 24,
      "role": 3
    },
    "model": "core.irroleacl",
    "pk": 140
  },
  {
    "fields": {
      "instance_resource": 448,
      "instance_state": 1,
      "role": 1061
    },
    "model": "core.irroleacl",
    "pk": 141
  },
  {
    "fields": {
      "instance_resource": 505,
      "instance_state": 25,
      "role": 4
    },
    "model": "core.irroleacl",
    "pk": 142
  },
  {
    "fields": {
      "instance_resource": 465,
      "instance_state": 25,
      "role": 1061
    },
    "model": "core.irroleacl",
    "pk": 143
  },
  {
    "fields": {
      "instance_resource": 465,
      "instance_state": 26,
      "role": 1061
    },
    "model": "core.irroleacl",
    "pk": 144
  },
  {
    "fields": {
      "instance_resource": 465,
      "instance_state": 27,
      "role": 1061
    },
    "model": "core.irroleacl",
    "pk": 145
  },
  {
    "fields": {
      "instance_resource": 466,
      "instance_state": 21,
      "role": 6
    },
    "model": "core.irroleacl",
    "pk": 146
  },
  {
    "fields": {
      "instance_resource": 466,
      "instance_state": 22,
      "role": 6
    },
    "model": "core.irroleacl",
    "pk": 147
  },
  {
    "fields": {
      "instance_resource": 466,
      "instance_state": 23,
      "role": 6
    },
    "model": "core.irroleacl",
    "pk": 148
  },
  {
    "fields": {
      "instance_resource": 466,
      "instance_state": 24,
      "role": 6
    },
    "model": "core.irroleacl",
    "pk": 149
  },
  {
    "fields": {
      "instance_resource": 466,
      "instance_state": 25,
      "role": 6
    },
    "model": "core.irroleacl",
    "pk": 150
  },
  {
    "fields": {
      "instance_resource": 466,
      "instance_state": 26,
      "role": 6
    },
    "model": "core.irroleacl",
    "pk": 151
  },
  {
    "fields": {
      "instance_resource": 466,
      "instance_state": 27,
      "role": 6
    },
    "model": "core.irroleacl",
    "pk": 152
  },
  {
    "fields": {
      "instance_resource": 466,
      "instance_state": 21,
      "role": 1061
    },
    "model": "core.irroleacl",
    "pk": 153
  },
  {
    "fields": {
      "instance_resource": 466,
      "instance_state": 22,
      "role": 1061
    },
    "model": "core.irroleacl",
    "pk": 154
  },
  {
    "fields": {
      "instance_resource": 466,
      "instance_state": 23,
      "role": 1061
    },
    "model": "core.irroleacl",
    "pk": 155
  },
  {
    "fields": {
      "instance_resource": 466,
      "instance_state": 24,
      "role": 1061
    },
    "model": "core.irroleacl",
    "pk": 156
  },
  {
    "fields": {
      "instance_resource": 466,
      "instance_state": 25,
      "role": 1061
    },
    "model": "core.irroleacl",
    "pk": 157
  },
  {
    "fields": {
      "instance_resource": 466,
      "instance_state": 26,
      "role": 1061
    },
    "model": "core.irroleacl",
    "pk": 158
  },
  {
    "fields": {
      "instance_resource": 466,
      "instance_state": 27,
      "role": 1061
    },
    "model": "core.irroleacl",
    "pk": 159
  },
  {
    "fields": {
      "instance_resource": 467,
      "instance_state": 22,
      "role": 1061
    },
    "model": "core.irroleacl",
    "pk": 160
  },
  {
    "fields": {
      "instance_resource": 467,
      "instance_state": 23,
      "role": 1061
    },
    "model": "core.irroleacl",
    "pk": 161
  },
  {
    "fields": {
      "instance_resource": 467,
      "instance_state": 24,
      "role": 1061
    },
    "model": "core.irroleacl",
    "pk": 162
  },
  {
    "fields": {
      "instance_resource": 467,
      "instance_state": 25,
      "role": 1061
    },
    "model": "core.irroleacl",
    "pk": 163
  },
  {
    "fields": {
      "instance_resource": 467,
      "instance_state": 26,
      "role": 1061
    },
    "model": "core.irroleacl",
    "pk": 164
  },
  {
    "fields": {
      "instance_resource": 467,
      "instance_state": 27,
      "role": 1061
    },
    "model": "core.irroleacl",
    "pk": 165
  },
  {
    "fields": {
      "instance_resource": 485,
      "instance_state": 22,
      "role": 1061
    },
    "model": "core.irroleacl",
    "pk": 166
  },
  {
    "fields": {
      "instance_resource": 485,
      "instance_state": 23,
      "role": 1061
    },
    "model": "core.irroleacl",
    "pk": 167
  },
  {
    "fields": {
      "instance_resource": 485,
      "instance_state": 24,
      "role": 1061
    },
    "model": "core.irroleacl",
    "pk": 168
  },
  {
    "fields": {
      "instance_resource": 485,
      "instance_state": 25,
      "role": 1061
    },
    "model": "core.irroleacl",
    "pk": 169
  },
  {
    "fields": {
      "instance_resource": 485,
      "instance_state": 26,
      "role": 1061
    },
    "model": "core.irroleacl",
    "pk": 170
  },
  {
    "fields": {
      "instance_resource": 485,
      "instance_state": 27,
      "role": 1061
    },
    "model": "core.irroleacl",
    "pk": 171
  },
  {
    "fields": {
      "instance_resource": 486,
      "instance_state": 22,
      "role": 1061
    },
    "model": "core.irroleacl",
    "pk": 172
  },
  {
    "fields": {
      "instance_resource": 486,
      "instance_state": 23,
      "role": 1061
    },
    "model": "core.irroleacl",
    "pk": 173
  },
  {
    "fields": {
      "instance_resource": 486,
      "instance_state": 24,
      "role": 1061
    },
    "model": "core.irroleacl",
    "pk": 174
  },
  {
    "fields": {
      "instance_resource": 486,
      "instance_state": 25,
      "role": 1061
    },
    "model": "core.irroleacl",
    "pk": 175
  },
  {
    "fields": {
      "instance_resource": 486,
      "instance_state": 26,
      "role": 1061
    },
    "model": "core.irroleacl",
    "pk": 176
  },
  {
    "fields": {
      "instance_resource": 486,
      "instance_state": 27,
      "role": 1061
    },
    "model": "core.irroleacl",
    "pk": 177
  },
  {
    "fields": {
      "instance_resource": 487,
      "instance_state": 23,
      "role": 1061
    },
    "model": "core.irroleacl",
    "pk": 178
  },
  {
    "fields": {
      "instance_resource": 487,
      "instance_state": 24,
      "role": 1061
    },
    "model": "core.irroleacl",
    "pk": 179
  },
  {
    "fields": {
      "instance_resource": 488,
      "instance_state": 21,
      "role": 1061
    },
    "model": "core.irroleacl",
    "pk": 180
  },
  {
    "fields": {
      "instance_resource": 488,
      "instance_state": 22,
      "role": 1061
    },
    "model": "core.irroleacl",
    "pk": 181
  },
  {
    "fields": {
      "instance_resource": 488,
      "instance_state": 23,
      "role": 1061
    },
    "model": "core.irroleacl",
    "pk": 182
  },
  {
    "fields": {
      "instance_resource": 488,
      "instance_state": 24,
      "role": 1061
    },
    "model": "core.irroleacl",
    "pk": 183
  },
  {
    "fields": {
      "instance_resource": 488,
      "instance_state": 25,
      "role": 1061
    },
    "model": "core.irroleacl",
    "pk": 184
  },
  {
    "fields": {
      "instance_resource": 488,
      "instance_state": 26,
      "role": 1061
    },
    "model": "core.irroleacl",
    "pk": 185
  },
  {
    "fields": {
      "instance_resource": 488,
      "instance_state": 27,
      "role": 1061
    },
    "model": "core.irroleacl",
    "pk": 186
  },
  {
    "fields": {
      "instance_resource": 489,
      "instance_state": 1,
      "role": 6
    },
    "model": "core.irroleacl",
    "pk": 187
  },
  {
    "fields": {
      "instance_resource": 490,
      "instance_state": 21,
      "role": 6
    },
    "model": "core.irroleacl",
    "pk": 188
  },
  {
    "fields": {
      "instance_resource": 490,
      "instance_state": 25,
      "role": 6
    },
    "model": "core.irroleacl",
    "pk": 189
  },
  {
    "fields": {
      "instance_resource": 491,
      "instance_state": 22,
      "role": 6
    },
    "model": "core.irroleacl",
    "pk": 190
  },
  {
    "fields": {
      "instance_resource": 491,
      "instance_state": 23,
      "role": 6
    },
    "model": "core.irroleacl",
    "pk": 191
  },
  {
    "fields": {
      "instance_resource": 491,
      "instance_state": 24,
      "role": 6
    },
    "model": "core.irroleacl",
    "pk": 192
  },
  {
    "fields": {
      "instance_resource": 491,
      "instance_state": 26,
      "role": 6
    },
    "model": "core.irroleacl",
    "pk": 193
  },
  {
    "fields": {
      "instance_resource": 491,
      "instance_state": 21,
      "role": 7
    },
    "model": "core.irroleacl",
    "pk": 194
  },
  {
    "fields": {
      "instance_resource": 491,
      "instance_state": 22,
      "role": 7
    },
    "model": "core.irroleacl",
    "pk": 195
  },
  {
    "fields": {
      "instance_resource": 491,
      "instance_state": 23,
      "role": 7
    },
    "model": "core.irroleacl",
    "pk": 196
  },
  {
    "fields": {
      "instance_resource": 491,
      "instance_state": 24,
      "role": 7
    },
    "model": "core.irroleacl",
    "pk": 197
  },
  {
    "fields": {
      "instance_resource": 491,
      "instance_state": 25,
      "role": 7
    },
    "model": "core.irroleacl",
    "pk": 198
  },
  {
    "fields": {
      "instance_resource": 491,
      "instance_state": 26,
      "role": 7
    },
    "model": "core.irroleacl",
    "pk": 199
  },
  {
    "fields": {
      "instance_resource": 505,
      "instance_state": 23,
      "role": 4
    },
    "model": "core.irroleacl",
    "pk": 200
  },
  {
    "fields": {
      "instance_resource": 505,
      "instance_state": 24,
      "role": 4
    },
    "model": "core.irroleacl",
    "pk": 201
  },
  {
    "fields": {
      "instance_resource": 505,
      "instance_state": 23,
      "role": 1021
    },
    "model": "core.irroleacl",
    "pk": 202
  },
  {
    "fields": {
      "instance_resource": 505,
      "instance_state": 24,
      "role": 1021
    },
    "model": "core.irroleacl",
    "pk": 203
  },
  {
    "fields": {
      "instance_resource": 525,
      "instance_state": 23,
      "role": 4
    },
    "model": "core.irroleacl",
    "pk": 204
  },
  {
    "fields": {
      "instance_resource": 525,
      "instance_state": 23,
      "role": 1021
    },
    "model": "core.irroleacl",
    "pk": 205
  },
  {
    "fields": {
      "instance_resource": 526,
      "instance_state": 21,
      "role": 4
    },
    "model": "core.irroleacl",
    "pk": 206
  },
  {
    "fields": {
      "instance_resource": 526,
      "instance_state": 22,
      "role": 4
    },
    "model": "core.irroleacl",
    "pk": 207
  },
  {
    "fields": {
      "instance_resource": 526,
      "instance_state": 23,
      "role": 4
    },
    "model": "core.irroleacl",
    "pk": 208
  },
  {
    "fields": {
      "instance_resource": 526,
      "instance_state": 24,
      "role": 4
    },
    "model": "core.irroleacl",
    "pk": 209
  },
  {
    "fields": {
      "instance_resource": 526,
      "instance_state": 25,
      "role": 4
    },
    "model": "core.irroleacl",
    "pk": 210
  },
  {
    "fields": {
      "instance_resource": 526,
      "instance_state": 26,
      "role": 4
    },
    "model": "core.irroleacl",
    "pk": 211
  },
  {
    "fields": {
      "instance_resource": 526,
      "instance_state": 21,
      "role": 1021
    },
    "model": "core.irroleacl",
    "pk": 212
  },
  {
    "fields": {
      "instance_resource": 526,
      "instance_state": 22,
      "role": 1021
    },
    "model": "core.irroleacl",
    "pk": 213
  },
  {
    "fields": {
      "instance_resource": 526,
      "instance_state": 23,
      "role": 1021
    },
    "model": "core.irroleacl",
    "pk": 214
  },
  {
    "fields": {
      "instance_resource": 526,
      "instance_state": 24,
      "role": 1021
    },
    "model": "core.irroleacl",
    "pk": 215
  },
  {
    "fields": {
      "instance_resource": 526,
      "instance_state": 25,
      "role": 1021
    },
    "model": "core.irroleacl",
    "pk": 216
  },
  {
    "fields": {
      "instance_resource": 526,
      "instance_state": 26,
      "role": 1021
    },
    "model": "core.irroleacl",
    "pk": 217
  },
  {
    "fields": {
      "instance_resource": 527,
      "instance_state": 21,
      "role": 4
    },
    "model": "core.irroleacl",
    "pk": 218
  },
  {
    "fields": {
      "instance_resource": 527,
      "instance_state": 22,
      "role": 4
    },
    "model": "core.irroleacl",
    "pk": 219
  },
  {
    "fields": {
      "instance_resource": 527,
      "instance_state": 23,
      "role": 4
    },
    "model": "core.irroleacl",
    "pk": 220
  },
  {
    "fields": {
      "instance_resource": 527,
      "instance_state": 24,
      "role": 4
    },
    "model": "core.irroleacl",
    "pk": 221
  },
  {
    "fields": {
      "instance_resource": 527,
      "instance_state": 25,
      "role": 4
    },
    "model": "core.irroleacl",
    "pk": 222
  },
  {
    "fields": {
      "instance_resource": 527,
      "instance_state": 26,
      "role": 4
    },
    "model": "core.irroleacl",
    "pk": 223
  },
  {
    "fields": {
      "instance_resource": 527,
      "instance_state": 21,
      "role": 1021
    },
    "model": "core.irroleacl",
    "pk": 224
  },
  {
    "fields": {
      "instance_resource": 527,
      "instance_state": 22,
      "role": 1021
    },
    "model": "core.irroleacl",
    "pk": 225
  },
  {
    "fields": {
      "instance_resource": 527,
      "instance_state": 23,
      "role": 1021
    },
    "model": "core.irroleacl",
    "pk": 226
  },
  {
    "fields": {
      "instance_resource": 527,
      "instance_state": 24,
      "role": 1021
    },
    "model": "core.irroleacl",
    "pk": 227
  },
  {
    "fields": {
      "instance_resource": 527,
      "instance_state": 25,
      "role": 1021
    },
    "model": "core.irroleacl",
    "pk": 228
  },
  {
    "fields": {
      "instance_resource": 527,
      "instance_state": 26,
      "role": 1021
    },
    "model": "core.irroleacl",
    "pk": 229
  },
  {
    "fields": {
      "instance_resource": 545,
      "instance_state": 21,
      "role": 4
    },
    "model": "core.irroleacl",
    "pk": 230
  },
  {
    "fields": {
      "instance_resource": 545,
      "instance_state": 22,
      "role": 4
    },
    "model": "core.irroleacl",
    "pk": 231
  },
  {
    "fields": {
      "instance_resource": 545,
      "instance_state": 23,
      "role": 4
    },
    "model": "core.irroleacl",
    "pk": 232
  },
  {
    "fields": {
      "instance_resource": 545,
      "instance_state": 24,
      "role": 4
    },
    "model": "core.irroleacl",
    "pk": 233
  },
  {
    "fields": {
      "instance_resource": 545,
      "instance_state": 25,
      "role": 4
    },
    "model": "core.irroleacl",
    "pk": 234
  },
  {
    "fields": {
      "instance_resource": 545,
      "instance_state": 26,
      "role": 4
    },
    "model": "core.irroleacl",
    "pk": 235
  },
  {
    "fields": {
      "instance_resource": 545,
      "instance_state": 21,
      "role": 1021
    },
    "model": "core.irroleacl",
    "pk": 236
  },
  {
    "fields": {
      "instance_resource": 545,
      "instance_state": 22,
      "role": 1021
    },
    "model": "core.irroleacl",
    "pk": 237
  },
  {
    "fields": {
      "instance_resource": 545,
      "instance_state": 23,
      "role": 1021
    },
    "model": "core.irroleacl",
    "pk": 238
  },
  {
    "fields": {
      "instance_resource": 545,
      "instance_state": 24,
      "role": 1021
    },
    "model": "core.irroleacl",
    "pk": 239
  },
  {
    "fields": {
      "instance_resource": 545,
      "instance_state": 25,
      "role": 1021
    },
    "model": "core.irroleacl",
    "pk": 240
  },
  {
    "fields": {
      "instance_resource": 545,
      "instance_state": 26,
      "role": 1021
    },
    "model": "core.irroleacl",
    "pk": 241
  },
  {
    "fields": {
      "instance_resource": 447,
      "instance_state": 21,
      "role": 3
    },
    "model": "core.irroleacl",
    "pk": 242
  },
  {
    "fields": {
      "instance_resource": 447,
      "instance_state": 22,
      "role": 3
    },
    "model": "core.irroleacl",
    "pk": 243
  },
  {
    "fields": {
      "instance_resource": 447,
      "instance_state": 25,
      "role": 3
    },
    "model": "core.irroleacl",
    "pk": 244
  },
  {
    "fields": {
      "instance_resource": 447,
      "instance_state": 26,
      "role": 3
    },
    "model": "core.irroleacl",
    "pk": 245
  },
  {
    "fields": {
      "instance_resource": 447,
      "instance_state": 22,
      "role": 1061
    },
    "model": "core.irroleacl",
    "pk": 246
  },
  {
    "fields": {
      "instance_resource": 447,
      "instance_state": 23,
      "role": 1061
    },
    "model": "core.irroleacl",
    "pk": 247
  },
  {
    "fields": {
      "instance_resource": 447,
      "instance_state": 24,
      "role": 1061
    },
    "model": "core.irroleacl",
    "pk": 248
  },
  {
    "fields": {
      "instance_resource": 447,
      "instance_state": 25,
      "role": 1061
    },
    "model": "core.irroleacl",
    "pk": 249
  },
  {
    "fields": {
      "instance_resource": 327,
      "instance_state": 23,
      "role": 1021
    },
    "model": "core.irroleacl",
    "pk": 250
  },
  {
    "fields": {
      "instance_resource": 327,
      "instance_state": 24,
      "role": 1021
    },
    "model": "core.irroleacl",
    "pk": 251
  },
  {
    "fields": {
      "instance_resource": 327,
      "instance_state": 26,
      "role": 4
    },
    "model": "core.irroleacl",
    "pk": 252
  },
  {
    "fields": {
      "instance_resource": 525,
      "instance_state": 26,
      "role": 4
    },
    "model": "core.irroleacl",
    "pk": 253
  },
  {
    "fields": {
      "instance_resource": 327,
      "instance_state": 26,
      "role": 1021
    },
    "model": "core.irroleacl",
    "pk": 254
  },
  {
    "fields": {
      "instance_resource": 525,
      "instance_state": 26,
      "role": 1021
    },
    "model": "core.irroleacl",
    "pk": 255
  },
  {
    "fields": {
      "instance_resource": 22,
      "instance_state": 26,
      "role": 4
    },
    "model": "core.irroleacl",
    "pk": 256
  },
  {
    "fields": {
      "instance_resource": 22,
      "instance_state": 26,
      "role": 1021
    },
    "model": "core.irroleacl",
    "pk": 257
  },
  {
    "fields": {
      "instance_resource": 505,
      "instance_state": 26,
      "role": 4
    },
    "model": "core.irroleacl",
    "pk": 258
  },
  {
    "fields": {
      "instance_resource": 505,
      "instance_state": 26,
      "role": 1021
    },
    "model": "core.irroleacl",
    "pk": 259
  },
  {
    "fields": {
      "instance_resource": 327,
      "instance_state": 25,
      "role": 4
    },
    "model": "core.irroleacl",
    "pk": 260
  },
  {
    "fields": {
      "instance_resource": 327,
      "instance_state": 25,
      "role": 1021
    },
    "model": "core.irroleacl",
    "pk": 261
  },
  {
    "fields": {
      "instance_resource": 22,
      "instance_state": 25,
      "role": 4
    },
    "model": "core.irroleacl",
    "pk": 262
  },
  {
    "fields": {
      "instance_resource": 22,
      "instance_state": 25,
      "role": 1021
    },
    "model": "core.irroleacl",
    "pk": 263
  },
  {
    "fields": {
      "instance_resource": 525,
      "instance_state": 24,
      "role": 4
    },
    "model": "core.irroleacl",
    "pk": 264
  },
  {
    "fields": {
      "instance_resource": 525,
      "instance_state": 25,
      "role": 4
    },
    "model": "core.irroleacl",
    "pk": 265
  },
  {
    "fields": {
      "instance_resource": 525,
      "instance_state": 24,
      "role": 1021
    },
    "model": "core.irroleacl",
    "pk": 266
  },
  {
    "fields": {
      "instance_resource": 525,
      "instance_state": 25,
      "role": 1021
    },
    "model": "core.irroleacl",
    "pk": 267
  },
  {
    "fields": {
      "instance_resource": 445,
      "instance_state": 23,
      "role": 1061
    },
    "model": "core.irroleacl",
    "pk": 268
  },
  {
    "fields": {
      "instance_resource": 586,
      "instance_state": 23,
      "role": 4
    },
    "model": "core.irroleacl",
    "pk": 269
  },
  {
    "fields": {
      "instance_resource": 625,
      "instance_state": 23,
      "role": 1101
    },
    "model": "core.irroleacl",
    "pk": 270
  },
  {
    "fields": {
      "instance_resource": 645,
      "instance_state": 23,
      "role": 1101
    },
    "model": "core.irroleacl",
    "pk": 271
  },
  {
    "fields": {
      "instance_resource": 645,
      "instance_state": 22,
      "role": 1101
    },
    "model": "core.irroleacl",
    "pk": 272
  },
  {
    "fields": {
      "instance_resource": 225,
      "instance_state": 25,
      "role": 6
    },
    "model": "core.irroleacl",
    "pk": 273
  },
  {
    "fields": {
      "instance_resource": 225,
      "instance_state": 27,
      "role": 3
    },
    "model": "core.irroleacl",
    "pk": 274
  },
  {
    "fields": {
      "instance_resource": 647,
      "instance_state": 22,
      "role": 1101
    },
    "model": "core.irroleacl",
    "pk": 275
  },
  {
    "fields": {
      "instance_resource": 225,
      "instance_state": 25,
      "role": 3
    },
    "model": "core.irroleacl",
    "pk": 276
  },
  {
    "fields": {
      "instance_resource": 649,
      "instance_state": 25,
      "role": 1101
    },
    "model": "core.irroleacl",
    "pk": 277
  },
  {
    "fields": {
      "instance_resource": 650,
      "instance_state": 23,
      "role": 4
    },
    "model": "core.irroleacl",
    "pk": 278
  },
  {
    "fields": {
      "instance_resource": 650,
      "instance_state": 24,
      "role": 4
    },
    "model": "core.irroleacl",
    "pk": 279
  },
  {
    "fields": {
      "instance_resource": 525,
      "instance_state": 23,
      "role": 1102
    },
    "model": "core.irroleacl",
    "pk": 280
  },
  {
    "fields": {
      "instance_resource": 606,
      "instance_state": 25,
      "role": 1101
    },
    "model": "core.irroleacl",
    "pk": 281
  },
  {
    "fields": {
      "instance_resource": 650,
      "instance_state": 21,
      "role": 1021
    },
    "model": "core.irroleacl",
    "pk": 282
  },
  {
    "fields": {
      "instance_resource": 646,
      "instance_state": 23,
      "role": 1101
    },
    "model": "core.irroleacl",
    "pk": 283
  },
  {
    "fields": {
      "instance_resource": 608,
      "instance_state": 1,
      "role": 1101
    },
    "model": "core.irroleacl",
    "pk": 284
  },
  {
    "fields": {
      "instance_resource": 505,
      "instance_state": 23,
      "role": 1102
    },
    "model": "core.irroleacl",
    "pk": 285
  },
  {
    "fields": {
      "instance_resource": 645,
      "instance_state": 26,
      "role": 1101
    },
    "model": "core.irroleacl",
    "pk": 286
  },
  {
    "fields": {
      "instance_resource": 367,
      "instance_state": 23,
      "role": 1102
    },
    "model": "core.irroleacl",
    "pk": 287
  },
  {
    "fields": {
      "instance_resource": 648,
      "instance_state": 25,
      "role": 1101
    },
    "model": "core.irroleacl",
    "pk": 288
  },
  {
    "fields": {
      "instance_resource": 225,
      "instance_state": 26,
      "role": 3
    },
    "model": "core.irroleacl",
    "pk": 289
  },
  {
    "fields": {
      "instance_resource": 646,
      "instance_state": 25,
      "role": 1101
    },
    "model": "core.irroleacl",
    "pk": 290
  },
  {
    "fields": {
      "instance_resource": 225,
      "instance_state": 26,
      "role": 6
    },
    "model": "core.irroleacl",
    "pk": 291
  },
  {
    "fields": {
      "instance_resource": 607,
      "instance_state": 24,
      "role": 1101
    },
    "model": "core.irroleacl",
    "pk": 292
  },
  {
    "fields": {
      "instance_resource": 625,
      "instance_state": 22,
      "role": 1101
    },
    "model": "core.irroleacl",
    "pk": 293
  },
  {
    "fields": {
      "instance_resource": 645,
      "instance_state": 25,
      "role": 1101
    },
    "model": "core.irroleacl",
    "pk": 294
  },
  {
    "fields": {
      "instance_resource": 646,
      "instance_state": 22,
      "role": 1101
    },
    "model": "core.irroleacl",
    "pk": 295
  },
  {
    "fields": {
      "instance_resource": 650,
      "instance_state": 25,
      "role": 1021
    },
    "model": "core.irroleacl",
    "pk": 296
  },
  {
    "fields": {
      "instance_resource": 225,
      "instance_state": 27,
      "role": 6
    },
    "model": "core.irroleacl",
    "pk": 297
  },
  {
    "fields": {
      "instance_resource": 647,
      "instance_state": 23,
      "role": 1101
    },
    "model": "core.irroleacl",
    "pk": 298
  },
  {
    "fields": {
      "instance_resource": 606,
      "instance_state": 24,
      "role": 1101
    },
    "model": "core.irroleacl",
    "pk": 299
  },
  {
    "fields": {
      "instance_resource": 650,
      "instance_state": 23,
      "role": 1081
    },
    "model": "core.irroleacl",
    "pk": 300
  },
  {
    "fields": {
      "instance_resource": 606,
      "instance_state": 26,
      "role": 1101
    },
    "model": "core.irroleacl",
    "pk": 301
  },
  {
    "fields": {
      "instance_resource": 607,
      "instance_state": 25,
      "role": 1101
    },
    "model": "core.irroleacl",
    "pk": 302
  },
  {
    "fields": {
      "instance_resource": 586,
      "instance_state": 26,
      "role": 4
    },
    "model": "core.irroleacl",
    "pk": 303
  },
  {
    "fields": {
      "instance_resource": 649,
      "instance_state": 26,
      "role": 1101
    },
    "model": "core.irroleacl",
    "pk": 304
  },
  {
    "fields": {
      "instance_resource": 648,
      "instance_state": 23,
      "role": 1101
    },
    "model": "core.irroleacl",
    "pk": 305
  },
  {
    "fields": {
      "instance_resource": 606,
      "instance_state": 23,
      "role": 1101
    },
    "model": "core.irroleacl",
    "pk": 306
  },
  {
    "fields": {
      "instance_resource": 650,
      "instance_state": 24,
      "role": 1021
    },
    "model": "core.irroleacl",
    "pk": 307
  },
  {
    "fields": {
      "instance_resource": 225,
      "instance_state": 1,
      "role": 3
    },
    "model": "core.irroleacl",
    "pk": 308
  },
  {
    "fields": {
      "instance_resource": 586,
      "instance_state": 25,
      "role": 4
    },
    "model": "core.irroleacl",
    "pk": 309
  },
  {
    "fields": {
      "instance_resource": 646,
      "instance_state": 24,
      "role": 1101
    },
    "model": "core.irroleacl",
    "pk": 310
  },
  {
    "fields": {
      "instance_resource": 645,
      "instance_state": 24,
      "role": 1101
    },
    "model": "core.irroleacl",
    "pk": 311
  },
  {
    "fields": {
      "instance_resource": 649,
      "instance_state": 22,
      "role": 1101
    },
    "model": "core.irroleacl",
    "pk": 312
  },
  {
    "fields": {
      "instance_resource": 647,
      "instance_state": 24,
      "role": 1101
    },
    "model": "core.irroleacl",
    "pk": 313
  },
  {
    "fields": {
      "instance_resource": 648,
      "instance_state": 24,
      "role": 1101
    },
    "model": "core.irroleacl",
    "pk": 314
  },
  {
    "fields": {
      "instance_resource": 605,
      "instance_state": 26,
      "role": 1101
    },
    "model": "core.irroleacl",
    "pk": 315
  },
  {
    "fields": {
      "instance_resource": 625,
      "instance_state": 26,
      "role": 1101
    },
    "model": "core.irroleacl",
    "pk": 316
  },
  {
    "fields": {
      "instance_resource": 650,
      "instance_state": 23,
      "role": 1021
    },
    "model": "core.irroleacl",
    "pk": 317
  },
  {
    "fields": {
      "instance_resource": 650,
      "instance_state": 26,
      "role": 4
    },
    "model": "core.irroleacl",
    "pk": 318
  },
  {
    "fields": {
      "instance_resource": 225,
      "instance_state": 21,
      "role": 6
    },
    "model": "core.irroleacl",
    "pk": 319
  },
  {
    "fields": {
      "instance_resource": 225,
      "instance_state": 22,
      "role": 3
    },
    "model": "core.irroleacl",
    "pk": 320
  },
  {
    "fields": {
      "instance_resource": 648,
      "instance_state": 27,
      "role": 1101
    },
    "model": "core.irroleacl",
    "pk": 321
  },
  {
    "fields": {
      "instance_resource": 647,
      "instance_state": 21,
      "role": 1101
    },
    "model": "core.irroleacl",
    "pk": 322
  },
  {
    "fields": {
      "instance_resource": 607,
      "instance_state": 22,
      "role": 1101
    },
    "model": "core.irroleacl",
    "pk": 323
  },
  {
    "fields": {
      "instance_resource": 647,
      "instance_state": 25,
      "role": 1101
    },
    "model": "core.irroleacl",
    "pk": 324
  },
  {
    "fields": {
      "instance_resource": 607,
      "instance_state": 23,
      "role": 1101
    },
    "model": "core.irroleacl",
    "pk": 325
  },
  {
    "fields": {
      "instance_resource": 586,
      "instance_state": 24,
      "role": 4
    },
    "model": "core.irroleacl",
    "pk": 326
  },
  {
    "fields": {
      "instance_resource": 650,
      "instance_state": 22,
      "role": 1021
    },
    "model": "core.irroleacl",
    "pk": 327
  },
  {
    "fields": {
      "instance_resource": 605,
      "instance_state": 23,
      "role": 1101
    },
    "model": "core.irroleacl",
    "pk": 328
  },
  {
    "fields": {
      "instance_resource": 605,
      "instance_state": 22,
      "role": 1101
    },
    "model": "core.irroleacl",
    "pk": 329
  },
  {
    "fields": {
      "instance_resource": 22,
      "instance_state": 23,
      "role": 1102
    },
    "model": "core.irroleacl",
    "pk": 330
  },
  {
    "fields": {
      "instance_resource": 225,
      "instance_state": 22,
      "role": 6
    },
    "model": "core.irroleacl",
    "pk": 331
  },
  {
    "fields": {
      "instance_resource": 225,
      "instance_state": 24,
      "role": 3
    },
    "model": "core.irroleacl",
    "pk": 332
  },
  {
    "fields": {
      "instance_resource": 649,
      "instance_state": 27,
      "role": 1101
    },
    "model": "core.irroleacl",
    "pk": 333
  },
  {
    "fields": {
      "instance_resource": 647,
      "instance_state": 26,
      "role": 1101
    },
    "model": "core.irroleacl",
    "pk": 334
  },
  {
    "fields": {
      "instance_resource": 650,
      "instance_state": 25,
      "role": 4
    },
    "model": "core.irroleacl",
    "pk": 335
  },
  {
    "fields": {
      "instance_resource": 185,
      "instance_state": 23,
      "role": 1102
    },
    "model": "core.irroleacl",
    "pk": 336
  },
  {
    "fields": {
      "instance_resource": 650,
      "instance_state": 21,
      "role": 4
    },
    "model": "core.irroleacl",
    "pk": 337
  },
  {
    "fields": {
      "instance_resource": 606,
      "instance_state": 27,
      "role": 1101
    },
    "model": "core.irroleacl",
    "pk": 338
  },
  {
    "fields": {
      "instance_resource": 649,
      "instance_state": 24,
      "role": 1101
    },
    "model": "core.irroleacl",
    "pk": 339
  },
  {
    "fields": {
      "instance_resource": 625,
      "instance_state": 25,
      "role": 1101
    },
    "model": "core.irroleacl",
    "pk": 340
  },
  {
    "fields": {
      "instance_resource": 605,
      "instance_state": 25,
      "role": 1101
    },
    "model": "core.irroleacl",
    "pk": 341
  },
  {
    "fields": {
      "instance_resource": 225,
      "instance_state": 23,
      "role": 3
    },
    "model": "core.irroleacl",
    "pk": 342
  },
  {
    "fields": {
      "instance_resource": 225,
      "instance_state": 23,
      "role": 6
    },
    "model": "core.irroleacl",
    "pk": 343
  },
  {
    "fields": {
      "instance_resource": 607,
      "instance_state": 27,
      "role": 1101
    },
    "model": "core.irroleacl",
    "pk": 344
  },
  {
    "fields": {
      "instance_resource": 648,
      "instance_state": 22,
      "role": 1101
    },
    "model": "core.irroleacl",
    "pk": 345
  },
  {
    "fields": {
      "instance_resource": 625,
      "instance_state": 24,
      "role": 1101
    },
    "model": "core.irroleacl",
    "pk": 346
  },
  {
    "fields": {
      "instance_resource": 648,
      "instance_state": 26,
      "role": 1101
    },
    "model": "core.irroleacl",
    "pk": 347
  },
  {
    "fields": {
      "instance_resource": 225,
      "instance_state": 21,
      "role": 3
    },
    "model": "core.irroleacl",
    "pk": 348
  },
  {
    "fields": {
      "instance_resource": 646,
      "instance_state": 26,
      "role": 1101
    },
    "model": "core.irroleacl",
    "pk": 349
  },
  {
    "fields": {
      "instance_resource": 649,
      "instance_state": 23,
      "role": 1101
    },
    "model": "core.irroleacl",
    "pk": 350
  },
  {
    "fields": {
      "instance_resource": 225,
      "instance_state": 24,
      "role": 6
    },
    "model": "core.irroleacl",
    "pk": 351
  },
  {
    "fields": {
      "instance_resource": 650,
      "instance_state": 22,
      "role": 4
    },
    "model": "core.irroleacl",
    "pk": 352
  },
  {
    "fields": {
      "instance_resource": 646,
      "instance_state": 27,
      "role": 1101
    },
    "model": "core.irroleacl",
    "pk": 353
  },
  {
    "fields": {
      "instance_resource": 650,
      "instance_state": 23,
      "role": 1102
    },
    "model": "core.irroleacl",
    "pk": 354
  },
  {
    "fields": {
      "instance_resource": 607,
      "instance_state": 26,
      "role": 1101
    },
    "model": "core.irroleacl",
    "pk": 355
  },
  {
    "fields": {
      "instance_resource": 606,
      "instance_state": 22,
      "role": 1101
    },
    "model": "core.irroleacl",
    "pk": 356
  },
  {
    "fields": {
      "instance_resource": 605,
      "instance_state": 24,
      "role": 1101
    },
    "model": "core.irroleacl",
    "pk": 357
  },
  {
    "fields": {
      "instance_resource": 650,
      "instance_state": 26,
      "role": 1021
    },
    "model": "core.irroleacl",
    "pk": 358
  },
  {
    "fields": {
      "instance_resource": 678,
      "instance_state": 28,
      "role": 1103
    },
    "model": "core.irroleacl",
    "pk": 359
  },
  {
    "fields": {
      "instance_resource": 681,
      "instance_state": 29,
      "role": 1103
    },
    "model": "core.irroleacl",
    "pk": 360
  },
  {
    "fields": {
      "instance_resource": 677,
      "instance_state": 23,
      "role": 1103
    },
    "model": "core.irroleacl",
    "pk": 361
  },
  {
    "fields": {
      "instance_resource": 185,
      "instance_state": 25,
      "role": 1021
    },
    "model": "core.irroleacl",
    "pk": 362
  },
  {
    "fields": {
      "instance_resource": 680,
      "instance_state": 28,
      "role": 1103
    },
    "model": "core.irroleacl",
    "pk": 363
  },
  {
    "fields": {
      "instance_resource": 678,
      "instance_state": 29,
      "role": 1103
    },
    "model": "core.irroleacl",
    "pk": 364
  },
  {
    "fields": {
      "instance_resource": 677,
      "instance_state": 26,
      "role": 1103
    },
    "model": "core.irroleacl",
    "pk": 365
  },
  {
    "fields": {
      "instance_resource": 185,
      "instance_state": 26,
      "role": 1021
    },
    "model": "core.irroleacl",
    "pk": 366
  },
  {
    "fields": {
      "instance_resource": 185,
      "instance_state": 25,
      "role": 1102
    },
    "model": "core.irroleacl",
    "pk": 367
  },
  {
    "fields": {
      "instance_resource": 674,
      "instance_state": 30,
      "role": 1103
    },
    "model": "core.irroleacl",
    "pk": 368
  },
  {
    "fields": {
      "instance_resource": 677,
      "instance_state": 21,
      "role": 1103
    },
    "model": "core.irroleacl",
    "pk": 369
  },
  {
    "fields": {
      "instance_resource": 677,
      "instance_state": 25,
      "role": 1103
    },
    "model": "core.irroleacl",
    "pk": 370
  },
  {
    "fields": {
      "instance_resource": 676,
      "instance_state": 30,
      "role": 6
    },
    "model": "core.irroleacl",
    "pk": 371
  },
  {
    "fields": {
      "instance_resource": 671,
      "instance_state": 28,
      "role": 1103
    },
    "model": "core.irroleacl",
    "pk": 372
  },
  {
    "fields": {
      "instance_resource": 678,
      "instance_state": 30,
      "role": 1103
    },
    "model": "core.irroleacl",
    "pk": 373
  },
  {
    "fields": {
      "instance_resource": 682,
      "instance_state": 29,
      "role": 6
    },
    "model": "core.irroleacl",
    "pk": 374
  },
  {
    "fields": {
      "instance_resource": 672,
      "instance_state": 30,
      "role": 6
    },
    "model": "core.irroleacl",
    "pk": 375
  },
  {
    "fields": {
      "instance_resource": 671,
      "instance_state": 29,
      "role": 1103
    },
    "model": "core.irroleacl",
    "pk": 376
  },
  {
    "fields": {
      "instance_resource": 651,
      "instance_state": 1,
      "role": 1103
    },
    "model": "core.irroleacl",
    "pk": 377
  },
  {
    "fields": {
      "instance_resource": 676,
      "instance_state": 29,
      "role": 6
    },
    "model": "core.irroleacl",
    "pk": 378
  },
  {
    "fields": {
      "instance_resource": 677,
      "instance_state": 30,
      "role": 1103
    },
    "model": "core.irroleacl",
    "pk": 379
  },
  {
    "fields": {
      "instance_resource": 677,
      "instance_state": 24,
      "role": 1103
    },
    "model": "core.irroleacl",
    "pk": 380
  },
  {
    "fields": {
      "instance_resource": 677,
      "instance_state": 22,
      "role": 1103
    },
    "model": "core.irroleacl",
    "pk": 381
  },
  {
    "fields": {
      "instance_resource": 185,
      "instance_state": 26,
      "role": 4
    },
    "model": "core.irroleacl",
    "pk": 382
  },
  {
    "fields": {
      "instance_resource": 185,
      "instance_state": 26,
      "role": 1102
    },
    "model": "core.irroleacl",
    "pk": 383
  },
  {
    "fields": {
      "instance_resource": 185,
      "instance_state": 25,
      "role": 4
    },
    "model": "core.irroleacl",
    "pk": 384
  },
  {
    "fields": {
      "instance_resource": 447,
      "instance_state": 21,
      "role": 1101
    },
    "model": "core.irroleacl",
    "pk": 385
  },
  {
    "fields": {
      "instance_resource": 447,
      "instance_state": 22,
      "role": 1101
    },
    "model": "core.irroleacl",
    "pk": 386
  },
  {
    "fields": {
      "instance_resource": 447,
      "instance_state": 23,
      "role": 1101
    },
    "model": "core.irroleacl",
    "pk": 387
  },
  {
    "fields": {
      "instance_resource": 447,
      "instance_state": 24,
      "role": 1101
    },
    "model": "core.irroleacl",
    "pk": 388
  },
  {
    "fields": {
      "instance_resource": 447,
      "instance_state": 26,
      "role": 1101
    },
    "model": "core.irroleacl",
    "pk": 389
  },
  {
    "fields": {
      "instance_resource": 692,
      "instance_state": 22,
      "role": 6
    },
    "model": "core.irroleacl",
    "pk": 390
  },
  {
    "fields": {
      "instance_resource": 690,
      "instance_state": 27,
      "role": 1101
    },
    "model": "core.irroleacl",
    "pk": 391
  },
  {
    "fields": {
      "instance_resource": 684,
      "instance_state": 21,
      "role": 1061
    },
    "model": "core.irroleacl",
    "pk": 392
  },
  {
    "fields": {
      "instance_resource": 692,
      "instance_state": 21,
      "role": 6
    },
    "model": "core.irroleacl",
    "pk": 393
  },
  {
    "fields": {
      "instance_resource": 683,
      "instance_state": 21,
      "role": 3
    },
    "model": "core.irroleacl",
    "pk": 394
  },
  {
    "fields": {
      "instance_resource": 691,
      "instance_state": 25,
      "role": 4
    },
    "model": "core.irroleacl",
    "pk": 395
  },
  {
    "fields": {
      "instance_resource": 683,
      "instance_state": 22,
      "role": 3
    },
    "model": "core.irroleacl",
    "pk": 396
  },
  {
    "fields": {
      "instance_resource": 685,
      "instance_state": 26,
      "role": 6
    },
    "model": "core.irroleacl",
    "pk": 397
  },
  {
    "fields": {
      "instance_resource": 690,
      "instance_state": 25,
      "role": 1101
    },
    "model": "core.irroleacl",
    "pk": 398
  },
  {
    "fields": {
      "instance_resource": 692,
      "instance_state": 26,
      "role": 6
    },
    "model": "core.irroleacl",
    "pk": 399
  },
  {
    "fields": {
      "instance_resource": 685,
      "instance_state": 1,
      "role": 6
    },
    "model": "core.irroleacl",
    "pk": 400
  },
  {
    "fields": {
      "instance_resource": 691,
      "instance_state": 24,
      "role": 4
    },
    "model": "core.irroleacl",
    "pk": 401
  },
  {
    "fields": {
      "instance_resource": 691,
      "instance_state": 26,
      "role": 4
    },
    "model": "core.irroleacl",
    "pk": 402
  },
  {
    "fields": {
      "instance_resource": 690,
      "instance_state": 23,
      "role": 1101
    },
    "model": "core.irroleacl",
    "pk": 403
  },
  {
    "fields": {
      "instance_resource": 685,
      "instance_state": 27,
      "role": 6
    },
    "model": "core.irroleacl",
    "pk": 404
  },
  {
    "fields": {
      "instance_resource": 690,
      "instance_state": 26,
      "role": 1101
    },
    "model": "core.irroleacl",
    "pk": 405
  },
  {
    "fields": {
      "instance_resource": 683,
      "instance_state": 25,
      "role": 3
    },
    "model": "core.irroleacl",
    "pk": 406
  },
  {
    "fields": {
      "instance_resource": 690,
      "instance_state": 22,
      "role": 1101
    },
    "model": "core.irroleacl",
    "pk": 407
  },
  {
    "fields": {
      "instance_resource": 684,
      "instance_state": 27,
      "role": 1061
    },
    "model": "core.irroleacl",
    "pk": 408
  },
  {
    "fields": {
      "instance_resource": 691,
      "instance_state": 23,
      "role": 4
    },
    "model": "core.irroleacl",
    "pk": 409
  },
  {
    "fields": {
      "instance_resource": 690,
      "instance_state": 21,
      "role": 1101
    },
    "model": "core.irroleacl",
    "pk": 410
  },
  {
    "fields": {
      "instance_resource": 691,
      "instance_state": 21,
      "role": 4
    },
    "model": "core.irroleacl",
    "pk": 411
  },
  {
    "fields": {
      "instance_resource": 683,
      "instance_state": 26,
      "role": 3
    },
    "model": "core.irroleacl",
    "pk": 412
  },
  {
    "fields": {
      "instance_resource": 683,
      "instance_state": 23,
      "role": 3
    },
    "model": "core.irroleacl",
    "pk": 413
  },
  {
    "fields": {
      "instance_resource": 684,
      "instance_state": 1,
      "role": 1061
    },
    "model": "core.irroleacl",
    "pk": 414
  },
  {
    "fields": {
      "instance_resource": 685,
      "instance_state": 21,
      "role": 6
    },
    "model": "core.irroleacl",
    "pk": 415
  },
  {
    "fields": {
      "instance_resource": 690,
      "instance_state": 24,
      "role": 1101
    },
    "model": "core.irroleacl",
    "pk": 416
  },
  {
    "fields": {
      "instance_resource": 684,
      "instance_state": 26,
      "role": 1061
    },
    "model": "core.irroleacl",
    "pk": 417
  },
  {
    "fields": {
      "instance_resource": 691,
      "instance_state": 1,
      "role": 4
    },
    "model": "core.irroleacl",
    "pk": 418
  },
  {
    "fields": {
      "instance_resource": 692,
      "instance_state": 23,
      "role": 6
    },
    "model": "core.irroleacl",
    "pk": 419
  },
  {
    "fields": {
      "instance_resource": 685,
      "instance_state": 24,
      "role": 6
    },
    "model": "core.irroleacl",
    "pk": 420
  },
  {
    "fields": {
      "instance_resource": 683,
      "instance_state": 1,
      "role": 3
    },
    "model": "core.irroleacl",
    "pk": 421
  },
  {
    "fields": {
      "instance_resource": 684,
      "instance_state": 23,
      "role": 1061
    },
    "model": "core.irroleacl",
    "pk": 422
  },
  {
    "fields": {
      "instance_resource": 685,
      "instance_state": 22,
      "role": 6
    },
    "model": "core.irroleacl",
    "pk": 423
  },
  {
    "fields": {
      "instance_resource": 447,
      "instance_state": 25,
      "role": 1101
    },
    "model": "core.irroleacl",
    "pk": 424
  },
  {
    "fields": {
      "instance_resource": 684,
      "instance_state": 25,
      "role": 1061
    },
    "model": "core.irroleacl",
    "pk": 425
  },
  {
    "fields": {
      "instance_resource": 692,
      "instance_state": 25,
      "role": 6
    },
    "model": "core.irroleacl",
    "pk": 426
  },
  {
    "fields": {
      "instance_resource": 690,
      "instance_state": 1,
      "role": 1101
    },
    "model": "core.irroleacl",
    "pk": 427
  },
  {
    "fields": {
      "instance_resource": 691,
      "instance_state": 22,
      "role": 4
    },
    "model": "core.irroleacl",
    "pk": 428
  },
  {
    "fields": {
      "instance_resource": 685,
      "instance_state": 25,
      "role": 6
    },
    "model": "core.irroleacl",
    "pk": 429
  },
  {
    "fields": {
      "instance_resource": 683,
      "instance_state": 24,
      "role": 3
    },
    "model": "core.irroleacl",
    "pk": 430
  },
  {
    "fields": {
      "instance_resource": 683,
      "instance_state": 27,
      "role": 3
    },
    "model": "core.irroleacl",
    "pk": 431
  },
  {
    "fields": {
      "instance_resource": 685,
      "instance_state": 23,
      "role": 6
    },
    "model": "core.irroleacl",
    "pk": 432
  },
  {
    "fields": {
      "instance_resource": 684,
      "instance_state": 22,
      "role": 1061
    },
    "model": "core.irroleacl",
    "pk": 433
  },
  {
    "fields": {
      "instance_resource": 684,
      "instance_state": 24,
      "role": 1061
    },
    "model": "core.irroleacl",
    "pk": 434
  },
  {
    "fields": {
      "instance_resource": 692,
      "instance_state": 24,
      "role": 6
    },
    "model": "core.irroleacl",
    "pk": 435
  },
  {
    "fields": {
      "instance_resource": 704,
      "instance_state": 25,
      "role": 1106
    },
    "model": "core.irroleacl",
    "pk": 436
  },
  {
    "fields": {
      "instance_resource": 700,
      "instance_state": 21,
      "role": 1106
    },
    "model": "core.irroleacl",
    "pk": 437
  },
  {
    "fields": {
      "instance_resource": 728,
      "instance_state": 21,
      "role": 1127
    },
    "model": "core.irroleacl",
    "pk": 438
  },
  {
    "fields": {
      "instance_resource": 726,
      "instance_state": 26,
      "role": 1127
    },
    "model": "core.irroleacl",
    "pk": 439
  },
  {
    "fields": {
      "instance_resource": 717,
      "instance_state": 24,
      "role": 1107
    },
    "model": "core.irroleacl",
    "pk": 440
  },
  {
    "fields": {
      "instance_resource": 714,
      "instance_state": 25,
      "role": 1107
    },
    "model": "core.irroleacl",
    "pk": 441
  },
  {
    "fields": {
      "instance_resource": 741,
      "instance_state": 25,
      "role": 1128
    },
    "model": "core.irroleacl",
    "pk": 442
  },
  {
    "fields": {
      "instance_resource": 735,
      "instance_state": 27,
      "role": 1128
    },
    "model": "core.irroleacl",
    "pk": 443
  },
  {
    "fields": {
      "instance_resource": 748,
      "instance_state": 23,
      "role": 1107
    },
    "model": "core.irroleacl",
    "pk": 444
  },
  {
    "fields": {
      "instance_resource": 711,
      "instance_state": 25,
      "role": 4
    },
    "model": "core.irroleacl",
    "pk": 445
  },
  {
    "fields": {
      "instance_resource": 739,
      "instance_state": 22,
      "role": 1128
    },
    "model": "core.irroleacl",
    "pk": 446
  },
  {
    "fields": {
      "instance_resource": 702,
      "instance_state": 24,
      "role": 1106
    },
    "model": "core.irroleacl",
    "pk": 447
  },
  {
    "fields": {
      "instance_resource": 738,
      "instance_state": 27,
      "role": 1128
    },
    "model": "core.irroleacl",
    "pk": 448
  },
  {
    "fields": {
      "instance_resource": 705,
      "instance_state": 21,
      "role": 1106
    },
    "model": "core.irroleacl",
    "pk": 449
  },
  {
    "fields": {
      "instance_resource": 700,
      "instance_state": 23,
      "role": 1106
    },
    "model": "core.irroleacl",
    "pk": 450
  },
  {
    "fields": {
      "instance_resource": 730,
      "instance_state": 26,
      "role": 1021
    },
    "model": "core.irroleacl",
    "pk": 451
  },
  {
    "fields": {
      "instance_resource": 749,
      "instance_state": 24,
      "role": 1127
    },
    "model": "core.irroleacl",
    "pk": 452
  },
  {
    "fields": {
      "instance_resource": 714,
      "instance_state": 27,
      "role": 1107
    },
    "model": "core.irroleacl",
    "pk": 453
  },
  {
    "fields": {
      "instance_resource": 741,
      "instance_state": 26,
      "role": 1128
    },
    "model": "core.irroleacl",
    "pk": 454
  },
  {
    "fields": {
      "instance_resource": 735,
      "instance_state": 24,
      "role": 1128
    },
    "model": "core.irroleacl",
    "pk": 455
  },
  {
    "fields": {
      "instance_resource": 725,
      "instance_state": 21,
      "role": 1127
    },
    "model": "core.irroleacl",
    "pk": 456
  },
  {
    "fields": {
      "instance_resource": 721,
      "instance_state": 21,
      "role": 1107
    },
    "model": "core.irroleacl",
    "pk": 457
  },
  {
    "fields": {
      "instance_resource": 728,
      "instance_state": 23,
      "role": 1127
    },
    "model": "core.irroleacl",
    "pk": 458
  },
  {
    "fields": {
      "instance_resource": 723,
      "instance_state": 27,
      "role": 1127
    },
    "model": "core.irroleacl",
    "pk": 459
  },
  {
    "fields": {
      "instance_resource": 733,
      "instance_state": 23,
      "role": 1021
    },
    "model": "core.irroleacl",
    "pk": 460
  },
  {
    "fields": {
      "instance_resource": 704,
      "instance_state": 26,
      "role": 1106
    },
    "model": "core.irroleacl",
    "pk": 461
  },
  {
    "fields": {
      "instance_resource": 740,
      "instance_state": 26,
      "role": 1128
    },
    "model": "core.irroleacl",
    "pk": 462
  },
  {
    "fields": {
      "instance_resource": 738,
      "instance_state": 22,
      "role": 1128
    },
    "model": "core.irroleacl",
    "pk": 463
  },
  {
    "fields": {
      "instance_resource": 733,
      "instance_state": 25,
      "role": 1021
    },
    "model": "core.irroleacl",
    "pk": 464
  },
  {
    "fields": {
      "instance_resource": 727,
      "instance_state": 23,
      "role": 1127
    },
    "model": "core.irroleacl",
    "pk": 465
  },
  {
    "fields": {
      "instance_resource": 741,
      "instance_state": 21,
      "role": 1128
    },
    "model": "core.irroleacl",
    "pk": 466
  },
  {
    "fields": {
      "instance_resource": 739,
      "instance_state": 23,
      "role": 1128
    },
    "model": "core.irroleacl",
    "pk": 467
  },
  {
    "fields": {
      "instance_resource": 729,
      "instance_state": 21,
      "role": 1127
    },
    "model": "core.irroleacl",
    "pk": 468
  },
  {
    "fields": {
      "instance_resource": 720,
      "instance_state": 23,
      "role": 1107
    },
    "model": "core.irroleacl",
    "pk": 469
  },
  {
    "fields": {
      "instance_resource": 711,
      "instance_state": 23,
      "role": 1102
    },
    "model": "core.irroleacl",
    "pk": 470
  },
  {
    "fields": {
      "instance_resource": 726,
      "instance_state": 24,
      "role": 1127
    },
    "model": "core.irroleacl",
    "pk": 471
  },
  {
    "fields": {
      "instance_resource": 728,
      "instance_state": 25,
      "role": 1127
    },
    "model": "core.irroleacl",
    "pk": 472
  },
  {
    "fields": {
      "instance_resource": 720,
      "instance_state": 22,
      "role": 1107
    },
    "model": "core.irroleacl",
    "pk": 473
  },
  {
    "fields": {
      "instance_resource": 737,
      "instance_state": 22,
      "role": 1128
    },
    "model": "core.irroleacl",
    "pk": 474
  },
  {
    "fields": {
      "instance_resource": 723,
      "instance_state": 24,
      "role": 1127
    },
    "model": "core.irroleacl",
    "pk": 475
  },
  {
    "fields": {
      "instance_resource": 738,
      "instance_state": 24,
      "role": 1128
    },
    "model": "core.irroleacl",
    "pk": 476
  },
  {
    "fields": {
      "instance_resource": 729,
      "instance_state": 25,
      "role": 1127
    },
    "model": "core.irroleacl",
    "pk": 477
  },
  {
    "fields": {
      "instance_resource": 721,
      "instance_state": 22,
      "role": 1107
    },
    "model": "core.irroleacl",
    "pk": 478
  },
  {
    "fields": {
      "instance_resource": 739,
      "instance_state": 26,
      "role": 1128
    },
    "model": "core.irroleacl",
    "pk": 479
  },
  {
    "fields": {
      "instance_resource": 730,
      "instance_state": 25,
      "role": 1021
    },
    "model": "core.irroleacl",
    "pk": 480
  },
  {
    "fields": {
      "instance_resource": 741,
      "instance_state": 27,
      "role": 1128
    },
    "model": "core.irroleacl",
    "pk": 481
  },
  {
    "fields": {
      "instance_resource": 701,
      "instance_state": 26,
      "role": 1106
    },
    "model": "core.irroleacl",
    "pk": 482
  },
  {
    "fields": {
      "instance_resource": 714,
      "instance_state": 23,
      "role": 1107
    },
    "model": "core.irroleacl",
    "pk": 483
  },
  {
    "fields": {
      "instance_resource": 725,
      "instance_state": 24,
      "role": 1127
    },
    "model": "core.irroleacl",
    "pk": 484
  },
  {
    "fields": {
      "instance_resource": 736,
      "instance_state": 25,
      "role": 1128
    },
    "model": "core.irroleacl",
    "pk": 485
  },
  {
    "fields": {
      "instance_resource": 712,
      "instance_state": 25,
      "role": 1021
    },
    "model": "core.irroleacl",
    "pk": 486
  },
  {
    "fields": {
      "instance_resource": 728,
      "instance_state": 27,
      "role": 1127
    },
    "model": "core.irroleacl",
    "pk": 487
  },
  {
    "fields": {
      "instance_resource": 730,
      "instance_state": 24,
      "role": 4
    },
    "model": "core.irroleacl",
    "pk": 488
  },
  {
    "fields": {
      "instance_resource": 711,
      "instance_state": 24,
      "role": 1021
    },
    "model": "core.irroleacl",
    "pk": 489
  },
  {
    "fields": {
      "instance_resource": 730,
      "instance_state": 24,
      "role": 1021
    },
    "model": "core.irroleacl",
    "pk": 490
  },
  {
    "fields": {
      "instance_resource": 742,
      "instance_state": 1,
      "role": 1128
    },
    "model": "core.irroleacl",
    "pk": 491
  },
  {
    "fields": {
      "instance_resource": 719,
      "instance_state": 25,
      "role": 1107
    },
    "model": "core.irroleacl",
    "pk": 492
  },
  {
    "fields": {
      "instance_resource": 724,
      "instance_state": 21,
      "role": 1127
    },
    "model": "core.irroleacl",
    "pk": 494
  },
  {
    "fields": {
      "instance_resource": 707,
      "instance_state": 26,
      "role": 1106
    },
    "model": "core.irroleacl",
    "pk": 495
  },
  {
    "fields": {
      "instance_resource": 729,
      "instance_state": 24,
      "role": 1127
    },
    "model": "core.irroleacl",
    "pk": 496
  },
  {
    "fields": {
      "instance_resource": 719,
      "instance_state": 22,
      "role": 1107
    },
    "model": "core.irroleacl",
    "pk": 497
  },
  {
    "fields": {
      "instance_resource": 719,
      "instance_state": 26,
      "role": 1107
    },
    "model": "core.irroleacl",
    "pk": 498
  },
  {
    "fields": {
      "instance_resource": 749,
      "instance_state": 22,
      "role": 1127
    },
    "model": "core.irroleacl",
    "pk": 499
  },
  {
    "fields": {
      "instance_resource": 727,
      "instance_state": 24,
      "role": 1127
    },
    "model": "core.irroleacl",
    "pk": 500
  },
  {
    "fields": {
      "instance_resource": 746,
      "instance_state": 25,
      "role": 3
    },
    "model": "core.irroleacl",
    "pk": 501
  },
  {
    "fields": {
      "instance_resource": 705,
      "instance_state": 25,
      "role": 1106
    },
    "model": "core.irroleacl",
    "pk": 502
  },
  {
    "fields": {
      "instance_resource": 736,
      "instance_state": 21,
      "role": 1128
    },
    "model": "core.irroleacl",
    "pk": 503
  },
  {
    "fields": {
      "instance_resource": 748,
      "instance_state": 24,
      "role": 1107
    },
    "model": "core.irroleacl",
    "pk": 504
  },
  {
    "fields": {
      "instance_resource": 729,
      "instance_state": 23,
      "role": 1127
    },
    "model": "core.irroleacl",
    "pk": 505
  },
  {
    "fields": {
      "instance_resource": 721,
      "instance_state": 1,
      "role": 1107
    },
    "model": "core.irroleacl",
    "pk": 506
  },
  {
    "fields": {
      "instance_resource": 730,
      "instance_state": 23,
      "role": 1021
    },
    "model": "core.irroleacl",
    "pk": 507
  },
  {
    "fields": {
      "instance_resource": 701,
      "instance_state": 24,
      "role": 1106
    },
    "model": "core.irroleacl",
    "pk": 508
  },
  {
    "fields": {
      "instance_resource": 699,
      "instance_state": 24,
      "role": 1106
    },
    "model": "core.irroleacl",
    "pk": 509
  },
  {
    "fields": {
      "instance_resource": 699,
      "instance_state": 25,
      "role": 1106
    },
    "model": "core.irroleacl",
    "pk": 510
  },
  {
    "fields": {
      "instance_resource": 700,
      "instance_state": 26,
      "role": 1106
    },
    "model": "core.irroleacl",
    "pk": 511
  },
  {
    "fields": {
      "instance_resource": 712,
      "instance_state": 23,
      "role": 1102
    },
    "model": "core.irroleacl",
    "pk": 512
  },
  {
    "fields": {
      "instance_resource": 724,
      "instance_state": 25,
      "role": 1127
    },
    "model": "core.irroleacl",
    "pk": 513
  },
  {
    "fields": {
      "instance_resource": 715,
      "instance_state": 23,
      "role": 1107
    },
    "model": "core.irroleacl",
    "pk": 514
  },
  {
    "fields": {
      "instance_resource": 712,
      "instance_state": 23,
      "role": 4
    },
    "model": "core.irroleacl",
    "pk": 515
  },
  {
    "fields": {
      "instance_resource": 717,
      "instance_state": 22,
      "role": 1107
    },
    "model": "core.irroleacl",
    "pk": 516
  },
  {
    "fields": {
      "instance_resource": 735,
      "instance_state": 22,
      "role": 1128
    },
    "model": "core.irroleacl",
    "pk": 517
  },
  {
    "fields": {
      "instance_resource": 707,
      "instance_state": 27,
      "role": 1106
    },
    "model": "core.irroleacl",
    "pk": 518
  },
  {
    "fields": {
      "instance_resource": 729,
      "instance_state": 1,
      "role": 1127
    },
    "model": "core.irroleacl",
    "pk": 519
  },
  {
    "fields": {
      "instance_resource": 702,
      "instance_state": 22,
      "role": 1106
    },
    "model": "core.irroleacl",
    "pk": 520
  },
  {
    "fields": {
      "instance_resource": 737,
      "instance_state": 21,
      "role": 1128
    },
    "model": "core.irroleacl",
    "pk": 521
  },
  {
    "fields": {
      "instance_resource": 748,
      "instance_state": 25,
      "role": 1107
    },
    "model": "core.irroleacl",
    "pk": 522
  },
  {
    "fields": {
      "instance_resource": 716,
      "instance_state": 23,
      "role": 1107
    },
    "model": "core.irroleacl",
    "pk": 523
  },
  {
    "fields": {
      "instance_resource": 715,
      "instance_state": 26,
      "role": 1107
    },
    "model": "core.irroleacl",
    "pk": 524
  },
  {
    "fields": {
      "instance_resource": 716,
      "instance_state": 24,
      "role": 1107
    },
    "model": "core.irroleacl",
    "pk": 525
  },
  {
    "fields": {
      "instance_resource": 716,
      "instance_state": 22,
      "role": 1107
    },
    "model": "core.irroleacl",
    "pk": 526
  },
  {
    "fields": {
      "instance_resource": 726,
      "instance_state": 22,
      "role": 1127
    },
    "model": "core.irroleacl",
    "pk": 527
  },
  {
    "fields": {
      "instance_resource": 705,
      "instance_state": 26,
      "role": 1106
    },
    "model": "core.irroleacl",
    "pk": 528
  },
  {
    "fields": {
      "instance_resource": 746,
      "instance_state": 26,
      "role": 3
    },
    "model": "core.irroleacl",
    "pk": 529
  },
  {
    "fields": {
      "instance_resource": 719,
      "instance_state": 23,
      "role": 1107
    },
    "model": "core.irroleacl",
    "pk": 530
  },
  {
    "fields": {
      "instance_resource": 733,
      "instance_state": 23,
      "role": 4
    },
    "model": "core.irroleacl",
    "pk": 531
  },
  {
    "fields": {
      "instance_resource": 736,
      "instance_state": 27,
      "role": 1128
    },
    "model": "core.irroleacl",
    "pk": 532
  },
  {
    "fields": {
      "instance_resource": 704,
      "instance_state": 22,
      "role": 1106
    },
    "model": "core.irroleacl",
    "pk": 533
  },
  {
    "fields": {
      "instance_resource": 714,
      "instance_state": 24,
      "role": 1107
    },
    "model": "core.irroleacl",
    "pk": 535
  },
  {
    "fields": {
      "instance_resource": 746,
      "instance_state": 21,
      "role": 3
    },
    "model": "core.irroleacl",
    "pk": 536
  },
  {
    "fields": {
      "instance_resource": 721,
      "instance_state": 27,
      "role": 1107
    },
    "model": "core.irroleacl",
    "pk": 537
  },
  {
    "fields": {
      "instance_resource": 711,
      "instance_state": 24,
      "role": 4
    },
    "model": "core.irroleacl",
    "pk": 538
  },
  {
    "fields": {
      "instance_resource": 705,
      "instance_state": 23,
      "role": 1106
    },
    "model": "core.irroleacl",
    "pk": 539
  },
  {
    "fields": {
      "instance_resource": 725,
      "instance_state": 22,
      "role": 1127
    },
    "model": "core.irroleacl",
    "pk": 540
  },
  {
    "fields": {
      "instance_resource": 747,
      "instance_state": 22,
      "role": 1106
    },
    "model": "core.irroleacl",
    "pk": 541
  },
  {
    "fields": {
      "instance_resource": 723,
      "instance_state": 26,
      "role": 1127
    },
    "model": "core.irroleacl",
    "pk": 542
  },
  {
    "fields": {
      "instance_resource": 721,
      "instance_state": 25,
      "role": 1107
    },
    "model": "core.irroleacl",
    "pk": 543
  },
  {
    "fields": {
      "instance_resource": 699,
      "instance_state": 21,
      "role": 1106
    },
    "model": "core.irroleacl",
    "pk": 544
  },
  {
    "fields": {
      "instance_resource": 750,
      "instance_state": 23,
      "role": 1128
    },
    "model": "core.irroleacl",
    "pk": 545
  },
  {
    "fields": {
      "instance_resource": 750,
      "instance_state": 25,
      "role": 1128
    },
    "model": "core.irroleacl",
    "pk": 546
  },
  {
    "fields": {
      "instance_resource": 710,
      "instance_state": 25,
      "role": 1103
    },
    "model": "core.irroleacl",
    "pk": 547
  },
  {
    "fields": {
      "instance_resource": 700,
      "instance_state": 25,
      "role": 1106
    },
    "model": "core.irroleacl",
    "pk": 548
  },
  {
    "fields": {
      "instance_resource": 701,
      "instance_state": 22,
      "role": 1106
    },
    "model": "core.irroleacl",
    "pk": 549
  },
  {
    "fields": {
      "instance_resource": 710,
      "instance_state": 25,
      "role": 2
    },
    "model": "core.irroleacl",
    "pk": 550
  },
  {
    "fields": {
      "instance_resource": 719,
      "instance_state": 27,
      "role": 1107
    },
    "model": "core.irroleacl",
    "pk": 551
  },
  {
    "fields": {
      "instance_resource": 724,
      "instance_state": 27,
      "role": 1127
    },
    "model": "core.irroleacl",
    "pk": 552
  },
  {
    "fields": {
      "instance_resource": 736,
      "instance_state": 23,
      "role": 1128
    },
    "model": "core.irroleacl",
    "pk": 553
  },
  {
    "fields": {
      "instance_resource": 739,
      "instance_state": 25,
      "role": 1128
    },
    "model": "core.irroleacl",
    "pk": 554
  },
  {
    "fields": {
      "instance_resource": 721,
      "instance_state": 26,
      "role": 1107
    },
    "model": "core.irroleacl",
    "pk": 555
  },
  {
    "fields": {
      "instance_resource": 705,
      "instance_state": 24,
      "role": 1106
    },
    "model": "core.irroleacl",
    "pk": 556
  },
  {
    "fields": {
      "instance_resource": 720,
      "instance_state": 21,
      "role": 1107
    },
    "model": "core.irroleacl",
    "pk": 557
  },
  {
    "fields": {
      "instance_resource": 704,
      "instance_state": 24,
      "role": 1106
    },
    "model": "core.irroleacl",
    "pk": 558
  },
  {
    "fields": {
      "instance_resource": 701,
      "instance_state": 27,
      "role": 1106
    },
    "model": "core.irroleacl",
    "pk": 560
  },
  {
    "fields": {
      "instance_resource": 706,
      "instance_state": 26,
      "role": 1106
    },
    "model": "core.irroleacl",
    "pk": 561
  },
  {
    "fields": {
      "instance_resource": 712,
      "instance_state": 26,
      "role": 1021
    },
    "model": "core.irroleacl",
    "pk": 562
  },
  {
    "fields": {
      "instance_resource": 720,
      "instance_state": 25,
      "role": 1107
    },
    "model": "core.irroleacl",
    "pk": 563
  },
  {
    "fields": {
      "instance_resource": 723,
      "instance_state": 25,
      "role": 1127
    },
    "model": "core.irroleacl",
    "pk": 564
  },
  {
    "fields": {
      "instance_resource": 702,
      "instance_state": 23,
      "role": 1106
    },
    "model": "core.irroleacl",
    "pk": 565
  },
  {
    "fields": {
      "instance_resource": 747,
      "instance_state": 26,
      "role": 1106
    },
    "model": "core.irroleacl",
    "pk": 566
  },
  {
    "fields": {
      "instance_resource": 697,
      "instance_state": 1,
      "role": 1106
    },
    "model": "core.irroleacl",
    "pk": 567
  },
  {
    "fields": {
      "instance_resource": 748,
      "instance_state": 22,
      "role": 1107
    },
    "model": "core.irroleacl",
    "pk": 568
  },
  {
    "fields": {
      "instance_resource": 730,
      "instance_state": 26,
      "role": 4
    },
    "model": "core.irroleacl",
    "pk": 569
  },
  {
    "fields": {
      "instance_resource": 716,
      "instance_state": 26,
      "role": 1107
    },
    "model": "core.irroleacl",
    "pk": 570
  },
  {
    "fields": {
      "instance_resource": 712,
      "instance_state": 24,
      "role": 4
    },
    "model": "core.irroleacl",
    "pk": 571
  },
  {
    "fields": {
      "instance_resource": 715,
      "instance_state": 27,
      "role": 1107
    },
    "model": "core.irroleacl",
    "pk": 572
  },
  {
    "fields": {
      "instance_resource": 706,
      "instance_state": 25,
      "role": 1106
    },
    "model": "core.irroleacl",
    "pk": 573
  },
  {
    "fields": {
      "instance_resource": 733,
      "instance_state": 25,
      "role": 4
    },
    "model": "core.irroleacl",
    "pk": 574
  },
  {
    "fields": {
      "instance_resource": 737,
      "instance_state": 26,
      "role": 1128
    },
    "model": "core.irroleacl",
    "pk": 575
  },
  {
    "fields": {
      "instance_resource": 738,
      "instance_state": 26,
      "role": 1128
    },
    "model": "core.irroleacl",
    "pk": 576
  },
  {
    "fields": {
      "instance_resource": 741,
      "instance_state": 1,
      "role": 1128
    },
    "model": "core.irroleacl",
    "pk": 577
  },
  {
    "fields": {
      "instance_resource": 723,
      "instance_state": 21,
      "role": 1127
    },
    "model": "core.irroleacl",
    "pk": 578
  },
  {
    "fields": {
      "instance_resource": 711,
      "instance_state": 23,
      "role": 4
    },
    "model": "core.irroleacl",
    "pk": 579
  },
  {
    "fields": {
      "instance_resource": 736,
      "instance_state": 26,
      "role": 1128
    },
    "model": "core.irroleacl",
    "pk": 580
  },
  {
    "fields": {
      "instance_resource": 700,
      "instance_state": 27,
      "role": 1106
    },
    "model": "core.irroleacl",
    "pk": 581
  },
  {
    "fields": {
      "instance_resource": 710,
      "instance_state": 21,
      "role": 2
    },
    "model": "core.irroleacl",
    "pk": 582
  },
  {
    "fields": {
      "instance_resource": 712,
      "instance_state": 25,
      "role": 4
    },
    "model": "core.irroleacl",
    "pk": 583
  },
  {
    "fields": {
      "instance_resource": 702,
      "instance_state": 27,
      "role": 1106
    },
    "model": "core.irroleacl",
    "pk": 584
  },
  {
    "fields": {
      "instance_resource": 711,
      "instance_state": 26,
      "role": 4
    },
    "model": "core.irroleacl",
    "pk": 585
  },
  {
    "fields": {
      "instance_resource": 725,
      "instance_state": 26,
      "role": 1127
    },
    "model": "core.irroleacl",
    "pk": 586
  },
  {
    "fields": {
      "instance_resource": 710,
      "instance_state": 21,
      "role": 1103
    },
    "model": "core.irroleacl",
    "pk": 587
  },
  {
    "fields": {
      "instance_resource": 740,
      "instance_state": 27,
      "role": 1128
    },
    "model": "core.irroleacl",
    "pk": 588
  },
  {
    "fields": {
      "instance_resource": 747,
      "instance_state": 24,
      "role": 1106
    },
    "model": "core.irroleacl",
    "pk": 589
  },
  {
    "fields": {
      "instance_resource": 733,
      "instance_state": 24,
      "role": 4
    },
    "model": "core.irroleacl",
    "pk": 590
  },
  {
    "fields": {
      "instance_resource": 706,
      "instance_state": 21,
      "role": 1106
    },
    "model": "core.irroleacl",
    "pk": 591
  },
  {
    "fields": {
      "instance_resource": 715,
      "instance_state": 21,
      "role": 1107
    },
    "model": "core.irroleacl",
    "pk": 592
  },
  {
    "fields": {
      "instance_resource": 729,
      "instance_state": 26,
      "role": 1127
    },
    "model": "core.irroleacl",
    "pk": 593
  },
  {
    "fields": {
      "instance_resource": 737,
      "instance_state": 27,
      "role": 1128
    },
    "model": "core.irroleacl",
    "pk": 594
  },
  {
    "fields": {
      "instance_resource": 727,
      "instance_state": 25,
      "role": 1127
    },
    "model": "core.irroleacl",
    "pk": 595
  },
  {
    "fields": {
      "instance_resource": 701,
      "instance_state": 23,
      "role": 1106
    },
    "model": "core.irroleacl",
    "pk": 596
  },
  {
    "fields": {
      "instance_resource": 717,
      "instance_state": 27,
      "role": 1107
    },
    "model": "core.irroleacl",
    "pk": 597
  },
  {
    "fields": {
      "instance_resource": 707,
      "instance_state": 22,
      "role": 1106
    },
    "model": "core.irroleacl",
    "pk": 598
  },
  {
    "fields": {
      "instance_resource": 735,
      "instance_state": 23,
      "role": 1128
    },
    "model": "core.irroleacl",
    "pk": 599
  },
  {
    "fields": {
      "instance_resource": 706,
      "instance_state": 23,
      "role": 1106
    },
    "model": "core.irroleacl",
    "pk": 600
  },
  {
    "fields": {
      "instance_resource": 712,
      "instance_state": 24,
      "role": 1021
    },
    "model": "core.irroleacl",
    "pk": 601
  },
  {
    "fields": {
      "instance_resource": 716,
      "instance_state": 27,
      "role": 1107
    },
    "model": "core.irroleacl",
    "pk": 602
  },
  {
    "fields": {
      "instance_resource": 730,
      "instance_state": 25,
      "role": 4
    },
    "model": "core.irroleacl",
    "pk": 603
  },
  {
    "fields": {
      "instance_resource": 740,
      "instance_state": 25,
      "role": 1128
    },
    "model": "core.irroleacl",
    "pk": 604
  },
  {
    "fields": {
      "instance_resource": 737,
      "instance_state": 24,
      "role": 1128
    },
    "model": "core.irroleacl",
    "pk": 605
  },
  {
    "fields": {
      "instance_resource": 726,
      "instance_state": 27,
      "role": 1127
    },
    "model": "core.irroleacl",
    "pk": 606
  },
  {
    "fields": {
      "instance_resource": 740,
      "instance_state": 21,
      "role": 1128
    },
    "model": "core.irroleacl",
    "pk": 607
  },
  {
    "fields": {
      "instance_resource": 740,
      "instance_state": 23,
      "role": 1128
    },
    "model": "core.irroleacl",
    "pk": 608
  },
  {
    "fields": {
      "instance_resource": 702,
      "instance_state": 26,
      "role": 1106
    },
    "model": "core.irroleacl",
    "pk": 609
  },
  {
    "fields": {
      "instance_resource": 725,
      "instance_state": 23,
      "role": 1127
    },
    "model": "core.irroleacl",
    "pk": 610
  },
  {
    "fields": {
      "instance_resource": 717,
      "instance_state": 25,
      "role": 1107
    },
    "model": "core.irroleacl",
    "pk": 611
  },
  {
    "fields": {
      "instance_resource": 730,
      "instance_state": 23,
      "role": 1102
    },
    "model": "core.irroleacl",
    "pk": 612
  },
  {
    "fields": {
      "instance_resource": 714,
      "instance_state": 22,
      "role": 1107
    },
    "model": "core.irroleacl",
    "pk": 613
  },
  {
    "fields": {
      "instance_resource": 727,
      "instance_state": 26,
      "role": 1127
    },
    "model": "core.irroleacl",
    "pk": 614
  },
  {
    "fields": {
      "instance_resource": 735,
      "instance_state": 25,
      "role": 1128
    },
    "model": "core.irroleacl",
    "pk": 615
  },
  {
    "fields": {
      "instance_resource": 739,
      "instance_state": 24,
      "role": 1128
    },
    "model": "core.irroleacl",
    "pk": 616
  },
  {
    "fields": {
      "instance_resource": 704,
      "instance_state": 27,
      "role": 1106
    },
    "model": "core.irroleacl",
    "pk": 617
  },
  {
    "fields": {
      "instance_resource": 716,
      "instance_state": 21,
      "role": 1107
    },
    "model": "core.irroleacl",
    "pk": 618
  },
  {
    "fields": {
      "instance_resource": 721,
      "instance_state": 23,
      "role": 1107
    },
    "model": "core.irroleacl",
    "pk": 619
  },
  {
    "fields": {
      "instance_resource": 747,
      "instance_state": 27,
      "role": 1106
    },
    "model": "core.irroleacl",
    "pk": 620
  },
  {
    "fields": {
      "instance_resource": 719,
      "instance_state": 24,
      "role": 1107
    },
    "model": "core.irroleacl",
    "pk": 621
  },
  {
    "fields": {
      "instance_resource": 714,
      "instance_state": 26,
      "role": 1107
    },
    "model": "core.irroleacl",
    "pk": 622
  },
  {
    "fields": {
      "instance_resource": 726,
      "instance_state": 25,
      "role": 1127
    },
    "model": "core.irroleacl",
    "pk": 623
  },
  {
    "fields": {
      "instance_resource": 726,
      "instance_state": 23,
      "role": 1127
    },
    "model": "core.irroleacl",
    "pk": 624
  },
  {
    "fields": {
      "instance_resource": 750,
      "instance_state": 26,
      "role": 1128
    },
    "model": "core.irroleacl",
    "pk": 625
  },
  {
    "fields": {
      "instance_resource": 720,
      "instance_state": 24,
      "role": 1107
    },
    "model": "core.irroleacl",
    "pk": 626
  },
  {
    "fields": {
      "instance_resource": 738,
      "instance_state": 25,
      "role": 1128
    },
    "model": "core.irroleacl",
    "pk": 627
  },
  {
    "fields": {
      "instance_resource": 741,
      "instance_state": 22,
      "role": 1128
    },
    "model": "core.irroleacl",
    "pk": 628
  },
  {
    "fields": {
      "instance_resource": 699,
      "instance_state": 23,
      "role": 1106
    },
    "model": "core.irroleacl",
    "pk": 629
  },
  {
    "fields": {
      "instance_resource": 737,
      "instance_state": 25,
      "role": 1128
    },
    "model": "core.irroleacl",
    "pk": 630
  },
  {
    "fields": {
      "instance_resource": 733,
      "instance_state": 26,
      "role": 4
    },
    "model": "core.irroleacl",
    "pk": 631
  },
  {
    "fields": {
      "instance_resource": 733,
      "instance_state": 23,
      "role": 1102
    },
    "model": "core.irroleacl",
    "pk": 632
  },
  {
    "fields": {
      "instance_resource": 749,
      "instance_state": 26,
      "role": 1127
    },
    "model": "core.irroleacl",
    "pk": 633
  },
  {
    "fields": {
      "instance_resource": 738,
      "instance_state": 23,
      "role": 1128
    },
    "model": "core.irroleacl",
    "pk": 634
  },
  {
    "fields": {
      "instance_resource": 723,
      "instance_state": 23,
      "role": 1127
    },
    "model": "core.irroleacl",
    "pk": 635
  },
  {
    "fields": {
      "instance_resource": 728,
      "instance_state": 22,
      "role": 1127
    },
    "model": "core.irroleacl",
    "pk": 636
  },
  {
    "fields": {
      "instance_resource": 737,
      "instance_state": 23,
      "role": 1128
    },
    "model": "core.irroleacl",
    "pk": 637
  },
  {
    "fields": {
      "instance_resource": 735,
      "instance_state": 21,
      "role": 1128
    },
    "model": "core.irroleacl",
    "pk": 638
  },
  {
    "fields": {
      "instance_resource": 746,
      "instance_state": 23,
      "role": 3
    },
    "model": "core.irroleacl",
    "pk": 639
  },
  {
    "fields": {
      "instance_resource": 747,
      "instance_state": 25,
      "role": 1106
    },
    "model": "core.irroleacl",
    "pk": 640
  },
  {
    "fields": {
      "instance_resource": 720,
      "instance_state": 26,
      "role": 1107
    },
    "model": "core.irroleacl",
    "pk": 643
  },
  {
    "fields": {
      "instance_resource": 733,
      "instance_state": 24,
      "role": 1021
    },
    "model": "core.irroleacl",
    "pk": 644
  },
  {
    "fields": {
      "instance_resource": 729,
      "instance_state": 22,
      "role": 1127
    },
    "model": "core.irroleacl",
    "pk": 646
  },
  {
    "fields": {
      "instance_resource": 717,
      "instance_state": 26,
      "role": 1107
    },
    "model": "core.irroleacl",
    "pk": 647
  },
  {
    "fields": {
      "instance_resource": 749,
      "instance_state": 23,
      "role": 1127
    },
    "model": "core.irroleacl",
    "pk": 648
  },
  {
    "fields": {
      "instance_resource": 711,
      "instance_state": 23,
      "role": 1021
    },
    "model": "core.irroleacl",
    "pk": 649
  },
  {
    "fields": {
      "instance_resource": 748,
      "instance_state": 26,
      "role": 1107
    },
    "model": "core.irroleacl",
    "pk": 650
  },
  {
    "fields": {
      "instance_resource": 740,
      "instance_state": 24,
      "role": 1128
    },
    "model": "core.irroleacl",
    "pk": 651
  },
  {
    "fields": {
      "instance_resource": 732,
      "instance_state": 1,
      "role": 1127
    },
    "model": "core.irroleacl",
    "pk": 652
  },
  {
    "fields": {
      "instance_resource": 746,
      "instance_state": 24,
      "role": 3
    },
    "model": "core.irroleacl",
    "pk": 653
  },
  {
    "fields": {
      "instance_resource": 712,
      "instance_state": 23,
      "role": 1021
    },
    "model": "core.irroleacl",
    "pk": 654
  },
  {
    "fields": {
      "instance_resource": 711,
      "instance_state": 26,
      "role": 1021
    },
    "model": "core.irroleacl",
    "pk": 656
  },
  {
    "fields": {
      "instance_resource": 750,
      "instance_state": 22,
      "role": 1128
    },
    "model": "core.irroleacl",
    "pk": 657
  },
  {
    "fields": {
      "instance_resource": 721,
      "instance_state": 24,
      "role": 1107
    },
    "model": "core.irroleacl",
    "pk": 658
  },
  {
    "fields": {
      "instance_resource": 701,
      "instance_state": 25,
      "role": 1106
    },
    "model": "core.irroleacl",
    "pk": 659
  },
  {
    "fields": {
      "instance_resource": 739,
      "instance_state": 27,
      "role": 1128
    },
    "model": "core.irroleacl",
    "pk": 660
  },
  {
    "fields": {
      "instance_resource": 701,
      "instance_state": 21,
      "role": 1106
    },
    "model": "core.irroleacl",
    "pk": 661
  },
  {
    "fields": {
      "instance_resource": 699,
      "instance_state": 27,
      "role": 1106
    },
    "model": "core.irroleacl",
    "pk": 662
  },
  {
    "fields": {
      "instance_resource": 716,
      "instance_state": 25,
      "role": 1107
    },
    "model": "core.irroleacl",
    "pk": 663
  },
  {
    "fields": {
      "instance_resource": 747,
      "instance_state": 23,
      "role": 1106
    },
    "model": "core.irroleacl",
    "pk": 664
  },
  {
    "fields": {
      "instance_resource": 746,
      "instance_state": 22,
      "role": 3
    },
    "model": "core.irroleacl",
    "pk": 665
  },
  {
    "fields": {
      "instance_resource": 705,
      "instance_state": 22,
      "role": 1106
    },
    "model": "core.irroleacl",
    "pk": 666
  },
  {
    "fields": {
      "instance_resource": 725,
      "instance_state": 25,
      "role": 1127
    },
    "model": "core.irroleacl",
    "pk": 667
  },
  {
    "fields": {
      "instance_resource": 750,
      "instance_state": 24,
      "role": 1128
    },
    "model": "core.irroleacl",
    "pk": 669
  },
  {
    "fields": {
      "instance_resource": 704,
      "instance_state": 23,
      "role": 1106
    },
    "model": "core.irroleacl",
    "pk": 670
  },
  {
    "fields": {
      "instance_resource": 723,
      "instance_state": 22,
      "role": 1127
    },
    "model": "core.irroleacl",
    "pk": 671
  },
  {
    "fields": {
      "instance_resource": 699,
      "instance_state": 22,
      "role": 1106
    },
    "model": "core.irroleacl",
    "pk": 672
  },
  {
    "fields": {
      "instance_resource": 699,
      "instance_state": 26,
      "role": 1106
    },
    "model": "core.irroleacl",
    "pk": 673
  },
  {
    "fields": {
      "instance_resource": 711,
      "instance_state": 25,
      "role": 1021
    },
    "model": "core.irroleacl",
    "pk": 674
  },
  {
    "fields": {
      "instance_resource": 741,
      "instance_state": 23,
      "role": 1128
    },
    "model": "core.irroleacl",
    "pk": 675
  },
  {
    "fields": {
      "instance_resource": 712,
      "instance_state": 26,
      "role": 4
    },
    "model": "core.irroleacl",
    "pk": 676
  },
  {
    "fields": {
      "instance_resource": 749,
      "instance_state": 25,
      "role": 1127
    },
    "model": "core.irroleacl",
    "pk": 677
  },
  {
    "fields": {
      "instance_resource": 715,
      "instance_state": 25,
      "role": 1107
    },
    "model": "core.irroleacl",
    "pk": 678
  },
  {
    "fields": {
      "instance_resource": 720,
      "instance_state": 27,
      "role": 1107
    },
    "model": "core.irroleacl",
    "pk": 679
  },
  {
    "fields": {
      "instance_resource": 706,
      "instance_state": 22,
      "role": 1106
    },
    "model": "core.irroleacl",
    "pk": 680
  },
  {
    "fields": {
      "instance_resource": 733,
      "instance_state": 26,
      "role": 1021
    },
    "model": "core.irroleacl",
    "pk": 681
  },
  {
    "fields": {
      "instance_resource": 707,
      "instance_state": 24,
      "role": 1106
    },
    "model": "core.irroleacl",
    "pk": 682
  },
  {
    "fields": {
      "instance_resource": 724,
      "instance_state": 23,
      "role": 1127
    },
    "model": "core.irroleacl",
    "pk": 683
  },
  {
    "fields": {
      "instance_resource": 707,
      "instance_state": 1,
      "role": 1106
    },
    "model": "core.irroleacl",
    "pk": 684
  },
  {
    "fields": {
      "instance_resource": 727,
      "instance_state": 22,
      "role": 1127
    },
    "model": "core.irroleacl",
    "pk": 685
  },
  {
    "fields": {
      "instance_resource": 728,
      "instance_state": 24,
      "role": 1127
    },
    "model": "core.irroleacl",
    "pk": 687
  },
  {
    "fields": {
      "instance_resource": 717,
      "instance_state": 23,
      "role": 1107
    },
    "model": "core.irroleacl",
    "pk": 688
  },
  {
    "fields": {
      "instance_resource": 724,
      "instance_state": 26,
      "role": 1127
    },
    "model": "core.irroleacl",
    "pk": 689
  },
  {
    "fields": {
      "instance_resource": 730,
      "instance_state": 23,
      "role": 4
    },
    "model": "core.irroleacl",
    "pk": 690
  },
  {
    "fields": {
      "instance_resource": 706,
      "instance_state": 27,
      "role": 1106
    },
    "model": "core.irroleacl",
    "pk": 691
  },
  {
    "fields": {
      "instance_resource": 714,
      "instance_state": 21,
      "role": 1107
    },
    "model": "core.irroleacl",
    "pk": 692
  },
  {
    "fields": {
      "instance_resource": 727,
      "instance_state": 27,
      "role": 1127
    },
    "model": "core.irroleacl",
    "pk": 693
  },
  {
    "fields": {
      "instance_resource": 735,
      "instance_state": 26,
      "role": 1128
    },
    "model": "core.irroleacl",
    "pk": 694
  },
  {
    "fields": {
      "instance_resource": 741,
      "instance_state": 24,
      "role": 1128
    },
    "model": "core.irroleacl",
    "pk": 695
  },
  {
    "fields": {
      "instance_resource": 740,
      "instance_state": 22,
      "role": 1128
    },
    "model": "core.irroleacl",
    "pk": 696
  },
  {
    "fields": {
      "instance_resource": 702,
      "instance_state": 25,
      "role": 1106
    },
    "model": "core.irroleacl",
    "pk": 697
  },
  {
    "fields": {
      "instance_resource": 725,
      "instance_state": 27,
      "role": 1127
    },
    "model": "core.irroleacl",
    "pk": 698
  },
  {
    "fields": {
      "instance_resource": 707,
      "instance_state": 23,
      "role": 1106
    },
    "model": "core.irroleacl",
    "pk": 699
  },
  {
    "fields": {
      "instance_resource": 706,
      "instance_state": 24,
      "role": 1106
    },
    "model": "core.irroleacl",
    "pk": 700
  },
  {
    "fields": {
      "instance_resource": 707,
      "instance_state": 25,
      "role": 1106
    },
    "model": "core.irroleacl",
    "pk": 701
  },
  {
    "fields": {
      "instance_resource": 728,
      "instance_state": 26,
      "role": 1127
    },
    "model": "core.irroleacl",
    "pk": 702
  },
  {
    "fields": {
      "instance_resource": 707,
      "instance_state": 21,
      "role": 1106
    },
    "model": "core.irroleacl",
    "pk": 703
  },
  {
    "fields": {
      "instance_resource": 729,
      "instance_state": 27,
      "role": 1127
    },
    "model": "core.irroleacl",
    "pk": 704
  },
  {
    "fields": {
      "instance_resource": 722,
      "instance_state": 1,
      "role": 1107
    },
    "model": "core.irroleacl",
    "pk": 705
  },
  {
    "fields": {
      "instance_resource": 696,
      "instance_state": 23,
      "role": 1105
    },
    "model": "core.irroleacl",
    "pk": 706
  },
  {
    "fields": {
      "instance_resource": 695,
      "instance_state": 23,
      "role": 1105
    },
    "model": "core.irroleacl",
    "pk": 707
  },
  {
    "fields": {
      "instance_resource": 710,
      "instance_state": 22,
      "role": 2
    },
    "model": "core.irroleacl",
    "pk": 710
  },
  {
    "fields": {
      "instance_resource": 710,
      "instance_state": 23,
      "role": 2
    },
    "model": "core.irroleacl",
    "pk": 711
  },
  {
    "fields": {
      "instance_resource": 710,
      "instance_state": 24,
      "role": 2
    },
    "model": "core.irroleacl",
    "pk": 712
  },
  {
    "fields": {
      "instance_resource": 710,
      "instance_state": 22,
      "role": 1103
    },
    "model": "core.irroleacl",
    "pk": 713
  },
  {
    "fields": {
      "instance_resource": 710,
      "instance_state": 23,
      "role": 1103
    },
    "model": "core.irroleacl",
    "pk": 714
  },
  {
    "fields": {
      "instance_resource": 710,
      "instance_state": 24,
      "role": 1103
    },
    "model": "core.irroleacl",
    "pk": 715
  },
  {
    "fields": {
      "instance_resource": 695,
      "instance_state": 22,
      "role": 1105
    },
    "model": "core.irroleacl",
    "pk": 716
  },
  {
    "fields": {
      "instance_resource": 695,
      "instance_state": 24,
      "role": 1105
    },
    "model": "core.irroleacl",
    "pk": 717
  },
  {
    "fields": {
      "instance_resource": 695,
      "instance_state": 25,
      "role": 1105
    },
    "model": "core.irroleacl",
    "pk": 718
  },
  {
    "fields": {
      "instance_resource": 696,
      "instance_state": 25,
      "role": 1105
    },
    "model": "core.irroleacl",
    "pk": 719
  },
  {
    "fields": {
      "instance_resource": 696,
      "instance_state": 22,
      "role": 1105
    },
    "model": "core.irroleacl",
    "pk": 720
  },
  {
    "fields": {
      "instance_resource": 696,
      "instance_state": 24,
      "role": 1105
    },
    "model": "core.irroleacl",
    "pk": 721
  },
  {
    "fields": {
      "instance_resource": 585,
      "instance_state": 24,
      "role": 1081
    },
    "model": "core.irroleacl",
    "pk": 724
  },
  {
    "fields": {
      "instance_resource": 565,
      "instance_state": 23,
      "role": 1081
    },
    "model": "core.irroleacl",
    "pk": 725
  },
  {
    "fields": {
      "instance_resource": 565,
      "instance_state": 26,
      "role": 1081
    },
    "model": "core.irroleacl",
    "pk": 726
  },
  {
    "fields": {
      "instance_resource": 585,
      "instance_state": 26,
      "role": 1081
    },
    "model": "core.irroleacl",
    "pk": 727
  },
  {
    "fields": {
      "instance_resource": 565,
      "instance_state": 25,
      "role": 1081
    },
    "model": "core.irroleacl",
    "pk": 728
  },
  {
    "fields": {
      "instance_resource": 585,
      "instance_state": 25,
      "role": 1081
    },
    "model": "core.irroleacl",
    "pk": 729
  },
  {
    "fields": {
      "instance_resource": 585,
      "instance_state": 23,
      "role": 1081
    },
    "model": "core.irroleacl",
    "pk": 730
  },
  {
    "fields": {
      "instance_resource": 565,
      "instance_state": 24,
      "role": 1081
    },
    "model": "core.irroleacl",
    "pk": 731
  },
  {
    "fields": {
      "instance_resource": 751,
      "instance_state": 23,
      "role": 1081
    },
    "model": "core.irroleacl",
    "pk": 732
  },
  {
    "fields": {
      "instance_resource": 751,
      "instance_state": 24,
      "role": 1081
    },
    "model": "core.irroleacl",
    "pk": 733
  },
  {
    "fields": {
      "instance_resource": 751,
      "instance_state": 25,
      "role": 1081
    },
    "model": "core.irroleacl",
    "pk": 734
  },
  {
    "fields": {
      "instance_resource": 751,
      "instance_state": 26,
      "role": 1081
    },
    "model": "core.irroleacl",
    "pk": 735
  },
  {
    "fields": {
      "instance_resource": 447,
      "instance_state": 22,
      "role": 1106
    },
    "model": "core.irroleacl",
    "pk": 736
  },
  {
    "fields": {
      "instance_resource": 447,
      "instance_state": 23,
      "role": 1106
    },
    "model": "core.irroleacl",
    "pk": 737
  },
  {
    "fields": {
      "instance_resource": 447,
      "instance_state": 24,
      "role": 1106
    },
    "model": "core.irroleacl",
    "pk": 738
  },
  {
    "fields": {
      "instance_resource": 447,
      "instance_state": 25,
      "role": 1106
    },
    "model": "core.irroleacl",
    "pk": 739
  },
  {
    "fields": {
      "instance_resource": 447,
      "instance_state": 22,
      "role": 1127
    },
    "model": "core.irroleacl",
    "pk": 740
  },
  {
    "fields": {
      "instance_resource": 447,
      "instance_state": 23,
      "role": 1127
    },
    "model": "core.irroleacl",
    "pk": 741
  },
  {
    "fields": {
      "instance_resource": 447,
      "instance_state": 24,
      "role": 1127
    },
    "model": "core.irroleacl",
    "pk": 742
  },
  {
    "fields": {
      "instance_resource": 447,
      "instance_state": 25,
      "role": 1127
    },
    "model": "core.irroleacl",
    "pk": 743
  },
  {
    "fields": {
      "instance_resource": 447,
      "instance_state": 22,
      "role": 1128
    },
    "model": "core.irroleacl",
    "pk": 744
  },
  {
    "fields": {
      "instance_resource": 447,
      "instance_state": 23,
      "role": 1128
    },
    "model": "core.irroleacl",
    "pk": 745
  },
  {
    "fields": {
      "instance_resource": 447,
      "instance_state": 24,
      "role": 1128
    },
    "model": "core.irroleacl",
    "pk": 746
  },
  {
    "fields": {
      "instance_resource": 447,
      "instance_state": 25,
      "role": 1128
    },
    "model": "core.irroleacl",
    "pk": 747
  },
  {
    "fields": {
      "instance_resource": 447,
      "instance_state": 22,
      "role": 1107
    },
    "model": "core.irroleacl",
    "pk": 748
  },
  {
    "fields": {
      "instance_resource": 447,
      "instance_state": 23,
      "role": 1107
    },
    "model": "core.irroleacl",
    "pk": 749
  },
  {
    "fields": {
      "instance_resource": 447,
      "instance_state": 24,
      "role": 1107
    },
    "model": "core.irroleacl",
    "pk": 750
  },
  {
    "fields": {
      "instance_resource": 447,
      "instance_state": 25,
      "role": 1107
    },
    "model": "core.irroleacl",
    "pk": 751
  },
  {
    "fields": {
      "instance_resource": 742,
      "instance_state": 1,
      "role": 1129
    },
    "model": "core.irroleacl",
    "pk": 752
  },
  {
    "fields": {
      "instance_resource": 735,
      "instance_state": 21,
      "role": 1129
    },
    "model": "core.irroleacl",
    "pk": 753
  },
  {
    "fields": {
      "instance_resource": 735,
      "instance_state": 22,
      "role": 1129
    },
    "model": "core.irroleacl",
    "pk": 754
  },
  {
    "fields": {
      "instance_resource": 735,
      "instance_state": 23,
      "role": 1129
    },
    "model": "core.irroleacl",
    "pk": 755
  },
  {
    "fields": {
      "instance_resource": 735,
      "instance_state": 24,
      "role": 1129
    },
    "model": "core.irroleacl",
    "pk": 756
  },
  {
    "fields": {
      "instance_resource": 735,
      "instance_state": 25,
      "role": 1129
    },
    "model": "core.irroleacl",
    "pk": 757
  },
  {
    "fields": {
      "instance_resource": 735,
      "instance_state": 26,
      "role": 1129
    },
    "model": "core.irroleacl",
    "pk": 758
  },
  {
    "fields": {
      "instance_resource": 735,
      "instance_state": 27,
      "role": 1129
    },
    "model": "core.irroleacl",
    "pk": 759
  },
  {
    "fields": {
      "instance_resource": 736,
      "instance_state": 21,
      "role": 1129
    },
    "model": "core.irroleacl",
    "pk": 760
  },
  {
    "fields": {
      "instance_resource": 736,
      "instance_state": 23,
      "role": 1129
    },
    "model": "core.irroleacl",
    "pk": 762
  },
  {
    "fields": {
      "instance_resource": 736,
      "instance_state": 25,
      "role": 1129
    },
    "model": "core.irroleacl",
    "pk": 764
  },
  {
    "fields": {
      "instance_resource": 736,
      "instance_state": 26,
      "role": 1129
    },
    "model": "core.irroleacl",
    "pk": 765
  },
  {
    "fields": {
      "instance_resource": 736,
      "instance_state": 27,
      "role": 1129
    },
    "model": "core.irroleacl",
    "pk": 766
  },
  {
    "fields": {
      "instance_resource": 737,
      "instance_state": 21,
      "role": 1129
    },
    "model": "core.irroleacl",
    "pk": 767
  },
  {
    "fields": {
      "instance_resource": 737,
      "instance_state": 22,
      "role": 1129
    },
    "model": "core.irroleacl",
    "pk": 768
  },
  {
    "fields": {
      "instance_resource": 737,
      "instance_state": 23,
      "role": 1129
    },
    "model": "core.irroleacl",
    "pk": 769
  },
  {
    "fields": {
      "instance_resource": 737,
      "instance_state": 24,
      "role": 1129
    },
    "model": "core.irroleacl",
    "pk": 770
  },
  {
    "fields": {
      "instance_resource": 737,
      "instance_state": 25,
      "role": 1129
    },
    "model": "core.irroleacl",
    "pk": 771
  },
  {
    "fields": {
      "instance_resource": 737,
      "instance_state": 26,
      "role": 1129
    },
    "model": "core.irroleacl",
    "pk": 772
  },
  {
    "fields": {
      "instance_resource": 737,
      "instance_state": 27,
      "role": 1129
    },
    "model": "core.irroleacl",
    "pk": 773
  },
  {
    "fields": {
      "instance_resource": 738,
      "instance_state": 22,
      "role": 1129
    },
    "model": "core.irroleacl",
    "pk": 774
  },
  {
    "fields": {
      "instance_resource": 738,
      "instance_state": 23,
      "role": 1129
    },
    "model": "core.irroleacl",
    "pk": 775
  },
  {
    "fields": {
      "instance_resource": 738,
      "instance_state": 24,
      "role": 1129
    },
    "model": "core.irroleacl",
    "pk": 776
  },
  {
    "fields": {
      "instance_resource": 738,
      "instance_state": 25,
      "role": 1129
    },
    "model": "core.irroleacl",
    "pk": 777
  },
  {
    "fields": {
      "instance_resource": 738,
      "instance_state": 26,
      "role": 1129
    },
    "model": "core.irroleacl",
    "pk": 778
  },
  {
    "fields": {
      "instance_resource": 738,
      "instance_state": 27,
      "role": 1129
    },
    "model": "core.irroleacl",
    "pk": 779
  },
  {
    "fields": {
      "instance_resource": 750,
      "instance_state": 22,
      "role": 1129
    },
    "model": "core.irroleacl",
    "pk": 780
  },
  {
    "fields": {
      "instance_resource": 750,
      "instance_state": 23,
      "role": 1129
    },
    "model": "core.irroleacl",
    "pk": 781
  },
  {
    "fields": {
      "instance_resource": 750,
      "instance_state": 24,
      "role": 1129
    },
    "model": "core.irroleacl",
    "pk": 782
  },
  {
    "fields": {
      "instance_resource": 750,
      "instance_state": 25,
      "role": 1129
    },
    "model": "core.irroleacl",
    "pk": 783
  },
  {
    "fields": {
      "instance_resource": 750,
      "instance_state": 26,
      "role": 1129
    },
    "model": "core.irroleacl",
    "pk": 784
  },
  {
    "fields": {
      "instance_resource": 740,
      "instance_state": 21,
      "role": 1129
    },
    "model": "core.irroleacl",
    "pk": 785
  },
  {
    "fields": {
      "instance_resource": 740,
      "instance_state": 22,
      "role": 1129
    },
    "model": "core.irroleacl",
    "pk": 786
  },
  {
    "fields": {
      "instance_resource": 740,
      "instance_state": 23,
      "role": 1129
    },
    "model": "core.irroleacl",
    "pk": 787
  },
  {
    "fields": {
      "instance_resource": 740,
      "instance_state": 24,
      "role": 1129
    },
    "model": "core.irroleacl",
    "pk": 788
  },
  {
    "fields": {
      "instance_resource": 740,
      "instance_state": 25,
      "role": 1129
    },
    "model": "core.irroleacl",
    "pk": 789
  },
  {
    "fields": {
      "instance_resource": 740,
      "instance_state": 26,
      "role": 1129
    },
    "model": "core.irroleacl",
    "pk": 790
  },
  {
    "fields": {
      "instance_resource": 752,
      "instance_state": 22,
      "role": 1129
    },
    "model": "core.irroleacl",
    "pk": 799
  },
  {
    "fields": {
      "instance_resource": 752,
      "instance_state": 23,
      "role": 1129
    },
    "model": "core.irroleacl",
    "pk": 800
  },
  {
    "fields": {
      "instance_resource": 752,
      "instance_state": 24,
      "role": 1129
    },
    "model": "core.irroleacl",
    "pk": 801
  },
  {
    "fields": {
      "instance_resource": 752,
      "instance_state": 25,
      "role": 1129
    },
    "model": "core.irroleacl",
    "pk": 802
  },
  {
    "fields": {
      "instance_resource": 752,
      "instance_state": 26,
      "role": 1129
    },
    "model": "core.irroleacl",
    "pk": 803
  },
  {
    "fields": {
      "instance_resource": 245,
      "instance_state": 32,
      "role": 6
    },
    "model": "core.irroleacl",
    "pk": 804
  },
  {
    "fields": {
      "instance_resource": 46,
      "instance_state": 32,
      "role": 6
    },
    "model": "core.irroleacl",
    "pk": 805
  },
  {
    "fields": {
      "instance_resource": 265,
      "instance_state": 32,
      "role": 6
    },
    "model": "core.irroleacl",
    "pk": 807
  },
  {
    "fields": {
      "instance_resource": 405,
      "instance_state": 32,
      "role": 6
    },
    "model": "core.irroleacl",
    "pk": 808
  },
  {
    "fields": {
      "instance_resource": 685,
      "instance_state": 32,
      "role": 6
    },
    "model": "core.irroleacl",
    "pk": 809
  },
  {
    "fields": {
      "instance_resource": 692,
      "instance_state": 32,
      "role": 6
    },
    "model": "core.irroleacl",
    "pk": 810
  },
  {
    "fields": {
      "instance_resource": 4,
      "instance_state": 32,
      "role": 3
    },
    "model": "core.irroleacl",
    "pk": 813
  },
  {
    "fields": {
      "instance_resource": 107,
      "instance_state": 32,
      "role": 3
    },
    "model": "core.irroleacl",
    "pk": 814
  },
  {
    "fields": {
      "instance_resource": 710,
      "instance_state": 32,
      "role": 2
    },
    "model": "core.irroleacl",
    "pk": 815
  },
  {
    "fields": {
      "instance_resource": 710,
      "instance_state": 32,
      "role": 1103
    },
    "model": "core.irroleacl",
    "pk": 816
  },
  {
    "fields": {
      "instance_resource": 753,
      "instance_state": 21,
      "role": 6
    },
    "model": "core.irroleacl",
    "pk": 817
  },
  {
    "fields": {
      "instance_resource": 753,
      "instance_state": 22,
      "role": 6
    },
    "model": "core.irroleacl",
    "pk": 818
  },
  {
    "fields": {
      "instance_resource": 753,
      "instance_state": 32,
      "role": 6
    },
    "model": "core.irroleacl",
    "pk": 819
  },
  {
    "fields": {
      "instance_resource": 753,
      "instance_state": 23,
      "role": 6
    },
    "model": "core.irroleacl",
    "pk": 820
  },
  {
    "fields": {
      "instance_resource": 753,
      "instance_state": 24,
      "role": 6
    },
    "model": "core.irroleacl",
    "pk": 821
  },
  {
    "fields": {
      "instance_resource": 753,
      "instance_state": 25,
      "role": 6
    },
    "model": "core.irroleacl",
    "pk": 822
  },
  {
    "fields": {
      "instance_resource": 755,
      "instance_state": 21,
      "role": 1104
    },
    "model": "core.irroleacl",
    "pk": 829
  },
  {
    "fields": {
      "instance_resource": 755,
      "instance_state": 22,
      "role": 1104
    },
    "model": "core.irroleacl",
    "pk": 830
  },
  {
    "fields": {
      "instance_resource": 755,
      "instance_state": 32,
      "role": 1104
    },
    "model": "core.irroleacl",
    "pk": 831
  },
  {
    "fields": {
      "instance_resource": 755,
      "instance_state": 23,
      "role": 1104
    },
    "model": "core.irroleacl",
    "pk": 832
  },
  {
    "fields": {
      "instance_resource": 755,
      "instance_state": 24,
      "role": 1104
    },
    "model": "core.irroleacl",
    "pk": 833
  },
  {
    "fields": {
      "instance_resource": 755,
      "instance_state": 25,
      "role": 1104
    },
    "model": "core.irroleacl",
    "pk": 834
  },
  {
    "fields": {
      "instance_resource": 756,
      "instance_state": 21,
      "role": 1104
    },
    "model": "core.irroleacl",
    "pk": 835
  },
  {
    "fields": {
      "instance_resource": 756,
      "instance_state": 22,
      "role": 1104
    },
    "model": "core.irroleacl",
    "pk": 836
  },
  {
    "fields": {
      "instance_resource": 756,
      "instance_state": 32,
      "role": 1104
    },
    "model": "core.irroleacl",
    "pk": 837
  },
  {
    "fields": {
      "instance_resource": 756,
      "instance_state": 23,
      "role": 1104
    },
    "model": "core.irroleacl",
    "pk": 838
  },
  {
    "fields": {
      "instance_resource": 756,
      "instance_state": 24,
      "role": 1104
    },
    "model": "core.irroleacl",
    "pk": 839
  },
  {
    "fields": {
      "instance_resource": 756,
      "instance_state": 25,
      "role": 1104
    },
    "model": "core.irroleacl",
    "pk": 840
  },
  {
    "fields": {
      "instance_resource": 757,
      "instance_state": 21,
      "role": 1104
    },
    "model": "core.irroleacl",
    "pk": 841
  },
  {
    "fields": {
      "instance_resource": 757,
      "instance_state": 22,
      "role": 1104
    },
    "model": "core.irroleacl",
    "pk": 842
  },
  {
    "fields": {
      "instance_resource": 757,
      "instance_state": 32,
      "role": 1104
    },
    "model": "core.irroleacl",
    "pk": 843
  },
  {
    "fields": {
      "instance_resource": 757,
      "instance_state": 23,
      "role": 1104
    },
    "model": "core.irroleacl",
    "pk": 844
  },
  {
    "fields": {
      "instance_resource": 757,
      "instance_state": 24,
      "role": 1104
    },
    "model": "core.irroleacl",
    "pk": 845
  },
  {
    "fields": {
      "instance_resource": 757,
      "instance_state": 25,
      "role": 1104
    },
    "model": "core.irroleacl",
    "pk": 846
  },
  {
    "fields": {
      "instance_resource": 758,
      "instance_state": 21,
      "role": 1130
    },
    "model": "core.irroleacl",
    "pk": 847
  },
  {
    "fields": {
      "instance_resource": 759,
      "instance_state": 1,
      "role": 1130
    },
    "model": "core.irroleacl",
    "pk": 848
  },
  {
    "fields": {
      "instance_resource": 761,
      "instance_state": 21,
      "role": 1130
    },
    "model": "core.irroleacl",
    "pk": 849
  },
  {
    "fields": {
      "instance_resource": 761,
      "instance_state": 22,
      "role": 1130
    },
    "model": "core.irroleacl",
    "pk": 850
  },
  {
    "fields": {
      "instance_resource": 761,
      "instance_state": 23,
      "role": 1130
    },
    "model": "core.irroleacl",
    "pk": 851
  },
  {
    "fields": {
      "instance_resource": 761,
      "instance_state": 24,
      "role": 1130
    },
    "model": "core.irroleacl",
    "pk": 852
  },
  {
    "fields": {
      "instance_resource": 761,
      "instance_state": 25,
      "role": 1130
    },
    "model": "core.irroleacl",
    "pk": 853
  },
  {
    "fields": {
      "instance_resource": 761,
      "instance_state": 26,
      "role": 1130
    },
    "model": "core.irroleacl",
    "pk": 854
  },
  {
    "fields": {
      "instance_resource": 763,
      "instance_state": 21,
      "role": 1130
    },
    "model": "core.irroleacl",
    "pk": 875
  },
  {
    "fields": {
      "instance_resource": 763,
      "instance_state": 22,
      "role": 1130
    },
    "model": "core.irroleacl",
    "pk": 876
  },
  {
    "fields": {
      "instance_resource": 763,
      "instance_state": 23,
      "role": 1130
    },
    "model": "core.irroleacl",
    "pk": 877
  },
  {
    "fields": {
      "instance_resource": 763,
      "instance_state": 24,
      "role": 1130
    },
    "model": "core.irroleacl",
    "pk": 878
  },
  {
    "fields": {
      "instance_resource": 763,
      "instance_state": 25,
      "role": 1130
    },
    "model": "core.irroleacl",
    "pk": 879
  },
  {
    "fields": {
      "instance_resource": 763,
      "instance_state": 26,
      "role": 1130
    },
    "model": "core.irroleacl",
    "pk": 880
  },
  {
    "fields": {
      "instance_resource": 763,
      "instance_state": 27,
      "role": 1130
    },
    "model": "core.irroleacl",
    "pk": 881
  },
  {
    "fields": {
      "instance_resource": 760,
      "instance_state": 21,
      "role": 1130
    },
    "model": "core.irroleacl",
    "pk": 882
  },
  {
    "fields": {
      "instance_resource": 760,
      "instance_state": 22,
      "role": 1130
    },
    "model": "core.irroleacl",
    "pk": 883
  },
  {
    "fields": {
      "instance_resource": 760,
      "instance_state": 23,
      "role": 1130
    },
    "model": "core.irroleacl",
    "pk": 884
  },
  {
    "fields": {
      "instance_resource": 760,
      "instance_state": 24,
      "role": 1130
    },
    "model": "core.irroleacl",
    "pk": 885
  },
  {
    "fields": {
      "instance_resource": 760,
      "instance_state": 25,
      "role": 1130
    },
    "model": "core.irroleacl",
    "pk": 886
  },
  {
    "fields": {
      "instance_resource": 760,
      "instance_state": 26,
      "role": 1130
    },
    "model": "core.irroleacl",
    "pk": 887
  },
  {
    "fields": {
      "instance_resource": 760,
      "instance_state": 27,
      "role": 1130
    },
    "model": "core.irroleacl",
    "pk": 888
  },
  {
    "fields": {
      "instance_resource": 758,
      "instance_state": 22,
      "role": 1130
    },
    "model": "core.irroleacl",
    "pk": 889
  },
  {
    "fields": {
      "instance_resource": 758,
      "instance_state": 23,
      "role": 1130
    },
    "model": "core.irroleacl",
    "pk": 890
  },
  {
    "fields": {
      "instance_resource": 758,
      "instance_state": 24,
      "role": 1130
    },
    "model": "core.irroleacl",
    "pk": 891
  },
  {
    "fields": {
      "instance_resource": 758,
      "instance_state": 25,
      "role": 1130
    },
    "model": "core.irroleacl",
    "pk": 892
  },
  {
    "fields": {
      "instance_resource": 758,
      "instance_state": 26,
      "role": 1130
    },
    "model": "core.irroleacl",
    "pk": 893
  },
  {
    "fields": {
      "instance_resource": 764,
      "instance_state": 23,
      "role": 4
    },
    "model": "core.irroleacl",
    "pk": 894
  },
  {
    "fields": {
      "instance_resource": 764,
      "instance_state": 24,
      "role": 4
    },
    "model": "core.irroleacl",
    "pk": 895
  },
  {
    "fields": {
      "instance_resource": 764,
      "instance_state": 23,
      "role": 1021
    },
    "model": "core.irroleacl",
    "pk": 896
  },
  {
    "fields": {
      "instance_resource": 764,
      "instance_state": 24,
      "role": 1021
    },
    "model": "core.irroleacl",
    "pk": 897
  },
  {
    "fields": {
      "instance_resource": 764,
      "instance_state": 23,
      "role": 1102
    },
    "model": "core.irroleacl",
    "pk": 898
  },
  {
    "fields": {
      "instance_resource": 696,
      "instance_state": 32,
      "role": 1105
    },
    "model": "core.irroleacl",
    "pk": 899
  },
  {
    "fields": {
      "instance_resource": 695,
      "instance_state": 32,
      "role": 1105
    },
    "model": "core.irroleacl",
    "pk": 900
  },
  {
    "fields": {
      "instance_resource": 765,
      "instance_state": 1,
      "role": 6
    },
    "model": "core.irroleacl",
    "pk": 901
  },
  {
    "fields": {
      "instance_resource": 765,
      "instance_state": 21,
      "role": 6
    },
    "model": "core.irroleacl",
    "pk": 902
  },
  {
    "fields": {
      "instance_resource": 765,
      "instance_state": 22,
      "role": 6
    },
    "model": "core.irroleacl",
    "pk": 903
  },
  {
    "fields": {
      "instance_resource": 765,
      "instance_state": 32,
      "role": 6
    },
    "model": "core.irroleacl",
    "pk": 904
  },
  {
    "fields": {
      "instance_resource": 765,
      "instance_state": 23,
      "role": 6
    },
    "model": "core.irroleacl",
    "pk": 905
  },
  {
    "fields": {
      "instance_resource": 765,
      "instance_state": 24,
      "role": 6
    },
    "model": "core.irroleacl",
    "pk": 906
  },
  {
    "fields": {
      "instance_resource": 765,
      "instance_state": 25,
      "role": 6
    },
    "model": "core.irroleacl",
    "pk": 907
  },
  {
    "fields": {
      "instance_resource": 765,
      "instance_state": 26,
      "role": 6
    },
    "model": "core.irroleacl",
    "pk": 908
  },
  {
    "fields": {
      "instance_resource": 765,
      "instance_state": 27,
      "role": 6
    },
    "model": "core.irroleacl",
    "pk": 909
  },
  {
    "fields": {
      "instance_resource": 765,
      "instance_state": 28,
      "role": 6
    },
    "model": "core.irroleacl",
    "pk": 910
  },
  {
    "fields": {
      "instance_resource": 765,
      "instance_state": 29,
      "role": 6
    },
    "model": "core.irroleacl",
    "pk": 911
  },
  {
    "fields": {
      "instance_resource": 765,
      "instance_state": 30,
      "role": 6
    },
    "model": "core.irroleacl",
    "pk": 912
  },
  {
    "fields": {
      "instance_resource": 765,
      "instance_state": 31,
      "role": 6
    },
    "model": "core.irroleacl",
    "pk": 913
  },
  {
    "fields": {
      "instance_resource": 766,
      "instance_state": 25,
      "role": 6
    },
    "model": "core.irroleacl",
    "pk": 914
  },
  {
    "fields": {
      "instance_resource": 145,
      "instance_state": 33,
      "role": 3
    },
    "model": "core.irroleacl",
    "pk": 915
  },
  {
    "fields": {
      "instance_resource": 145,
      "instance_state": 33,
      "role": 6
    },
    "model": "core.irroleacl",
    "pk": 916
  },
  {
    "fields": {
      "instance_resource": 245,
      "instance_state": 33,
      "role": 6
    },
    "model": "core.irroleacl",
    "pk": 917
  },
  {
    "fields": {
      "instance_resource": 46,
      "instance_state": 33,
      "role": 7
    },
    "model": "core.irroleacl",
    "pk": 918
  },
  {
    "fields": {
      "instance_resource": 46,
      "instance_state": 33,
      "role": 6
    },
    "model": "core.irroleacl",
    "pk": 919
  },
  {
    "fields": {
      "instance_resource": 46,
      "instance_state": 33,
      "role": 4
    },
    "model": "core.irroleacl",
    "pk": 920
  },
  {
    "fields": {
      "instance_resource": 107,
      "instance_state": 33,
      "role": 3
    },
    "model": "core.irroleacl",
    "pk": 921
  },
  {
    "fields": {
      "instance_resource": 605,
      "instance_state": 33,
      "role": 1101
    },
    "model": "core.irroleacl",
    "pk": 922
  },
  {
    "fields": {
      "instance_resource": 607,
      "instance_state": 33,
      "role": 1101
    },
    "model": "core.irroleacl",
    "pk": 923
  },
  {
    "fields": {
      "instance_resource": 764,
      "instance_state": 21,
      "role": 1102
    },
    "model": "core.irroleacl",
    "pk": 924
  },
  {
    "fields": {
      "instance_resource": 764,
      "instance_state": 22,
      "role": 1102
    },
    "model": "core.irroleacl",
    "pk": 925
  },
  {
    "fields": {
      "instance_resource": 764,
      "instance_state": 32,
      "role": 1102
    },
    "model": "core.irroleacl",
    "pk": 926
  },
  {
    "fields": {
      "instance_resource": 764,
      "instance_state": 24,
      "role": 1102
    },
    "model": "core.irroleacl",
    "pk": 927
  },
  {
    "fields": {
      "instance_resource": 764,
      "instance_state": 21,
      "role": 4
    },
    "model": "core.irroleacl",
    "pk": 928
  },
  {
    "fields": {
      "instance_resource": 764,
      "instance_state": 22,
      "role": 4
    },
    "model": "core.irroleacl",
    "pk": 929
  },
  {
    "fields": {
      "instance_resource": 764,
      "instance_state": 32,
      "role": 4
    },
    "model": "core.irroleacl",
    "pk": 930
  },
  {
    "fields": {
      "instance_resource": 764,
      "instance_state": 21,
      "role": 1021
    },
    "model": "core.irroleacl",
    "pk": 931
  },
  {
    "fields": {
      "instance_resource": 764,
      "instance_state": 22,
      "role": 1021
    },
    "model": "core.irroleacl",
    "pk": 932
  },
  {
    "fields": {
      "instance_resource": 764,
      "instance_state": 32,
      "role": 1021
    },
    "model": "core.irroleacl",
    "pk": 933
  },
  {
    "fields": {
      "instance_resource": 767,
      "instance_state": 21,
      "role": 4
    },
    "model": "core.irroleacl",
    "pk": 934
  },
  {
    "fields": {
      "instance_resource": 767,
      "instance_state": 22,
      "role": 4
    },
    "model": "core.irroleacl",
    "pk": 935
  },
  {
    "fields": {
      "instance_resource": 767,
      "instance_state": 32,
      "role": 4
    },
    "model": "core.irroleacl",
    "pk": 936
  },
  {
    "fields": {
      "instance_resource": 767,
      "instance_state": 23,
      "role": 4
    },
    "model": "core.irroleacl",
    "pk": 937
  },
  {
    "fields": {
      "instance_resource": 767,
      "instance_state": 24,
      "role": 4
    },
    "model": "core.irroleacl",
    "pk": 938
  },
  {
    "fields": {
      "instance_resource": 767,
      "instance_state": 21,
      "role": 1102
    },
    "model": "core.irroleacl",
    "pk": 939
  },
  {
    "fields": {
      "instance_resource": 767,
      "instance_state": 22,
      "role": 1102
    },
    "model": "core.irroleacl",
    "pk": 940
  },
  {
    "fields": {
      "instance_resource": 767,
      "instance_state": 32,
      "role": 1102
    },
    "model": "core.irroleacl",
    "pk": 941
  },
  {
    "fields": {
      "instance_resource": 767,
      "instance_state": 23,
      "role": 1102
    },
    "model": "core.irroleacl",
    "pk": 942
  },
  {
    "fields": {
      "instance_resource": 767,
      "instance_state": 24,
      "role": 1102
    },
    "model": "core.irroleacl",
    "pk": 943
  },
  {
    "fields": {
      "instance_resource": 767,
      "instance_state": 21,
      "role": 1021
    },
    "model": "core.irroleacl",
    "pk": 944
  },
  {
    "fields": {
      "instance_resource": 767,
      "instance_state": 22,
      "role": 1021
    },
    "model": "core.irroleacl",
    "pk": 945
  },
  {
    "fields": {
      "instance_resource": 767,
      "instance_state": 32,
      "role": 1021
    },
    "model": "core.irroleacl",
    "pk": 946
  },
  {
    "fields": {
      "instance_resource": 767,
      "instance_state": 23,
      "role": 1021
    },
    "model": "core.irroleacl",
    "pk": 947
  },
  {
    "fields": {
      "instance_resource": 767,
      "instance_state": 24,
      "role": 1021
    },
    "model": "core.irroleacl",
    "pk": 948
  },
  {
    "fields": {
      "instance_resource": 767,
      "instance_state": 21,
      "role": 1101
    },
    "model": "core.irroleacl",
    "pk": 949
  },
  {
    "fields": {
      "instance_resource": 767,
      "instance_state": 22,
      "role": 1101
    },
    "model": "core.irroleacl",
    "pk": 950
  },
  {
    "fields": {
      "instance_resource": 767,
      "instance_state": 32,
      "role": 1101
    },
    "model": "core.irroleacl",
    "pk": 951
  },
  {
    "fields": {
      "instance_resource": 767,
      "instance_state": 23,
      "role": 1101
    },
    "model": "core.irroleacl",
    "pk": 952
  },
  {
    "fields": {
      "instance_resource": 767,
      "instance_state": 24,
      "role": 1101
    },
    "model": "core.irroleacl",
    "pk": 953
  },
  {
    "fields": {
      "instance_resource": 46,
      "instance_state": 32,
      "role": 4
    },
    "model": "core.irroleacl",
    "pk": 959
  },
  {
    "fields": {
      "instance_resource": 22,
      "instance_state": 32,
      "role": 1021
    },
    "model": "core.irroleacl",
    "pk": 960
  },
  {
    "fields": {
      "instance_resource": 22,
      "instance_state": 32,
      "role": 4
    },
    "model": "core.irroleacl",
    "pk": 961
  },
  {
    "fields": {
      "instance_resource": 505,
      "instance_state": 32,
      "role": 4
    },
    "model": "core.irroleacl",
    "pk": 962
  },
  {
    "fields": {
      "instance_resource": 505,
      "instance_state": 32,
      "role": 1021
    },
    "model": "core.irroleacl",
    "pk": 963
  },
  {
    "fields": {
      "instance_resource": 650,
      "instance_state": 32,
      "role": 4
    },
    "model": "core.irroleacl",
    "pk": 964
  },
  {
    "fields": {
      "instance_resource": 650,
      "instance_state": 32,
      "role": 1021
    },
    "model": "core.irroleacl",
    "pk": 965
  },
  {
    "fields": {
      "instance_resource": 711,
      "instance_state": 32,
      "role": 4
    },
    "model": "core.irroleacl",
    "pk": 966
  },
  {
    "fields": {
      "instance_resource": 711,
      "instance_state": 32,
      "role": 1021
    },
    "model": "core.irroleacl",
    "pk": 967
  },
  {
    "fields": {
      "instance_resource": 712,
      "instance_state": 32,
      "role": 4
    },
    "model": "core.irroleacl",
    "pk": 968
  },
  {
    "fields": {
      "instance_resource": 712,
      "instance_state": 32,
      "role": 1021
    },
    "model": "core.irroleacl",
    "pk": 969
  },
  {
    "fields": {
      "instance_resource": 730,
      "instance_state": 32,
      "role": 4
    },
    "model": "core.irroleacl",
    "pk": 970
  },
  {
    "fields": {
      "instance_resource": 730,
      "instance_state": 32,
      "role": 1021
    },
    "model": "core.irroleacl",
    "pk": 971
  },
  {
    "fields": {
      "instance_resource": 733,
      "instance_state": 32,
      "role": 4
    },
    "model": "core.irroleacl",
    "pk": 972
  },
  {
    "fields": {
      "instance_resource": 733,
      "instance_state": 32,
      "role": 1021
    },
    "model": "core.irroleacl",
    "pk": 973
  },
  {
    "fields": {
      "instance_resource": 525,
      "instance_state": 32,
      "role": 4
    },
    "model": "core.irroleacl",
    "pk": 974
  },
  {
    "fields": {
      "instance_resource": 525,
      "instance_state": 32,
      "role": 1021
    },
    "model": "core.irroleacl",
    "pk": 975
  },
  {
    "fields": {
      "instance_resource": 769,
      "instance_state": 21,
      "role": 1104
    },
    "model": "core.irroleacl",
    "pk": 976
  },
  {
    "fields": {
      "instance_resource": 769,
      "instance_state": 22,
      "role": 1104
    },
    "model": "core.irroleacl",
    "pk": 977
  },
  {
    "fields": {
      "instance_resource": 769,
      "instance_state": 32,
      "role": 1104
    },
    "model": "core.irroleacl",
    "pk": 978
  },
  {
    "fields": {
      "instance_resource": 769,
      "instance_state": 23,
      "role": 1104
    },
    "model": "core.irroleacl",
    "pk": 979
  },
  {
    "fields": {
      "instance_resource": 769,
      "instance_state": 24,
      "role": 1104
    },
    "model": "core.irroleacl",
    "pk": 980
  },
  {
    "fields": {
      "instance_resource": 769,
      "instance_state": 25,
      "role": 1104
    },
    "model": "core.irroleacl",
    "pk": 981
  },
  {
    "fields": {
      "instance_resource": 770,
      "instance_state": 21,
      "role": 1104
    },
    "model": "core.irroleacl",
    "pk": 982
  },
  {
    "fields": {
      "instance_resource": 770,
      "instance_state": 22,
      "role": 1104
    },
    "model": "core.irroleacl",
    "pk": 983
  },
  {
    "fields": {
      "instance_resource": 770,
      "instance_state": 32,
      "role": 1104
    },
    "model": "core.irroleacl",
    "pk": 984
  },
  {
    "fields": {
      "instance_resource": 770,
      "instance_state": 23,
      "role": 1104
    },
    "model": "core.irroleacl",
    "pk": 985
  },
  {
    "fields": {
      "instance_resource": 770,
      "instance_state": 24,
      "role": 1104
    },
    "model": "core.irroleacl",
    "pk": 986
  },
  {
    "fields": {
      "instance_resource": 770,
      "instance_state": 25,
      "role": 1104
    },
    "model": "core.irroleacl",
    "pk": 987
  },
  {
    "fields": {
      "instance_resource": 768,
      "instance_state": 21,
      "role": 1104
    },
    "model": "core.irroleacl",
    "pk": 988
  },
  {
    "fields": {
      "instance_resource": 768,
      "instance_state": 22,
      "role": 1104
    },
    "model": "core.irroleacl",
    "pk": 989
  },
  {
    "fields": {
      "instance_resource": 768,
      "instance_state": 32,
      "role": 1104
    },
    "model": "core.irroleacl",
    "pk": 990
  },
  {
    "fields": {
      "instance_resource": 768,
      "instance_state": 23,
      "role": 1104
    },
    "model": "core.irroleacl",
    "pk": 991
  },
  {
    "fields": {
      "instance_resource": 768,
      "instance_state": 24,
      "role": 1104
    },
    "model": "core.irroleacl",
    "pk": 992
  },
  {
    "fields": {
      "instance_resource": 768,
      "instance_state": 25,
      "role": 1104
    },
    "model": "core.irroleacl",
    "pk": 993
  },
  {
    "fields": {
      "instance_resource": 3,
      "instance_state": 21,
      "role": 7
    },
    "model": "core.irroleacl",
    "pk": 994
  },
  {
    "fields": {
      "instance_resource": 3,
      "instance_state": 32,
      "role": 7
    },
    "model": "core.irroleacl",
    "pk": 995
  },
  {
    "fields": {
      "instance_resource": 46,
      "instance_state": 32,
      "role": 7
    },
    "model": "core.irroleacl",
    "pk": 996
  },
  {
    "fields": {
      "instance_resource": 2,
      "instance_state": 34,
      "role": 6
    },
    "model": "core.irroleacl",
    "pk": 997
  },
  {
    "fields": {
      "instance_resource": 3,
      "instance_state": 34,
      "role": 7
    },
    "model": "core.irroleacl",
    "pk": 998
  },
  {
    "fields": {
      "instance_resource": 4,
      "instance_state": 34,
      "role": 3
    },
    "model": "core.irroleacl",
    "pk": 999
  },
  {
    "fields": {
      "instance_resource": 46,
      "instance_state": 34,
      "role": 4
    },
    "model": "core.irroleacl",
    "pk": 1000
  },
  {
    "fields": {
      "instance_resource": 46,
      "instance_state": 34,
      "role": 6
    },
    "model": "core.irroleacl",
    "pk": 1001
  },
  {
    "fields": {
      "instance_resource": 46,
      "instance_state": 34,
      "role": 7
    },
    "model": "core.irroleacl",
    "pk": 1002
  },
  {
    "fields": {
      "instance_resource": 85,
      "instance_state": 34,
      "role": 3
    },
    "model": "core.irroleacl",
    "pk": 1003
  },
  {
    "fields": {
      "instance_resource": 107,
      "instance_state": 34,
      "role": 3
    },
    "model": "core.irroleacl",
    "pk": 1004
  },
  {
    "fields": {
      "instance_resource": 145,
      "instance_state": 34,
      "role": 3
    },
    "model": "core.irroleacl",
    "pk": 1005
  },
  {
    "fields": {
      "instance_resource": 145,
      "instance_state": 34,
      "role": 6
    },
    "model": "core.irroleacl",
    "pk": 1006
  },
  {
    "fields": {
      "instance_resource": 165,
      "instance_state": 34,
      "role": 3
    },
    "model": "core.irroleacl",
    "pk": 1007
  },
  {
    "fields": {
      "instance_resource": 205,
      "instance_state": 34,
      "role": 3
    },
    "model": "core.irroleacl",
    "pk": 1008
  },
  {
    "fields": {
      "instance_resource": 246,
      "instance_state": 34,
      "role": 6
    },
    "model": "core.irroleacl",
    "pk": 1009
  },
  {
    "fields": {
      "instance_resource": 265,
      "instance_state": 34,
      "role": 6
    },
    "model": "core.irroleacl",
    "pk": 1010
  },
  {
    "fields": {
      "instance_resource": 285,
      "instance_state": 34,
      "role": 6
    },
    "model": "core.irroleacl",
    "pk": 1011
  },
  {
    "fields": {
      "instance_resource": 314,
      "instance_state": 34,
      "role": 3
    },
    "model": "core.irroleacl",
    "pk": 1012
  },
  {
    "fields": {
      "instance_resource": 315,
      "instance_state": 34,
      "role": 3
    },
    "model": "core.irroleacl",
    "pk": 1013
  },
  {
    "fields": {
      "instance_resource": 388,
      "instance_state": 34,
      "role": 1021
    },
    "model": "core.irroleacl",
    "pk": 1014
  },
  {
    "fields": {
      "instance_resource": 405,
      "instance_state": 34,
      "role": 6
    },
    "model": "core.irroleacl",
    "pk": 1015
  },
  {
    "fields": {
      "instance_resource": 505,
      "instance_state": 34,
      "role": 4
    },
    "model": "core.irroleacl",
    "pk": 1016
  },
  {
    "fields": {
      "instance_resource": 465,
      "instance_state": 34,
      "role": 1061
    },
    "model": "core.irroleacl",
    "pk": 1017
  },
  {
    "fields": {
      "instance_resource": 466,
      "instance_state": 34,
      "role": 6
    },
    "model": "core.irroleacl",
    "pk": 1018
  },
  {
    "fields": {
      "instance_resource": 466,
      "instance_state": 34,
      "role": 1061
    },
    "model": "core.irroleacl",
    "pk": 1019
  },
  {
    "fields": {
      "instance_resource": 467,
      "instance_state": 34,
      "role": 1061
    },
    "model": "core.irroleacl",
    "pk": 1020
  },
  {
    "fields": {
      "instance_resource": 485,
      "instance_state": 34,
      "role": 1061
    },
    "model": "core.irroleacl",
    "pk": 1021
  },
  {
    "fields": {
      "instance_resource": 486,
      "instance_state": 34,
      "role": 1061
    },
    "model": "core.irroleacl",
    "pk": 1022
  },
  {
    "fields": {
      "instance_resource": 488,
      "instance_state": 34,
      "role": 1061
    },
    "model": "core.irroleacl",
    "pk": 1023
  },
  {
    "fields": {
      "instance_resource": 490,
      "instance_state": 34,
      "role": 6
    },
    "model": "core.irroleacl",
    "pk": 1024
  },
  {
    "fields": {
      "instance_resource": 491,
      "instance_state": 34,
      "role": 7
    },
    "model": "core.irroleacl",
    "pk": 1025
  },
  {
    "fields": {
      "instance_resource": 526,
      "instance_state": 34,
      "role": 4
    },
    "model": "core.irroleacl",
    "pk": 1026
  },
  {
    "fields": {
      "instance_resource": 526,
      "instance_state": 34,
      "role": 1021
    },
    "model": "core.irroleacl",
    "pk": 1027
  },
  {
    "fields": {
      "instance_resource": 527,
      "instance_state": 34,
      "role": 4
    },
    "model": "core.irroleacl",
    "pk": 1028
  },
  {
    "fields": {
      "instance_resource": 527,
      "instance_state": 34,
      "role": 1021
    },
    "model": "core.irroleacl",
    "pk": 1029
  },
  {
    "fields": {
      "instance_resource": 545,
      "instance_state": 34,
      "role": 4
    },
    "model": "core.irroleacl",
    "pk": 1030
  },
  {
    "fields": {
      "instance_resource": 545,
      "instance_state": 34,
      "role": 1021
    },
    "model": "core.irroleacl",
    "pk": 1031
  },
  {
    "fields": {
      "instance_resource": 447,
      "instance_state": 34,
      "role": 3
    },
    "model": "core.irroleacl",
    "pk": 1032
  },
  {
    "fields": {
      "instance_resource": 447,
      "instance_state": 34,
      "role": 1061
    },
    "model": "core.irroleacl",
    "pk": 1033
  },
  {
    "fields": {
      "instance_resource": 327,
      "instance_state": 34,
      "role": 4
    },
    "model": "core.irroleacl",
    "pk": 1034
  },
  {
    "fields": {
      "instance_resource": 327,
      "instance_state": 34,
      "role": 1021
    },
    "model": "core.irroleacl",
    "pk": 1035
  },
  {
    "fields": {
      "instance_resource": 22,
      "instance_state": 34,
      "role": 4
    },
    "model": "core.irroleacl",
    "pk": 1036
  },
  {
    "fields": {
      "instance_resource": 22,
      "instance_state": 34,
      "role": 1021
    },
    "model": "core.irroleacl",
    "pk": 1037
  },
  {
    "fields": {
      "instance_resource": 525,
      "instance_state": 34,
      "role": 4
    },
    "model": "core.irroleacl",
    "pk": 1038
  },
  {
    "fields": {
      "instance_resource": 525,
      "instance_state": 34,
      "role": 1021
    },
    "model": "core.irroleacl",
    "pk": 1039
  },
  {
    "fields": {
      "instance_resource": 225,
      "instance_state": 34,
      "role": 6
    },
    "model": "core.irroleacl",
    "pk": 1040
  },
  {
    "fields": {
      "instance_resource": 225,
      "instance_state": 34,
      "role": 3
    },
    "model": "core.irroleacl",
    "pk": 1041
  },
  {
    "fields": {
      "instance_resource": 649,
      "instance_state": 34,
      "role": 1101
    },
    "model": "core.irroleacl",
    "pk": 1042
  },
  {
    "fields": {
      "instance_resource": 606,
      "instance_state": 34,
      "role": 1101
    },
    "model": "core.irroleacl",
    "pk": 1043
  },
  {
    "fields": {
      "instance_resource": 648,
      "instance_state": 34,
      "role": 1101
    },
    "model": "core.irroleacl",
    "pk": 1044
  },
  {
    "fields": {
      "instance_resource": 646,
      "instance_state": 34,
      "role": 1101
    },
    "model": "core.irroleacl",
    "pk": 1045
  },
  {
    "fields": {
      "instance_resource": 645,
      "instance_state": 34,
      "role": 1101
    },
    "model": "core.irroleacl",
    "pk": 1046
  },
  {
    "fields": {
      "instance_resource": 650,
      "instance_state": 34,
      "role": 1021
    },
    "model": "core.irroleacl",
    "pk": 1047
  },
  {
    "fields": {
      "instance_resource": 607,
      "instance_state": 34,
      "role": 1101
    },
    "model": "core.irroleacl",
    "pk": 1048
  },
  {
    "fields": {
      "instance_resource": 586,
      "instance_state": 34,
      "role": 4
    },
    "model": "core.irroleacl",
    "pk": 1049
  },
  {
    "fields": {
      "instance_resource": 647,
      "instance_state": 34,
      "role": 1101
    },
    "model": "core.irroleacl",
    "pk": 1050
  },
  {
    "fields": {
      "instance_resource": 650,
      "instance_state": 34,
      "role": 4
    },
    "model": "core.irroleacl",
    "pk": 1051
  },
  {
    "fields": {
      "instance_resource": 625,
      "instance_state": 34,
      "role": 1101
    },
    "model": "core.irroleacl",
    "pk": 1052
  },
  {
    "fields": {
      "instance_resource": 605,
      "instance_state": 34,
      "role": 1101
    },
    "model": "core.irroleacl",
    "pk": 1053
  },
  {
    "fields": {
      "instance_resource": 185,
      "instance_state": 34,
      "role": 1021
    },
    "model": "core.irroleacl",
    "pk": 1054
  },
  {
    "fields": {
      "instance_resource": 185,
      "instance_state": 34,
      "role": 1102
    },
    "model": "core.irroleacl",
    "pk": 1055
  },
  {
    "fields": {
      "instance_resource": 677,
      "instance_state": 34,
      "role": 1103
    },
    "model": "core.irroleacl",
    "pk": 1056
  },
  {
    "fields": {
      "instance_resource": 185,
      "instance_state": 34,
      "role": 4
    },
    "model": "core.irroleacl",
    "pk": 1057
  },
  {
    "fields": {
      "instance_resource": 691,
      "instance_state": 34,
      "role": 4
    },
    "model": "core.irroleacl",
    "pk": 1058
  },
  {
    "fields": {
      "instance_resource": 690,
      "instance_state": 34,
      "role": 1101
    },
    "model": "core.irroleacl",
    "pk": 1059
  },
  {
    "fields": {
      "instance_resource": 683,
      "instance_state": 34,
      "role": 3
    },
    "model": "core.irroleacl",
    "pk": 1060
  },
  {
    "fields": {
      "instance_resource": 447,
      "instance_state": 34,
      "role": 1101
    },
    "model": "core.irroleacl",
    "pk": 1061
  },
  {
    "fields": {
      "instance_resource": 684,
      "instance_state": 34,
      "role": 1061
    },
    "model": "core.irroleacl",
    "pk": 1062
  },
  {
    "fields": {
      "instance_resource": 692,
      "instance_state": 34,
      "role": 6
    },
    "model": "core.irroleacl",
    "pk": 1063
  },
  {
    "fields": {
      "instance_resource": 685,
      "instance_state": 34,
      "role": 6
    },
    "model": "core.irroleacl",
    "pk": 1064
  },
  {
    "fields": {
      "instance_resource": 704,
      "instance_state": 34,
      "role": 1106
    },
    "model": "core.irroleacl",
    "pk": 1065
  },
  {
    "fields": {
      "instance_resource": 714,
      "instance_state": 34,
      "role": 1107
    },
    "model": "core.irroleacl",
    "pk": 1066
  },
  {
    "fields": {
      "instance_resource": 741,
      "instance_state": 34,
      "role": 1128
    },
    "model": "core.irroleacl",
    "pk": 1067
  },
  {
    "fields": {
      "instance_resource": 711,
      "instance_state": 34,
      "role": 4
    },
    "model": "core.irroleacl",
    "pk": 1068
  },
  {
    "fields": {
      "instance_resource": 733,
      "instance_state": 34,
      "role": 1021
    },
    "model": "core.irroleacl",
    "pk": 1069
  },
  {
    "fields": {
      "instance_resource": 728,
      "instance_state": 34,
      "role": 1127
    },
    "model": "core.irroleacl",
    "pk": 1070
  },
  {
    "fields": {
      "instance_resource": 729,
      "instance_state": 34,
      "role": 1127
    },
    "model": "core.irroleacl",
    "pk": 1071
  },
  {
    "fields": {
      "instance_resource": 730,
      "instance_state": 34,
      "role": 1021
    },
    "model": "core.irroleacl",
    "pk": 1072
  },
  {
    "fields": {
      "instance_resource": 736,
      "instance_state": 34,
      "role": 1128
    },
    "model": "core.irroleacl",
    "pk": 1073
  },
  {
    "fields": {
      "instance_resource": 712,
      "instance_state": 34,
      "role": 1021
    },
    "model": "core.irroleacl",
    "pk": 1074
  },
  {
    "fields": {
      "instance_resource": 719,
      "instance_state": 34,
      "role": 1107
    },
    "model": "core.irroleacl",
    "pk": 1075
  },
  {
    "fields": {
      "instance_resource": 746,
      "instance_state": 34,
      "role": 3
    },
    "model": "core.irroleacl",
    "pk": 1076
  },
  {
    "fields": {
      "instance_resource": 705,
      "instance_state": 34,
      "role": 1106
    },
    "model": "core.irroleacl",
    "pk": 1077
  },
  {
    "fields": {
      "instance_resource": 699,
      "instance_state": 34,
      "role": 1106
    },
    "model": "core.irroleacl",
    "pk": 1078
  },
  {
    "fields": {
      "instance_resource": 724,
      "instance_state": 34,
      "role": 1127
    },
    "model": "core.irroleacl",
    "pk": 1079
  },
  {
    "fields": {
      "instance_resource": 748,
      "instance_state": 34,
      "role": 1107
    },
    "model": "core.irroleacl",
    "pk": 1080
  },
  {
    "fields": {
      "instance_resource": 721,
      "instance_state": 34,
      "role": 1107
    },
    "model": "core.irroleacl",
    "pk": 1081
  },
  {
    "fields": {
      "instance_resource": 750,
      "instance_state": 34,
      "role": 1128
    },
    "model": "core.irroleacl",
    "pk": 1082
  },
  {
    "fields": {
      "instance_resource": 710,
      "instance_state": 34,
      "role": 1103
    },
    "model": "core.irroleacl",
    "pk": 1083
  },
  {
    "fields": {
      "instance_resource": 700,
      "instance_state": 34,
      "role": 1106
    },
    "model": "core.irroleacl",
    "pk": 1084
  },
  {
    "fields": {
      "instance_resource": 710,
      "instance_state": 34,
      "role": 2
    },
    "model": "core.irroleacl",
    "pk": 1085
  },
  {
    "fields": {
      "instance_resource": 739,
      "instance_state": 34,
      "role": 1128
    },
    "model": "core.irroleacl",
    "pk": 1086
  },
  {
    "fields": {
      "instance_resource": 720,
      "instance_state": 34,
      "role": 1107
    },
    "model": "core.irroleacl",
    "pk": 1087
  },
  {
    "fields": {
      "instance_resource": 723,
      "instance_state": 34,
      "role": 1127
    },
    "model": "core.irroleacl",
    "pk": 1088
  },
  {
    "fields": {
      "instance_resource": 706,
      "instance_state": 34,
      "role": 1106
    },
    "model": "core.irroleacl",
    "pk": 1089
  },
  {
    "fields": {
      "instance_resource": 733,
      "instance_state": 34,
      "role": 4
    },
    "model": "core.irroleacl",
    "pk": 1090
  },
  {
    "fields": {
      "instance_resource": 712,
      "instance_state": 34,
      "role": 4
    },
    "model": "core.irroleacl",
    "pk": 1091
  },
  {
    "fields": {
      "instance_resource": 727,
      "instance_state": 34,
      "role": 1127
    },
    "model": "core.irroleacl",
    "pk": 1092
  },
  {
    "fields": {
      "instance_resource": 730,
      "instance_state": 34,
      "role": 4
    },
    "model": "core.irroleacl",
    "pk": 1093
  },
  {
    "fields": {
      "instance_resource": 740,
      "instance_state": 34,
      "role": 1128
    },
    "model": "core.irroleacl",
    "pk": 1094
  },
  {
    "fields": {
      "instance_resource": 717,
      "instance_state": 34,
      "role": 1107
    },
    "model": "core.irroleacl",
    "pk": 1095
  },
  {
    "fields": {
      "instance_resource": 735,
      "instance_state": 34,
      "role": 1128
    },
    "model": "core.irroleacl",
    "pk": 1096
  },
  {
    "fields": {
      "instance_resource": 726,
      "instance_state": 34,
      "role": 1127
    },
    "model": "core.irroleacl",
    "pk": 1097
  },
  {
    "fields": {
      "instance_resource": 738,
      "instance_state": 34,
      "role": 1128
    },
    "model": "core.irroleacl",
    "pk": 1098
  },
  {
    "fields": {
      "instance_resource": 737,
      "instance_state": 34,
      "role": 1128
    },
    "model": "core.irroleacl",
    "pk": 1099
  },
  {
    "fields": {
      "instance_resource": 747,
      "instance_state": 34,
      "role": 1106
    },
    "model": "core.irroleacl",
    "pk": 1100
  },
  {
    "fields": {
      "instance_resource": 701,
      "instance_state": 34,
      "role": 1106
    },
    "model": "core.irroleacl",
    "pk": 1101
  },
  {
    "fields": {
      "instance_resource": 716,
      "instance_state": 34,
      "role": 1107
    },
    "model": "core.irroleacl",
    "pk": 1102
  },
  {
    "fields": {
      "instance_resource": 725,
      "instance_state": 34,
      "role": 1127
    },
    "model": "core.irroleacl",
    "pk": 1103
  },
  {
    "fields": {
      "instance_resource": 711,
      "instance_state": 34,
      "role": 1021
    },
    "model": "core.irroleacl",
    "pk": 1104
  },
  {
    "fields": {
      "instance_resource": 749,
      "instance_state": 34,
      "role": 1127
    },
    "model": "core.irroleacl",
    "pk": 1105
  },
  {
    "fields": {
      "instance_resource": 715,
      "instance_state": 34,
      "role": 1107
    },
    "model": "core.irroleacl",
    "pk": 1106
  },
  {
    "fields": {
      "instance_resource": 702,
      "instance_state": 34,
      "role": 1106
    },
    "model": "core.irroleacl",
    "pk": 1107
  },
  {
    "fields": {
      "instance_resource": 707,
      "instance_state": 34,
      "role": 1106
    },
    "model": "core.irroleacl",
    "pk": 1108
  },
  {
    "fields": {
      "instance_resource": 695,
      "instance_state": 34,
      "role": 1105
    },
    "model": "core.irroleacl",
    "pk": 1109
  },
  {
    "fields": {
      "instance_resource": 696,
      "instance_state": 34,
      "role": 1105
    },
    "model": "core.irroleacl",
    "pk": 1110
  },
  {
    "fields": {
      "instance_resource": 565,
      "instance_state": 34,
      "role": 1081
    },
    "model": "core.irroleacl",
    "pk": 1111
  },
  {
    "fields": {
      "instance_resource": 585,
      "instance_state": 34,
      "role": 1081
    },
    "model": "core.irroleacl",
    "pk": 1112
  },
  {
    "fields": {
      "instance_resource": 751,
      "instance_state": 34,
      "role": 1081
    },
    "model": "core.irroleacl",
    "pk": 1113
  },
  {
    "fields": {
      "instance_resource": 447,
      "instance_state": 34,
      "role": 1106
    },
    "model": "core.irroleacl",
    "pk": 1114
  },
  {
    "fields": {
      "instance_resource": 447,
      "instance_state": 34,
      "role": 1127
    },
    "model": "core.irroleacl",
    "pk": 1115
  },
  {
    "fields": {
      "instance_resource": 447,
      "instance_state": 34,
      "role": 1128
    },
    "model": "core.irroleacl",
    "pk": 1116
  },
  {
    "fields": {
      "instance_resource": 447,
      "instance_state": 34,
      "role": 1107
    },
    "model": "core.irroleacl",
    "pk": 1117
  },
  {
    "fields": {
      "instance_resource": 735,
      "instance_state": 34,
      "role": 1129
    },
    "model": "core.irroleacl",
    "pk": 1118
  },
  {
    "fields": {
      "instance_resource": 736,
      "instance_state": 34,
      "role": 1129
    },
    "model": "core.irroleacl",
    "pk": 1119
  },
  {
    "fields": {
      "instance_resource": 737,
      "instance_state": 34,
      "role": 1129
    },
    "model": "core.irroleacl",
    "pk": 1120
  },
  {
    "fields": {
      "instance_resource": 738,
      "instance_state": 34,
      "role": 1129
    },
    "model": "core.irroleacl",
    "pk": 1121
  },
  {
    "fields": {
      "instance_resource": 750,
      "instance_state": 34,
      "role": 1129
    },
    "model": "core.irroleacl",
    "pk": 1122
  },
  {
    "fields": {
      "instance_resource": 740,
      "instance_state": 34,
      "role": 1129
    },
    "model": "core.irroleacl",
    "pk": 1123
  },
  {
    "fields": {
      "instance_resource": 752,
      "instance_state": 34,
      "role": 1129
    },
    "model": "core.irroleacl",
    "pk": 1124
  },
  {
    "fields": {
      "instance_resource": 753,
      "instance_state": 34,
      "role": 6
    },
    "model": "core.irroleacl",
    "pk": 1125
  },
  {
    "fields": {
      "instance_resource": 755,
      "instance_state": 34,
      "role": 1104
    },
    "model": "core.irroleacl",
    "pk": 1126
  },
  {
    "fields": {
      "instance_resource": 756,
      "instance_state": 34,
      "role": 1104
    },
    "model": "core.irroleacl",
    "pk": 1127
  },
  {
    "fields": {
      "instance_resource": 757,
      "instance_state": 34,
      "role": 1104
    },
    "model": "core.irroleacl",
    "pk": 1128
  },
  {
    "fields": {
      "instance_resource": 761,
      "instance_state": 34,
      "role": 1130
    },
    "model": "core.irroleacl",
    "pk": 1129
  },
  {
    "fields": {
      "instance_resource": 763,
      "instance_state": 34,
      "role": 1130
    },
    "model": "core.irroleacl",
    "pk": 1130
  },
  {
    "fields": {
      "instance_resource": 760,
      "instance_state": 34,
      "role": 1130
    },
    "model": "core.irroleacl",
    "pk": 1131
  },
  {
    "fields": {
      "instance_resource": 758,
      "instance_state": 34,
      "role": 1130
    },
    "model": "core.irroleacl",
    "pk": 1132
  },
  {
    "fields": {
      "instance_resource": 765,
      "instance_state": 34,
      "role": 6
    },
    "model": "core.irroleacl",
    "pk": 1133
  },
  {
    "fields": {
      "instance_resource": 766,
      "instance_state": 34,
      "role": 6
    },
    "model": "core.irroleacl",
    "pk": 1134
  },
  {
    "fields": {
      "instance_resource": 769,
      "instance_state": 34,
      "role": 1104
    },
    "model": "core.irroleacl",
    "pk": 1135
  },
  {
    "fields": {
      "instance_resource": 770,
      "instance_state": 34,
      "role": 1104
    },
    "model": "core.irroleacl",
    "pk": 1136
  },
  {
    "fields": {
      "instance_resource": 768,
      "instance_state": 34,
      "role": 1104
    },
    "model": "core.irroleacl",
    "pk": 1137
  },
  {
    "fields": {
      "instance_resource": 145,
      "instance_state": 32,
      "role": 3
    },
    "model": "core.irroleacl",
    "pk": 1138
  },
  {
    "fields": {
      "instance_resource": 165,
      "instance_state": 32,
      "role": 3
    },
    "model": "core.irroleacl",
    "pk": 1139
  },
  {
    "fields": {
      "instance_resource": 744,
      "instance_state": 21,
      "service": 261
    },
    "model": "core.irserviceacl",
    "pk": 1
  },
  {
    "fields": {
      "instance_resource": 744,
      "instance_state": 25,
      "service": 262
    },
    "model": "core.irserviceacl",
    "pk": 2
  },
  {
    "fields": {
      "instance_resource": 744,
      "instance_state": 24,
      "service": 88
    },
    "model": "core.irserviceacl",
    "pk": 3
  },
  {
    "fields": {
      "instance_resource": 744,
      "instance_state": 22,
      "service": 261
    },
    "model": "core.irserviceacl",
    "pk": 4
  },
  {
    "fields": {
      "instance_resource": 744,
      "instance_state": 21,
      "service": 88
    },
    "model": "core.irserviceacl",
    "pk": 5
  },
  {
    "fields": {
      "instance_resource": 744,
      "instance_state": 24,
      "service": 261
    },
    "model": "core.irserviceacl",
    "pk": 6
  },
  {
    "fields": {
      "instance_resource": 744,
      "instance_state": 23,
      "service": 262
    },
    "model": "core.irserviceacl",
    "pk": 7
  },
  {
    "fields": {
      "instance_resource": 744,
      "instance_state": 26,
      "service": 88
    },
    "model": "core.irserviceacl",
    "pk": 8
  },
  {
    "fields": {
      "instance_resource": 744,
      "instance_state": 24,
      "service": 262
    },
    "model": "core.irserviceacl",
    "pk": 9
  },
  {
    "fields": {
      "instance_resource": 744,
      "instance_state": 26,
      "service": 262
    },
    "model": "core.irserviceacl",
    "pk": 10
  },
  {
    "fields": {
      "instance_resource": 744,
      "instance_state": 22,
      "service": 262
    },
    "model": "core.irserviceacl",
    "pk": 11
  },
  {
    "fields": {
      "instance_resource": 744,
      "instance_state": 25,
      "service": 261
    },
    "model": "core.irserviceacl",
    "pk": 12
  },
  {
    "fields": {
      "instance_resource": 744,
      "instance_state": 26,
      "service": 261
    },
    "model": "core.irserviceacl",
    "pk": 13
  },
  {
    "fields": {
      "instance_resource": 744,
      "instance_state": 23,
      "service": 261
    },
    "model": "core.irserviceacl",
    "pk": 14
  },
  {
    "fields": {
      "instance_resource": 744,
      "instance_state": 21,
      "service": 262
    },
    "model": "core.irserviceacl",
    "pk": 15
  },
  {
    "fields": {
      "instance_resource": 744,
      "instance_state": 25,
      "service": 88
    },
    "model": "core.irserviceacl",
    "pk": 16
  },
  {
    "fields": {
      "instance_resource": 744,
      "instance_state": 22,
      "service": 88
    },
    "model": "core.irserviceacl",
    "pk": 17
  },
  {
    "fields": {
      "instance_resource": 744,
      "instance_state": 23,
      "service": 88
    },
    "model": "core.irserviceacl",
    "pk": 18
  },
  {
    "fields": {
      "instance_resource": 691,
      "instance_state": 22,
      "service": 304
    },
    "model": "core.irserviceacl",
    "pk": 34
  },
  {
    "fields": {
      "instance_resource": 691,
      "instance_state": 23,
      "service": 304
    },
    "model": "core.irserviceacl",
    "pk": 35
  },
  {
    "fields": {
      "instance_resource": 691,
      "instance_state": 24,
      "service": 304
    },
    "model": "core.irserviceacl",
    "pk": 36
  },
  {
    "fields": {
      "instance_resource": 691,
      "instance_state": 25,
      "service": 304
    },
    "model": "core.irserviceacl",
    "pk": 37
  },
  {
    "fields": {
      "instance_resource": 691,
      "instance_state": 26,
      "service": 304
    },
    "model": "core.irserviceacl",
    "pk": 38
  },
  {
    "fields": {
      "instance_resource": 691,
      "instance_state": 22,
      "service": 303
    },
    "model": "core.irserviceacl",
    "pk": 39
  },
  {
    "fields": {
      "instance_resource": 691,
      "instance_state": 23,
      "service": 303
    },
    "model": "core.irserviceacl",
    "pk": 40
  },
  {
    "fields": {
      "instance_resource": 691,
      "instance_state": 24,
      "service": 303
    },
    "model": "core.irserviceacl",
    "pk": 41
  },
  {
    "fields": {
      "instance_resource": 691,
      "instance_state": 25,
      "service": 303
    },
    "model": "core.irserviceacl",
    "pk": 42
  },
  {
    "fields": {
      "instance_resource": 691,
      "instance_state": 26,
      "service": 303
    },
    "model": "core.irserviceacl",
    "pk": 43
  },
  {
    "fields": {
      "instance_resource": 691,
      "instance_state": 22,
      "service": 41
    },
    "model": "core.irserviceacl",
    "pk": 44
  },
  {
    "fields": {
      "instance_resource": 691,
      "instance_state": 23,
      "service": 41
    },
    "model": "core.irserviceacl",
    "pk": 45
  },
  {
    "fields": {
      "instance_resource": 691,
      "instance_state": 24,
      "service": 41
    },
    "model": "core.irserviceacl",
    "pk": 46
  },
  {
    "fields": {
      "instance_resource": 691,
      "instance_state": 25,
      "service": 41
    },
    "model": "core.irserviceacl",
    "pk": 47
  },
  {
    "fields": {
      "instance_resource": 691,
      "instance_state": 26,
      "service": 41
    },
    "model": "core.irserviceacl",
    "pk": 48
  },
  {
    "fields": {
      "instance_resource": 744,
      "instance_state": 34,
      "service": 262
    },
    "model": "core.irserviceacl",
    "pk": 49
  },
  {
    "fields": {
      "instance_resource": 744,
      "instance_state": 34,
      "service": 261
    },
    "model": "core.irserviceacl",
    "pk": 50
  },
  {
    "fields": {
      "instance_resource": 744,
      "instance_state": 34,
      "service": 88
    },
    "model": "core.irserviceacl",
    "pk": 51
  },
  {
    "fields": {
      "instance_resource": 691,
      "instance_state": 34,
      "service": 304
    },
    "model": "core.irserviceacl",
    "pk": 52
  },
  {
    "fields": {
      "instance_resource": 691,
      "instance_state": 34,
      "service": 303
    },
    "model": "core.irserviceacl",
    "pk": 53
  },
  {
    "fields": {
      "instance_resource": 691,
      "instance_state": 34,
      "service": 41
    },
    "model": "core.irserviceacl",
    "pk": 54
  },
  {
    "fields": {
      "column_name": "ANSWER",
      "table_name": "ANSWER"
    },
    "model": "core.mapping",
    "pk": 1
  },
  {
    "fields": {
      "column_name": "LOCATION_ID",
      "table_name": "INSTANCE_LOCATION"
    },
    "model": "core.mapping",
    "pk": 21
  },
  {
    "fields": {
      "circulation_type": 41,
      "name": "Mitteilungen an die Koordinationsstelle"
    },
    "model": "core.noticetype",
    "pk": 23
  },
  {
    "fields": {
      "circulation_type": 61,
      "name": "R\u00fcckmeldung an Bausekretariat"
    },
    "model": "core.noticetype",
    "pk": 24
  },
  {
    "fields": {
      "circulation_type": 41,
      "name": "Mitteilungen an die Gemeindebaubeh\u00f6rde"
    },
    "model": "core.noticetype",
    "pk": 25
  },
  {
    "fields": {
      "circulation_type": 62,
      "name": "MItteilung an die Bundestelle"
    },
    "model": "core.noticetype",
    "pk": 26
  },
  {
    "fields": {
      "description": "",
      "javascript": "",
      "name": "Hauptformular"
    },
    "model": "core.page",
    "pk": 1
  },
  {
    "fields": {
      "description": "",
      "javascript": "",
      "name": "Hauptformular Zombie"
    },
    "model": "core.page",
    "pk": 21
  },
  {
    "fields": {
      "description": null,
      "javascript": null,
      "name": "Zirkulation"
    },
    "model": "core.page",
    "pk": 41
  },
  {
    "fields": {
      "description": "",
      "javascript": "",
      "name": "Hauptformular Nutzungsplanung"
    },
    "model": "core.page",
    "pk": 81
  },
  {
    "fields": {
      "description": "Eine andere Variante von der Seite f\u00fcr das Formular \"Beanspruchung Kantonsgebiet\"",
      "javascript": "",
      "name": "Hauptformular Kantonsgebiet"
    },
    "model": "core.page",
    "pk": 82
  },
  {
    "fields": {
      "description": "Diese Seite dient dazu, dass man Meta-Informationen zu einem Formular speichern kann.\nWird prim\u00e4r f\u00fcr das Portal benutzt, um zu speichern, wer dass das Dossier eingereicht hat. Ansonsten m\u00fcsste man die ACL wieder einf\u00fchren. Wenn es in der bestehenden Seite ist, wird das Feld immer wieder mit leer \u00fcberschrieben!",
      "javascript": "",
      "name": "Meta"
    },
    "model": "core.page",
    "pk": 83
  },
  {
    "fields": {
      "form": 44,
      "page": 41,
      "page_form_group": 1,
      "page_form_mode": 4,
      "sort": 2
    },
    "model": "core.pageform",
    "pk": 1
  },
  {
    "fields": {
      "form": 21,
      "page": 1,
      "page_form_group": 1,
      "page_form_mode": 3,
      "sort": 0
    },
    "model": "core.pageform",
    "pk": 2
  },
  {
    "fields": {
      "form": 41,
      "page": 1,
      "page_form_group": 1,
      "page_form_mode": 3,
      "sort": 0
    },
    "model": "core.pageform",
    "pk": 3
  },
  {
    "fields": {
      "form": 42,
      "page": 1,
      "page_form_group": 1,
      "page_form_mode": 3,
      "sort": 0
    },
    "model": "core.pageform",
    "pk": 4
  },
  {
    "fields": {
      "form": 43,
      "page": 1,
      "page_form_group": 1,
      "page_form_mode": 3,
      "sort": 0
    },
    "model": "core.pageform",
    "pk": 5
  },
  {
    "fields": {
      "form": 44,
      "page": 1,
      "page_form_group": 1,
      "page_form_mode": 3,
      "sort": 0
    },
    "model": "core.pageform",
    "pk": 6
  },
  {
    "fields": {
      "form": 45,
      "page": 1,
      "page_form_group": 1,
      "page_form_mode": 3,
      "sort": 0
    },
    "model": "core.pageform",
    "pk": 7
  },
  {
    "fields": {
      "form": 46,
      "page": 1,
      "page_form_group": 1,
      "page_form_mode": 3,
      "sort": 0
    },
    "model": "core.pageform",
    "pk": 8
  },
  {
    "fields": {
      "form": 47,
      "page": 1,
      "page_form_group": 1,
      "page_form_mode": 3,
      "sort": 0
    },
    "model": "core.pageform",
    "pk": 9
  },
  {
    "fields": {
      "form": 61,
      "page": 1,
      "page_form_group": 1,
      "page_form_mode": 3,
      "sort": 0
    },
    "model": "core.pageform",
    "pk": 10
  },
  {
    "fields": {
      "form": 41,
      "page": 41,
      "page_form_group": 1,
      "page_form_mode": 4,
      "sort": 1
    },
    "model": "core.pageform",
    "pk": 11
  },
  {
    "fields": {
      "form": 43,
      "page": 41,
      "page_form_group": 1,
      "page_form_mode": 4,
      "sort": 1
    },
    "model": "core.pageform",
    "pk": 12
  },
  {
    "fields": {
      "form": 46,
      "page": 41,
      "page_form_group": 1,
      "page_form_mode": 4,
      "sort": 2
    },
    "model": "core.pageform",
    "pk": 13
  },
  {
    "fields": {
      "form": 45,
      "page": 41,
      "page_form_group": 1,
      "page_form_mode": 4,
      "sort": 2
    },
    "model": "core.pageform",
    "pk": 14
  },
  {
    "fields": {
      "form": 21,
      "page": 41,
      "page_form_group": 1,
      "page_form_mode": 4,
      "sort": 1
    },
    "model": "core.pageform",
    "pk": 15
  },
  {
    "fields": {
      "form": 42,
      "page": 41,
      "page_form_group": 1,
      "page_form_mode": 4,
      "sort": 1
    },
    "model": "core.pageform",
    "pk": 16
  },
  {
    "fields": {
      "form": 121,
      "page": 1,
      "page_form_group": 1,
      "page_form_mode": 3,
      "sort": 0
    },
    "model": "core.pageform",
    "pk": 17
  },
  {
    "fields": {
      "form": 101,
      "page": 81,
      "page_form_group": 1,
      "page_form_mode": 3,
      "sort": 0
    },
    "model": "core.pageform",
    "pk": 18
  },
  {
    "fields": {
      "form": 121,
      "page": 41,
      "page_form_group": 1,
      "page_form_mode": 4,
      "sort": 1
    },
    "model": "core.pageform",
    "pk": 19
  },
  {
    "fields": {
      "form": 102,
      "page": 81,
      "page_form_group": 1,
      "page_form_mode": 3,
      "sort": 0
    },
    "model": "core.pageform",
    "pk": 20
  },
  {
    "fields": {
      "form": 103,
      "page": 81,
      "page_form_group": 1,
      "page_form_mode": 3,
      "sort": 0
    },
    "model": "core.pageform",
    "pk": 21
  },
  {
    "fields": {
      "form": 104,
      "page": 81,
      "page_form_group": 1,
      "page_form_mode": 3,
      "sort": 0
    },
    "model": "core.pageform",
    "pk": 22
  },
  {
    "fields": {
      "form": 105,
      "page": 81,
      "page_form_group": 1,
      "page_form_mode": 3,
      "sort": 0
    },
    "model": "core.pageform",
    "pk": 23
  },
  {
    "fields": {
      "form": 106,
      "page": 81,
      "page_form_group": 1,
      "page_form_mode": 3,
      "sort": 0
    },
    "model": "core.pageform",
    "pk": 24
  },
  {
    "fields": {
      "form": 107,
      "page": 81,
      "page_form_group": 1,
      "page_form_mode": 3,
      "sort": 0
    },
    "model": "core.pageform",
    "pk": 25
  },
  {
    "fields": {
      "form": 108,
      "page": 81,
      "page_form_group": 1,
      "page_form_mode": 3,
      "sort": 0
    },
    "model": "core.pageform",
    "pk": 26
  },
  {
    "fields": {
      "form": 141,
      "page": 1,
      "page_form_group": 1,
      "page_form_mode": 3,
      "sort": 0
    },
    "model": "core.pageform",
    "pk": 27
  },
  {
    "fields": {
      "form": 141,
      "page": 41,
      "page_form_group": 1,
      "page_form_mode": 4,
      "sort": 1
    },
    "model": "core.pageform",
    "pk": 28
  },
  {
    "fields": {
      "form": 107,
      "page": 41,
      "page_form_group": 1,
      "page_form_mode": 4,
      "sort": 1
    },
    "model": "core.pageform",
    "pk": 29
  },
  {
    "fields": {
      "form": 105,
      "page": 41,
      "page_form_group": 1,
      "page_form_mode": 4,
      "sort": 1
    },
    "model": "core.pageform",
    "pk": 30
  },
  {
    "fields": {
      "form": 102,
      "page": 41,
      "page_form_group": 1,
      "page_form_mode": 4,
      "sort": 1
    },
    "model": "core.pageform",
    "pk": 31
  },
  {
    "fields": {
      "form": 103,
      "page": 41,
      "page_form_group": 1,
      "page_form_mode": 4,
      "sort": 1
    },
    "model": "core.pageform",
    "pk": 32
  },
  {
    "fields": {
      "form": 101,
      "page": 41,
      "page_form_group": 1,
      "page_form_mode": 4,
      "sort": 1
    },
    "model": "core.pageform",
    "pk": 33
  },
  {
    "fields": {
      "form": 108,
      "page": 41,
      "page_form_group": 1,
      "page_form_mode": 4,
      "sort": 1
    },
    "model": "core.pageform",
    "pk": 34
  },
  {
    "fields": {
      "form": 104,
      "page": 41,
      "page_form_group": 1,
      "page_form_mode": 4,
      "sort": 1
    },
    "model": "core.pageform",
    "pk": 35
  },
  {
    "fields": {
      "form": 106,
      "page": 41,
      "page_form_group": 1,
      "page_form_mode": 1,
      "sort": 1
    },
    "model": "core.pageform",
    "pk": 36
  },
  {
    "fields": {
      "form": 161,
      "page": 81,
      "page_form_group": 1,
      "page_form_mode": 3,
      "sort": 0
    },
    "model": "core.pageform",
    "pk": 37
  },
  {
    "fields": {
      "form": 161,
      "page": 41,
      "page_form_group": 1,
      "page_form_mode": 4,
      "sort": 1
    },
    "model": "core.pageform",
    "pk": 38
  },
  {
    "fields": {
      "form": 244,
      "page": 1,
      "page_form_group": 1,
      "page_form_mode": 3,
      "sort": 0
    },
    "model": "core.pageform",
    "pk": 39
  },
  {
    "fields": {
      "form": 221,
      "page": 1,
      "page_form_group": 1,
      "page_form_mode": 3,
      "sort": 0
    },
    "model": "core.pageform",
    "pk": 40
  },
  {
    "fields": {
      "form": 248,
      "page": 41,
      "page_form_group": 1,
      "page_form_mode": 4,
      "sort": 1
    },
    "model": "core.pageform",
    "pk": 41
  },
  {
    "fields": {
      "form": 181,
      "page": 1,
      "page_form_group": 1,
      "page_form_mode": 3,
      "sort": 0
    },
    "model": "core.pageform",
    "pk": 42
  },
  {
    "fields": {
      "form": 241,
      "page": 41,
      "page_form_group": 1,
      "page_form_mode": 4,
      "sort": 1
    },
    "model": "core.pageform",
    "pk": 43
  },
  {
    "fields": {
      "form": 246,
      "page": 41,
      "page_form_group": 1,
      "page_form_mode": 4,
      "sort": 1
    },
    "model": "core.pageform",
    "pk": 44
  },
  {
    "fields": {
      "form": 241,
      "page": 1,
      "page_form_group": 1,
      "page_form_mode": 3,
      "sort": 0
    },
    "model": "core.pageform",
    "pk": 45
  },
  {
    "fields": {
      "form": 247,
      "page": 41,
      "page_form_group": 1,
      "page_form_mode": 4,
      "sort": 1
    },
    "model": "core.pageform",
    "pk": 46
  },
  {
    "fields": {
      "form": 249,
      "page": 41,
      "page_form_group": 1,
      "page_form_mode": 4,
      "sort": 1
    },
    "model": "core.pageform",
    "pk": 47
  },
  {
    "fields": {
      "form": 249,
      "page": 1,
      "page_form_group": 1,
      "page_form_mode": 3,
      "sort": 0
    },
    "model": "core.pageform",
    "pk": 48
  },
  {
    "fields": {
      "form": 224,
      "page": 41,
      "page_form_group": 1,
      "page_form_mode": 4,
      "sort": 1
    },
    "model": "core.pageform",
    "pk": 49
  },
  {
    "fields": {
      "form": 222,
      "page": 1,
      "page_form_group": 1,
      "page_form_mode": 3,
      "sort": 0
    },
    "model": "core.pageform",
    "pk": 50
  },
  {
    "fields": {
      "form": 224,
      "page": 1,
      "page_form_group": 1,
      "page_form_mode": 3,
      "sort": 0
    },
    "model": "core.pageform",
    "pk": 51
  },
  {
    "fields": {
      "form": 201,
      "page": 1,
      "page_form_group": 1,
      "page_form_mode": 3,
      "sort": 0
    },
    "model": "core.pageform",
    "pk": 52
  },
  {
    "fields": {
      "form": 243,
      "page": 41,
      "page_form_group": 1,
      "page_form_mode": 4,
      "sort": 1
    },
    "model": "core.pageform",
    "pk": 53
  },
  {
    "fields": {
      "form": 222,
      "page": 41,
      "page_form_group": 1,
      "page_form_mode": 4,
      "sort": 1
    },
    "model": "core.pageform",
    "pk": 54
  },
  {
    "fields": {
      "form": 242,
      "page": 1,
      "page_form_group": 1,
      "page_form_mode": 3,
      "sort": 0
    },
    "model": "core.pageform",
    "pk": 55
  },
  {
    "fields": {
      "form": 181,
      "page": 41,
      "page_form_group": 1,
      "page_form_mode": 4,
      "sort": 1
    },
    "model": "core.pageform",
    "pk": 56
  },
  {
    "fields": {
      "form": 223,
      "page": 1,
      "page_form_group": 1,
      "page_form_mode": 3,
      "sort": 0
    },
    "model": "core.pageform",
    "pk": 57
  },
  {
    "fields": {
      "form": 242,
      "page": 41,
      "page_form_group": 1,
      "page_form_mode": 4,
      "sort": 1
    },
    "model": "core.pageform",
    "pk": 58
  },
  {
    "fields": {
      "form": 247,
      "page": 82,
      "page_form_group": 1,
      "page_form_mode": 3,
      "sort": 0
    },
    "model": "core.pageform",
    "pk": 59
  },
  {
    "fields": {
      "form": 245,
      "page": 1,
      "page_form_group": 1,
      "page_form_mode": 3,
      "sort": 0
    },
    "model": "core.pageform",
    "pk": 60
  },
  {
    "fields": {
      "form": 245,
      "page": 41,
      "page_form_group": 1,
      "page_form_mode": 4,
      "sort": 1
    },
    "model": "core.pageform",
    "pk": 61
  },
  {
    "fields": {
      "form": 221,
      "page": 41,
      "page_form_group": 1,
      "page_form_mode": 4,
      "sort": 1
    },
    "model": "core.pageform",
    "pk": 62
  },
  {
    "fields": {
      "form": 248,
      "page": 1,
      "page_form_group": 1,
      "page_form_mode": 3,
      "sort": 0
    },
    "model": "core.pageform",
    "pk": 63
  },
  {
    "fields": {
      "form": 243,
      "page": 1,
      "page_form_group": 1,
      "page_form_mode": 3,
      "sort": 0
    },
    "model": "core.pageform",
    "pk": 64
  },
  {
    "fields": {
      "form": 225,
      "page": 41,
      "page_form_group": 1,
      "page_form_mode": 1,
      "sort": 1
    },
    "model": "core.pageform",
    "pk": 65
  },
  {
    "fields": {
      "form": 244,
      "page": 41,
      "page_form_group": 1,
      "page_form_mode": 4,
      "sort": 1
    },
    "model": "core.pageform",
    "pk": 66
  },
  {
    "fields": {
      "form": 201,
      "page": 41,
      "page_form_group": 1,
      "page_form_mode": 4,
      "sort": 1
    },
    "model": "core.pageform",
    "pk": 67
  },
  {
    "fields": {
      "form": 246,
      "page": 1,
      "page_form_group": 1,
      "page_form_mode": 3,
      "sort": 0
    },
    "model": "core.pageform",
    "pk": 68
  },
  {
    "fields": {
      "form": 223,
      "page": 41,
      "page_form_group": 1,
      "page_form_mode": 4,
      "sort": 1
    },
    "model": "core.pageform",
    "pk": 69
  },
  {
    "fields": {
      "form": 225,
      "page": 1,
      "page_form_group": 1,
      "page_form_mode": 3,
      "sort": 0
    },
    "model": "core.pageform",
    "pk": 70
  },
  {
    "fields": {
      "form": 61,
      "page": 83,
      "page_form_group": 1,
      "page_form_mode": 1,
      "sort": 1
    },
    "model": "core.pageform",
    "pk": 71
  },
  {
    "fields": {
      "form": 121,
      "page": 83,
      "page_form_group": 1,
      "page_form_mode": 1,
      "sort": 2
    },
    "model": "core.pageform",
    "pk": 72
  },
  {
    "fields": {
      "form": 47,
      "page": 83,
      "page_form_group": 1,
      "page_form_mode": 1,
      "sort": 1
    },
    "model": "core.pageform",
    "pk": 73
  },
  {
    "fields": {
      "form": 44,
      "page": 83,
      "page_form_group": 1,
      "page_form_mode": 1,
      "sort": 1
    },
    "model": "core.pageform",
    "pk": 74
  },
  {
    "fields": {
      "form": 249,
      "page": 83,
      "page_form_group": 1,
      "page_form_mode": 1,
      "sort": 2
    },
    "model": "core.pageform",
    "pk": 75
  },
  {
    "fields": {
      "form": 141,
      "page": 83,
      "page_form_group": 1,
      "page_form_mode": 1,
      "sort": 2
    },
    "model": "core.pageform",
    "pk": 76
  },
  {
    "fields": {
      "form": 250,
      "page": 83,
      "page_form_group": 1,
      "page_form_mode": 1,
      "sort": 3
    },
    "model": "core.pageform",
    "pk": 77
  },
  {
    "fields": {
      "form": 260,
      "page": 41,
      "page_form_group": 1,
      "page_form_mode": 4,
      "sort": 1
    },
    "model": "core.pageform",
    "pk": 78
  },
  {
    "fields": {
      "form": 255,
      "page": 1,
      "page_form_group": 1,
      "page_form_mode": 3,
      "sort": 0
    },
    "model": "core.pageform",
    "pk": 79
  },
  {
    "fields": {
      "form": 257,
      "page": 1,
      "page_form_group": 1,
      "page_form_mode": 3,
      "sort": 0
    },
    "model": "core.pageform",
    "pk": 80
  },
  {
    "fields": {
      "form": 282,
      "page": 1,
      "page_form_group": 1,
      "page_form_mode": 3,
      "sort": 0
    },
    "model": "core.pageform",
    "pk": 81
  },
  {
    "fields": {
      "form": 258,
      "page": 1,
      "page_form_group": 1,
      "page_form_mode": 3,
      "sort": 0
    },
    "model": "core.pageform",
    "pk": 82
  },
  {
    "fields": {
      "form": 260,
      "page": 1,
      "page_form_group": 1,
      "page_form_mode": 3,
      "sort": 0
    },
    "model": "core.pageform",
    "pk": 83
  },
  {
    "fields": {
      "form": 259,
      "page": 41,
      "page_form_group": 1,
      "page_form_mode": 4,
      "sort": 1
    },
    "model": "core.pageform",
    "pk": 84
  },
  {
    "fields": {
      "form": 250,
      "page": 81,
      "page_form_group": 1,
      "page_form_mode": 3,
      "sort": 0
    },
    "model": "core.pageform",
    "pk": 85
  },
  {
    "fields": {
      "form": 284,
      "page": 41,
      "page_form_group": 1,
      "page_form_mode": 4,
      "sort": 1
    },
    "model": "core.pageform",
    "pk": 86
  },
  {
    "fields": {
      "form": 254,
      "page": 1,
      "page_form_group": 1,
      "page_form_mode": 3,
      "sort": 0
    },
    "model": "core.pageform",
    "pk": 87
  },
  {
    "fields": {
      "form": 251,
      "page": 1,
      "page_form_group": 1,
      "page_form_mode": 3,
      "sort": 0
    },
    "model": "core.pageform",
    "pk": 88
  },
  {
    "fields": {
      "form": 252,
      "page": 41,
      "page_form_group": 1,
      "page_form_mode": 4,
      "sort": 1
    },
    "model": "core.pageform",
    "pk": 89
  },
  {
    "fields": {
      "form": 257,
      "page": 41,
      "page_form_group": 1,
      "page_form_mode": 4,
      "sort": 1
    },
    "model": "core.pageform",
    "pk": 90
  },
  {
    "fields": {
      "form": 256,
      "page": 1,
      "page_form_group": 1,
      "page_form_mode": 3,
      "sort": 0
    },
    "model": "core.pageform",
    "pk": 91
  },
  {
    "fields": {
      "form": 281,
      "page": 1,
      "page_form_group": 1,
      "page_form_mode": 3,
      "sort": 1
    },
    "model": "core.pageform",
    "pk": 92
  },
  {
    "fields": {
      "form": 285,
      "page": 1,
      "page_form_group": 1,
      "page_form_mode": 3,
      "sort": 0
    },
    "model": "core.pageform",
    "pk": 93
  },
  {
    "fields": {
      "form": 250,
      "page": 1,
      "page_form_group": 1,
      "page_form_mode": 3,
      "sort": 1
    },
    "model": "core.pageform",
    "pk": 94
  },
  {
    "fields": {
      "form": 46,
      "page": 81,
      "page_form_group": 1,
      "page_form_mode": 3,
      "sort": 1
    },
    "model": "core.pageform",
    "pk": 95
  },
  {
    "fields": {
      "form": 253,
      "page": 1,
      "page_form_group": 1,
      "page_form_mode": 3,
      "sort": 0
    },
    "model": "core.pageform",
    "pk": 96
  },
  {
    "fields": {
      "form": 261,
      "page": 41,
      "page_form_group": 1,
      "page_form_mode": 4,
      "sort": 1
    },
    "model": "core.pageform",
    "pk": 97
  },
  {
    "fields": {
      "form": 281,
      "page": 41,
      "page_form_group": 1,
      "page_form_mode": 4,
      "sort": 2
    },
    "model": "core.pageform",
    "pk": 98
  },
  {
    "fields": {
      "form": 259,
      "page": 1,
      "page_form_group": 1,
      "page_form_mode": 3,
      "sort": 0
    },
    "model": "core.pageform",
    "pk": 99
  },
  {
    "fields": {
      "form": 261,
      "page": 81,
      "page_form_group": 1,
      "page_form_mode": 3,
      "sort": 0
    },
    "model": "core.pageform",
    "pk": 100
  },
  {
    "fields": {
      "form": 45,
      "page": 81,
      "page_form_group": 1,
      "page_form_mode": 3,
      "sort": 1
    },
    "model": "core.pageform",
    "pk": 101
  },
  {
    "fields": {
      "form": 251,
      "page": 41,
      "page_form_group": 1,
      "page_form_mode": 4,
      "sort": 1
    },
    "model": "core.pageform",
    "pk": 102
  },
  {
    "fields": {
      "form": 282,
      "page": 41,
      "page_form_group": 1,
      "page_form_mode": 4,
      "sort": 1
    },
    "model": "core.pageform",
    "pk": 103
  },
  {
    "fields": {
      "form": 285,
      "page": 41,
      "page_form_group": 1,
      "page_form_mode": 4,
      "sort": 1
    },
    "model": "core.pageform",
    "pk": 104
  },
  {
    "fields": {
      "form": 258,
      "page": 41,
      "page_form_group": 1,
      "page_form_mode": 4,
      "sort": 1
    },
    "model": "core.pageform",
    "pk": 105
  },
  {
    "fields": {
      "form": 250,
      "page": 41,
      "page_form_group": 1,
      "page_form_mode": 1,
      "sort": 4
    },
    "model": "core.pageform",
    "pk": 106
  },
  {
    "fields": {
      "form": 284,
      "page": 81,
      "page_form_group": 1,
      "page_form_mode": 3,
      "sort": 0
    },
    "model": "core.pageform",
    "pk": 107
  },
  {
    "fields": {
      "form": 253,
      "page": 41,
      "page_form_group": 1,
      "page_form_mode": 4,
      "sort": 1
    },
    "model": "core.pageform",
    "pk": 108
  },
  {
    "fields": {
      "form": 261,
      "page": 1,
      "page_form_group": 1,
      "page_form_mode": 1,
      "sort": 2
    },
    "model": "core.pageform",
    "pk": 109
  },
  {
    "fields": {
      "form": 252,
      "page": 1,
      "page_form_group": 1,
      "page_form_mode": 3,
      "sort": 0
    },
    "model": "core.pageform",
    "pk": 110
  },
  {
    "fields": {
      "form": 254,
      "page": 41,
      "page_form_group": 1,
      "page_form_mode": 4,
      "sort": 1
    },
    "model": "core.pageform",
    "pk": 111
  },
  {
    "fields": {
      "form": 256,
      "page": 41,
      "page_form_group": 1,
      "page_form_mode": 4,
      "sort": 1
    },
    "model": "core.pageform",
    "pk": 112
  },
  {
    "fields": {
      "form": 255,
      "page": 41,
      "page_form_group": 1,
      "page_form_mode": 4,
      "sort": 1
    },
    "model": "core.pageform",
    "pk": 113
  },
  {
    "fields": {
      "form": 286,
      "page": 82,
      "page_form_group": 1,
      "page_form_mode": 3,
      "sort": 0
    },
    "model": "core.pageform",
    "pk": 114
  },
  {
    "fields": {
      "form": 286,
      "page": 41,
      "page_form_group": 1,
      "page_form_mode": 4,
      "sort": 1
    },
    "model": "core.pageform",
    "pk": 115
  },
  {
    "fields": {
      "form": 287,
      "page": 1,
      "page_form_group": 1,
      "page_form_mode": 3,
      "sort": 0
    },
    "model": "core.pageform",
    "pk": 116
  },
  {
    "fields": {
      "form": 287,
      "page": 41,
      "page_form_group": 1,
      "page_form_mode": 4,
      "sort": 1
    },
    "model": "core.pageform",
    "pk": 117
  },
  {
    "fields": {
      "form": 288,
      "page": 1,
      "page_form_group": 1,
      "page_form_mode": 3,
      "sort": 0
    },
    "model": "core.pageform",
    "pk": 118
  },
  {
    "fields": {
      "form": 288,
      "page": 41,
      "page_form_group": 1,
      "page_form_mode": 4,
      "sort": 1
    },
    "model": "core.pageform",
    "pk": 119
  },
  {
    "fields": {
      "form": 289,
      "page": 1,
      "page_form_group": 1,
      "page_form_mode": 3,
      "sort": 0
    },
    "model": "core.pageform",
    "pk": 120
  },
  {
    "fields": {
      "form": 289,
      "page": 41,
      "page_form_group": 1,
      "page_form_mode": 4,
      "sort": 1
    },
    "model": "core.pageform",
    "pk": 121
  },
  {
    "fields": {
      "form": 291,
      "page": 1,
      "page_form_group": 1,
      "page_form_mode": 3,
      "sort": 0
    },
    "model": "core.pageform",
    "pk": 122
  },
  {
    "fields": {
      "form": 291,
      "page": 41,
      "page_form_group": 1,
      "page_form_mode": 4,
      "sort": 1
    },
    "model": "core.pageform",
    "pk": 123
  },
  {
    "fields": {
      "form": 290,
      "page": 1,
      "page_form_group": 1,
      "page_form_mode": 3,
      "sort": 0
    },
    "model": "core.pageform",
    "pk": 124
  },
  {
    "fields": {
      "form": 290,
      "page": 41,
      "page_form_group": 1,
      "page_form_mode": 4,
      "sort": 1
    },
    "model": "core.pageform",
    "pk": 125
  },
  {
    "fields": {
      "form": 290,
      "page": 83,
      "page_form_group": 1,
      "page_form_mode": 1,
      "sort": 2
    },
    "model": "core.pageform",
    "pk": 126
  },
  {
    "fields": {
      "form": 47,
      "page": 41,
      "page_form_group": 1,
      "page_form_mode": 1,
      "sort": 1
    },
    "model": "core.pageform",
    "pk": 127
  },
  {
    "fields": {
      "form": 292,
      "page": 1,
      "page_form_group": 1,
      "page_form_mode": 3,
      "sort": 0
    },
    "model": "core.pageform",
    "pk": 128
  },
  {
    "fields": {
      "form": 292,
      "page": 41,
      "page_form_group": 1,
      "page_form_mode": 4,
      "sort": 1
    },
    "model": "core.pageform",
    "pk": 129
  },
  {
    "fields": {
      "form": 293,
      "page": 1,
      "page_form_group": 1,
      "page_form_mode": 3,
      "sort": 0
    },
    "model": "core.pageform",
    "pk": 130
  },
  {
    "fields": {
      "name": "Group 1"
    },
    "model": "core.pageformgroup",
    "pk": 1
  },
  {
    "fields": {
      "name": "test"
    },
    "model": "core.pageformgroup",
    "pk": 21
  },
  {
    "fields": {
      "name": "Additional"
    },
    "model": "core.pageformmode",
    "pk": 1
  },
  {
    "fields": {
      "name": "Activable"
    },
    "model": "core.pageformmode",
    "pk": 2
  },
  {
    "fields": {
      "name": "Required"
    },
    "model": "core.pageformmode",
    "pk": 3
  },
  {
    "fields": {
      "name": "Instance resource"
    },
    "model": "core.pageformmode",
    "pk": 4
  },
  {
    "fields": {
      "key": "duration",
      "type": 1,
      "value": "20 Tage"
    },
    "model": "core.publicationsetting",
    "pk": 2
  },
  {
    "fields": {
      "key": "fromEmail",
      "type": 1,
      "value": "camac@ur.ch"
    },
    "model": "core.publicationsetting",
    "pk": 3
  },
  {
    "fields": {
      "key": "text",
      "type": 1,
      "value": "Gemeindebaubeh\u00f6rde [@authority]\r\n\r\nStandeskanzlei Uri\r\nRedaktion Amtsblatt\r\nRathaus\r\n6460 Altdorf\r\n\r\n[@zip] [@location], [@date]\r\n\r\n\r\nMeldung einer Bauplanauflage zur Publikation im Amtsblatt unter der Rubrik\r\n\"Bau und Planungsrecht\"\r\n\r\nSehr geehrte Damen und Herren\r\n\r\nWir bitten Sie, folgende Bauplanauflage im Amtsblatt vom Freitag [@publishDate]\r\nzu publizieren:\r\n\r\n[@community]\r\n\r\nBauherrschaft:[@c1q221i1] [@c1q23i1], [@c1q61i1], [@c1q62i1]\r\nBauvorhaben: [@intent]\r\nBauplatz: [@c21q93i1]\r\nParzelle: [@c21q91i1]\r\nBemerkungen: [@note]\r\n\r\n\r\n\r\n\r\nWir danken Ihnen f\u00fcr Ihre Bem\u00fchungen und stehen bei Fragen gerne zur Verf\u00fcgung\r\n\r\nFreundliche Gr\u00fcsse\r\n\r\nGemeindebaubeh\u00f6rde [@authority]\r\n\r\n\r\n[@zip] [@location], [@date]\r\n"
    },
    "model": "core.publicationsetting",
    "pk": 4
  },
  {
    "fields": {
      "key": "toEmail",
      "type": 1,
      "value": "amtsblatt@ur.ch"
    },
    "model": "core.publicationsetting",
    "pk": 5
  },
  {
    "fields": {
      "key": "stopText",
      "type": 1,
      "value": "Gemeindebaubeh\u00f6rde [@authority]\n\nStandeskanzlei Uri\nRedaktion Amtsblatt\nRathaus\n6460 Altdorf\n\n[@zip] [@location], [@date]\n\n\nSTOPP - Meldung einer Bauplanauflage\n\nSehr geehrte Damen und Herren\n\nVia CAMAC haben Sie die Meldung zur folgenden Bauplanauflage erhalten.\n\n[@community]\n\nBauherrschaft:[@c1q221i1] [@c1q23i1], [@c1q61i1], [@c1q62i1]\nBauvorhaben: [@intent]\nBauplatz: [@c21q93i1]\nParzelle: [@c21q91i1]\nBemerkungen: [@note]\nPublikationsdatum: [@publishDate]\n\n\nWir bitten Sie, die Bauplanauflage zu STOPPEN. Sofern das Vorhaben weiterverfolgt wird, erhalten Sie zu gegebener Zeit eine neue Publikationsmeldung.\n\nWir danken Ihnen f\u00fcr Ihre Bem\u00fchungen und stehen bei Fragen gerne zur Verf\u00fcgung\n\nFreundliche Gr\u00fcsse\n\nGemeindebaubeh\u00f6rde [@authority]\n\n\n[@zip] [@location], [@date]\n"
    },
    "model": "core.publicationsetting",
    "pk": 6
  },
  {
    "fields": {
      "key": "duration",
      "type": 2,
      "value": "30 Tage"
    },
    "model": "core.publicationsetting",
    "pk": 7
  },
  {
    "fields": {
      "key": "fromEmail",
      "type": 2,
      "value": "camac@ur.ch"
    },
    "model": "core.publicationsetting",
    "pk": 8
  },
  {
    "fields": {
      "key": "text",
      "type": 2,
      "value": "Gemeinde [@location]\n\nAltdorf, [@date]\n\nMeldung eines Auflage- und Einspracheverfahrens zur Publikation im Amtsblatt unter der Rubrik \"Bau und Planungsrecht\" und im amtlichen Publikationsorgan (APO)\n\nSehr geehrte Damen und Herren\n\nWir bitten Sie, folgendes Auflage- und Einspracheverfahren im Amtsblatt vom Freitag [@publishDate] bzw. ab Freitag [@publishDate] im APO zu publizieren:\n\n\u00c4nderung des Nutzungsplans Gemeinde [@location]\n\nGest\u00fctzt auf Artikel 43 des Planungs- und Baugesetzes (PBG; RB 40.1111) wird w\u00e4hrend 30 Tagen die folgende \u00c4nderung des Nutzungsplans ([@intent]) der Gemeinde [@location] \u00f6ffentlich aufgelegt:\n\n [@documents]\n\nDie Auflage erfolgt auf der Gemeindekanzlei und im Kataster der \u00f6ffentlich-rechtlichen Eigentumsbeschr\u00e4nkungen (oereb.ur.ch/auflage).\n\nInnerhalb der Auflagefrist k\u00f6nnen schriftliche Einsprachen mit bestimmten Begehren und begr\u00fcndet beim Gemeinderat eingereicht werden.\n\n[@location], [@date] [@authority]\n\nWir danken Ihnen f\u00fcr Ihre Bem\u00fchungen und stehen bei Fragen gerne zur Verf\u00fcgung\n\nFreundliche Gr\u00fcsse\n\n[@authority]\n"
    },
    "model": "core.publicationsetting",
    "pk": 9
  },
  {
    "fields": {
      "key": "toEmail",
      "type": 2,
      "value": "amtsblatt@ur.ch,oereb@lisag.ch"
    },
    "model": "core.publicationsetting",
    "pk": 10
  },
  {
    "fields": {
      "key": "stopText",
      "type": 2,
      "value": "Gemeindebaubeh\u00f6rde [@location]\n\nStandeskanzlei Uri\nRedaktion Amtsblatt\nRathaus\n6460 Altdorf\n\nLisag AG\nNeuland 11\n6460 Altdorf\n\n[@zip] [@location], [@date]\n\n\nSTOPP - Meldung eines Auflage- und Einspracheverfahrens\n\nSehr geehrte Damen und Herren\n\nVia CAMAC haben Sie die Meldung zu folgendem Auflage- und Einspracheverfahren erhalten.\n\n[@community]\n\n\nVorhaben: [@intent]\nPublikationsdatum: [@publishDate]\n\n\nWir bitten Sie, die Auflage zu STOPPEN. Sofern das Vorhaben weiterverfolgt wird, erhalten Sie zu gegebener Zeit eine neue Publikationsmeldung.\n\nWir danken Ihnen f\u00fcr Ihre Bem\u00fchungen und stehen bei Fragen gerne zur Verf\u00fcgung\n\nFreundliche Gr\u00fcsse\n\n[@authority]\n\n\n[@zip] [@location], [@date]\n"
    },
    "model": "core.publicationsetting",
    "pk": 11
  },
  {
    "fields": {
      "key": "duration",
      "type": 3,
      "value": "30 Tage"
    },
    "model": "core.publicationsetting",
    "pk": 12
  },
  {
    "fields": {
      "key": "fromEmail",
      "type": 3,
      "value": "camac@ur.ch"
    },
    "model": "core.publicationsetting",
    "pk": 13
  },
  {
    "fields": {
      "key": "text",
      "type": 3,
      "value": "Gemeinde [@location]\n\nAltdorf, [@date]\n\nMeldung eines Auflage- und Einspracheverfahrens zur Publikation im Amtsblatt unter der Rubrik \"Bau und Planungsrecht\" und im amtlichen Publikationsorgan (APO)\n\nSehr geehrte Damen und Herren\n\nWir bitten Sie, folgendes Auflage- und Einspracheverfahren im Amtsblatt vom Freitag [@publishDate] bzw. ab Freitag [@publishDate] im APO zu publizieren:\n\n\u00c4nderung des Nutzungsplans Gemeinde [@location]\n\nGest\u00fctzt auf Artikel 55 des Planungs- und Baugesetzes (PBG; RB 40.1111) wird w\u00e4hrend 30 Tagen der [@intent] der Gemeinde [@location] \u00f6ffentlich aufgelegt:\n\nDokumente:\n [@documents]\n\nPlanungsperimeter:\n - [@parcelNr]\n\nDie Auflage erfolgt auf der Gemeindekanzlei und im Kataster der \u00f6ffentlich-rechtlichen Eigentumsbeschr\u00e4nkungen (oereb.ur.ch/auflage).\n\nInnerhalb der Auflagefrist k\u00f6nnen schriftliche Einsprachen mit bestimmten Begehren und begr\u00fcndet beim Gemeinderat eingereicht werden.\n\n[@location], [@date] [@authority]\n\nWir danken Ihnen f\u00fcr Ihre Bem\u00fchungen und stehen bei Fragen gerne zur Verf\u00fcgung\n\nFreundliche Gr\u00fcsse\n\n[@authority]\n"
    },
    "model": "core.publicationsetting",
    "pk": 14
  },
  {
    "fields": {
      "key": "toEmail",
      "type": 3,
      "value": "amtsblatt@ur.ch,oereb@lisag.ch"
    },
    "model": "core.publicationsetting",
    "pk": 15
  },
  {
    "fields": {
      "key": "stopText",
      "type": 3,
      "value": "Gemeindebaubeh\u00f6rde [@location]\n\nStandeskanzlei Uri\nRedaktion Amtsblatt\nRathaus\n6460 Altdorf\n\nLisag AG\nNeuland 11\n6460 Altdorf\n\n[@zip] [@location], [@date]\n\n\nSTOPP - Meldung eines Auflage- und Einspracheverfahrens\n\nSehr geehrte Damen und Herren\n\nVia CAMAC haben Sie die Meldung zu folgendem Auflage- und Einspracheverfahren erhalten.\n\n[@community]\n\n\nVorhaben: [@intent]\nPublikationsdatum: [@publishDate]\n\n\nWir bitten Sie, die Auflage zu STOPPEN. Sofern das Vorhaben weiterverfolgt wird, erhalten Sie zu gegebener Zeit eine neue Publikationsmeldung.\n\nWir danken Ihnen f\u00fcr Ihre Bem\u00fchungen und stehen bei Fragen gerne zur Verf\u00fcgung\n\nFreundliche Gr\u00fcsse\n\n[@authority]\n\n\n[@zip] [@location], [@date]\n"
    },
    "model": "core.publicationsetting",
    "pk": 16
  },
  {
    "fields": {
      "name": "Baubewilligung"
    },
    "model": "core.publicationtype",
    "pk": 1
  },
  {
    "fields": {
      "name": "Nutzungsplanung"
    },
    "model": "core.publicationtype",
    "pk": 2
  },
  {
    "fields": {
      "name": "Sondernutzungsplanung"
    },
    "model": "core.publicationtype",
    "pk": 3
  },
  {
    "fields": {
      "answer_query": null,
      "class_field": "",
      "default_answer": "",
      "description": "",
      "javascript": "",
      "mapping": 1,
      "name": "Mitteilungen der Gemeinde",
      "question_type": 2,
      "regex": "",
      "validation": ""
    },
    "model": "core.question",
    "pk": 1
  },
  {
    "fields": {
      "answer_query": 1,
      "class_field": "",
      "default_answer": "",
      "description": "",
      "javascript": "var options = $('#[QUESTION]i1 option');\nif (options.length == 2) {\n  $('#[QUESTION]i1 option:eq(1)').attr('selected', 'selected');\n  $('#[QUESTION]i1').prop(\"disabled\", true);\n  $('#[QUESTION]i1').attr(\"name\", \"\");\n  \n  var hid = $('<input type=\"hidden\" name=\"[QUESTION]i1\" >')\n  hid.val($('#[QUESTION]i1').val());\n  hid.appendTo($('#[PAGE]'));\n}",
      "mapping": 1,
      "name": "Gemeinde",
      "question_type": 3,
      "regex": "",
      "validation": ""
    },
    "model": "core.question",
    "pk": 2
  },
  {
    "fields": {
      "answer_query": null,
      "class_field": "",
      "default_answer": "0",
      "description": "",
      "javascript": "",
      "mapping": 1,
      "name": "Es werden keine physischen Unterlagen zugestellt",
      "question_type": 6,
      "regex": "",
      "validation": ""
    },
    "model": "core.question",
    "pk": 3
  },
  {
    "fields": {
      "answer_query": null,
      "class_field": "",
      "default_answer": "",
      "description": "",
      "javascript": "",
      "mapping": 1,
      "name": "Die Gemeindebaubeh\u00f6rde w\u00fcnscht, dass das vorliegende Gesuch hinsichtlich folgender Fachbereiche durch die zust\u00e4ndigen kantonalen Fachstellen gepr\u00fcft wird",
      "question_type": 7,
      "regex": "",
      "validation": ""
    },
    "model": "core.question",
    "pk": 4
  },
  {
    "fields": {
      "answer_query": 41,
      "class_field": "",
      "default_answer": "",
      "description": "",
      "javascript": "var authority_element = $('#authority.[QUESTION], #[QUESTION]i1')\nvar options = authority_element.find('option')\noptions.removeAttr('selected')\n\nif (options.length == 2) { \n  $(authority_element).prop(\"disabled\", true);\n  $(options[1]).attr('selected', 'selected')\n  \n  var hid = $('<input type=\"hidden\" name=\"[QUESTION]i1\" >')\n  hid.val($(options[1]).val());\n  hid.appendTo($('#[PAGE]'));\n}",
      "mapping": 1,
      "name": "Leitbeh\u00f6rde",
      "question_type": 3,
      "regex": "",
      "validation": ""
    },
    "model": "core.question",
    "pk": 5
  },
  {
    "fields": {
      "answer_query": null,
      "class_field": "",
      "default_answer": "",
      "description": "",
      "javascript": "$('[QUESTION]').attr('readonly', 'readonly')",
      "mapping": 1,
      "name": "Dossiernummer",
      "question_type": 2,
      "regex": "",
      "validation": ""
    },
    "model": "core.question",
    "pk": 6
  },
  {
    "fields": {
      "answer_query": null,
      "class_field": "",
      "default_answer": "select * from dual;",
      "description": "",
      "javascript": "",
      "mapping": null,
      "name": "test",
      "question_type": 9,
      "regex": "",
      "validation": ""
    },
    "model": "core.question",
    "pk": 7
  },
  {
    "fields": {
      "answer_query": null,
      "class_field": "",
      "default_answer": "",
      "description": "",
      "javascript": "",
      "mapping": 1,
      "name": "Datei-Test",
      "question_type": 8,
      "regex": "",
      "validation": ""
    },
    "model": "core.question",
    "pk": 21
  },
  {
    "fields": {
      "answer_query": null,
      "class_field": "",
      "default_answer": "",
      "description": "",
      "javascript": "",
      "mapping": 1,
      "name": "Grundnutzungen",
      "question_type": 4,
      "regex": "",
      "validation": ""
    },
    "model": "core.question",
    "pk": 22
  },
  {
    "fields": {
      "answer_query": null,
      "class_field": "",
      "default_answer": "",
      "description": "Name / Vorname Gesuchsteller",
      "javascript": "",
      "mapping": 1,
      "name": "Name / Vorname",
      "question_type": 1,
      "regex": "",
      "validation": ""
    },
    "model": "core.question",
    "pk": 23
  },
  {
    "fields": {
      "answer_query": null,
      "class_field": "",
      "default_answer": "",
      "description": "",
      "javascript": "",
      "mapping": null,
      "name": "1 Gesuchsteller",
      "question_type": 9,
      "regex": "",
      "validation": ""
    },
    "model": "core.question",
    "pk": 41
  },
  {
    "fields": {
      "answer_query": null,
      "class_field": "",
      "default_answer": "",
      "description": "Adresse Gesuchsteller",
      "javascript": "",
      "mapping": 1,
      "name": "Strasse/Nr.",
      "question_type": 1,
      "regex": "",
      "validation": ""
    },
    "model": "core.question",
    "pk": 61
  },
  {
    "fields": {
      "answer_query": null,
      "class_field": "",
      "default_answer": "",
      "description": "Postleitzahl Gesuchsteller",
      "javascript": "",
      "mapping": 1,
      "name": "PLZ / Ort",
      "question_type": 1,
      "regex": "",
      "validation": ""
    },
    "model": "core.question",
    "pk": 62
  },
  {
    "fields": {
      "answer_query": null,
      "class_field": "",
      "default_answer": "",
      "description": "",
      "javascript": "",
      "mapping": 1,
      "name": "Ort",
      "question_type": 1,
      "regex": "",
      "validation": ""
    },
    "model": "core.question",
    "pk": 63
  },
  {
    "fields": {
      "answer_query": null,
      "class_field": "",
      "default_answer": "",
      "description": "Telefon Festnetz Gesuchsteller",
      "javascript": "",
      "mapping": 1,
      "name": "Telefon Privat",
      "question_type": 1,
      "regex": "/^\\+?[\\d ]+$/",
      "validation": ""
    },
    "model": "core.question",
    "pk": 64
  },
  {
    "fields": {
      "answer_query": null,
      "class_field": "",
      "default_answer": "",
      "description": "Telefon Mobile Gesuchsteller",
      "javascript": "",
      "mapping": 1,
      "name": "Telefon Mobile",
      "question_type": 1,
      "regex": "/^\\+?[\\d ]+$/",
      "validation": ""
    },
    "model": "core.question",
    "pk": 65
  },
  {
    "fields": {
      "answer_query": null,
      "class_field": "",
      "default_answer": "",
      "description": "",
      "javascript": "",
      "mapping": 1,
      "name": "Email",
      "question_type": 1,
      "regex": "",
      "validation": ""
    },
    "model": "core.question",
    "pk": 66
  },
  {
    "fields": {
      "answer_query": null,
      "class_field": "",
      "default_answer": "",
      "description": "",
      "javascript": "",
      "mapping": 1,
      "name": "Telefon Gesch\u00e4ft",
      "question_type": 1,
      "regex": "",
      "validation": ""
    },
    "model": "core.question",
    "pk": 67
  },
  {
    "fields": {
      "answer_query": null,
      "class_field": "",
      "default_answer": "0",
      "description": "",
      "javascript": "",
      "mapping": 1,
      "name": "Rechnungsadresse identisch GesuchstellerIn",
      "question_type": 6,
      "regex": "",
      "validation": ""
    },
    "model": "core.question",
    "pk": 68
  },
  {
    "fields": {
      "answer_query": null,
      "class_field": "",
      "default_answer": "",
      "description": "",
      "javascript": "",
      "mapping": 1,
      "name": "Rechnungsadresse",
      "question_type": 1,
      "regex": "",
      "validation": ""
    },
    "model": "core.question",
    "pk": 69
  },
  {
    "fields": {
      "answer_query": null,
      "class_field": "",
      "default_answer": "",
      "description": "",
      "javascript": "",
      "mapping": null,
      "name": "2 ProjektverfasserIn",
      "question_type": 9,
      "regex": "",
      "validation": ""
    },
    "model": "core.question",
    "pk": 70
  },
  {
    "fields": {
      "answer_query": null,
      "class_field": "",
      "default_answer": "",
      "description": "",
      "javascript": "",
      "mapping": 1,
      "name": "Name / Vorname",
      "question_type": 1,
      "regex": "",
      "validation": ""
    },
    "model": "core.question",
    "pk": 71
  },
  {
    "fields": {
      "answer_query": null,
      "class_field": "",
      "default_answer": "",
      "description": "",
      "javascript": "",
      "mapping": 1,
      "name": "Strasse/Nr.",
      "question_type": 1,
      "regex": "",
      "validation": ""
    },
    "model": "core.question",
    "pk": 72
  },
  {
    "fields": {
      "answer_query": null,
      "class_field": "",
      "default_answer": "",
      "description": "Postleitzahl",
      "javascript": "",
      "mapping": 1,
      "name": "PLZ / Ort",
      "question_type": 1,
      "regex": "",
      "validation": ""
    },
    "model": "core.question",
    "pk": 73
  },
  {
    "fields": {
      "answer_query": null,
      "class_field": "",
      "default_answer": "",
      "description": "",
      "javascript": "",
      "mapping": 1,
      "name": "Ort",
      "question_type": 1,
      "regex": "",
      "validation": ""
    },
    "model": "core.question",
    "pk": 74
  },
  {
    "fields": {
      "answer_query": null,
      "class_field": "",
      "default_answer": "",
      "description": "",
      "javascript": "",
      "mapping": 1,
      "name": "Telefon Privat",
      "question_type": 1,
      "regex": "/^\\+?[\\d ]+$/",
      "validation": ""
    },
    "model": "core.question",
    "pk": 75
  },
  {
    "fields": {
      "answer_query": null,
      "class_field": "",
      "default_answer": "",
      "description": "",
      "javascript": "",
      "mapping": 1,
      "name": "Telefon Mobile",
      "question_type": 1,
      "regex": "/^\\+?[\\d ]+$/",
      "validation": ""
    },
    "model": "core.question",
    "pk": 76
  },
  {
    "fields": {
      "answer_query": null,
      "class_field": "",
      "default_answer": "",
      "description": "",
      "javascript": "",
      "mapping": 1,
      "name": "Email",
      "question_type": 1,
      "regex": "",
      "validation": ""
    },
    "model": "core.question",
    "pk": 77
  },
  {
    "fields": {
      "answer_query": null,
      "class_field": "",
      "default_answer": "",
      "description": "",
      "javascript": "",
      "mapping": 1,
      "name": "Telefon Gesch\u00e4ft",
      "question_type": 1,
      "regex": "/^\\+?[\\d ]+$/",
      "validation": ""
    },
    "model": "core.question",
    "pk": 78
  },
  {
    "fields": {
      "answer_query": null,
      "class_field": "",
      "default_answer": "0",
      "description": "",
      "javascript": "",
      "mapping": 1,
      "name": "ProjektverfasserIn identisch GesuchstellerIn",
      "question_type": 6,
      "regex": "",
      "validation": ""
    },
    "model": "core.question",
    "pk": 79
  },
  {
    "fields": {
      "answer_query": null,
      "class_field": "",
      "default_answer": "0",
      "description": "",
      "javascript": "",
      "mapping": 1,
      "name": "Grundeigent\u00fcmerIn identisch GesuchstellerIn",
      "question_type": 6,
      "regex": "",
      "validation": ""
    },
    "model": "core.question",
    "pk": 80
  },
  {
    "fields": {
      "answer_query": null,
      "class_field": "",
      "default_answer": "",
      "description": "",
      "javascript": "",
      "mapping": null,
      "name": "3 Grundeigent\u00fcmerIn",
      "question_type": 9,
      "regex": "",
      "validation": ""
    },
    "model": "core.question",
    "pk": 81
  },
  {
    "fields": {
      "answer_query": null,
      "class_field": "",
      "default_answer": "",
      "description": "",
      "javascript": "",
      "mapping": 1,
      "name": "Name / Vorname",
      "question_type": 1,
      "regex": "",
      "validation": ""
    },
    "model": "core.question",
    "pk": 82
  },
  {
    "fields": {
      "answer_query": null,
      "class_field": "",
      "default_answer": "",
      "description": "",
      "javascript": "",
      "mapping": 1,
      "name": "Strasse/Nr.",
      "question_type": 1,
      "regex": "",
      "validation": ""
    },
    "model": "core.question",
    "pk": 83
  },
  {
    "fields": {
      "answer_query": null,
      "class_field": "",
      "default_answer": "",
      "description": "Postleitzahl grundeigent\u00fcmer",
      "javascript": "",
      "mapping": 1,
      "name": "PLZ / Ort",
      "question_type": 1,
      "regex": "",
      "validation": ""
    },
    "model": "core.question",
    "pk": 84
  },
  {
    "fields": {
      "answer_query": null,
      "class_field": "",
      "default_answer": "",
      "description": "",
      "javascript": "",
      "mapping": 1,
      "name": "Ort",
      "question_type": 1,
      "regex": "",
      "validation": ""
    },
    "model": "core.question",
    "pk": 85
  },
  {
    "fields": {
      "answer_query": null,
      "class_field": "",
      "default_answer": "",
      "description": "",
      "javascript": "",
      "mapping": 1,
      "name": "Telefon Privat",
      "question_type": 1,
      "regex": "/^\\+?[\\d ]+$/",
      "validation": ""
    },
    "model": "core.question",
    "pk": 86
  },
  {
    "fields": {
      "answer_query": null,
      "class_field": "",
      "default_answer": "",
      "description": "",
      "javascript": "",
      "mapping": 1,
      "name": "Telefon Mobile",
      "question_type": 1,
      "regex": "/^\\+?[\\d ]+$/",
      "validation": ""
    },
    "model": "core.question",
    "pk": 87
  },
  {
    "fields": {
      "answer_query": null,
      "class_field": "",
      "default_answer": "",
      "description": "",
      "javascript": "",
      "mapping": 1,
      "name": "Email",
      "question_type": 1,
      "regex": "",
      "validation": ""
    },
    "model": "core.question",
    "pk": 88
  },
  {
    "fields": {
      "answer_query": null,
      "class_field": "",
      "default_answer": "",
      "description": "",
      "javascript": "",
      "mapping": 1,
      "name": "Telefon Gesch\u00e4ft",
      "question_type": 1,
      "regex": "/^\\+?[\\d ]+$/",
      "validation": ""
    },
    "model": "core.question",
    "pk": 89
  },
  {
    "fields": {
      "answer_query": null,
      "class_field": "",
      "default_answer": "",
      "description": "",
      "javascript": "",
      "mapping": null,
      "name": "4 Bauplatz",
      "question_type": 9,
      "regex": "",
      "validation": ""
    },
    "model": "core.question",
    "pk": 90
  },
  {
    "fields": {
      "answer_query": null,
      "class_field": "parcelnumber",
      "default_answer": null,
      "description": null,
      "javascript": null,
      "mapping": 1,
      "name": "Parzellennummer",
      "question_type": 1,
      "regex": null,
      "validation": null
    },
    "model": "core.question",
    "pk": 91
  },
  {
    "fields": {
      "answer_query": null,
      "class_field": "baurechtnumber",
      "default_answer": null,
      "description": "(z.B. bei Bauten und Anlagen auf Gebiet der Korporationen Uri und Ursern)",
      "javascript": null,
      "mapping": 1,
      "name": "Baurechtsnummer",
      "question_type": 1,
      "regex": null,
      "validation": null
    },
    "model": "core.question",
    "pk": 92
  },
  {
    "fields": {
      "answer_query": null,
      "class_field": "",
      "default_answer": "",
      "description": "",
      "javascript": "",
      "mapping": 1,
      "name": "Strasse/Flurname",
      "question_type": 1,
      "regex": "",
      "validation": ""
    },
    "model": "core.question",
    "pk": 93
  },
  {
    "fields": {
      "answer_query": null,
      "class_field": "",
      "default_answer": "",
      "description": "",
      "javascript": "",
      "mapping": 1,
      "name": "\u00dcberlagerte Nutzungsplaninhalte",
      "question_type": 4,
      "regex": "",
      "validation": ""
    },
    "model": "core.question",
    "pk": 94
  },
  {
    "fields": {
      "answer_query": null,
      "class_field": "",
      "default_answer": "",
      "description": "",
      "javascript": "",
      "mapping": 1,
      "name": "Orientierende Nutzungsplaninhalte",
      "question_type": 4,
      "regex": "",
      "validation": ""
    },
    "model": "core.question",
    "pk": 95
  },
  {
    "fields": {
      "answer_query": null,
      "class_field": "",
      "default_answer": "",
      "description": "",
      "javascript": "",
      "mapping": null,
      "name": "5 Vorhaben",
      "question_type": 9,
      "regex": "",
      "validation": ""
    },
    "model": "core.question",
    "pk": 96
  },
  {
    "fields": {
      "answer_query": null,
      "class_field": "",
      "default_answer": "",
      "description": "",
      "javascript": "",
      "mapping": 1,
      "name": "Vorhaben",
      "question_type": 4,
      "regex": "",
      "validation": ""
    },
    "model": "core.question",
    "pk": 97
  },
  {
    "fields": {
      "answer_query": null,
      "class_field": "",
      "default_answer": "",
      "description": "",
      "javascript": "",
      "mapping": 1,
      "name": "Vorhaben / Beschrieb",
      "question_type": 1,
      "regex": "",
      "validation": ""
    },
    "model": "core.question",
    "pk": 98
  },
  {
    "fields": {
      "answer_query": null,
      "class_field": "",
      "default_answer": "",
      "description": "",
      "javascript": "",
      "mapping": 1,
      "name": "Nutzung",
      "question_type": 4,
      "regex": "",
      "validation": ""
    },
    "model": "core.question",
    "pk": 99
  },
  {
    "fields": {
      "answer_query": null,
      "class_field": "",
      "default_answer": "",
      "description": "",
      "javascript": "",
      "mapping": 1,
      "name": "Andere Nutzung",
      "question_type": 1,
      "regex": "",
      "validation": ""
    },
    "model": "core.question",
    "pk": 100
  },
  {
    "fields": {
      "answer_query": null,
      "class_field": "",
      "default_answer": "",
      "description": "",
      "javascript": "",
      "mapping": 1,
      "name": "Umbauter Raum nach SIA 416",
      "question_type": 1,
      "regex": "",
      "validation": ""
    },
    "model": "core.question",
    "pk": 101
  },
  {
    "fields": {
      "answer_query": null,
      "class_field": "",
      "default_answer": "",
      "description": "",
      "javascript": "",
      "mapping": 1,
      "name": "Baukosten (Gebaudekosten)",
      "question_type": 1,
      "regex": "",
      "validation": ""
    },
    "model": "core.question",
    "pk": 102
  },
  {
    "fields": {
      "answer_query": null,
      "class_field": "",
      "default_answer": "",
      "description": "",
      "javascript": "",
      "mapping": 1,
      "name": "Bemerkungen",
      "question_type": 1,
      "regex": "",
      "validation": ""
    },
    "model": "core.question",
    "pk": 103
  },
  {
    "fields": {
      "answer_query": null,
      "class_field": "",
      "default_answer": "",
      "description": "",
      "javascript": "",
      "mapping": 1,
      "name": "Sachbearbeitung / Entscheid",
      "question_type": 3,
      "regex": "",
      "validation": ""
    },
    "model": "core.question",
    "pk": 121
  },
  {
    "fields": {
      "answer_query": null,
      "class_field": "",
      "default_answer": "",
      "description": "",
      "javascript": "",
      "mapping": 1,
      "name": "Sachbearbeitung / Entscheid",
      "question_type": 4,
      "regex": "",
      "validation": ""
    },
    "model": "core.question",
    "pk": 141
  },
  {
    "fields": {
      "answer_query": null,
      "class_field": "",
      "default_answer": "Bitte die Art der Bearbeitung (z.B. Verf\u00fcgung Rechnung) ausw\u00e4hlen (die Mehrfachauswahl ist mit der Control-Taste m\u00f6glich)",
      "description": "",
      "javascript": "",
      "mapping": null,
      "name": "Hinweis",
      "question_type": 9,
      "regex": "",
      "validation": ""
    },
    "model": "core.question",
    "pk": 178
  },
  {
    "fields": {
      "answer_query": null,
      "class_field": "",
      "default_answer": "",
      "description": "",
      "javascript": "",
      "mapping": 1,
      "name": "Mitteilungen der zust\u00e4ndigen Koordinationsstelle",
      "question_type": 2,
      "regex": "",
      "validation": ""
    },
    "model": "core.question",
    "pk": 181
  },
  {
    "fields": {
      "answer_query": null,
      "class_field": "",
      "default_answer": "",
      "description": "",
      "javascript": "",
      "mapping": 1,
      "name": "Organisation",
      "question_type": 1,
      "regex": "",
      "validation": ""
    },
    "model": "core.question",
    "pk": 221
  },
  {
    "fields": {
      "answer_query": null,
      "class_field": "",
      "default_answer": "",
      "description": "",
      "javascript": "",
      "mapping": 1,
      "name": "Organisation",
      "question_type": 1,
      "regex": "",
      "validation": ""
    },
    "model": "core.question",
    "pk": 222
  },
  {
    "fields": {
      "answer_query": null,
      "class_field": "",
      "default_answer": "",
      "description": "",
      "javascript": "",
      "mapping": 1,
      "name": "Organisation",
      "question_type": 1,
      "regex": "",
      "validation": ""
    },
    "model": "core.question",
    "pk": 223
  },
  {
    "fields": {
      "answer_query": null,
      "class_field": "",
      "default_answer": "",
      "description": "Datum, wenn das Dossier in Nachforderung gesetzt wird",
      "javascript": "",
      "mapping": 1,
      "name": "Nachforderung Unterlagen",
      "question_type": 10,
      "regex": "",
      "validation": ""
    },
    "model": "core.question",
    "pk": 241
  },
  {
    "fields": {
      "answer_query": null,
      "class_field": "",
      "default_answer": "",
      "description": "Text f\u00fcr die Nachforderung",
      "javascript": "",
      "mapping": 1,
      "name": "Hinweis Nachforderung",
      "question_type": 2,
      "regex": "",
      "validation": ""
    },
    "model": "core.question",
    "pk": 242
  },
  {
    "fields": {
      "answer_query": null,
      "class_field": "",
      "default_answer": "",
      "description": "Datum f\u00fcr Dossier vollst\u00e4ndig",
      "javascript": "",
      "mapping": 1,
      "name": "Dossier vollst\u00e4ndig",
      "question_type": 10,
      "regex": "",
      "validation": ""
    },
    "model": "core.question",
    "pk": 243
  },
  {
    "fields": {
      "answer_query": null,
      "class_field": "",
      "default_answer": "",
      "description": "",
      "javascript": "",
      "mapping": 1,
      "name": "Vorhaben / Veranstaltung",
      "question_type": 1,
      "regex": "",
      "validation": ""
    },
    "model": "core.question",
    "pk": 244
  },
  {
    "fields": {
      "answer_query": null,
      "class_field": "",
      "default_answer": "",
      "description": "",
      "javascript": "",
      "mapping": 1,
      "name": "Datum / Zeit",
      "question_type": 1,
      "regex": "",
      "validation": ""
    },
    "model": "core.question",
    "pk": 245
  },
  {
    "fields": {
      "answer_query": null,
      "class_field": "",
      "default_answer": "",
      "description": "",
      "javascript": "",
      "mapping": 1,
      "name": "Dauer (von - bis)",
      "question_type": 1,
      "regex": "",
      "validation": ""
    },
    "model": "core.question",
    "pk": 246
  },
  {
    "fields": {
      "answer_query": null,
      "class_field": "",
      "default_answer": "",
      "description": "",
      "javascript": "",
      "mapping": 1,
      "name": "Art der Nutzung",
      "question_type": 1,
      "regex": "",
      "validation": ""
    },
    "model": "core.question",
    "pk": 247
  },
  {
    "fields": {
      "answer_query": null,
      "class_field": "",
      "default_answer": "",
      "description": "",
      "javascript": "",
      "mapping": null,
      "name": "(z.B. Parkieren, Trottoirparkieren, Umzug, Baustelleninstallation, Strassenverkauf, Standaktion, Sportanlass usw.)",
      "question_type": 9,
      "regex": "",
      "validation": ""
    },
    "model": "core.question",
    "pk": 248
  },
  {
    "fields": {
      "answer_query": null,
      "class_field": "",
      "default_answer": "",
      "description": "",
      "javascript": "",
      "mapping": 1,
      "name": "Beanspruchte Fl\u00e4che in m2",
      "question_type": 11,
      "regex": "",
      "validation": ""
    },
    "model": "core.question",
    "pk": 249
  },
  {
    "fields": {
      "answer_query": null,
      "class_field": "",
      "default_answer": "",
      "description": "",
      "javascript": "",
      "mapping": 1,
      "name": "Bemerkungen",
      "question_type": 2,
      "regex": "",
      "validation": ""
    },
    "model": "core.question",
    "pk": 250
  },
  {
    "fields": {
      "answer_query": null,
      "class_field": "",
      "default_answer": "0",
      "description": "Wird nur f\u00fcr die Baudirektion verwendet",
      "javascript": "",
      "mapping": 1,
      "name": "Pr\u00fcfungshinweise Gemeindebaubeh\u00f6rde",
      "question_type": 6,
      "regex": "",
      "validation": ""
    },
    "model": "core.question",
    "pk": 251
  },
  {
    "fields": {
      "answer_query": null,
      "class_field": "",
      "default_answer": "0",
      "description": "",
      "javascript": "",
      "mapping": 1,
      "name": "Detailangaben zum Vorhaben",
      "question_type": 6,
      "regex": "",
      "validation": ""
    },
    "model": "core.question",
    "pk": 252
  },
  {
    "fields": {
      "answer_query": null,
      "class_field": "",
      "default_answer": "0",
      "description": "",
      "javascript": "",
      "mapping": 1,
      "name": "Detailangaben zum Nutzungsplan",
      "question_type": 6,
      "regex": "",
      "validation": ""
    },
    "model": "core.question",
    "pk": 253
  },
  {
    "fields": {
      "answer_query": null,
      "class_field": "",
      "default_answer": "0",
      "description": "",
      "javascript": "",
      "mapping": 1,
      "name": "Detailangaben zur Nutzung",
      "question_type": 6,
      "regex": "",
      "validation": ""
    },
    "model": "core.question",
    "pk": 254
  },
  {
    "fields": {
      "answer_query": null,
      "class_field": "",
      "default_answer": "0",
      "description": "",
      "javascript": "",
      "mapping": 1,
      "name": "Detailangaben zum Nutzungsplan",
      "question_type": 6,
      "regex": "",
      "validation": ""
    },
    "model": "core.question",
    "pk": 255
  },
  {
    "fields": {
      "answer_query": null,
      "class_field": "",
      "default_answer": "",
      "description": "Mitteilung der Nachforderungen an den B\u00fcrger",
      "javascript": "",
      "mapping": 1,
      "name": "Mitteilung an B\u00fcrger",
      "question_type": 2,
      "regex": "",
      "validation": ""
    },
    "model": "core.question",
    "pk": 256
  },
  {
    "fields": {
      "answer_query": null,
      "class_field": "",
      "default_answer": "",
      "description": "",
      "javascript": "",
      "mapping": 1,
      "name": "Dossier eingereicht von",
      "question_type": 1,
      "regex": "",
      "validation": ""
    },
    "model": "core.question",
    "pk": 257
  },
  {
    "fields": {
      "answer_query": null,
      "class_field": "",
      "default_answer": "0",
      "description": "Fachstelle zur Endabnahme aufbieten DESC",
      "javascript": "",
      "mapping": 1,
      "name": "Fachstelle zur Endabnahme aufbieten",
      "question_type": 6,
      "regex": "",
      "validation": ""
    },
    "model": "core.question",
    "pk": 258
  },
  {
    "fields": {
      "answer_query": null,
      "class_field": "",
      "default_answer": "Bei Aktivierung von \"Fachstelle zur Endabnahme aufbieten\" erh\u00e4lt die Gemeindebaubeh\u00f6rde im Rahmen der R\u00fcckmeldung einen entsprechenden Hinweis. Optional kann diese Auflage im Auflagen-Controlling zus\u00e4tzlich erfasst werden.",
      "description": "Hinweis Fachstelle zur Endabnahme aufbieten",
      "javascript": "",
      "mapping": null,
      "name": "Hinweis",
      "question_type": 9,
      "regex": "",
      "validation": ""
    },
    "model": "core.question",
    "pk": 259
  },
  {
    "fields": {
      "answer_query": null,
      "class_field": "",
      "default_answer": "",
      "description": "",
      "javascript": "",
      "mapping": 1,
      "name": "Gesuch nachtr\u00e4glich eingereicht",
      "question_type": 7,
      "regex": "",
      "validation": ""
    },
    "model": "core.question",
    "pk": 260
  },
  {
    "fields": {
      "answer_query": null,
      "class_field": null,
      "default_answer": null,
      "description": null,
      "javascript": null,
      "mapping": 1,
      "name": "Art der Massnahme",
      "question_type": 3,
      "regex": null,
      "validation": null
    },
    "model": "core.question",
    "pk": 261
  },
  {
    "fields": {
      "answer_query": null,
      "class_field": "",
      "default_answer": "",
      "description": "",
      "javascript": "",
      "mapping": 1,
      "name": "Objektart",
      "question_type": 3,
      "regex": "",
      "validation": ""
    },
    "model": "core.question",
    "pk": 262
  },
  {
    "fields": {
      "answer_query": null,
      "class_field": "",
      "default_answer": "",
      "description": "",
      "javascript": "",
      "mapping": 1,
      "name": "Nutzung nach RPG",
      "question_type": 3,
      "regex": "",
      "validation": ""
    },
    "model": "core.question",
    "pk": 263
  },
  {
    "fields": {
      "answer_query": null,
      "class_field": null,
      "default_answer": null,
      "description": null,
      "javascript": null,
      "mapping": 1,
      "name": "Bewilligungsgrund - Rechtliche Grundlage",
      "question_type": 3,
      "regex": "",
      "validation": ""
    },
    "model": "core.question",
    "pk": 264
  },
  {
    "fields": {
      "answer_query": null,
      "class_field": "",
      "default_answer": "",
      "description": "",
      "javascript": "",
      "mapping": 1,
      "name": "Entscheid",
      "question_type": 3,
      "regex": "",
      "validation": ""
    },
    "model": "core.question",
    "pk": 265
  },
  {
    "fields": {
      "answer_query": null,
      "class_field": "",
      "default_answer": "",
      "description": "",
      "javascript": "",
      "mapping": 1,
      "name": "Typ der Auftraggeber  - Gesuchsteller",
      "question_type": 3,
      "regex": "",
      "validation": ""
    },
    "model": "core.question",
    "pk": 267
  },
  {
    "fields": {
      "answer_query": null,
      "class_field": "",
      "default_answer": "",
      "description": "",
      "javascript": "",
      "mapping": 1,
      "name": "Fl\u00e4chenbedarf Fruchtfolgefl\u00e4chen (m\u00b2)",
      "question_type": 1,
      "regex": "",
      "validation": ""
    },
    "model": "core.question",
    "pk": 268
  },
  {
    "fields": {
      "answer_query": null,
      "class_field": "",
      "default_answer": "",
      "description": "",
      "javascript": "",
      "mapping": 1,
      "name": "Kompensation Fruchtfolgefl\u00e4chen (m\u00b2)",
      "question_type": 1,
      "regex": "",
      "validation": ""
    },
    "model": "core.question",
    "pk": 269
  },
  {
    "fields": {
      "answer_query": 42,
      "class_field": "parcellocation",
      "default_answer": null,
      "description": "In welcher Gemeinde sich die gew\u00fcnschte Parzelle befindet. (Relevant f\u00fcr \"Diverse Gemeinde\" und \"Alle Gemeinden\")",
      "javascript": null,
      "mapping": 1,
      "name": "Parzellenstandort (Gemeinde)",
      "question_type": 3,
      "regex": null,
      "validation": null
    },
    "model": "core.question",
    "pk": 270
  },
  {
    "fields": {
      "answer_query": null,
      "class_field": null,
      "default_answer": null,
      "description": null,
      "javascript": "if ($('form').attr('action') && $('form').attr('action').split('/')[8] != 293) {\r\n\t$('#element-[QUESTION]i1').hide();\r\n}",
      "mapping": 1,
      "name": "Dossier Erfassungsjahr",
      "question_type": 1,
      "regex": null,
      "validation": null
    },
    "model": "core.question",
    "pk": 271
  },
  {
    "fields": {
      "answer_query": null,
      "class_field": null,
      "default_answer": null,
      "description": null,
      "javascript": null,
      "mapping": 1,
      "name": "Alte Dossier NR",
      "question_type": 1,
      "regex": null,
      "validation": null
    },
    "model": "core.question",
    "pk": 272
  },
  {
    "fields": {
      "chapter": 2,
      "item": 1,
      "question": 1,
      "required": 0,
      "sort": 1
    },
    "model": "core.questionchapter",
    "pk": 1
  },
  {
    "fields": {
      "chapter": 2,
      "item": 1,
      "question": 2,
      "required": 0,
      "sort": 0
    },
    "model": "core.questionchapter",
    "pk": 2
  },
  {
    "fields": {
      "chapter": 2,
      "item": 1,
      "question": 3,
      "required": 0,
      "sort": 5
    },
    "model": "core.questionchapter",
    "pk": 3
  },
  {
    "fields": {
      "chapter": 2,
      "item": 1,
      "question": 4,
      "required": 0,
      "sort": 6
    },
    "model": "core.questionchapter",
    "pk": 4
  },
  {
    "fields": {
      "chapter": 1,
      "item": 1,
      "question": 221,
      "required": 0,
      "sort": 1
    },
    "model": "core.questionchapter",
    "pk": 5
  },
  {
    "fields": {
      "chapter": 2,
      "item": 1,
      "question": 6,
      "required": 0,
      "sort": 7
    },
    "model": "core.questionchapter",
    "pk": 6
  },
  {
    "fields": {
      "chapter": 1,
      "item": 1,
      "question": 41,
      "required": 0,
      "sort": 0
    },
    "model": "core.questionchapter",
    "pk": 7
  },
  {
    "fields": {
      "chapter": 3,
      "item": 1,
      "question": 2,
      "required": 0,
      "sort": 0
    },
    "model": "core.questionchapter",
    "pk": 8
  },
  {
    "fields": {
      "chapter": 3,
      "item": 1,
      "question": 5,
      "required": 0,
      "sort": 1
    },
    "model": "core.questionchapter",
    "pk": 9
  },
  {
    "fields": {
      "chapter": 21,
      "item": 1,
      "question": 22,
      "required": 0,
      "sort": 6
    },
    "model": "core.questionchapter",
    "pk": 10
  },
  {
    "fields": {
      "chapter": 1,
      "item": 1,
      "question": 23,
      "required": 0,
      "sort": 2
    },
    "model": "core.questionchapter",
    "pk": 11
  },
  {
    "fields": {
      "chapter": 1,
      "item": 1,
      "question": 61,
      "required": 0,
      "sort": 3
    },
    "model": "core.questionchapter",
    "pk": 12
  },
  {
    "fields": {
      "chapter": 1,
      "item": 1,
      "question": 62,
      "required": 0,
      "sort": 4
    },
    "model": "core.questionchapter",
    "pk": 13
  },
  {
    "fields": {
      "chapter": 1,
      "item": 1,
      "question": 222,
      "required": 0,
      "sort": 13
    },
    "model": "core.questionchapter",
    "pk": 14
  },
  {
    "fields": {
      "chapter": 1,
      "item": 1,
      "question": 64,
      "required": 0,
      "sort": 5
    },
    "model": "core.questionchapter",
    "pk": 15
  },
  {
    "fields": {
      "chapter": 1,
      "item": 1,
      "question": 65,
      "required": 0,
      "sort": 7
    },
    "model": "core.questionchapter",
    "pk": 16
  },
  {
    "fields": {
      "chapter": 1,
      "item": 1,
      "question": 66,
      "required": 0,
      "sort": 8
    },
    "model": "core.questionchapter",
    "pk": 17
  },
  {
    "fields": {
      "chapter": 1,
      "item": 1,
      "question": 67,
      "required": 0,
      "sort": 6
    },
    "model": "core.questionchapter",
    "pk": 18
  },
  {
    "fields": {
      "chapter": 1,
      "item": 1,
      "question": 68,
      "required": 0,
      "sort": 9
    },
    "model": "core.questionchapter",
    "pk": 19
  },
  {
    "fields": {
      "chapter": 1,
      "item": 1,
      "question": 69,
      "required": 0,
      "sort": 10
    },
    "model": "core.questionchapter",
    "pk": 20
  },
  {
    "fields": {
      "chapter": 1,
      "item": 1,
      "question": 70,
      "required": 0,
      "sort": 11
    },
    "model": "core.questionchapter",
    "pk": 21
  },
  {
    "fields": {
      "chapter": 1,
      "item": 1,
      "question": 71,
      "required": 0,
      "sort": 14
    },
    "model": "core.questionchapter",
    "pk": 22
  },
  {
    "fields": {
      "chapter": 1,
      "item": 1,
      "question": 72,
      "required": 0,
      "sort": 15
    },
    "model": "core.questionchapter",
    "pk": 23
  },
  {
    "fields": {
      "chapter": 1,
      "item": 1,
      "question": 73,
      "required": 0,
      "sort": 16
    },
    "model": "core.questionchapter",
    "pk": 24
  },
  {
    "fields": {
      "chapter": 41,
      "item": 1,
      "question": 141,
      "required": 0,
      "sort": 1
    },
    "model": "core.questionchapter",
    "pk": 25
  },
  {
    "fields": {
      "chapter": 1,
      "item": 1,
      "question": 75,
      "required": 0,
      "sort": 17
    },
    "model": "core.questionchapter",
    "pk": 26
  },
  {
    "fields": {
      "chapter": 1,
      "item": 1,
      "question": 76,
      "required": 0,
      "sort": 19
    },
    "model": "core.questionchapter",
    "pk": 27
  },
  {
    "fields": {
      "chapter": 1,
      "item": 1,
      "question": 77,
      "required": 0,
      "sort": 20
    },
    "model": "core.questionchapter",
    "pk": 28
  },
  {
    "fields": {
      "chapter": 1,
      "item": 1,
      "question": 78,
      "required": 0,
      "sort": 18
    },
    "model": "core.questionchapter",
    "pk": 29
  },
  {
    "fields": {
      "chapter": 1,
      "item": 1,
      "question": 79,
      "required": 0,
      "sort": 12
    },
    "model": "core.questionchapter",
    "pk": 30
  },
  {
    "fields": {
      "chapter": 1,
      "item": 1,
      "question": 80,
      "required": 0,
      "sort": 22
    },
    "model": "core.questionchapter",
    "pk": 31
  },
  {
    "fields": {
      "chapter": 1,
      "item": 1,
      "question": 81,
      "required": 0,
      "sort": 21
    },
    "model": "core.questionchapter",
    "pk": 32
  },
  {
    "fields": {
      "chapter": 1,
      "item": 1,
      "question": 82,
      "required": 0,
      "sort": 24
    },
    "model": "core.questionchapter",
    "pk": 33
  },
  {
    "fields": {
      "chapter": 1,
      "item": 1,
      "question": 83,
      "required": 0,
      "sort": 25
    },
    "model": "core.questionchapter",
    "pk": 34
  },
  {
    "fields": {
      "chapter": 1,
      "item": 1,
      "question": 84,
      "required": 0,
      "sort": 26
    },
    "model": "core.questionchapter",
    "pk": 35
  },
  {
    "fields": {
      "chapter": 1,
      "item": 1,
      "question": 223,
      "required": 0,
      "sort": 23
    },
    "model": "core.questionchapter",
    "pk": 36
  },
  {
    "fields": {
      "chapter": 1,
      "item": 1,
      "question": 86,
      "required": 0,
      "sort": 27
    },
    "model": "core.questionchapter",
    "pk": 37
  },
  {
    "fields": {
      "chapter": 1,
      "item": 1,
      "question": 87,
      "required": 0,
      "sort": 29
    },
    "model": "core.questionchapter",
    "pk": 38
  },
  {
    "fields": {
      "chapter": 1,
      "item": 1,
      "question": 88,
      "required": 0,
      "sort": 30
    },
    "model": "core.questionchapter",
    "pk": 39
  },
  {
    "fields": {
      "chapter": 1,
      "item": 1,
      "question": 89,
      "required": 0,
      "sort": 28
    },
    "model": "core.questionchapter",
    "pk": 40
  },
  {
    "fields": {
      "chapter": 21,
      "item": 1,
      "question": 90,
      "required": 0,
      "sort": 0
    },
    "model": "core.questionchapter",
    "pk": 41
  },
  {
    "fields": {
      "chapter": 21,
      "item": 1,
      "question": 91,
      "required": 0,
      "sort": 2
    },
    "model": "core.questionchapter",
    "pk": 42
  },
  {
    "fields": {
      "chapter": 21,
      "item": 1,
      "question": 92,
      "required": 0,
      "sort": 3
    },
    "model": "core.questionchapter",
    "pk": 43
  },
  {
    "fields": {
      "chapter": 21,
      "item": 1,
      "question": 93,
      "required": 0,
      "sort": 4
    },
    "model": "core.questionchapter",
    "pk": 44
  },
  {
    "fields": {
      "chapter": 21,
      "item": 1,
      "question": 94,
      "required": 0,
      "sort": 7
    },
    "model": "core.questionchapter",
    "pk": 45
  },
  {
    "fields": {
      "chapter": 21,
      "item": 1,
      "question": 95,
      "required": 0,
      "sort": 8
    },
    "model": "core.questionchapter",
    "pk": 46
  },
  {
    "fields": {
      "chapter": 21,
      "item": 1,
      "question": 96,
      "required": 0,
      "sort": 9
    },
    "model": "core.questionchapter",
    "pk": 47
  },
  {
    "fields": {
      "chapter": 21,
      "item": 1,
      "question": 97,
      "required": 0,
      "sort": 11
    },
    "model": "core.questionchapter",
    "pk": 48
  },
  {
    "fields": {
      "chapter": 21,
      "item": 1,
      "question": 98,
      "required": 0,
      "sort": 12
    },
    "model": "core.questionchapter",
    "pk": 49
  },
  {
    "fields": {
      "chapter": 21,
      "item": 1,
      "question": 99,
      "required": 0,
      "sort": 14
    },
    "model": "core.questionchapter",
    "pk": 50
  },
  {
    "fields": {
      "chapter": 21,
      "item": 1,
      "question": 100,
      "required": 0,
      "sort": 15
    },
    "model": "core.questionchapter",
    "pk": 51
  },
  {
    "fields": {
      "chapter": 21,
      "item": 1,
      "question": 101,
      "required": 0,
      "sort": 16
    },
    "model": "core.questionchapter",
    "pk": 52
  },
  {
    "fields": {
      "chapter": 21,
      "item": 1,
      "question": 102,
      "required": 0,
      "sort": 17
    },
    "model": "core.questionchapter",
    "pk": 53
  },
  {
    "fields": {
      "chapter": 21,
      "item": 1,
      "question": 103,
      "required": 0,
      "sort": 18
    },
    "model": "core.questionchapter",
    "pk": 54
  },
  {
    "fields": {
      "chapter": 41,
      "item": 1,
      "question": 178,
      "required": 0,
      "sort": 0
    },
    "model": "core.questionchapter",
    "pk": 55
  },
  {
    "fields": {
      "chapter": 2,
      "item": 1,
      "question": 181,
      "required": 0,
      "sort": 2
    },
    "model": "core.questionchapter",
    "pk": 56
  },
  {
    "fields": {
      "chapter": 101,
      "item": 1,
      "question": 90,
      "required": 0,
      "sort": 0
    },
    "model": "core.questionchapter",
    "pk": 57
  },
  {
    "fields": {
      "chapter": 101,
      "item": 1,
      "question": 98,
      "required": 0,
      "sort": 7
    },
    "model": "core.questionchapter",
    "pk": 58
  },
  {
    "fields": {
      "chapter": 101,
      "item": 1,
      "question": 103,
      "required": 0,
      "sort": 8
    },
    "model": "core.questionchapter",
    "pk": 59
  },
  {
    "fields": {
      "chapter": 101,
      "item": 1,
      "question": 22,
      "required": 0,
      "sort": 4
    },
    "model": "core.questionchapter",
    "pk": 60
  },
  {
    "fields": {
      "chapter": 101,
      "item": 1,
      "question": 95,
      "required": 0,
      "sort": 6
    },
    "model": "core.questionchapter",
    "pk": 61
  },
  {
    "fields": {
      "chapter": 101,
      "item": 1,
      "question": 91,
      "required": 0,
      "sort": 2
    },
    "model": "core.questionchapter",
    "pk": 62
  },
  {
    "fields": {
      "chapter": 101,
      "item": 1,
      "question": 93,
      "required": 0,
      "sort": 3
    },
    "model": "core.questionchapter",
    "pk": 63
  },
  {
    "fields": {
      "chapter": 101,
      "item": 1,
      "question": 94,
      "required": 0,
      "sort": 5
    },
    "model": "core.questionchapter",
    "pk": 64
  },
  {
    "fields": {
      "chapter": 102,
      "item": 1,
      "question": 90,
      "required": 0,
      "sort": 0
    },
    "model": "core.questionchapter",
    "pk": 65
  },
  {
    "fields": {
      "chapter": 41,
      "item": 1,
      "question": 242,
      "required": 0,
      "sort": 4
    },
    "model": "core.questionchapter",
    "pk": 66
  },
  {
    "fields": {
      "chapter": 102,
      "item": 1,
      "question": 244,
      "required": 0,
      "sort": 10
    },
    "model": "core.questionchapter",
    "pk": 67
  },
  {
    "fields": {
      "chapter": 102,
      "item": 1,
      "question": 245,
      "required": 0,
      "sort": 11
    },
    "model": "core.questionchapter",
    "pk": 68
  },
  {
    "fields": {
      "chapter": 102,
      "item": 1,
      "question": 250,
      "required": 0,
      "sort": 15
    },
    "model": "core.questionchapter",
    "pk": 69
  },
  {
    "fields": {
      "chapter": 102,
      "item": 1,
      "question": 96,
      "required": 0,
      "sort": 9
    },
    "model": "core.questionchapter",
    "pk": 70
  },
  {
    "fields": {
      "chapter": 102,
      "item": 1,
      "question": 94,
      "required": 0,
      "sort": 7
    },
    "model": "core.questionchapter",
    "pk": 71
  },
  {
    "fields": {
      "chapter": 102,
      "item": 1,
      "question": 92,
      "required": 0,
      "sort": 3
    },
    "model": "core.questionchapter",
    "pk": 72
  },
  {
    "fields": {
      "chapter": 41,
      "item": 1,
      "question": 241,
      "required": 0,
      "sort": 2
    },
    "model": "core.questionchapter",
    "pk": 73
  },
  {
    "fields": {
      "chapter": 41,
      "item": 1,
      "question": 243,
      "required": 0,
      "sort": 3
    },
    "model": "core.questionchapter",
    "pk": 74
  },
  {
    "fields": {
      "chapter": 102,
      "item": 1,
      "question": 91,
      "required": 0,
      "sort": 2
    },
    "model": "core.questionchapter",
    "pk": 75
  },
  {
    "fields": {
      "chapter": 21,
      "item": 1,
      "question": 252,
      "required": 0,
      "sort": 10
    },
    "model": "core.questionchapter",
    "pk": 76
  },
  {
    "fields": {
      "chapter": 102,
      "item": 1,
      "question": 93,
      "required": 0,
      "sort": 4
    },
    "model": "core.questionchapter",
    "pk": 77
  },
  {
    "fields": {
      "chapter": 102,
      "item": 1,
      "question": 249,
      "required": 0,
      "sort": 14
    },
    "model": "core.questionchapter",
    "pk": 78
  },
  {
    "fields": {
      "chapter": 102,
      "item": 1,
      "question": 246,
      "required": 0,
      "sort": 12
    },
    "model": "core.questionchapter",
    "pk": 79
  },
  {
    "fields": {
      "chapter": 21,
      "item": 1,
      "question": 254,
      "required": 0,
      "sort": 13
    },
    "model": "core.questionchapter",
    "pk": 80
  },
  {
    "fields": {
      "chapter": 21,
      "item": 1,
      "question": 253,
      "required": 0,
      "sort": 5
    },
    "model": "core.questionchapter",
    "pk": 81
  },
  {
    "fields": {
      "chapter": 2,
      "item": 1,
      "question": 251,
      "required": 0,
      "sort": 4
    },
    "model": "core.questionchapter",
    "pk": 82
  },
  {
    "fields": {
      "chapter": 102,
      "item": 1,
      "question": 247,
      "required": 0,
      "sort": 13
    },
    "model": "core.questionchapter",
    "pk": 83
  },
  {
    "fields": {
      "chapter": 102,
      "item": 1,
      "question": 95,
      "required": 0,
      "sort": 8
    },
    "model": "core.questionchapter",
    "pk": 84
  },
  {
    "fields": {
      "chapter": 102,
      "item": 1,
      "question": 22,
      "required": 0,
      "sort": 6
    },
    "model": "core.questionchapter",
    "pk": 85
  },
  {
    "fields": {
      "chapter": 102,
      "item": 1,
      "question": 255,
      "required": 0,
      "sort": 5
    },
    "model": "core.questionchapter",
    "pk": 86
  },
  {
    "fields": {
      "chapter": 2,
      "item": 1,
      "question": 5,
      "required": 0,
      "sort": 8
    },
    "model": "core.questionchapter",
    "pk": 87
  },
  {
    "fields": {
      "chapter": 2,
      "item": 1,
      "question": 256,
      "required": 0,
      "sort": 3
    },
    "model": "core.questionchapter",
    "pk": 88
  },
  {
    "fields": {
      "chapter": 103,
      "item": 1,
      "question": 257,
      "required": 0,
      "sort": 0
    },
    "model": "core.questionchapter",
    "pk": 89
  },
  {
    "fields": {
      "chapter": 41,
      "item": 1,
      "question": 258,
      "required": 0,
      "sort": 6
    },
    "model": "core.questionchapter",
    "pk": 90
  },
  {
    "fields": {
      "chapter": 41,
      "item": 1,
      "question": 259,
      "required": 0,
      "sort": 5
    },
    "model": "core.questionchapter",
    "pk": 91
  },
  {
    "fields": {
      "chapter": 104,
      "item": 1,
      "question": 262,
      "required": 0,
      "sort": 1
    },
    "model": "core.questionchapter",
    "pk": 92
  },
  {
    "fields": {
      "chapter": 104,
      "item": 1,
      "question": 267,
      "required": 0,
      "sort": 5
    },
    "model": "core.questionchapter",
    "pk": 93
  },
  {
    "fields": {
      "chapter": 104,
      "item": 1,
      "question": 268,
      "required": 0,
      "sort": 6
    },
    "model": "core.questionchapter",
    "pk": 94
  },
  {
    "fields": {
      "chapter": 104,
      "item": 1,
      "question": 265,
      "required": 0,
      "sort": 4
    },
    "model": "core.questionchapter",
    "pk": 95
  },
  {
    "fields": {
      "chapter": 2,
      "item": 1,
      "question": 260,
      "required": 0,
      "sort": 9
    },
    "model": "core.questionchapter",
    "pk": 96
  },
  {
    "fields": {
      "chapter": 104,
      "item": 1,
      "question": 261,
      "required": 0,
      "sort": 0
    },
    "model": "core.questionchapter",
    "pk": 97
  },
  {
    "fields": {
      "chapter": 104,
      "item": 1,
      "question": 264,
      "required": 0,
      "sort": 3
    },
    "model": "core.questionchapter",
    "pk": 98
  },
  {
    "fields": {
      "chapter": 104,
      "item": 1,
      "question": 263,
      "required": 0,
      "sort": 2
    },
    "model": "core.questionchapter",
    "pk": 99
  },
  {
    "fields": {
      "chapter": 104,
      "item": 1,
      "question": 269,
      "required": 0,
      "sort": 7
    },
    "model": "core.questionchapter",
    "pk": 100
  },
  {
    "fields": {
      "chapter": 21,
      "item": 1,
      "question": 270,
      "required": 0,
      "sort": 1
    },
    "model": "core.questionchapter",
    "pk": 101
  },
  {
    "fields": {
      "chapter": 101,
      "item": 1,
      "question": 270,
      "required": 0,
      "sort": 1
    },
    "model": "core.questionchapter",
    "pk": 102
  },
  {
    "fields": {
      "chapter": 102,
      "item": 1,
      "question": 270,
      "required": 0,
      "sort": 1
    },
    "model": "core.questionchapter",
    "pk": 103
  },
  {
    "fields": {
      "chapter": 3,
      "item": 1,
      "question": 271,
      "required": 0,
      "sort": 2
    },
    "model": "core.questionchapter",
    "pk": 104
  },
  {
    "fields": {
      "chapter": 2,
      "item": 1,
      "question": 272,
      "required": 0,
      "sort": 10
    },
    "model": "core.questionchapter",
    "pk": 105
  },
  {
    "fields": {
      "name": "Text",
      "sort": 0
    },
    "model": "core.questiontype",
    "pk": 1
  },
  {
    "fields": {
      "name": "Textarea",
      "sort": 1
    },
    "model": "core.questiontype",
    "pk": 2
  },
  {
    "fields": {
      "name": "Select",
      "sort": 4
    },
    "model": "core.questiontype",
    "pk": 3
  },
  {
    "fields": {
      "name": "Multi select",
      "sort": 5
    },
    "model": "core.questiontype",
    "pk": 4
  },
  {
    "fields": {
      "name": "Radiobox",
      "sort": 6
    },
    "model": "core.questiontype",
    "pk": 5
  },
  {
    "fields": {
      "name": "Checkbox",
      "sort": 7
    },
    "model": "core.questiontype",
    "pk": 6
  },
  {
    "fields": {
      "name": "Multi checkbox",
      "sort": 8
    },
    "model": "core.questiontype",
    "pk": 7
  },
  {
    "fields": {
      "name": "File",
      "sort": 9
    },
    "model": "core.questiontype",
    "pk": 8
  },
  {
    "fields": {
      "name": "Note",
      "sort": 10
    },
    "model": "core.questiontype",
    "pk": 9
  },
  {
    "fields": {
      "name": "Date",
      "sort": null
    },
    "model": "core.questiontype",
    "pk": 10
  },
  {
    "fields": {
      "name": "Amount",
      "sort": 3
    },
    "model": "core.questiontype",
    "pk": 11
  },
  {
    "fields": {
      "available_resource": "page",
      "class_field": null,
      "description": "Dossier erstellen-Seite",
      "hidden": 0,
      "name": "Neues Dossier erstellen",
      "sort": 32,
      "template": "/global/home.phtml"
    },
    "model": "core.resource",
    "pk": 22
  },
  {
    "fields": {
      "available_resource": "search",
      "class_field": null,
      "description": "Allgemeine Suche",
      "hidden": 0,
      "name": "Dossier suchen",
      "sort": 29,
      "template": "/global/search.phtml"
    },
    "model": "core.resource",
    "pk": 42
  },
  {
    "fields": {
      "available_resource": "search",
      "class_field": "",
      "description": "Dossiersuche BK eingeschr\u00e4nkt auf die Gemeinde",
      "hidden": 1,
      "name": "Dossiersuche",
      "sort": 28,
      "template": "/buildom/search.phtml"
    },
    "model": "core.resource",
    "pk": 102
  },
  {
    "fields": {
      "available_resource": "list",
      "class_field": "",
      "description": "Pendenzenliste f\u00fcr die SubFachstellen",
      "hidden": 0,
      "name": "Pendenzenliste Subfachstelle",
      "sort": 0,
      "template": ""
    },
    "model": "core.resource",
    "pk": 122
  },
  {
    "fields": {
      "available_resource": "portal",
      "class_field": "",
      "description": "Diese Resource stellt die API f\u00fcr das i-Web Portal bereit",
      "hidden": 0,
      "name": "Portal User Resource",
      "sort": 33,
      "template": ""
    },
    "model": "core.resource",
    "pk": 248
  },
  {
    "fields": {
      "available_resource": "list",
      "class_field": "show_list_count",
      "description": "Dossiers, die von den B\u00fcrgern eingereicht wurden",
      "hidden": 0,
      "name": "Eingang Online - Dossiers",
      "sort": 9,
      "template": "/list/portal-list.phtml"
    },
    "model": "core.resource",
    "pk": 250
  },
  {
    "fields": {
      "available_resource": "page",
      "class_field": "",
      "description": "Base Resource zum w\u00e4hlen, welches Dossier kreiert werden soll",
      "hidden": 0,
      "name": "Portal Resource",
      "sort": 34,
      "template": "/portal/create.phtml"
    },
    "model": "core.resource",
    "pk": 251
  },
  {
    "fields": {
      "available_resource": "simplelist",
      "class_field": null,
      "description": "Dossierzirkulation starten f\u00fcr die Koordinationsstelle Baudirektion BD",
      "hidden": 0,
      "name": "Dossierzirkulation starten",
      "sort": 15,
      "template": null
    },
    "model": "core.resource",
    "pk": 264
  },
  {
    "fields": {
      "available_resource": "simplelist",
      "class_field": null,
      "description": "Dossierzirkulation bei den Fachstellen abgeschlossen",
      "hidden": 0,
      "name": "Dossierzirkulation beendet",
      "sort": 22,
      "template": null
    },
    "model": "core.resource",
    "pk": 266
  },
  {
    "fields": {
      "available_resource": "simplelist",
      "class_field": null,
      "description": "Dossierzirkulation starten f\u00fcr Koord Baugesuche BG",
      "hidden": 0,
      "name": "Dossierzirkulation starten",
      "sort": 12,
      "template": null
    },
    "model": "core.resource",
    "pk": 267
  },
  {
    "fields": {
      "available_resource": "simplelist",
      "class_field": "",
      "description": "",
      "hidden": 0,
      "name": "Dossiers in Zirkulation",
      "sort": 23,
      "template": ""
    },
    "model": "core.resource",
    "pk": 287
  },
  {
    "fields": {
      "available_resource": "simplelist",
      "class_field": null,
      "description": "Dossierzirkulation starten f\u00fcr Koord NP",
      "hidden": 0,
      "name": "Dossierzirkulation starten",
      "sort": 14,
      "template": null
    },
    "model": "core.resource",
    "pk": 288
  },
  {
    "fields": {
      "available_resource": "simplelist",
      "class_field": null,
      "description": "Dossierzirkulation starten f\u00fcr Koord Umweltschutz AfU",
      "hidden": 0,
      "name": "Dossierzirkulation starten",
      "sort": 16,
      "template": null
    },
    "model": "core.resource",
    "pk": 289
  },
  {
    "fields": {
      "available_resource": "simplelist",
      "class_field": null,
      "description": null,
      "hidden": 0,
      "name": "Bauplanauflage",
      "sort": 35,
      "template": "/list/index-portal.phtml"
    },
    "model": "core.resource",
    "pk": 293
  },
  {
    "fields": {
      "available_resource": "simplelist",
      "class_field": null,
      "description": null,
      "hidden": 0,
      "name": "Baubegleitungssgeb\u00fchren",
      "sort": 25,
      "template": null
    },
    "model": "core.resource",
    "pk": 294
  },
  {
    "fields": {
      "available_resource": "simplelist",
      "class_field": null,
      "description": null,
      "hidden": 0,
      "name": "Erfasste Auflagen",
      "sort": 24,
      "template": null
    },
    "model": "core.resource",
    "pk": 295
  },
  {
    "fields": {
      "available_resource": "simplelist",
      "class_field": null,
      "description": "Dossierzirkulation starten f\u00fcr Koord Landwirtschaft ALA",
      "hidden": 0,
      "name": "Dossierzirkulation starten",
      "sort": 17,
      "template": null
    },
    "model": "core.resource",
    "pk": 296
  },
  {
    "fields": {
      "available_resource": "simplelist",
      "class_field": null,
      "description": "Dossierzirkulation starten f\u00fcr Koord Energie AfE",
      "hidden": 0,
      "name": "Dossierzirkulation starten",
      "sort": 18,
      "template": null
    },
    "model": "core.resource",
    "pk": 297
  },
  {
    "fields": {
      "available_resource": "simplelist",
      "class_field": null,
      "description": "Dossierzirkulation starten f\u00fcr Koord AFJ SD",
      "hidden": 0,
      "name": "Dossierzirkulation starten",
      "sort": 19,
      "template": null
    },
    "model": "core.resource",
    "pk": 298
  },
  {
    "fields": {
      "available_resource": "simplelist",
      "class_field": null,
      "description": null,
      "hidden": 0,
      "name": "Bau- und Einspracheentscheid zugestellt",
      "sort": 26,
      "template": null
    },
    "model": "core.resource",
    "pk": 300
  },
  {
    "fields": {
      "available_resource": "simplelist",
      "class_field": null,
      "description": "Dossierbearbeitung startenf\u00fcr Gemeinden",
      "hidden": 0,
      "name": "Dossierbearbeitung starten",
      "sort": 10,
      "template": null
    },
    "model": "core.resource",
    "pk": 301
  },
  {
    "fields": {
      "available_resource": "simplelist",
      "class_field": null,
      "description": "Zur Pr\u00fcfung zugewiesene Dossiers f\u00fcr Vernehmlassungsstellen",
      "hidden": 0,
      "name": "Zur Pr\u00fcfung zugewiesene Dossiers",
      "sort": 4,
      "template": null
    },
    "model": "core.resource",
    "pk": 302
  },
  {
    "fields": {
      "available_resource": "simplelist",
      "class_field": null,
      "description": null,
      "hidden": 0,
      "name": "In Zirkulation (KOOR ARE BG)",
      "sort": 6,
      "template": null
    },
    "model": "core.resource",
    "pk": 303
  },
  {
    "fields": {
      "available_resource": "simplelist",
      "class_field": null,
      "description": null,
      "hidden": 0,
      "name": "In Zirkulation (KOOR BD)",
      "sort": 7,
      "template": null
    },
    "model": "core.resource",
    "pk": 304
  },
  {
    "fields": {
      "available_resource": "simplelist",
      "class_field": null,
      "description": null,
      "hidden": 0,
      "name": "In Zirkulation (KOOR ARE NP)",
      "sort": 8,
      "template": null
    },
    "model": "core.resource",
    "pk": 305
  },
  {
    "fields": {
      "available_resource": "simplelist",
      "class_field": null,
      "description": "Kantonale Pr\u00fcfung beendet f\u00fcr Gemeinden",
      "hidden": 0,
      "name": "Kantonale Pr\u00fcfung beendet",
      "sort": 21,
      "template": null
    },
    "model": "core.resource",
    "pk": 306
  },
  {
    "fields": {
      "available_resource": "simplelist",
      "class_field": null,
      "description": "Dossiers die bei den Gemeinden und dem Kanton in Bearbeitung sind, Anzeige f\u00fcr Organisation mit Leserechten",
      "hidden": 0,
      "name": "Laufende Baubewilligungsverfahren und Vorabkl\u00e4rungen",
      "sort": 3,
      "template": null
    },
    "model": "core.resource",
    "pk": 307
  },
  {
    "fields": {
      "available_resource": "simplelist",
      "class_field": "show_list_count",
      "description": "Zur Pr\u00fcfung zugewiesene Dossiers f\u00fcr die Kommissionsmitglieder",
      "hidden": 0,
      "name": "Zur Pr\u00fcfung zugewiesene Dossiers",
      "sort": 1,
      "template": null
    },
    "model": "core.resource",
    "pk": 309
  },
  {
    "fields": {
      "available_resource": "simplelist",
      "class_field": "show_list_count",
      "description": "Erledigte Dossiers f\u00fcr die Kommissionsmitglieder",
      "hidden": 0,
      "name": "Erledigte Dossiers",
      "sort": 2,
      "template": ""
    },
    "model": "core.resource",
    "pk": 310
  },
  {
    "fields": {
      "available_resource": "extendedsearch",
      "class_field": null,
      "description": null,
      "hidden": 0,
      "name": "Erweiterte Suche",
      "sort": 30,
      "template": null
    },
    "model": "core.resource",
    "pk": 311
  },
  {
    "fields": {
      "available_resource": "statistics",
      "class_field": null,
      "description": "Erlaubt das Erstellen von Dossier \u00fcbergreifenden Auswertungen",
      "hidden": 0,
      "name": "Geb\u00fchren-Statistik",
      "sort": 31,
      "template": null
    },
    "model": "core.resource",
    "pk": 312
  },
  {
    "fields": {
      "available_resource": "simplelist",
      "class_field": null,
      "description": null,
      "hidden": 0,
      "name": "Aufgaben Gemeindebaubeh\u00f6rde",
      "sort": 20,
      "template": null
    },
    "model": "core.resource",
    "pk": 314
  },
  {
    "fields": {
      "available_resource": "simplelist",
      "class_field": null,
      "description": "Dossierbearbeitung starten Bundesstellen",
      "hidden": 0,
      "name": "Dossierbearbeitung starten",
      "sort": 11,
      "template": null
    },
    "model": "core.resource",
    "pk": 316
  },
  {
    "fields": {
      "available_resource": "simplelist",
      "class_field": null,
      "description": "Zur Pr\u00fcfung zugewiesene Dossiers f\u00fcr Vernehmlassungsstellen Gemeindezirkulation",
      "hidden": 0,
      "name": "Zur Pr\u00fcfung zugewiesene Dossiers",
      "sort": 5,
      "template": null
    },
    "model": "core.resource",
    "pk": 317
  },
  {
    "fields": {
      "available_resource": "useradmin",
      "class_field": null,
      "description": null,
      "hidden": 0,
      "name": "Einstellungen",
      "sort": 27,
      "template": null
    },
    "model": "core.resource",
    "pk": 318
  },
  {
    "fields": {
      "query": "SELECT\n  \"INSTANCE\".\"INSTANCE_ID\",\n  \"ANSWER_DOK_NR\".\"ANSWER\"   AS \"DOSSIER_NR\",\n  \"FORM\".\"NAME\"              AS \"FORM\",\n  \"ACTIVATION\".\"DEADLINE_DATE\" AS \"DEADLINE\",\n  \"LOCATION\".\"NAME\"          AS \"COMMUNITY\",\n\n  (\n    SELECT\n      STRING_AGG(\"ANSWER_LIST\".\"NAME\", ', ' ORDER BY \"ANSWER_LIST\".\"NAME\")\n    FROM\n      table(json_unserialize((\n          SELECT\n            \"ANSWER\" as \"ANSW\"\n          FROM\n            \"ANSWER\"\n          WHERE\n            \"ANSWER\".\"INSTANCE_ID\" = \"INSTANCE\".\"INSTANCE_ID\"\n            AND\n            \"QUESTION_ID\" = 97\n            AND\n            \"CHAPTER_ID\" = 21\n            AND\n            \"ITEM\" = 1\n          ))\n        )\n    JOIN \"ANSWER_LIST\" ON (\n      \"VAL\" = \"ANSWER_LIST_ID\"\n    )\n  ) AS \"INTENT\",\n  \"ANSWER_CITY\".\"ANSWER\"     AS \"CITY\",\n  \"INSTANCE_STATE\".\"NAME\"    AS \"STATE\",\n  \"ACTIVATION\".\"REASON\"      AS \"REASON\"\nFROM\n  \"INSTANCE\"\nJOIN\n  \"INSTANCE_LOCATION\" ON (\n    \"INSTANCE\".\"INSTANCE_ID\" = \"INSTANCE_LOCATION\".\"INSTANCE_ID\"\n  )\nJOIN\n  \"LOCATION\" ON (\n   \"INSTANCE_LOCATION\".\"LOCATION_ID\" = \"LOCATION\".\"LOCATION_ID\"\n  )\nJOIN\n  FORM ON (\n    \"INSTANCE\".\"FORM_ID\" = \"FORM\".\"FORM_ID\"\n)\nJOIN \"ANSWER_DOK_NR\" ON (\n    \"INSTANCE\".\"INSTANCE_ID\" = \"ANSWER_DOK_NR\".\"INSTANCE_ID\"\n)\nLEFT JOIN\n  \"ANSWER\" \"ANSWER_PETITION\" ON (\n    \"INSTANCE\".\"INSTANCE_ID\" = \"ANSWER_PETITION\".\"INSTANCE_ID\"\n    AND\n    \"ANSWER_PETITION\".\"QUESTION_ID\" = 23\n    AND\n    \"ANSWER_PETITION\".\"CHAPTER_ID\" = 1\n    AND\n    \"ANSWER_PETITION\".\"ITEM\" = 1\n  )\nLEFT JOIN\n  \"ANSWER\" \"ANSWER_CITY\" ON (\n    \"INSTANCE\".\"INSTANCE_ID\" = \"ANSWER_CITY\".\"INSTANCE_ID\"\n    AND\n    \"ANSWER_CITY\".\"QUESTION_ID\" = 63\n    AND\n    \"ANSWER_CITY\".\"CHAPTER_ID\" = 1\n    AND\n    \"ANSWER_CITY\".\"ITEM\" = 1\n  )\nJOIN\n  \"CIRCULATION\" ON (\n    \"CIRCULATION\".\"INSTANCE_ID\" = \"INSTANCE\".\"INSTANCE_ID\"\n  )\nJOIN\n  \"INSTANCE_STATE\" ON (\n  \"INSTANCE_STATE\".\"INSTANCE_STATE_ID\" = \"INSTANCE\".\"INSTANCE_STATE_ID\"\n)\nJOIN\n  \"ACTIVATION\" ON (\n    \"ACTIVATION\".\"CIRCULATION_ID\" = \"CIRCULATION\".\"CIRCULATION_ID\"\n    AND\n    \"ACTIVATION\".\"SERVICE_ID\" = [SERVICE_ID]\n  )\n  ORDER BY DOSSIER_NR\n  "
    },
    "model": "core.rlist",
    "pk": 122
  },
  {
    "fields": {
      "query": "SELECT\r\n  \"INSTANCE\".\"INSTANCE_ID\"     AS \"INSTANCE_ID\",\r\n  \"FORM\".\"NAME\"                AS \"FORM\",\r\n  \"LOCATION\".\"NAME\"            AS \"COMMUNITY\",\r\n  \"USER\".\"USERNAME\"            AS \"USER\",\r\n  \"APPLICANT_VIEW\".\"APPLICANT\",\r\n  (SELECT STRING_AGG(\"NAME\", ', ' ORDER BY \"NAME\")\r\n    FROM \"INTENTIONS\" WHERE \"INSTANCE_ID\" = \"INSTANCE\".\"INSTANCE_ID\") AS \"INTENT\",\r\n  CASE\r\n    WHEN \"ANSWER_STREET_BG\".\"ANSWER\" IS NOT NULL THEN \"ANSWER_STREET_BG\".\"ANSWER\"\r\n    WHEN \"ANSWER_STREET_NP\".\"ANSWER\" IS NOT NULL THEN \"ANSWER_STREET_NP\".\"ANSWER\"\r\n  END AS \"STREET\",\r\n  \"GET_INST_STATE_NAME_BY_ID\"(\"INSTANCE\".\"INSTANCE_STATE_ID\")   \"STATE\",\r\n  \"GET_INST_STATE_DESCRIPTION\"(\"GET_INST_STATE_NAME_BY_ID\"(\"INSTANCE\".\"INSTANCE_STATE_ID\"))    \"STATE_DESCRIPTION\"\r\nFROM\r\n  \"INSTANCE\"\r\nJOIN\r\n  \"INSTANCE_LOCATION\" ON (\r\n    \"INSTANCE\".\"INSTANCE_ID\" = \"INSTANCE_LOCATION\".\"INSTANCE_ID\"\r\n  )\r\nJOIN\r\n  \"LOCATION\" ON (\r\n   \"INSTANCE_LOCATION\".\"LOCATION_ID\" = \"LOCATION\".\"LOCATION_ID\"\r\n  )\r\nJOIN\r\n  \"FORM\" ON (\r\n    \"INSTANCE\".\"FORM_ID\" = \"FORM\".\"FORM_ID\"\r\n)\r\nJOIN\r\n  \"USER\" ON (\r\n    \"INSTANCE\".\"USER_ID\" = \"USER\".\"USER_ID\"\r\n)\r\nLEFT JOIN \"ANSWER_STREET_BG\" ON (\r\n    \"INSTANCE\".\"INSTANCE_ID\" = \"ANSWER_STREET_BG\".\"INSTANCE_ID\"\r\n  )\r\nLEFT JOIN \"ANSWER_STREET_NP\" ON (\r\n    \"INSTANCE\".\"INSTANCE_ID\" = \"ANSWER_STREET_NP\".\"INSTANCE_ID\"\r\n  )\r\nJOIN\r\n  \"GROUP_LOCATION\" ON (\r\n    \"GROUP_LOCATION\".\"GROUP_ID\" = [GROUP_ID]\r\n  )\r\nJOIN\r\n  \"GROUP\" ON (\r\n    \"GROUP\".\"GROUP_ID\" = [GROUP_ID]\r\n  )\r\nLEFT JOIN \"APPLICANT_VIEW\" ON (\r\n  \"INSTANCE\".\"INSTANCE_ID\" = \"APPLICANT_VIEW\".\"INSTANCE_ID\"\r\n)\r\n\r\nWHERE\r\n  (\r\n  \"INSTANCE\".\"INSTANCE_STATE_ID\" = \"GET_INST_STATE_ID_BY_NAME\"('subm')\r\n  OR\r\n  \"INSTANCE\".\"INSTANCE_STATE_ID\" = \"GET_INST_STATE_ID_BY_NAME\"('nfd')\r\n  )\r\n  AND\r\n  \"GROUP_LOCATION\".\"LOCATION_ID\" = \"INSTANCE_LOCATION\".\"LOCATION_ID\""
    },
    "model": "core.rlist",
    "pk": 250
  },
  {
    "fields": {
      "alias": "INSTANCE_ID",
      "column_name": "INSTANCE_ID",
      "resource": 122,
      "sort": 0
    },
    "model": "core.rlistcolumn",
    "pk": 204
  },
  {
    "fields": {
      "alias": "Dossier-Nr.",
      "column_name": "DOSSIER_NR",
      "resource": 122,
      "sort": 1
    },
    "model": "core.rlistcolumn",
    "pk": 205
  },
  {
    "fields": {
      "alias": "Verfahren",
      "column_name": "FORM",
      "resource": 122,
      "sort": 2
    },
    "model": "core.rlistcolumn",
    "pk": 206
  },
  {
    "fields": {
      "alias": "Frist",
      "column_name": "DEADLINE",
      "resource": 122,
      "sort": 3
    },
    "model": "core.rlistcolumn",
    "pk": 207
  },
  {
    "fields": {
      "alias": "Gemeinde",
      "column_name": "COMMUNITY",
      "resource": 122,
      "sort": 4
    },
    "model": "core.rlistcolumn",
    "pk": 208
  },
  {
    "fields": {
      "alias": "Vorhaben",
      "column_name": "INTENT",
      "resource": 122,
      "sort": 5
    },
    "model": "core.rlistcolumn",
    "pk": 209
  },
  {
    "fields": {
      "alias": "Strasse/Flurname",
      "column_name": "CITY",
      "resource": 122,
      "sort": 6
    },
    "model": "core.rlistcolumn",
    "pk": 210
  },
  {
    "fields": {
      "alias": "Status",
      "column_name": "STATE",
      "resource": 122,
      "sort": 7
    },
    "model": "core.rlistcolumn",
    "pk": 211
  },
  {
    "fields": {
      "alias": "Grund",
      "column_name": "REASON",
      "resource": 122,
      "sort": 8
    },
    "model": "core.rlistcolumn",
    "pk": 212
  },
  {
    "fields": {
      "alias": "ID",
      "column_name": "INSTANCE_ID",
      "resource": 250,
      "sort": 0
    },
    "model": "core.rlistcolumn",
    "pk": 646
  },
  {
    "fields": {
      "alias": "Verfahren",
      "column_name": "FORM",
      "resource": 250,
      "sort": 1
    },
    "model": "core.rlistcolumn",
    "pk": 657
  },
  {
    "fields": {
      "alias": "Gemeinde",
      "column_name": "COMMUNITY",
      "resource": 250,
      "sort": 2
    },
    "model": "core.rlistcolumn",
    "pk": 658
  },
  {
    "fields": {
      "alias": "Ersteller",
      "column_name": "USER",
      "resource": 250,
      "sort": 3
    },
    "model": "core.rlistcolumn",
    "pk": 659
  },
  {
    "fields": {
      "alias": "Gesuchsteller",
      "column_name": "APPLICANT",
      "resource": 250,
      "sort": 4
    },
    "model": "core.rlistcolumn",
    "pk": 660
  },
  {
    "fields": {
      "alias": "Vorhaben",
      "column_name": "INTENT",
      "resource": 250,
      "sort": 5
    },
    "model": "core.rlistcolumn",
    "pk": 661
  },
  {
    "fields": {
      "alias": "Strasse/Flurname",
      "column_name": "STREET",
      "resource": 250,
      "sort": 6
    },
    "model": "core.rlistcolumn",
    "pk": 662
  },
  {
    "fields": {
      "alias": "Status",
      "column_name": "STATE",
      "resource": 250,
      "sort": 7
    },
    "model": "core.rlistcolumn",
    "pk": 663
  },
  {
    "fields": {
      "alias": "Statusbeschreibung",
      "column_name": "STATE_DESCRIPTION",
      "resource": 250,
      "sort": 8
    },
    "model": "core.rlistcolumn",
    "pk": 664
  },
  {
    "fields": {
      "pdf_class": null
    },
    "model": "core.rpage",
    "pk": 22
  },
  {
    "fields": {
      "pdf_class": ""
    },
    "model": "core.rpage",
    "pk": 251
  },
  {
    "fields": {
      "resource": 293,
      "role": 2
    },
    "model": "core.rroleacl",
    "pk": 1
  },
  {
    "fields": {
      "resource": 42,
      "role": 1101
    },
    "model": "core.rroleacl",
    "pk": 2
  },
  {
    "fields": {
      "resource": 266,
      "role": 3
    },
    "model": "core.rroleacl",
    "pk": 3
  },
  {
    "fields": {
      "resource": 22,
      "role": 3
    },
    "model": "core.rroleacl",
    "pk": 4
  },
  {
    "fields": {
      "resource": 22,
      "role": 6
    },
    "model": "core.rroleacl",
    "pk": 5
  },
  {
    "fields": {
      "resource": 22,
      "role": 1061
    },
    "model": "core.rroleacl",
    "pk": 6
  },
  {
    "fields": {
      "resource": 287,
      "role": 1106
    },
    "model": "core.rroleacl",
    "pk": 7
  },
  {
    "fields": {
      "resource": 22,
      "role": 1127
    },
    "model": "core.rroleacl",
    "pk": 8
  },
  {
    "fields": {
      "resource": 266,
      "role": 1101
    },
    "model": "core.rroleacl",
    "pk": 9
  },
  {
    "fields": {
      "resource": 303,
      "role": 4
    },
    "model": "core.rroleacl",
    "pk": 10
  },
  {
    "fields": {
      "resource": 302,
      "role": 4
    },
    "model": "core.rroleacl",
    "pk": 11
  },
  {
    "fields": {
      "resource": 42,
      "role": 3
    },
    "model": "core.rroleacl",
    "pk": 12
  },
  {
    "fields": {
      "resource": 42,
      "role": 4
    },
    "model": "core.rroleacl",
    "pk": 13
  },
  {
    "fields": {
      "resource": 42,
      "role": 1021
    },
    "model": "core.rroleacl",
    "pk": 14
  },
  {
    "fields": {
      "resource": 42,
      "role": 1061
    },
    "model": "core.rroleacl",
    "pk": 15
  },
  {
    "fields": {
      "resource": 287,
      "role": 1128
    },
    "model": "core.rroleacl",
    "pk": 16
  },
  {
    "fields": {
      "resource": 302,
      "role": 1102
    },
    "model": "core.rroleacl",
    "pk": 17
  },
  {
    "fields": {
      "resource": 296,
      "role": 1107
    },
    "model": "core.rroleacl",
    "pk": 18
  },
  {
    "fields": {
      "resource": 102,
      "role": 6
    },
    "model": "core.rroleacl",
    "pk": 19
  },
  {
    "fields": {
      "resource": 102,
      "role": 7
    },
    "model": "core.rroleacl",
    "pk": 20
  },
  {
    "fields": {
      "resource": 288,
      "role": 1061
    },
    "model": "core.rroleacl",
    "pk": 21
  },
  {
    "fields": {
      "resource": 287,
      "role": 1107
    },
    "model": "core.rroleacl",
    "pk": 22
  },
  {
    "fields": {
      "resource": 42,
      "role": 7
    },
    "model": "core.rroleacl",
    "pk": 23
  },
  {
    "fields": {
      "resource": 42,
      "role": 6
    },
    "model": "core.rroleacl",
    "pk": 24
  },
  {
    "fields": {
      "resource": 22,
      "role": 1101
    },
    "model": "core.rroleacl",
    "pk": 25
  },
  {
    "fields": {
      "resource": 266,
      "role": 1061
    },
    "model": "core.rroleacl",
    "pk": 26
  },
  {
    "fields": {
      "resource": 298,
      "role": 1128
    },
    "model": "core.rroleacl",
    "pk": 27
  },
  {
    "fields": {
      "resource": 289,
      "role": 1106
    },
    "model": "core.rroleacl",
    "pk": 28
  },
  {
    "fields": {
      "resource": 248,
      "role": 2
    },
    "model": "core.rroleacl",
    "pk": 29
  },
  {
    "fields": {
      "resource": 287,
      "role": 1127
    },
    "model": "core.rroleacl",
    "pk": 30
  },
  {
    "fields": {
      "resource": 250,
      "role": 6
    },
    "model": "core.rroleacl",
    "pk": 31
  },
  {
    "fields": {
      "resource": 42,
      "role": 1106
    },
    "model": "core.rroleacl",
    "pk": 32
  },
  {
    "fields": {
      "resource": 22,
      "role": 1128
    },
    "model": "core.rroleacl",
    "pk": 33
  },
  {
    "fields": {
      "resource": 248,
      "role": 1103
    },
    "model": "core.rroleacl",
    "pk": 34
  },
  {
    "fields": {
      "resource": 251,
      "role": 1103
    },
    "model": "core.rroleacl",
    "pk": 35
  },
  {
    "fields": {
      "resource": 295,
      "role": 1101
    },
    "model": "core.rroleacl",
    "pk": 36
  },
  {
    "fields": {
      "resource": 301,
      "role": 7
    },
    "model": "core.rroleacl",
    "pk": 37
  },
  {
    "fields": {
      "resource": 301,
      "role": 6
    },
    "model": "core.rroleacl",
    "pk": 38
  },
  {
    "fields": {
      "resource": 287,
      "role": 1061
    },
    "model": "core.rroleacl",
    "pk": 39
  },
  {
    "fields": {
      "resource": 266,
      "role": 1128
    },
    "model": "core.rroleacl",
    "pk": 40
  },
  {
    "fields": {
      "resource": 266,
      "role": 1127
    },
    "model": "core.rroleacl",
    "pk": 41
  },
  {
    "fields": {
      "resource": 295,
      "role": 3
    },
    "model": "core.rroleacl",
    "pk": 42
  },
  {
    "fields": {
      "resource": 293,
      "role": 1103
    },
    "model": "core.rroleacl",
    "pk": 43
  },
  {
    "fields": {
      "resource": 42,
      "role": 1104
    },
    "model": "core.rroleacl",
    "pk": 44
  },
  {
    "fields": {
      "resource": 266,
      "role": 1106
    },
    "model": "core.rroleacl",
    "pk": 45
  },
  {
    "fields": {
      "resource": 287,
      "role": 3
    },
    "model": "core.rroleacl",
    "pk": 46
  },
  {
    "fields": {
      "resource": 266,
      "role": 1107
    },
    "model": "core.rroleacl",
    "pk": 47
  },
  {
    "fields": {
      "resource": 42,
      "role": 1128
    },
    "model": "core.rroleacl",
    "pk": 48
  },
  {
    "fields": {
      "resource": 22,
      "role": 1106
    },
    "model": "core.rroleacl",
    "pk": 49
  },
  {
    "fields": {
      "resource": 287,
      "role": 1101
    },
    "model": "core.rroleacl",
    "pk": 50
  },
  {
    "fields": {
      "resource": 267,
      "role": 3
    },
    "model": "core.rroleacl",
    "pk": 51
  },
  {
    "fields": {
      "resource": 297,
      "role": 1127
    },
    "model": "core.rroleacl",
    "pk": 52
  },
  {
    "fields": {
      "resource": 42,
      "role": 1105
    },
    "model": "core.rroleacl",
    "pk": 53
  },
  {
    "fields": {
      "resource": 42,
      "role": 1127
    },
    "model": "core.rroleacl",
    "pk": 54
  },
  {
    "fields": {
      "resource": 22,
      "role": 1107
    },
    "model": "core.rroleacl",
    "pk": 55
  },
  {
    "fields": {
      "resource": 42,
      "role": 1107
    },
    "model": "core.rroleacl",
    "pk": 57
  },
  {
    "fields": {
      "resource": 264,
      "role": 1101
    },
    "model": "core.rroleacl",
    "pk": 58
  },
  {
    "fields": {
      "resource": 294,
      "role": 3
    },
    "model": "core.rroleacl",
    "pk": 59
  },
  {
    "fields": {
      "resource": 300,
      "role": 6
    },
    "model": "core.rroleacl",
    "pk": 60
  },
  {
    "fields": {
      "resource": 304,
      "role": 4
    },
    "model": "core.rroleacl",
    "pk": 61
  },
  {
    "fields": {
      "resource": 306,
      "role": 6
    },
    "model": "core.rroleacl",
    "pk": 62
  },
  {
    "fields": {
      "resource": 302,
      "role": 1021
    },
    "model": "core.rroleacl",
    "pk": 63
  },
  {
    "fields": {
      "resource": 305,
      "role": 4
    },
    "model": "core.rroleacl",
    "pk": 64
  },
  {
    "fields": {
      "resource": 307,
      "role": 1105
    },
    "model": "core.rroleacl",
    "pk": 65
  },
  {
    "fields": {
      "resource": 309,
      "role": 1081
    },
    "model": "core.rroleacl",
    "pk": 66
  },
  {
    "fields": {
      "resource": 310,
      "role": 1081
    },
    "model": "core.rroleacl",
    "pk": 67
  },
  {
    "fields": {
      "resource": 295,
      "role": 1061
    },
    "model": "core.rroleacl",
    "pk": 68
  },
  {
    "fields": {
      "resource": 312,
      "role": 1101
    },
    "model": "core.rroleacl",
    "pk": 69
  },
  {
    "fields": {
      "resource": 311,
      "role": 3
    },
    "model": "core.rroleacl",
    "pk": 70
  },
  {
    "fields": {
      "resource": 312,
      "role": 1127
    },
    "model": "core.rroleacl",
    "pk": 71
  },
  {
    "fields": {
      "resource": 312,
      "role": 1128
    },
    "model": "core.rroleacl",
    "pk": 72
  },
  {
    "fields": {
      "resource": 312,
      "role": 1107
    },
    "model": "core.rroleacl",
    "pk": 73
  },
  {
    "fields": {
      "resource": 312,
      "role": 1061
    },
    "model": "core.rroleacl",
    "pk": 74
  },
  {
    "fields": {
      "resource": 312,
      "role": 1106
    },
    "model": "core.rroleacl",
    "pk": 75
  },
  {
    "fields": {
      "resource": 312,
      "role": 3
    },
    "model": "core.rroleacl",
    "pk": 76
  },
  {
    "fields": {
      "resource": 298,
      "role": 1129
    },
    "model": "core.rroleacl",
    "pk": 77
  },
  {
    "fields": {
      "resource": 22,
      "role": 1129
    },
    "model": "core.rroleacl",
    "pk": 78
  },
  {
    "fields": {
      "resource": 266,
      "role": 1129
    },
    "model": "core.rroleacl",
    "pk": 79
  },
  {
    "fields": {
      "resource": 287,
      "role": 1129
    },
    "model": "core.rroleacl",
    "pk": 80
  },
  {
    "fields": {
      "resource": 42,
      "role": 1129
    },
    "model": "core.rroleacl",
    "pk": 81
  },
  {
    "fields": {
      "resource": 295,
      "role": 1127
    },
    "model": "core.rroleacl",
    "pk": 82
  },
  {
    "fields": {
      "resource": 22,
      "role": 1130
    },
    "model": "core.rroleacl",
    "pk": 86
  },
  {
    "fields": {
      "resource": 102,
      "role": 1130
    },
    "model": "core.rroleacl",
    "pk": 88
  },
  {
    "fields": {
      "resource": 287,
      "role": 1130
    },
    "model": "core.rroleacl",
    "pk": 89
  },
  {
    "fields": {
      "resource": 42,
      "role": 1130
    },
    "model": "core.rroleacl",
    "pk": 91
  },
  {
    "fields": {
      "resource": 316,
      "role": 1130
    },
    "model": "core.rroleacl",
    "pk": 92
  },
  {
    "fields": {
      "resource": 306,
      "role": 1130
    },
    "model": "core.rroleacl",
    "pk": 93
  },
  {
    "fields": {
      "resource": 314,
      "role": 6
    },
    "model": "core.rroleacl",
    "pk": 94
  },
  {
    "fields": {
      "resource": 314,
      "role": 7
    },
    "model": "core.rroleacl",
    "pk": 95
  },
  {
    "fields": {
      "resource": 317,
      "role": 1104
    },
    "model": "core.rroleacl",
    "pk": 96
  },
  {
    "fields": {
      "resource": 311,
      "role": 1101
    },
    "model": "core.rroleacl",
    "pk": 97
  },
  {
    "fields": {
      "resource": 318,
      "role": 1101
    },
    "model": "core.rroleacl",
    "pk": 130000
  },
  {
    "fields": {
      "resource": 318,
      "role": 3
    },
    "model": "core.rroleacl",
    "pk": 130001
  },
  {
    "fields": {
      "resource": 318,
      "role": 1127
    },
    "model": "core.rroleacl",
    "pk": 130002
  },
  {
    "fields": {
      "resource": 318,
      "role": 1128
    },
    "model": "core.rroleacl",
    "pk": 130003
  },
  {
    "fields": {
      "resource": 318,
      "role": 1107
    },
    "model": "core.rroleacl",
    "pk": 130004
  },
  {
    "fields": {
      "resource": 318,
      "role": 1061
    },
    "model": "core.rroleacl",
    "pk": 130005
  },
  {
    "fields": {
      "resource": 318,
      "role": 1129
    },
    "model": "core.rroleacl",
    "pk": 130006
  },
  {
    "fields": {
      "resource": 318,
      "role": 1106
    },
    "model": "core.rroleacl",
    "pk": 130007
  },
  {
    "fields": {
      "pdf_class": null,
      "preserve_result": 1,
      "query": "SELECT  DISTINCT\r\n  \"INSTANCE\".\"INSTANCE_ID\",\r\n  \"DOSSIERNR\".\"ANSWER\" as \"DOSSIER_NR\",\r\n  \"FORM\".\"NAME\"        as \"FORM\",\r\n  \"LOCATION\".\"NAME\"    as \"COMMUNITY\",\r\n  \"USER\".\"USERNAME\"        AS \"USER\",\r\n  \"APPLICANT_VIEW\".\"APPLICANT\",\r\n  (SELECT STRING_AGG(\"NAME\", ', ' ORDER BY \"NAME\")\r\n    FROM \"INTENTIONS\" WHERE \"INSTANCE_ID\" = \"INSTANCE\".\"INSTANCE_ID\") AS \"INTENT\",\r\n  (SELECT STRING_AGG(\"NAME\", ', ' ORDER BY \"NAME\")\r\n    FROM \"SANCTION\"\r\n    JOIN \"SERVICE\" ON (\r\n      \"SANCTION\".\"SERVICE_ID\" = \"SERVICE\".\"SERVICE_ID\"\r\n    )\r\n    WHERE \"SANCTION\".\"INSTANCE_ID\" = \"INSTANCE\".\"INSTANCE_ID\"\r\n  ) AS \"SANCTION\",\r\n  CASE\r\n    WHEN \"ANSWER_STREET_BG\".\"ANSWER\" IS NOT NULL THEN \"ANSWER_STREET_BG\".\"ANSWER\"\r\n    WHEN \"ANSWER_STREET_NP\".\"ANSWER\" IS NOT NULL THEN \"ANSWER_STREET_NP\".\"ANSWER\"\r\n    WHEN \"ANSWER_STREET_247\".\"ANSWER\" IS NOT NULL THEN \"ANSWER_STREET_247\".\"ANSWER\"\r\n  END AS \"STREET\",\r\n  \"GET_INST_STATE_NAME_BY_ID\"(\"INSTANCE\".\"INSTANCE_STATE_ID\") AS \"STATE\",\r\n  \"INSTANCE_STATE_DESCRIPTION\".\"DESCRIPTION\"    AS \"STATE_DESCRIPTION\"\r\nFROM \"INSTANCE\"\r\nLEFT JOIN \"APPLICANT_VIEW\" ON (\r\n    \"INSTANCE\".\"INSTANCE_ID\" = \"APPLICANT_VIEW\".\"INSTANCE_ID\"\r\n)\r\nJOIN \"INSTANCE_LOCATION\" ON (\r\n    \"INSTANCE\".\"INSTANCE_ID\" = \"INSTANCE_LOCATION\".\"INSTANCE_ID\"\r\n)\r\nJOIN \"LOCATION\" ON (\r\n    \"INSTANCE_LOCATION\".\"LOCATION_ID\" = \"LOCATION\".\"LOCATION_ID\"\r\n)\r\nLEFT JOIN \"ANSWER\"  \"DOSSIERNR\" ON (\r\n    \"DOSSIERNR\".\"INSTANCE_ID\" = \"INSTANCE\".\"INSTANCE_ID\"\r\n    AND\r\n    \"DOSSIERNR\".\"QUESTION_ID\" = 6\r\n    AND\r\n    \"DOSSIERNR\".\"CHAPTER_ID\" = 2\r\n    AND\r\n    \"DOSSIERNR\".\"ITEM\" = 1\r\n  )\r\nLEFT JOIN \"ANSWER\" \"ANSWER_INTENT\" ON (\r\n    \"INSTANCE\".\"INSTANCE_ID\" = \"ANSWER_INTENT\".\"INSTANCE_ID\"\r\n    AND\r\n    \"ANSWER_INTENT\".\"QUESTION_ID\" = 97\r\n    AND\r\n    \"ANSWER_INTENT\".\"CHAPTER_ID\" = 21\r\n    AND\r\n    \"ANSWER_INTENT\".\"ITEM\" = 1\r\n  )\r\n\r\nLEFT JOIN \"ANSWER_STREET_BG\" ON (\r\n    \"INSTANCE\".\"INSTANCE_ID\" = \"ANSWER_STREET_BG\".\"INSTANCE_ID\"\r\n  )\r\n\r\nLEFT JOIN \"ANSWER_STREET_NP\" ON (\r\n    \"INSTANCE\".\"INSTANCE_ID\" = \"ANSWER_STREET_NP\".\"INSTANCE_ID\"\r\n  )\r\nLEFT JOIN \"ANSWER_STREET_247\" ON (\r\n    \"INSTANCE\".\"INSTANCE_ID\" = \"ANSWER_STREET_247\".\"INSTANCE_ID\"\r\n  )\r\njoin \"FORM\" ON (\r\n  \"INSTANCE\".\"FORM_ID\" = \"FORM\".\"FORM_ID\"\r\n)\r\nJOIN \"USER\" ON (\r\n    \"INSTANCE\".\"USER_ID\" = \"USER\".\"USER_ID\"\r\n)\r\nLEFT JOIN \"INSTANCE_STATE_DESCRIPTION\" ON (\r\n    \"INSTANCE_STATE_DESCRIPTION\".\"INSTANCE_STATE_ID\" = \"INSTANCE\".\"INSTANCE_STATE_ID\"\r\n  )\r\nLEFT JOIN \"ANSWER\"  \"PARCEL_NR\" ON (\r\n  \"INSTANCE\".\"INSTANCE_ID\" = \"PARCEL_NR\".\"INSTANCE_ID\"\r\n  AND \"PARCEL_NR\".\"QUESTION_ID\" = 91 AND \"PARCEL_NR\".\"CHAPTER_ID\" = 21 AND \"PARCEL_NR\".\"ITEM\" = 1\r\n  )\r\nJOIN \"FORM_GROUP_FORM\" ON (\r\n  \"FORM_GROUP_FORM\".\"FORM_ID\" = \"INSTANCE\".\"FORM_ID\"\r\n)\r\nleft JOIN \"GROUP_LOCATION\" ON (\r\n     \"GROUP_LOCATION\".\"GROUP_ID\" = [GROUP_ID]\r\n  )\r\nLEFT JOIN \"CIRCULATION\" ON (\r\n  \"CIRCULATION\".\"INSTANCE_ID\" = \"INSTANCE\".\"INSTANCE_ID\"\r\n)\r\n\r\nLEFT JOIN \"ACTIVATION\" ON (\r\n  \"ACTIVATION\".\"CIRCULATION_ID\" = \"CIRCULATION\".\"CIRCULATION_ID\"\r\n)\r\nLEFT JOIN \"SANCTION\" ON (\r\n  \"SANCTION\".\"INSTANCE_ID\" = \"INSTANCE\".\"INSTANCE_ID\"\r\n)\r\nWHERE \"INSTANCE\".\"INSTANCE_STATE_ID\" != 28\r\nAND (\r\n    ([ROLE_ID] = 3 AND (\"FORM_GROUP_FORM\".\"FORM_GROUP_ID\" = 30 OR \"FORM_GROUP_FORM\".\"FORM_ID\" = 293))\r\n  OR\r\n    ([ROLE_ID] IN (7, 6, 1104) AND \"GROUP_LOCATION\".\"LOCATION_ID\" = \"INSTANCE_LOCATION\".\"LOCATION_ID\")\r\n  OR\r\n    (\"FORM_GROUP_FORM\".\"FORM_ID\" != 293\r\n      AND (\r\n          ([ROLE_ID] = 1061 AND \"FORM_GROUP_FORM\".\"FORM_GROUP_ID\" = 141)\r\n        OR\r\n          ([ROLE_ID] = 1101 AND \"FORM_GROUP_FORM\".\"FORM_GROUP_ID\" = 241)\r\n        OR\r\n          ([ROLE_ID] = 1105 AND \"GROUP_LOCATION\".\"LOCATION_ID\" = \"INSTANCE_LOCATION\".\"LOCATION_ID\" AND \"FORM_GROUP_FORM\".\"FORM_GROUP_ID\" = 253)\r\n        OR\r\n          ([ROLE_ID] NOT IN (3, 1061, 6, 7, 1105, 1104))\r\n\t  )\r\n\t)\r\n)",
      "result_template": null
    },
    "model": "core.rsearch",
    "pk": 42
  },
  {
    "fields": {
      "pdf_class": "",
      "preserve_result": 0,
      "query": "select  distinct\n  \"INSTANCE\".\"INSTANCE_ID\",\n  \"DOSSIERNR\".\"ANSWER\" as \"DOSSIER_NR\",\n  \"FORM\".\"NAME\"        as \"FORM\",\n  \"LOCATION\".\"NAME\"    as \"COMMUNITY\",\n  \"USER\".\"USERNAME\"        AS \"USER\",\n  CASE WHEN\n      \"ANSWER_COMPANY\".\"ANSWER\" IS NOT NULL \n    THEN \"ANSWER_COMPANY\".\"ANSWER\"\n    ELSE \"ANSWER_APPLICANT\".\"ANSWER\"\n  END AS \"PETITION\",\n  (SELECT STRING_AGG(\"NAME\", ', ' ORDER BY \"NAME\") \n    FROM \"INTENTIONS\" WHERE \"INSTANCE_ID\" = \"INSTANCE\".\"INSTANCE_ID\") AS \"INTENT\",\n  CASE\n    WHEN \"ANSWER_STREET_BG\".\"ANSWER\" IS NOT NULL THEN \"ANSWER_STREET_BG\".\"ANSWER\"\n    WHEN \"ANSWER_STREET_NP\".\"ANSWER\" IS NOT NULL THEN \"ANSWER_STREET_NP\".\"ANSWER\"\n  END AS \"STREET\",\n  GET_STATE_NAME_BY_ID(\"INSTANCE\".\"INSTANCE_STATE_ID\") AS \"STATE\",\n  \"INSTANCE_STATE_DESCRIPTION\".\"DESCRIPTION\"    AS \"STATE_DESCRIPTION\"\n\n\n  \nFROM \"INSTANCE\"\n\nJOIN \"INSTANCE_LOCATION\" ON (\n    \"INSTANCE\".\"INSTANCE_ID\" = \"INSTANCE_LOCATION\".\"INSTANCE_ID\"\n)\n\nJOIN \"LOCATION\" ON (\n    \"INSTANCE_LOCATION\".\"LOCATION_ID\" = \"LOCATION\".\"LOCATION_ID\"\n)\n\nLEFT JOIN \"ANSWER\"  \"DOSSIERNR\" ON (\n    \"DOSSIERNR\".\"INSTANCE_ID\" = \"INSTANCE\".\"INSTANCE_ID\"\n    AND\n    \"DOSSIERNR\".\"QUESTION_ID\" = 6\n    AND\n    \"DOSSIERNR\".\"CHAPTER_ID\" = 2\n    AND\n    \"DOSSIERNR\".\"ITEM\" = 1\n  )\nLEFT JOIN \"ANSWER\" \"ANSWER_APPLICANT\" ON (\n    \"INSTANCE\".\"INSTANCE_ID\" = \"ANSWER_APPLICANT\".\"INSTANCE_ID\"\n    AND\n    \"ANSWER_APPLICANT\".\"QUESTION_ID\" = 23\n    AND\n    \"ANSWER_APPLICANT\".\"CHAPTER_ID\" = 1\n    AND\n    \"ANSWER_APPLICANT\".\"ITEM\" = 1\n  )\nLEFT JOIN \"ANSWER\" \"ANSWER_INTENT\" ON (\n    \"INSTANCE\".\"INSTANCE_ID\" = \"ANSWER_INTENT\".\"INSTANCE_ID\"\n    AND\n    \"ANSWER_INTENT\".\"QUESTION_ID\" = 97\n    AND\n    \"ANSWER_INTENT\".\"CHAPTER_ID\" = 21\n    AND\n    \"ANSWER_INTENT\".\"ITEM\" = 1\n  )\nLEFT JOIN \"ANSWER\" \"ANSWER_COMPANY\" ON (\n    \"INSTANCE\".\"INSTANCE_ID\" = \"ANSWER_COMPANY\".\"INSTANCE_ID\"\n    AND\n    \"ANSWER_COMPANY\".\"QUESTION_ID\" = 221\n    AND\n    \"ANSWER_COMPANY\".\"CHAPTER_ID\" = 1\n    AND\n    \"ANSWER_COMPANY\".\"ITEM\" = 1\n  )\nLEFT JOIN \"ANSWER\" \"ANSWER_STREET_BG\" ON (\n    \"INSTANCE\".\"INSTANCE_ID\" = \"ANSWER_STREET_BG\".\"INSTANCE_ID\"\n    AND\n    \"ANSWER_STREET_BG\".\"QUESTION_ID\" = 93\n    AND\n    \"ANSWER_STREET_BG\".\"CHAPTER_ID\" = 21\n    AND\n    \"ANSWER_STREET_BG\".\"ITEM\" = 1\n  )\nLEFT JOIN \"ANSWER\" \"ANSWER_STREET_NP\" ON (\n    \"INSTANCE\".\"INSTANCE_ID\" = \"ANSWER_STREET_NP\".\"INSTANCE_ID\"\n    AND\n    \"ANSWER_STREET_NP\".\"QUESTION_ID\" = 93\n    AND\n    \"ANSWER_STREET_NP\".\"CHAPTER_ID\" = 101\n    AND\n    \"ANSWER_STREET_NP\".\"ITEM\" = 1\n  )\n\n\n\njoin \"FORM\" ON (\n  \"INSTANCE\".\"FORM_ID\" = \"FORM\".\"FORM_ID\"\n)\n\nJOIN \"USER\" ON (\n    \"INSTANCE\".\"USER_ID\" = \"USER\".\"USER_ID\"\n)\n\nLEFT JOIN \"INSTANCE_STATE_DESCRIPTION\" ON (\n    \"INSTANCE_STATE_DESCRIPTION\".\"INSTANCE_STATE_ID\" = \"INSTANCE\".\"INSTANCE_STATE_ID\"\n  )\n\nLEFT JOIN \"ANSWER\"  \"PARCEL_NR\" ON ( \n  \"INSTANCE\".\"INSTANCE_ID\" = \"PARCEL_NR\".\"INSTANCE_ID\" AND \"PARCEL_NR\".\"QUESTION_ID\" = 91 AND \"PARCEL_NR\".\"CHAPTER_ID\" = 21 AND \"PARCEL_NR\".\"ITEM\" = 1\n  )\n\nJOIN \"FORM_GROUP_FORM\" ON (\n  \"FORM_GROUP_FORM\".\"FORM_ID\" = \"INSTANCE\".\"FORM_ID\"\n)\n\nJOIN\n  \"GROUP_LOCATION\" ON (\n     \"GROUP_LOCATION\".\"GROUP_ID\" = [GROUP_ID]\n  )\n\nWHERE\n  (([ROLE_ID] = 3 AND \"FORM_GROUP_FORM\".\"FORM_GROUP_ID\" = 30)\n  OR\n  ([ROLE_ID] = 1061 AND \"FORM_GROUP_FORM\".\"FORM_GROUP_ID\" = 141)\n  OR (\n    ([ROLE_ID] = 7 OR [ROLE_ID] = 6) AND \n    \"GROUP_LOCATION\".\"LOCATION_ID\" = \"INSTANCE_LOCATION\".\"LOCATION_ID\"\n  )\n  OR\n  ([ROLE_ID] NOT IN (3, 1061, 7, 6)))",
      "result_template": ""
    },
    "model": "core.rsearch",
    "pk": 102
  },
  {
    "fields": {
      "pdf_class": null,
      "preserve_result": 1,
      "query": "SELECT  DISTINCT\r\n  \"INSTANCE\".\"INSTANCE_ID\",\r\n  \"DOSSIERNR\".\"ANSWER\" as \"DOSSIER_NR\",\r\n  \"FORM\".\"NAME\"        as \"FORM\",\r\n  \"LOCATION\".\"NAME\"    as \"COMMUNITY\",\r\n  \"USER\".\"USERNAME\"        AS \"USER\",\r\n  \"APPLICANT_VIEW\".\"APPLICANT\",\r\n  (SELECT STRING_AGG(\"NAME\", ', ' ORDER BY \"NAME\")\r\n    FROM \"INTENTIONS\" WHERE \"INSTANCE_ID\" = \"INSTANCE\".\"INSTANCE_ID\") AS \"INTENT\",\r\n  (SELECT STRING_AGG(\"NAME\", ', ' ORDER BY \"NAME\")\r\n    FROM \"SANCTION\"\r\n    JOIN \"SERVICE\" ON (\r\n      \"SANCTION\".\"SERVICE_ID\" = \"SERVICE\".\"SERVICE_ID\"\r\n    )\r\n    WHERE \"SANCTION\".\"INSTANCE_ID\" = \"INSTANCE\".\"INSTANCE_ID\"\r\n  ) AS \"SANCTION\",\r\n  CASE\r\n    WHEN \"ANSWER_STREET_BG\".\"ANSWER\" IS NOT NULL THEN \"ANSWER_STREET_BG\".\"ANSWER\"\r\n    WHEN \"ANSWER_STREET_NP\".\"ANSWER\" IS NOT NULL THEN \"ANSWER_STREET_NP\".\"ANSWER\"\r\n    WHEN \"ANSWER_STREET_247\".\"ANSWER\" IS NOT NULL THEN \"ANSWER_STREET_247\".\"ANSWER\"\r\n  END AS \"STREET\",\r\n  \"GET_INST_STATE_NAME_BY_ID\"(\"INSTANCE\".\"INSTANCE_STATE_ID\") AS \"STATE\",\r\n  \"INSTANCE_STATE_DESCRIPTION\".\"DESCRIPTION\"    AS \"STATE_DESCRIPTION\"\r\nFROM \"INSTANCE\"\r\nLEFT JOIN \"APPLICANT_VIEW\" ON (\r\n    \"INSTANCE\".\"INSTANCE_ID\" = \"APPLICANT_VIEW\".\"INSTANCE_ID\"\r\n)\r\nJOIN \"INSTANCE_LOCATION\" ON (\r\n    \"INSTANCE\".\"INSTANCE_ID\" = \"INSTANCE_LOCATION\".\"INSTANCE_ID\"\r\n)\r\nJOIN \"LOCATION\" ON (\r\n    \"INSTANCE_LOCATION\".\"LOCATION_ID\" = \"LOCATION\".\"LOCATION_ID\"\r\n)\r\nLEFT JOIN \"ANSWER\"  \"DOSSIERNR\" ON (\r\n    \"DOSSIERNR\".\"INSTANCE_ID\" = \"INSTANCE\".\"INSTANCE_ID\"\r\n    AND\r\n    \"DOSSIERNR\".\"QUESTION_ID\" = 6\r\n    AND\r\n    \"DOSSIERNR\".\"CHAPTER_ID\" = 2\r\n    AND\r\n    \"DOSSIERNR\".\"ITEM\" = 1\r\n  )\r\nLEFT JOIN \"ANSWER\" \"ANSWER_INTENT\" ON (\r\n    \"INSTANCE\".\"INSTANCE_ID\" = \"ANSWER_INTENT\".\"INSTANCE_ID\"\r\n    AND\r\n    \"ANSWER_INTENT\".\"QUESTION_ID\" = 97\r\n    AND\r\n    \"ANSWER_INTENT\".\"CHAPTER_ID\" = 21\r\n    AND\r\n    \"ANSWER_INTENT\".\"ITEM\" = 1\r\n  )\r\nLEFT JOIN \"ANSWER\" \"APPROVAL_MEASURE\" ON (\r\n    \"INSTANCE\".\"INSTANCE_ID\" = \"APPROVAL_MEASURE\".\"INSTANCE_ID\"\r\n    AND\r\n    \"APPROVAL_MEASURE\".\"QUESTION_ID\" = 261\r\n    AND\r\n    \"APPROVAL_MEASURE\".\"CHAPTER_ID\" = 104\r\n    AND\r\n    \"APPROVAL_MEASURE\".\"ITEM\" = 1\r\n  )\r\nLEFT JOIN \"ANSWER\" \"OBJECT_TYPE\" ON (\r\n    \"INSTANCE\".\"INSTANCE_ID\" = \"OBJECT_TYPE\".\"INSTANCE_ID\"\r\n    AND\r\n    \"OBJECT_TYPE\".\"QUESTION_ID\" = 262\r\n    AND\r\n    \"OBJECT_TYPE\".\"CHAPTER_ID\" = 104\r\n    AND\r\n    \"OBJECT_TYPE\".\"ITEM\" = 1\r\n  )\r\nLEFT JOIN \"ANSWER\" \"RPG_USE\" ON (\r\n    \"INSTANCE\".\"INSTANCE_ID\" = \"RPG_USE\".\"INSTANCE_ID\"\r\n    AND\r\n    \"RPG_USE\".\"QUESTION_ID\" = 263\r\n    AND\r\n    \"RPG_USE\".\"CHAPTER_ID\" = 104\r\n    AND\r\n    \"RPG_USE\".\"ITEM\" = 1\r\n  )\r\nLEFT JOIN \"ANSWER\" \"LEGAL_BASE\" ON (\r\n    \"INSTANCE\".\"INSTANCE_ID\" = \"LEGAL_BASE\".\"INSTANCE_ID\"\r\n    AND\r\n    \"LEGAL_BASE\".\"QUESTION_ID\" = 264\r\n    AND\r\n    \"LEGAL_BASE\".\"CHAPTER_ID\" = 104\r\n    AND\r\n    \"LEGAL_BASE\".\"ITEM\" = 1\r\n  )\r\nLEFT JOIN \"ANSWER\" \"DECISION\" ON (\r\n    \"INSTANCE\".\"INSTANCE_ID\" = \"DECISION\".\"INSTANCE_ID\"\r\n    AND\r\n    \"DECISION\".\"QUESTION_ID\" = 265\r\n    AND\r\n    \"DECISION\".\"CHAPTER_ID\" = 104\r\n    AND\r\n    \"DECISION\".\"ITEM\" = 1\r\n  )\r\nLEFT JOIN \"ANSWER\" \"BAB_APPLICANT\" ON (\r\n    \"INSTANCE\".\"INSTANCE_ID\" = \"BAB_APPLICANT\".\"INSTANCE_ID\"\r\n    AND\r\n    \"BAB_APPLICANT\".\"QUESTION_ID\" = 267\r\n    AND\r\n    \"BAB_APPLICANT\".\"CHAPTER_ID\" = 104\r\n    AND\r\n    \"BAB_APPLICANT\".\"ITEM\" = 1\r\n  )\r\nLEFT JOIN \"ANSWER_STREET_BG\" ON (\r\n    \"INSTANCE\".\"INSTANCE_ID\" = \"ANSWER_STREET_BG\".\"INSTANCE_ID\"\r\n  )\r\n\r\nLEFT JOIN \"ANSWER_STREET_NP\" ON (\r\n    \"INSTANCE\".\"INSTANCE_ID\" = \"ANSWER_STREET_NP\".\"INSTANCE_ID\"\r\n  )\r\nLEFT JOIN \"ANSWER_STREET_247\" ON (\r\n    \"INSTANCE\".\"INSTANCE_ID\" = \"ANSWER_STREET_247\".\"INSTANCE_ID\"\r\n  )\r\njoin \"FORM\" ON (\r\n  \"INSTANCE\".\"FORM_ID\" = \"FORM\".\"FORM_ID\"\r\n)\r\nJOIN \"USER\" ON (\r\n    \"INSTANCE\".\"USER_ID\" = \"USER\".\"USER_ID\"\r\n)\r\nLEFT JOIN \"INSTANCE_STATE_DESCRIPTION\" ON (\r\n    \"INSTANCE_STATE_DESCRIPTION\".\"INSTANCE_STATE_ID\" = \"INSTANCE\".\"INSTANCE_STATE_ID\"\r\n  )\r\nLEFT JOIN \"ANSWER\"  \"PARCEL_NR\" ON (\r\n  \"INSTANCE\".\"INSTANCE_ID\" = \"PARCEL_NR\".\"INSTANCE_ID\"\r\n  AND \"PARCEL_NR\".\"QUESTION_ID\" = 91 AND \"PARCEL_NR\".\"CHAPTER_ID\" = 21 AND \"PARCEL_NR\".\"ITEM\" = 1\r\n  )\r\nJOIN \"FORM_GROUP_FORM\" ON (\r\n  \"FORM_GROUP_FORM\".\"FORM_ID\" = \"INSTANCE\".\"FORM_ID\"\r\n)\r\nleft JOIN \"GROUP_LOCATION\" ON (\r\n     \"GROUP_LOCATION\".\"GROUP_ID\" = [GROUP_ID]\r\n  )\r\nLEFT JOIN \"CIRCULATION\" ON (\r\n  \"CIRCULATION\".\"INSTANCE_ID\" = \"INSTANCE\".\"INSTANCE_ID\"\r\n)\r\n\r\nLEFT JOIN \"ACTIVATION\" ON (\r\n  \"ACTIVATION\".\"CIRCULATION_ID\" = \"CIRCULATION\".\"CIRCULATION_ID\"\r\n)\r\nLEFT JOIN \"SANCTION\" ON (\r\n  \"SANCTION\".\"INSTANCE_ID\" = \"INSTANCE\".\"INSTANCE_ID\"\r\n)\r\nLEFT JOIN \"SERVICE\" \"SANCTION_CONTROL_INSTANCE\" ON (\r\n  \"SANCTION_CONTROL_INSTANCE\".\"SERVICE_ID\" = \"SANCTION\".\"CONTROL_INSTANCE_ID\"\r\n)\r\nWHERE \"INSTANCE\".\"INSTANCE_STATE_ID\" != 28\r\nAND (\r\n    ([ROLE_ID] = 3 AND (\"FORM_GROUP_FORM\".\"FORM_GROUP_ID\" = 30 OR \"FORM_GROUP_FORM\".\"FORM_ID\" = 293))\r\n  OR\r\n    ([ROLE_ID] IN (7, 6, 1104) AND \"GROUP_LOCATION\".\"LOCATION_ID\" = \"INSTANCE_LOCATION\".\"LOCATION_ID\")\r\n  OR\r\n    (\"FORM_GROUP_FORM\".\"FORM_ID\" != 293\r\n      AND (\r\n          ([ROLE_ID] = 1061 AND \"FORM_GROUP_FORM\".\"FORM_GROUP_ID\" = 141)\r\n        OR\r\n          ([ROLE_ID] = 1101 AND \"FORM_GROUP_FORM\".\"FORM_GROUP_ID\" = 241)\r\n        OR\r\n          ([ROLE_ID] = 1105 AND \"GROUP_LOCATION\".\"LOCATION_ID\" = \"INSTANCE_LOCATION\".\"LOCATION_ID\" AND \"FORM_GROUP_FORM\".\"FORM_GROUP_ID\" = 253)\r\n        OR\r\n          ([ROLE_ID] NOT IN (3, 1061, 6, 7, 1105, 1104))\r\n\t  )\r\n\t)\r\n)",
      "result_template": null
    },
    "model": "core.rsearch",
    "pk": 311
  },
  {
    "fields": {
      "alias": "ID",
      "column_name": "INSTANCE_ID",
      "resource": 42,
      "sort": 0
    },
    "model": "core.rsearchcolumn",
    "pk": 1
  },
  {
    "fields": {
      "alias": "Dossier-Nr.",
      "column_name": "DOSSIER_NR",
      "resource": 42,
      "sort": 1
    },
    "model": "core.rsearchcolumn",
    "pk": 2
  },
  {
    "fields": {
      "alias": "Verfahren",
      "column_name": "FORM",
      "resource": 42,
      "sort": 2
    },
    "model": "core.rsearchcolumn",
    "pk": 3
  },
  {
    "fields": {
      "alias": "Gemeinde",
      "column_name": "COMMUNITY",
      "resource": 42,
      "sort": 3
    },
    "model": "core.rsearchcolumn",
    "pk": 4
  },
  {
    "fields": {
      "alias": "Ersteller",
      "column_name": "USER",
      "resource": 42,
      "sort": 4
    },
    "model": "core.rsearchcolumn",
    "pk": 5
  },
  {
    "fields": {
      "alias": "Vorhaben",
      "column_name": "INTENT",
      "resource": 42,
      "sort": 6
    },
    "model": "core.rsearchcolumn",
    "pk": 22
  },
  {
    "fields": {
      "alias": "ID",
      "column_name": "INSTANCE_ID",
      "resource": 102,
      "sort": 0
    },
    "model": "core.rsearchcolumn",
    "pk": 41
  },
  {
    "fields": {
      "alias": "Dossier-Nr.",
      "column_name": "DOSSIER_NR",
      "resource": 102,
      "sort": 1
    },
    "model": "core.rsearchcolumn",
    "pk": 42
  },
  {
    "fields": {
      "alias": "Verfahren",
      "column_name": "FORM",
      "resource": 102,
      "sort": 2
    },
    "model": "core.rsearchcolumn",
    "pk": 43
  },
  {
    "fields": {
      "alias": "Ersteller",
      "column_name": "USER",
      "resource": 102,
      "sort": 4
    },
    "model": "core.rsearchcolumn",
    "pk": 45
  },
  {
    "fields": {
      "alias": "Gesuchsteller",
      "column_name": "PETITION",
      "resource": 102,
      "sort": 5
    },
    "model": "core.rsearchcolumn",
    "pk": 46
  },
  {
    "fields": {
      "alias": "Vorhaben",
      "column_name": "INTENT",
      "resource": 102,
      "sort": 6
    },
    "model": "core.rsearchcolumn",
    "pk": 47
  },
  {
    "fields": {
      "alias": "Status",
      "column_name": "STATE",
      "resource": 42,
      "sort": 9
    },
    "model": "core.rsearchcolumn",
    "pk": 61
  },
  {
    "fields": {
      "alias": "Statusbeschreibung",
      "column_name": "STATE_DESCRIPTION",
      "resource": 42,
      "sort": 10
    },
    "model": "core.rsearchcolumn",
    "pk": 62
  },
  {
    "fields": {
      "alias": "Status",
      "column_name": "STATE",
      "resource": 102,
      "sort": 8
    },
    "model": "core.rsearchcolumn",
    "pk": 63
  },
  {
    "fields": {
      "alias": "Statusbeschreibung",
      "column_name": "STATE_DESCRIPTION",
      "resource": 102,
      "sort": 9
    },
    "model": "core.rsearchcolumn",
    "pk": 64
  },
  {
    "fields": {
      "alias": "Strasse / Flurname",
      "column_name": "STREET",
      "resource": 102,
      "sort": 7
    },
    "model": "core.rsearchcolumn",
    "pk": 81
  },
  {
    "fields": {
      "alias": "Strasse / Flurname",
      "column_name": "STREET",
      "resource": 42,
      "sort": 8
    },
    "model": "core.rsearchcolumn",
    "pk": 82
  },
  {
    "fields": {
      "alias": "Gemeinde",
      "column_name": "COMMUNITY",
      "resource": 102,
      "sort": 3
    },
    "model": "core.rsearchcolumn",
    "pk": 121
  },
  {
    "fields": {
      "alias": "Gesuchsteller",
      "column_name": "APPLICANT",
      "resource": 42,
      "sort": 5
    },
    "model": "core.rsearchcolumn",
    "pk": 122
  },
  {
    "fields": {
      "alias": "Offene Auflagen",
      "column_name": "SANCTION",
      "resource": 42,
      "sort": 7
    },
    "model": "core.rsearchcolumn",
    "pk": 124
  },
  {
    "fields": {
      "alias": "ID",
      "column_name": "INSTANCE_ID",
      "resource": 311,
      "sort": 0
    },
    "model": "core.rsearchcolumn",
    "pk": 125
  },
  {
    "fields": {
      "alias": "Dossier-Nr.",
      "column_name": "DOSSIER_NR",
      "resource": 311,
      "sort": 1
    },
    "model": "core.rsearchcolumn",
    "pk": 126
  },
  {
    "fields": {
      "alias": "Verfahren",
      "column_name": "FORM",
      "resource": 311,
      "sort": 2
    },
    "model": "core.rsearchcolumn",
    "pk": 127
  },
  {
    "fields": {
      "alias": "Gemeinde",
      "column_name": "COMMUNITY",
      "resource": 311,
      "sort": 3
    },
    "model": "core.rsearchcolumn",
    "pk": 128
  },
  {
    "fields": {
      "alias": "Ersteller",
      "column_name": "USER",
      "resource": 311,
      "sort": 4
    },
    "model": "core.rsearchcolumn",
    "pk": 129
  },
  {
    "fields": {
      "alias": "Gesuchsteller",
      "column_name": "APPLICANT",
      "resource": 311,
      "sort": 5
    },
    "model": "core.rsearchcolumn",
    "pk": 130
  },
  {
    "fields": {
      "alias": "Vorhaben",
      "column_name": "INTENT",
      "resource": 311,
      "sort": 6
    },
    "model": "core.rsearchcolumn",
    "pk": 131
  },
  {
    "fields": {
      "alias": "Pendenzen AC",
      "column_name": "SANCTION",
      "resource": 311,
      "sort": 7
    },
    "model": "core.rsearchcolumn",
    "pk": 132
  },
  {
    "fields": {
      "alias": "Strasse / Flurname",
      "column_name": "STREET",
      "resource": 311,
      "sort": 8
    },
    "model": "core.rsearchcolumn",
    "pk": 133
  },
  {
    "fields": {
      "alias": "Status",
      "column_name": "STATE",
      "resource": 311,
      "sort": 9
    },
    "model": "core.rsearchcolumn",
    "pk": 134
  },
  {
    "fields": {
      "alias": "Statusbeschreibung",
      "column_name": "STATE_DESCRIPTION",
      "resource": 311,
      "sort": 10
    },
    "model": "core.rsearchcolumn",
    "pk": 135
  },
  {
    "fields": {
      "class_field": "",
      "field_name": "dossiernumber",
      "label": "Dossiernummer",
      "query": "\"DOSSIERNR\".\"ANSWER\" = ?",
      "question": 6,
      "resource": 42,
      "wildcard": 0
    },
    "model": "core.rsearchfilter",
    "pk": 1
  },
  {
    "fields": {
      "class_field": null,
      "field_name": "community",
      "label": "Gemeinde",
      "query": "\"INSTANCE\".\"INSTANCE_ID\" IN (SELECT \"INSTANCE_LOCATION\".\"INSTANCE_ID\" FROM \"INSTANCE_LOCATION\" WHERE \"INSTANCE_LOCATION\".\"LOCATION_ID\" = ?)",
      "question": 2,
      "resource": 42,
      "wildcard": 0
    },
    "model": "core.rsearchfilter",
    "pk": 2
  },
  {
    "fields": {
      "class_field": null,
      "field_name": "parcelnr",
      "label": "Parzellennummer",
      "query": "\"PARCEL_NR\".\"ANSWER\" LIKE ?",
      "question": 91,
      "resource": 42,
      "wildcard": 3
    },
    "model": "core.rsearchfilter",
    "pk": 3
  },
  {
    "fields": {
      "class_field": null,
      "field_name": "status",
      "label": "Status",
      "query": "\"INSTANCE\".\"INSTANCE_STATE_ID\" = \"GET_INST_STATE_ID_BY_NAME\"(?)",
      "question": null,
      "resource": 42,
      "wildcard": 0
    },
    "model": "core.rsearchfilter",
    "pk": 4
  },
  {
    "fields": {
      "class_field": null,
      "field_name": "fulltext",
      "label": "Volltext",
      "query": "\"INSTANCE\".\"INSTANCE_ID\" IN (\r\n\r\n   SELECT\r\n\r\n      \"INSTANCE_ID\"\r\n\r\n    FROM\r\n\r\n      \"ANSWER\"\r\n\r\n    WHERE\r\n\r\n      lower(\"ANSWER\") LIKE lower(?)\r\n\r\n )",
      "question": null,
      "resource": 42,
      "wildcard": 3
    },
    "model": "core.rsearchfilter",
    "pk": 5
  },
  {
    "fields": {
      "class_field": "",
      "field_name": "form",
      "label": "Verfahren",
      "query": "\"INSTANCE\".\"FORM_ID\" IN ( ?)",
      "question": null,
      "resource": 42,
      "wildcard": 0
    },
    "model": "core.rsearchfilter",
    "pk": 21
  },
  {
    "fields": {
      "class_field": "date",
      "field_name": "creationfrom",
      "label": "Erstellung von",
      "query": "\"INSTANCE\".\"CREATION_DATE\" >= (TO_DATE(?, 'DD-MM-YY'))",
      "question": null,
      "resource": 42,
      "wildcard": 0
    },
    "model": "core.rsearchfilter",
    "pk": 22
  },
  {
    "fields": {
      "class_field": "date",
      "field_name": "creationtil",
      "label": "Erstellung bis",
      "query": "\"INSTANCE\".\"CREATION_DATE\" <= (TO_DATE(?, 'dd-mm-yy'))",
      "question": null,
      "resource": 42,
      "wildcard": 0
    },
    "model": "core.rsearchfilter",
    "pk": 23
  },
  {
    "fields": {
      "class_field": "date",
      "field_name": "creationfrom",
      "label": "Erstellung von",
      "query": "\"INSTANCE\".\"CREATION_DATE\" >= (TO_DATE(?, 'DD-MM-YY'))",
      "question": null,
      "resource": 102,
      "wildcard": 0
    },
    "model": "core.rsearchfilter",
    "pk": 41
  },
  {
    "fields": {
      "class_field": "date",
      "field_name": "creationtil",
      "label": "Erstellung bis",
      "query": "\"INSTANCE\".\"CREATION_DATE\" <= (TO_DATE(?, 'dd-mm-yy'))",
      "question": null,
      "resource": 102,
      "wildcard": 0
    },
    "model": "core.rsearchfilter",
    "pk": 42
  },
  {
    "fields": {
      "class_field": "",
      "field_name": "dossiernumber",
      "label": "Dossiernummer",
      "query": "\"DOSSIERNR\".\"ANSWER\" = ?",
      "question": null,
      "resource": 102,
      "wildcard": 0
    },
    "model": "core.rsearchfilter",
    "pk": 43
  },
  {
    "fields": {
      "class_field": "",
      "field_name": "form",
      "label": "Verfahren",
      "query": "\"INSTANCE\".\"FORM_ID\" IN ( ?)",
      "question": null,
      "resource": 102,
      "wildcard": 0
    },
    "model": "core.rsearchfilter",
    "pk": 44
  },
  {
    "fields": {
      "class_field": "",
      "field_name": "fulltext",
      "label": "Volltext",
      "query": "\"INSTANCE\".\"INSTANCE_ID\" IN (\n\n   SELECT\n\n      INSTANCE_ID\n\n    FROM\n\n      ANSWER\n\n    WHERE\n\n      lower(ANSWER) LIKE lower(?)\n\n )",
      "question": null,
      "resource": 102,
      "wildcard": 3
    },
    "model": "core.rsearchfilter",
    "pk": 45
  },
  {
    "fields": {
      "class_field": "",
      "field_name": "parcelnr",
      "label": "Parzellennummer",
      "query": "PARCEL_NR.ANSWER = ?",
      "question": null,
      "resource": 102,
      "wildcard": 0
    },
    "model": "core.rsearchfilter",
    "pk": 46
  },
  {
    "fields": {
      "class_field": "",
      "field_name": "status",
      "label": "Status",
      "query": "\"INSTANCE\".\"INSTANCE_STATE_ID\" = get_inst_state_id_by_name(?)",
      "question": null,
      "resource": 102,
      "wildcard": 0
    },
    "model": "core.rsearchfilter",
    "pk": 47
  },
  {
    "fields": {
      "class_field": "",
      "field_name": "serviceid",
      "label": "Service",
      "query": "\"ACTIVATION\".\"SERVICE_ID\" = ?",
      "question": null,
      "resource": 42,
      "wildcard": 0
    },
    "model": "core.rsearchfilter",
    "pk": 81
  },
  {
    "fields": {
      "class_field": null,
      "field_name": "workflowoptions",
      "label": "Workflow",
      "query": "\"INSTANCE\".\"CREATION_DATE\" >= (TO_DATE('01-01-2017', 'DD-MM-YY')) AND (\r\n  ? = 'nachforderung' AND (\r\n    13 IN (SELECT \"WORKFLOW_ITEM_ID\" FROM \"WORKFLOW_ENTRY\" WHERE \"INSTANCE_ID\" = \"INSTANCE\".\"INSTANCE_ID\") AND\r\n    14 NOT IN (SELECT \"WORKFLOW_ITEM_ID\" FROM \"WORKFLOW_ENTRY\" WHERE \"INSTANCE_ID\" = \"INSTANCE\".\"INSTANCE_ID\")\r\n  )\r\n\r\n  OR ? = 'pendente_publikationen' AND (\r\n    1 IN (SELECT \"WORKFLOW_ITEM_ID\" FROM \"WORKFLOW_ENTRY\" WHERE \"INSTANCE_ID\" = \"INSTANCE\".\"INSTANCE_ID\") AND\r\n    15 NOT IN (SELECT \"WORKFLOW_ITEM_ID\" FROM \"WORKFLOW_ENTRY\" WHERE \"INSTANCE_ID\" = \"INSTANCE\".\"INSTANCE_ID\")\r\n  )\r\n\r\n  OR ? = 'einsprachen' AND (\r\n    21 IN (SELECT \"WORKFLOW_ITEM_ID\" FROM \"WORKFLOW_ENTRY\" WHERE \"INSTANCE_ID\" = \"INSTANCE\".\"INSTANCE_ID\") AND\r\n    15 IN (SELECT \"WORKFLOW_ITEM_ID\" FROM \"WORKFLOW_ENTRY\" WHERE \"INSTANCE_ID\" = \"INSTANCE\".\"INSTANCE_ID\")\r\n  )\r\n\r\n  OR ? = 'dossier_zum_freischalten' AND (\r\n    1 IN (SELECT \"WORKFLOW_ITEM_ID\" FROM \"WORKFLOW_ENTRY\" WHERE \"INSTANCE_ID\" = \"INSTANCE\".\"INSTANCE_ID\") AND\r\n    16 NOT IN (SELECT \"WORKFLOW_ITEM_ID\" FROM \"WORKFLOW_ENTRY\" WHERE \"INSTANCE_ID\" = \"INSTANCE\".\"INSTANCE_ID\")\r\n  )\r\n\r\n  OR ? = 'erteilte_baubewilligungen' AND (\r\n    47 IN (SELECT \"WORKFLOW_ITEM_ID\" FROM \"WORKFLOW_ENTRY\" WHERE \"INSTANCE_ID\" = \"INSTANCE\".\"INSTANCE_ID\") AND\r\n    55 NOT IN (SELECT \"WORKFLOW_ITEM_ID\" FROM \"WORKFLOW_ENTRY\" WHERE \"INSTANCE_ID\" = \"INSTANCE\".\"INSTANCE_ID\")\r\n  )\r\n\r\n  OR ? = 'abgelaufene_baubewilligungen' AND (\r\n    71 IN (SELECT \"WORKFLOW_ITEM_ID\" FROM \"WORKFLOW_ENTRY\" WHERE \"INSTANCE_ID\" = \"INSTANCE\".\"INSTANCE_ID\") AND\r\n    55 NOT IN (SELECT \"WORKFLOW_ITEM_ID\" FROM \"WORKFLOW_ENTRY\" WHERE \"INSTANCE_ID\" = \"INSTANCE\".\"INSTANCE_ID\") AND\r\n    1 IN (SELECT CASE WHEN \"WORKFLOW_DATE\" < CURRENT_TIMESTAMP THEN 1 ELSE 0 END FROM \"WORKFLOW_ENTRY\"\r\n        WHERE \"INSTANCE_ID\" = \"INSTANCE\".\"INSTANCE_ID\" AND \"WORKFLOW_ITEM_ID\" = 71)\r\n  )\r\n\r\n  OR ? = 'schnurgeruestabnahmen_pendent' AND (\r\n    55 IN (SELECT \"WORKFLOW_ITEM_ID\" FROM \"WORKFLOW_ENTRY\" WHERE \"INSTANCE_ID\" = \"INSTANCE\".\"INSTANCE_ID\") AND\r\n    56 NOT IN (SELECT \"WORKFLOW_ITEM_ID\" FROM \"WORKFLOW_ENTRY\" WHERE \"INSTANCE_ID\" = \"INSTANCE\".\"INSTANCE_ID\")\r\n  )\r\n\r\n  OR ? = 'baustellen_in_betrieb' AND (\r\n    55 IN (SELECT \"WORKFLOW_ITEM_ID\" FROM \"WORKFLOW_ENTRY\" WHERE \"INSTANCE_ID\" = \"INSTANCE\".\"INSTANCE_ID\") AND\r\n    67 NOT IN (SELECT \"WORKFLOW_ITEM_ID\" FROM \"WORKFLOW_ENTRY\" WHERE \"INSTANCE_ID\" = \"INSTANCE\".\"INSTANCE_ID\")\r\n  )\r\n\r\n  OR ? = 'endabnahmen_pendent' AND (\r\n    67 IN (SELECT \"WORKFLOW_ITEM_ID\" FROM \"WORKFLOW_ENTRY\" WHERE \"INSTANCE_ID\" = \"INSTANCE\".\"INSTANCE_ID\") AND\r\n    59 NOT IN (SELECT \"WORKFLOW_ITEM_ID\" FROM \"WORKFLOW_ENTRY\" WHERE \"INSTANCE_ID\" = \"INSTANCE\".\"INSTANCE_ID\")\r\n  )\r\n\r\n  OR ? = 'rechtsmittelverfahren' AND (\r\n    (\r\n      48 IN (SELECT \"WORKFLOW_ITEM_ID\" FROM \"WORKFLOW_ENTRY\" WHERE \"INSTANCE_ID\" = \"INSTANCE\".\"INSTANCE_ID\") OR\r\n      50 IN (SELECT \"WORKFLOW_ITEM_ID\" FROM \"WORKFLOW_ENTRY\" WHERE \"INSTANCE_ID\" = \"INSTANCE\".\"INSTANCE_ID\") OR\r\n      52 IN (SELECT \"WORKFLOW_ITEM_ID\" FROM \"WORKFLOW_ENTRY\" WHERE \"INSTANCE_ID\" = \"INSTANCE\".\"INSTANCE_ID\") OR\r\n      63 IN (SELECT \"WORKFLOW_ITEM_ID\" FROM \"WORKFLOW_ENTRY\" WHERE \"INSTANCE_ID\" = \"INSTANCE\".\"INSTANCE_ID\")\r\n    )\r\n    AND\r\n    54 NOT IN (SELECT \"WORKFLOW_ITEM_ID\" FROM \"WORKFLOW_ENTRY\" WHERE \"INSTANCE_ID\" = \"INSTANCE\".\"INSTANCE_ID\")\r\n  ))",
      "question": null,
      "resource": 42,
      "wildcard": 0
    },
    "model": "core.rsearchfilter",
    "pk": 82
  },
  {
    "fields": {
      "class_field": "",
      "field_name": "sanction",
      "label": "Pendenzen AC",
      "query": "(? = 0 OR \"SANCTION\".\"SERVICE_ID\" = ?) AND \"SANCTION\".\"IS_FINISHED\" = 0",
      "question": null,
      "resource": 42,
      "wildcard": 0
    },
    "model": "core.rsearchfilter",
    "pk": 83
  },
  {
    "fields": {
      "class_field": "",
      "field_name": "dossiernumber",
      "label": "Dossiernummer",
      "query": "\"DOSSIERNR\".\"ANSWER\" = ?",
      "question": 6,
      "resource": 311,
      "wildcard": 0
    },
    "model": "core.rsearchfilter",
    "pk": 84
  },
  {
    "fields": {
      "class_field": null,
      "field_name": "community",
      "label": "Gemeinde",
      "query": "\"INSTANCE\".\"INSTANCE_ID\" IN (SELECT \"INSTANCE_LOCATION\".\"INSTANCE_ID\" FROM \"INSTANCE_LOCATION\" WHERE \"INSTANCE_LOCATION\".\"LOCATION_ID\" = ?)",
      "question": 2,
      "resource": 311,
      "wildcard": 0
    },
    "model": "core.rsearchfilter",
    "pk": 85
  },
  {
    "fields": {
      "class_field": null,
      "field_name": "parcelnr",
      "label": "Parzellennummer",
      "query": "\"PARCEL_NR\".\"ANSWER\" LIKE ?",
      "question": 91,
      "resource": 311,
      "wildcard": 3
    },
    "model": "core.rsearchfilter",
    "pk": 86
  },
  {
    "fields": {
      "class_field": null,
      "field_name": "status",
      "label": "Status",
      "query": "\"INSTANCE\".\"INSTANCE_STATE_ID\" = \"GET_INST_STATE_ID_BY_NAME\"(?)",
      "question": null,
      "resource": 311,
      "wildcard": 0
    },
    "model": "core.rsearchfilter",
    "pk": 87
  },
  {
    "fields": {
      "class_field": null,
      "field_name": "fulltext",
      "label": "Volltext",
      "query": "\"INSTANCE\".\"INSTANCE_ID\" IN (\r\n\r\n   SELECT\r\n\r\n      \"INSTANCE_ID\"\r\n\r\n    FROM\r\n\r\n      \"ANSWER\"\r\n\r\n    WHERE\r\n\r\n      lower(\"ANSWER\") LIKE lower(?)\r\n\r\n )",
      "question": null,
      "resource": 311,
      "wildcard": 3
    },
    "model": "core.rsearchfilter",
    "pk": 88
  },
  {
    "fields": {
      "class_field": "",
      "field_name": "form",
      "label": "Verfahren",
      "query": "\"INSTANCE\".\"FORM_ID\" IN ( ?)",
      "question": null,
      "resource": 311,
      "wildcard": 0
    },
    "model": "core.rsearchfilter",
    "pk": 89
  },
  {
    "fields": {
      "class_field": "date",
      "field_name": "creationfrom",
      "label": "Erstellung von",
      "query": "\"INSTANCE\".\"CREATION_DATE\" >= (TO_DATE(?, 'DD-MM-YY'))",
      "question": null,
      "resource": 311,
      "wildcard": 0
    },
    "model": "core.rsearchfilter",
    "pk": 90
  },
  {
    "fields": {
      "class_field": "date",
      "field_name": "creationtil",
      "label": "Erstellung bis",
      "query": "\"INSTANCE\".\"CREATION_DATE\" <= (TO_DATE(?, 'dd-mm-yy'))",
      "question": null,
      "resource": 311,
      "wildcard": 0
    },
    "model": "core.rsearchfilter",
    "pk": 91
  },
  {
    "fields": {
      "class_field": "",
      "field_name": "serviceid",
      "label": "Service",
      "query": "\"ACTIVATION\".\"SERVICE_ID\" = ?",
      "question": null,
      "resource": 311,
      "wildcard": 0
    },
    "model": "core.rsearchfilter",
    "pk": 92
  },
  {
    "fields": {
      "class_field": null,
      "field_name": "workflowoptions",
      "label": "Workflow",
      "query": "\"INSTANCE\".\"CREATION_DATE\" >= (TO_DATE('01-01-2017', 'DD-MM-YY')) AND (\r\n  ? = 'nachforderung' AND (\r\n    13 IN (SELECT \"WORKFLOW_ITEM_ID\" FROM \"WORKFLOW_ENTRY\" WHERE \"INSTANCE_ID\" = \"INSTANCE\".\"INSTANCE_ID\") AND\r\n    14 NOT IN (SELECT \"WORKFLOW_ITEM_ID\" FROM \"WORKFLOW_ENTRY\" WHERE \"INSTANCE_ID\" = \"INSTANCE\".\"INSTANCE_ID\")\r\n  )\r\n\r\n  OR ? = 'pendente_publikationen' AND (\r\n    1 IN (SELECT \"WORKFLOW_ITEM_ID\" FROM \"WORKFLOW_ENTRY\" WHERE \"INSTANCE_ID\" = \"INSTANCE\".\"INSTANCE_ID\") AND\r\n    15 NOT IN (SELECT \"WORKFLOW_ITEM_ID\" FROM \"WORKFLOW_ENTRY\" WHERE \"INSTANCE_ID\" = \"INSTANCE\".\"INSTANCE_ID\")\r\n  )\r\n\r\n  OR ? = 'einsprachen' AND (\r\n    21 IN (SELECT \"WORKFLOW_ITEM_ID\" FROM \"WORKFLOW_ENTRY\" WHERE \"INSTANCE_ID\" = \"INSTANCE\".\"INSTANCE_ID\") AND\r\n    15 IN (SELECT \"WORKFLOW_ITEM_ID\" FROM \"WORKFLOW_ENTRY\" WHERE \"INSTANCE_ID\" = \"INSTANCE\".\"INSTANCE_ID\")\r\n  )\r\n\r\n  OR ? = 'dossier_zum_freischalten' AND (\r\n    1 IN (SELECT \"WORKFLOW_ITEM_ID\" FROM \"WORKFLOW_ENTRY\" WHERE \"INSTANCE_ID\" = \"INSTANCE\".\"INSTANCE_ID\") AND\r\n    16 NOT IN (SELECT \"WORKFLOW_ITEM_ID\" FROM \"WORKFLOW_ENTRY\" WHERE \"INSTANCE_ID\" = \"INSTANCE\".\"INSTANCE_ID\")\r\n  )\r\n\r\n  OR ? = 'erteilte_baubewilligungen' AND (\r\n    47 IN (SELECT \"WORKFLOW_ITEM_ID\" FROM \"WORKFLOW_ENTRY\" WHERE \"INSTANCE_ID\" = \"INSTANCE\".\"INSTANCE_ID\") AND\r\n    55 NOT IN (SELECT \"WORKFLOW_ITEM_ID\" FROM \"WORKFLOW_ENTRY\" WHERE \"INSTANCE_ID\" = \"INSTANCE\".\"INSTANCE_ID\")\r\n  )\r\n\r\n  OR ? = 'abgelaufene_baubewilligungen' AND (\r\n    71 IN (SELECT \"WORKFLOW_ITEM_ID\" FROM \"WORKFLOW_ENTRY\" WHERE \"INSTANCE_ID\" = \"INSTANCE\".\"INSTANCE_ID\") AND\r\n    55 NOT IN (SELECT \"WORKFLOW_ITEM_ID\" FROM \"WORKFLOW_ENTRY\" WHERE \"INSTANCE_ID\" = \"INSTANCE\".\"INSTANCE_ID\") AND\r\n    1 IN (SELECT CASE WHEN \"WORKFLOW_DATE\" < CURRENT_TIMESTAMP THEN 1 ELSE 0 END FROM \"WORKFLOW_ENTRY\"\r\n        WHERE \"INSTANCE_ID\" = \"INSTANCE\".\"INSTANCE_ID\" AND \"WORKFLOW_ITEM_ID\" = 71)\r\n  )\r\n\r\n  OR ? = 'schnurgeruestabnahmen_pendent' AND (\r\n    55 IN (SELECT \"WORKFLOW_ITEM_ID\" FROM \"WORKFLOW_ENTRY\" WHERE \"INSTANCE_ID\" = \"INSTANCE\".\"INSTANCE_ID\") AND\r\n    56 NOT IN (SELECT \"WORKFLOW_ITEM_ID\" FROM \"WORKFLOW_ENTRY\" WHERE \"INSTANCE_ID\" = \"INSTANCE\".\"INSTANCE_ID\")\r\n  )\r\n\r\n  OR ? = 'baustellen_in_betrieb' AND (\r\n    55 IN (SELECT \"WORKFLOW_ITEM_ID\" FROM \"WORKFLOW_ENTRY\" WHERE \"INSTANCE_ID\" = \"INSTANCE\".\"INSTANCE_ID\") AND\r\n    67 NOT IN (SELECT \"WORKFLOW_ITEM_ID\" FROM \"WORKFLOW_ENTRY\" WHERE \"INSTANCE_ID\" = \"INSTANCE\".\"INSTANCE_ID\")\r\n  )\r\n\r\n  OR ? = 'endabnahmen_pendent' AND (\r\n    67 IN (SELECT \"WORKFLOW_ITEM_ID\" FROM \"WORKFLOW_ENTRY\" WHERE \"INSTANCE_ID\" = \"INSTANCE\".\"INSTANCE_ID\") AND\r\n    59 NOT IN (SELECT \"WORKFLOW_ITEM_ID\" FROM \"WORKFLOW_ENTRY\" WHERE \"INSTANCE_ID\" = \"INSTANCE\".\"INSTANCE_ID\")\r\n  )\r\n\r\n  OR ? = 'rechtsmittelverfahren' AND (\r\n    (\r\n      48 IN (SELECT \"WORKFLOW_ITEM_ID\" FROM \"WORKFLOW_ENTRY\" WHERE \"INSTANCE_ID\" = \"INSTANCE\".\"INSTANCE_ID\") OR\r\n      50 IN (SELECT \"WORKFLOW_ITEM_ID\" FROM \"WORKFLOW_ENTRY\" WHERE \"INSTANCE_ID\" = \"INSTANCE\".\"INSTANCE_ID\") OR\r\n      52 IN (SELECT \"WORKFLOW_ITEM_ID\" FROM \"WORKFLOW_ENTRY\" WHERE \"INSTANCE_ID\" = \"INSTANCE\".\"INSTANCE_ID\") OR\r\n      63 IN (SELECT \"WORKFLOW_ITEM_ID\" FROM \"WORKFLOW_ENTRY\" WHERE \"INSTANCE_ID\" = \"INSTANCE\".\"INSTANCE_ID\")\r\n    )\r\n    AND\r\n    54 NOT IN (SELECT \"WORKFLOW_ITEM_ID\" FROM \"WORKFLOW_ENTRY\" WHERE \"INSTANCE_ID\" = \"INSTANCE\".\"INSTANCE_ID\")\r\n  ))",
      "question": null,
      "resource": 311,
      "wildcard": 0
    },
    "model": "core.rsearchfilter",
    "pk": 93
  },
  {
    "fields": {
      "class_field": null,
      "field_name": "sanction",
      "label": "Auflagen nach Erfasser",
      "query": "(? = 0 OR \"SANCTION\".\"SERVICE_ID\" = ?) AND \"SANCTION\".\"IS_FINISHED\" = 0",
      "question": null,
      "resource": 311,
      "wildcard": 0
    },
    "model": "core.rsearchfilter",
    "pk": 94
  },
  {
    "fields": {
      "class_field": null,
      "field_name": "approvalMeasure",
      "label": "Bewilligungspflichtige Massnahme",
      "query": "\"APPROVAL_MEASURE\".\"ANSWER\" = ?",
      "question": 261,
      "resource": 311,
      "wildcard": 0
    },
    "model": "core.rsearchfilter",
    "pk": 95
  },
  {
    "fields": {
      "class_field": null,
      "field_name": "objectType",
      "label": "Objektart",
      "query": "\"OBJECT_TYPE\".\"ANSWER\" = ?",
      "question": 262,
      "resource": 311,
      "wildcard": 0
    },
    "model": "core.rsearchfilter",
    "pk": 96
  },
  {
    "fields": {
      "class_field": null,
      "field_name": "rpgUse",
      "label": "Nutzung nach RPG",
      "query": "\"RPG_USE\".\"ANSWER\" = ?",
      "question": 263,
      "resource": 311,
      "wildcard": 0
    },
    "model": "core.rsearchfilter",
    "pk": 97
  },
  {
    "fields": {
      "class_field": null,
      "field_name": "legalBase",
      "label": "Rechtliche Grundlage / Artikel",
      "query": "\"LEGAL_BASE\".\"ANSWER\" = ?",
      "question": 264,
      "resource": 311,
      "wildcard": 0
    },
    "model": "core.rsearchfilter",
    "pk": 98
  },
  {
    "fields": {
      "class_field": null,
      "field_name": "decision",
      "label": "Entscheid",
      "query": "\"DECISION\".\"ANSWER\" = ?",
      "question": 265,
      "resource": 311,
      "wildcard": 0
    },
    "model": "core.rsearchfilter",
    "pk": 99
  },
  {
    "fields": {
      "class_field": null,
      "field_name": "babApplicant",
      "label": "Gesuchsteller",
      "query": "\"BAB_APPLICANT\".\"ANSWER\" = ?",
      "question": 267,
      "resource": 311,
      "wildcard": 0
    },
    "model": "core.rsearchfilter",
    "pk": 100
  },
  {
    "fields": {
      "class_field": null,
      "field_name": "sanctionControlInstance",
      "label": "Auflagen nach Kontrollinstanz",
      "query": "\"SANCTION_CONTROL_INSTANCE\".\"SERVICE_ID\" = ?",
      "question": null,
      "resource": 311,
      "wildcard": 0
    },
    "model": "core.rsearchfilter",
    "pk": 101
  },
  {
    "fields": {
      "resource": 311,
      "service": 88
    },
    "model": "core.rserviceacl",
    "pk": 1
  },
  {
    "fields": {
      "resource": 311,
      "service": 261
    },
    "model": "core.rserviceacl",
    "pk": 2
  },
  {
    "fields": {
      "resource": 311,
      "service": 262
    },
    "model": "core.rserviceacl",
    "pk": 3
  },
  {
    "fields": {
      "resource": 311,
      "service": 303
    },
    "model": "core.rserviceacl",
    "pk": 4
  },
  {
    "fields": {
      "resource": 311,
      "service": 41
    },
    "model": "core.rserviceacl",
    "pk": 5
  },
  {
    "fields": {
      "resource": 311,
      "service": 304
    },
    "model": "core.rserviceacl",
    "pk": 6
  },
  {
    "fields": {
      "instance_states": "22"
    },
    "model": "core.rsimplelist",
    "pk": 264
  },
  {
    "fields": {
      "instance_states": "24"
    },
    "model": "core.rsimplelist",
    "pk": 266
  },
  {
    "fields": {
      "instance_states": "22"
    },
    "model": "core.rsimplelist",
    "pk": 267
  },
  {
    "fields": {
      "instance_states": "23"
    },
    "model": "core.rsimplelist",
    "pk": 287
  },
  {
    "fields": {
      "instance_states": "22"
    },
    "model": "core.rsimplelist",
    "pk": 288
  },
  {
    "fields": {
      "instance_states": "22"
    },
    "model": "core.rsimplelist",
    "pk": 289
  },
  {
    "fields": {
      "instance_states": "21,22,32,23,24,25"
    },
    "model": "core.rsimplelist",
    "pk": 293
  },
  {
    "fields": {
      "instance_states": "1,21,22,23,24,25,34,26"
    },
    "model": "core.rsimplelist",
    "pk": 294
  },
  {
    "fields": {
      "instance_states": "22,23,24,25,26"
    },
    "model": "core.rsimplelist",
    "pk": 295
  },
  {
    "fields": {
      "instance_states": "22"
    },
    "model": "core.rsimplelist",
    "pk": 296
  },
  {
    "fields": {
      "instance_states": "22"
    },
    "model": "core.rsimplelist",
    "pk": 297
  },
  {
    "fields": {
      "instance_states": "22"
    },
    "model": "core.rsimplelist",
    "pk": 298
  },
  {
    "fields": {
      "instance_states": "34"
    },
    "model": "core.rsimplelist",
    "pk": 300
  },
  {
    "fields": {
      "instance_states": "21"
    },
    "model": "core.rsimplelist",
    "pk": 301
  },
  {
    "fields": {
      "instance_states": "21,22,32,23,24"
    },
    "model": "core.rsimplelist",
    "pk": 302
  },
  {
    "fields": {
      "instance_states": "23"
    },
    "model": "core.rsimplelist",
    "pk": 303
  },
  {
    "fields": {
      "instance_states": "23"
    },
    "model": "core.rsimplelist",
    "pk": 304
  },
  {
    "fields": {
      "instance_states": "23"
    },
    "model": "core.rsimplelist",
    "pk": 305
  },
  {
    "fields": {
      "instance_states": "25"
    },
    "model": "core.rsimplelist",
    "pk": 306
  },
  {
    "fields": {
      "instance_states": "22,32,23,24,25"
    },
    "model": "core.rsimplelist",
    "pk": 307
  },
  {
    "fields": {
      "instance_states": "23"
    },
    "model": "core.rsimplelist",
    "pk": 309
  },
  {
    "fields": {
      "instance_states": "24,25,26"
    },
    "model": "core.rsimplelist",
    "pk": 310
  },
  {
    "fields": {
      "instance_states": "32"
    },
    "model": "core.rsimplelist",
    "pk": 314
  },
  {
    "fields": {
      "instance_states": "21"
    },
    "model": "core.rsimplelist",
    "pk": 316
  },
  {
    "fields": {
      "instance_states": "21,22,32,23,24,25"
    },
    "model": "core.rsimplelist",
    "pk": 317
  },
  {
    "fields": {
      "multi_value": 0,
      "workflow_item": 16
    },
    "model": "core.workflowaction",
    "pk": 171
  },
  {
    "fields": {
      "multi_value": 0,
      "workflow_item": 46
    },
    "model": "core.workflowaction",
    "pk": 250
  },
  {
    "fields": {
      "multi_value": 0,
      "workflow_item": 62
    },
    "model": "core.workflowaction",
    "pk": 253
  },
  {
    "fields": {
      "multi_value": 0,
      "workflow_item": 62
    },
    "model": "core.workflowaction",
    "pk": 255
  },
  {
    "fields": {
      "multi_value": 0,
      "workflow_item": 44
    },
    "model": "core.workflowaction",
    "pk": 352
  },
  {
    "fields": {
      "multi_value": 0,
      "workflow_item": 12
    },
    "model": "core.workflowaction",
    "pk": 444
  },
  {
    "fields": {
      "multi_value": 0,
      "workflow_item": 12
    },
    "model": "core.workflowaction",
    "pk": 445
  },
  {
    "fields": {
      "multi_value": 0,
      "workflow_item": 46
    },
    "model": "core.workflowaction",
    "pk": 590
  },
  {
    "fields": {
      "multi_value": 0,
      "workflow_item": 12
    },
    "model": "core.workflowaction",
    "pk": 635
  },
  {
    "fields": {
      "multi_value": 0,
      "workflow_item": 62
    },
    "model": "core.workflowaction",
    "pk": 654
  },
  {
    "fields": {
      "multi_value": 0,
      "workflow_item": 44
    },
    "model": "core.workflowaction",
    "pk": 659
  },
  {
    "fields": {
      "multi_value": 0,
      "workflow_item": 12
    },
    "model": "core.workflowaction",
    "pk": 693
  },
  {
    "fields": {
      "multi_value": 0,
      "workflow_item": 16
    },
    "model": "core.workflowaction",
    "pk": 699
  },
  {
    "fields": {
      "multi_value": 0,
      "workflow_item": 62
    },
    "model": "core.workflowaction",
    "pk": 702
  },
  {
    "fields": {
      "multi_value": 0,
      "workflow_item": 46
    },
    "model": "core.workflowaction",
    "pk": 793
  },
  {
    "fields": {
      "multi_value": 2,
      "workflow_item": 42
    },
    "model": "core.workflowaction",
    "pk": 934
  },
  {
    "fields": {
      "multi_value": 2,
      "workflow_item": 43
    },
    "model": "core.workflowaction",
    "pk": 936
  },
  {
    "fields": {
      "multi_value": 0,
      "workflow_item": 12
    },
    "model": "core.workflowaction",
    "pk": 953
  },
  {
    "fields": {
      "multi_value": 0,
      "workflow_item": 44
    },
    "model": "core.workflowaction",
    "pk": 975
  },
  {
    "fields": {
      "multi_value": 0,
      "workflow_item": 62
    },
    "model": "core.workflowaction",
    "pk": 994
  },
  {
    "fields": {
      "multi_value": 0,
      "workflow_item": 62
    },
    "model": "core.workflowaction",
    "pk": 1003
  },
  {
    "fields": {
      "multi_value": 0,
      "workflow_item": 12
    },
    "model": "core.workflowaction",
    "pk": 1011
  },
  {
    "fields": {
      "multi_value": 3,
      "workflow_item": 12
    },
    "model": "core.workflowaction",
    "pk": 1072
  },
  {
    "fields": {
      "multi_value": 3,
      "workflow_item": 14
    },
    "model": "core.workflowaction",
    "pk": 1074
  },
  {
    "fields": {
      "multi_value": 2,
      "workflow_item": 13
    },
    "model": "core.workflowaction",
    "pk": 1092
  },
  {
    "fields": {
      "multi_value": 0,
      "workflow_item": 62
    },
    "model": "core.workflowaction",
    "pk": 1143
  },
  {
    "fields": {
      "multi_value": 0,
      "workflow_item": 44
    },
    "model": "core.workflowaction",
    "pk": 1151
  },
  {
    "fields": {
      "multi_value": 0,
      "workflow_item": 12
    },
    "model": "core.workflowaction",
    "pk": 1162
  },
  {
    "fields": {
      "multi_value": 0,
      "workflow_item": 62
    },
    "model": "core.workflowaction",
    "pk": 1202
  },
  {
    "fields": {
      "multi_value": 0,
      "workflow_item": 44
    },
    "model": "core.workflowaction",
    "pk": 1209
  },
  {
    "fields": {
      "multi_value": 0,
      "workflow_item": 12
    },
    "model": "core.workflowaction",
    "pk": 1222
  },
  {
    "fields": {
      "multi_value": 0,
      "workflow_item": 62
    },
    "model": "core.workflowaction",
    "pk": 1226
  },
  {
    "fields": {
      "multi_value": 0,
      "workflow_item": 44
    },
    "model": "core.workflowaction",
    "pk": 1233
  },
  {
    "fields": {
      "multi_value": 0,
      "workflow_item": 12
    },
    "model": "core.workflowaction",
    "pk": 1259
  },
  {
    "fields": {
      "multi_value": 0,
      "workflow_item": 62
    },
    "model": "core.workflowaction",
    "pk": 1276
  },
  {
    "fields": {
      "multi_value": 0,
      "workflow_item": 44
    },
    "model": "core.workflowaction",
    "pk": 1283
  },
  {
    "fields": {
      "multi_value": 0,
      "workflow_item": 12
    },
    "model": "core.workflowaction",
    "pk": 1296
  },
  {
    "fields": {
      "multi_value": 2,
      "workflow_item": 80
    },
    "model": "core.workflowaction",
    "pk": 1361
  },
  {
    "fields": {
      "multi_value": 2,
      "workflow_item": 80
    },
    "model": "core.workflowaction",
    "pk": 1362
  },
  {
    "fields": {
      "multi_value": 2,
      "workflow_item": 80
    },
    "model": "core.workflowaction",
    "pk": 1363
  },
  {
    "fields": {
      "multi_value": 2,
      "workflow_item": 80
    },
    "model": "core.workflowaction",
    "pk": 1364
  },
  {
    "fields": {
      "multi_value": 2,
      "workflow_item": 80
    },
    "model": "core.workflowaction",
    "pk": 1365
  },
  {
    "fields": {
      "multi_value": 2,
      "workflow_item": 80
    },
    "model": "core.workflowaction",
    "pk": 1366
  },
  {
    "fields": {
      "multi_value": 2,
      "workflow_item": 80
    },
    "model": "core.workflowaction",
    "pk": 1368
  },
  {
    "fields": {
      "multi_value": 0,
      "workflow_item": 81
    },
    "model": "core.workflowaction",
    "pk": 1389
  },
  {
    "fields": {
      "multi_value": 0,
      "workflow_item": 12
    },
    "model": "core.workflowaction",
    "pk": 1404
  },
  {
    "fields": {
      "multi_value": 0,
      "workflow_item": 44
    },
    "model": "core.workflowaction",
    "pk": 1413
  },
  {
    "fields": {
      "multi_value": 0,
      "workflow_item": 62
    },
    "model": "core.workflowaction",
    "pk": 1419
  },
  {
    "fields": {
      "multi_value": 0,
      "workflow_item": 16
    },
    "model": "core.workflowaction",
    "pk": 1439
  },
  {
    "fields": {
      "multi_value": 0,
      "workflow_item": 16
    },
    "model": "core.workflowaction",
    "pk": 1444
  },
  {
    "fields": {
      "multi_value": 0,
      "workflow_item": 62
    },
    "model": "core.workflowaction",
    "pk": 1447
  },
  {
    "fields": {
      "automatical": 0,
      "different_color": 0,
      "is_building_authority": 1,
      "is_workflow": 1,
      "name": "Pr\u00fcfung durch Gemeinde",
      "position": 5,
      "workflow_section": 1
    },
    "model": "core.workflowitem",
    "pk": 1
  },
  {
    "fields": {
      "automatical": 0,
      "different_color": 0,
      "is_building_authority": 1,
      "is_workflow": 1,
      "name": "Dossiereingang",
      "position": 1,
      "workflow_section": 1
    },
    "model": "core.workflowitem",
    "pk": 10
  },
  {
    "fields": {
      "automatical": 1,
      "different_color": 0,
      "is_building_authority": 1,
      "is_workflow": 1,
      "name": "Dossier erfasst",
      "position": 2,
      "workflow_section": 1
    },
    "model": "core.workflowitem",
    "pk": 12
  },
  {
    "fields": {
      "automatical": 0,
      "different_color": 0,
      "is_building_authority": 1,
      "is_workflow": 1,
      "name": "Nachforderung Gemeindebaubeh\u00f6rde",
      "position": 3,
      "workflow_section": 1
    },
    "model": "core.workflowitem",
    "pk": 13
  },
  {
    "fields": {
      "automatical": 0,
      "different_color": 0,
      "is_building_authority": 1,
      "is_workflow": 1,
      "name": "Dossier vollstandig",
      "position": 4,
      "workflow_section": 1
    },
    "model": "core.workflowitem",
    "pk": 14
  },
  {
    "fields": {
      "automatical": 0,
      "different_color": 0,
      "is_building_authority": 1,
      "is_workflow": 1,
      "name": "Publikation",
      "position": 6,
      "workflow_section": 1
    },
    "model": "core.workflowitem",
    "pk": 15
  },
  {
    "fields": {
      "automatical": 1,
      "different_color": 0,
      "is_building_authority": 1,
      "is_workflow": 1,
      "name": "Weiterleitung an Koord",
      "position": 8,
      "workflow_section": 1
    },
    "model": "core.workflowitem",
    "pk": 16
  },
  {
    "fields": {
      "automatical": 0,
      "different_color": 0,
      "is_building_authority": 1,
      "is_workflow": 1,
      "name": "Eingang Einsprachen",
      "position": 7,
      "workflow_section": 1
    },
    "model": "core.workflowitem",
    "pk": 21
  },
  {
    "fields": {
      "automatical": 0,
      "different_color": 0,
      "is_building_authority": 0,
      "is_workflow": 1,
      "name": "Akten Nachforderung KOORD",
      "position": 9,
      "workflow_section": 1
    },
    "model": "core.workflowitem",
    "pk": 41
  },
  {
    "fields": {
      "automatical": 1,
      "different_color": 0,
      "is_building_authority": 0,
      "is_workflow": 1,
      "name": "Nachforderung Fachstelle",
      "position": 10,
      "workflow_section": 1
    },
    "model": "core.workflowitem",
    "pk": 42
  },
  {
    "fields": {
      "automatical": 0,
      "different_color": 0,
      "is_building_authority": 0,
      "is_workflow": 1,
      "name": "Dossier vollst\u00e4ndig",
      "position": 11,
      "workflow_section": 1
    },
    "model": "core.workflowitem",
    "pk": 43
  },
  {
    "fields": {
      "automatical": 1,
      "different_color": 0,
      "is_building_authority": 0,
      "is_workflow": 1,
      "name": "Start Zirkulation",
      "position": 12,
      "workflow_section": 1
    },
    "model": "core.workflowitem",
    "pk": 44
  },
  {
    "fields": {
      "automatical": 1,
      "different_color": 0,
      "is_building_authority": 0,
      "is_workflow": 1,
      "name": "Zirkulation beendet",
      "position": 13,
      "workflow_section": 1
    },
    "model": "core.workflowitem",
    "pk": 45
  },
  {
    "fields": {
      "automatical": 1,
      "different_color": 0,
      "is_building_authority": 1,
      "is_workflow": 1,
      "name": "R\u00fcckgabe an Gemeinde",
      "position": 14,
      "workflow_section": 1
    },
    "model": "core.workflowitem",
    "pk": 46
  },
  {
    "fields": {
      "automatical": 0,
      "different_color": 0,
      "is_building_authority": 1,
      "is_workflow": 1,
      "name": "Bau- und Einspracheentscheid",
      "position": 16,
      "workflow_section": 1
    },
    "model": "core.workflowitem",
    "pk": 47
  },
  {
    "fields": {
      "automatical": 0,
      "different_color": 0,
      "is_building_authority": 1,
      "is_workflow": 1,
      "name": "Rechtsmittel Gemeinderat",
      "position": 23,
      "workflow_section": 2
    },
    "model": "core.workflowitem",
    "pk": 48
  },
  {
    "fields": {
      "automatical": 0,
      "different_color": 0,
      "is_building_authority": 1,
      "is_workflow": 1,
      "name": "Entscheid Regierungsrat",
      "position": 25,
      "workflow_section": 2
    },
    "model": "core.workflowitem",
    "pk": 49
  },
  {
    "fields": {
      "automatical": 0,
      "different_color": 0,
      "is_building_authority": 1,
      "is_workflow": 1,
      "name": "Rechtsmittel Regierungsrat",
      "position": 26,
      "workflow_section": 2
    },
    "model": "core.workflowitem",
    "pk": 50
  },
  {
    "fields": {
      "automatical": 0,
      "different_color": 0,
      "is_building_authority": 1,
      "is_workflow": 1,
      "name": "Entscheid Gemeinderat",
      "position": 24,
      "workflow_section": 2
    },
    "model": "core.workflowitem",
    "pk": 51
  },
  {
    "fields": {
      "automatical": 0,
      "different_color": 0,
      "is_building_authority": 1,
      "is_workflow": 1,
      "name": "Rechtsmittel Obergericht",
      "position": 27,
      "workflow_section": 2
    },
    "model": "core.workflowitem",
    "pk": 52
  },
  {
    "fields": {
      "automatical": 0,
      "different_color": 0,
      "is_building_authority": 1,
      "is_workflow": 1,
      "name": "Entscheid Obergericht",
      "position": 28,
      "workflow_section": 2
    },
    "model": "core.workflowitem",
    "pk": 53
  },
  {
    "fields": {
      "automatical": 0,
      "different_color": 0,
      "is_building_authority": 1,
      "is_workflow": 1,
      "name": "Entsch. rechtskr\u00e4ftig",
      "position": 31,
      "workflow_section": 2
    },
    "model": "core.workflowitem",
    "pk": 54
  },
  {
    "fields": {
      "automatical": 0,
      "different_color": 0,
      "is_building_authority": 1,
      "is_workflow": 1,
      "name": "Baubeginn erfolgt",
      "position": 32,
      "workflow_section": 3
    },
    "model": "core.workflowitem",
    "pk": 55
  },
  {
    "fields": {
      "automatical": 0,
      "different_color": 0,
      "is_building_authority": 1,
      "is_workflow": 1,
      "name": "Abnahme Schnurger\u00fcst",
      "position": 33,
      "workflow_section": 3
    },
    "model": "core.workflowitem",
    "pk": 56
  },
  {
    "fields": {
      "automatical": 1,
      "different_color": 0,
      "is_building_authority": 0,
      "is_workflow": 1,
      "name": "Bau beendet Info an Abwasser Uri",
      "position": 40,
      "workflow_section": 3
    },
    "model": "core.workflowitem",
    "pk": 57
  },
  {
    "fields": {
      "automatical": 0,
      "different_color": 0,
      "is_building_authority": 1,
      "is_workflow": 1,
      "name": "Abnahme Rohbau",
      "position": 34,
      "workflow_section": 3
    },
    "model": "core.workflowitem",
    "pk": 58
  },
  {
    "fields": {
      "automatical": 0,
      "different_color": 0,
      "is_building_authority": 1,
      "is_workflow": 1,
      "name": "Endabnahme erfolgt",
      "position": 36,
      "workflow_section": 3
    },
    "model": "core.workflowitem",
    "pk": 59
  },
  {
    "fields": {
      "automatical": 0,
      "different_color": 0,
      "is_building_authority": 0,
      "is_workflow": 0,
      "name": "Meldung Grundbuchvermessung",
      "position": 39,
      "workflow_section": 3
    },
    "model": "core.workflowitem",
    "pk": 60
  },
  {
    "fields": {
      "automatical": 0,
      "different_color": 0,
      "is_building_authority": 1,
      "is_workflow": 1,
      "name": "Verfahren abgeschlossen",
      "position": 43,
      "workflow_section": 3
    },
    "model": "core.workflowitem",
    "pk": 61
  },
  {
    "fields": {
      "automatical": 1,
      "different_color": 0,
      "is_building_authority": 0,
      "is_workflow": 1,
      "name": "Dossier archiviert",
      "position": 44,
      "workflow_section": 3
    },
    "model": "core.workflowitem",
    "pk": 62
  },
  {
    "fields": {
      "automatical": 0,
      "different_color": 0,
      "is_building_authority": 1,
      "is_workflow": 1,
      "name": "Rechtsmittel Bundesgericht",
      "position": 29,
      "workflow_section": 2
    },
    "model": "core.workflowitem",
    "pk": 63
  },
  {
    "fields": {
      "automatical": 0,
      "different_color": 0,
      "is_building_authority": 1,
      "is_workflow": 1,
      "name": "Entscheid Bundesgericht",
      "position": 30,
      "workflow_section": 2
    },
    "model": "core.workflowitem",
    "pk": 64
  },
  {
    "fields": {
      "automatical": 0,
      "different_color": 0,
      "is_building_authority": 1,
      "is_workflow": 1,
      "name": "Einsprachefrist",
      "position": 17,
      "workflow_section": 1
    },
    "model": "core.workflowitem",
    "pk": 65
  },
  {
    "fields": {
      "automatical": 1,
      "different_color": 0,
      "is_building_authority": 1,
      "is_workflow": 1,
      "name": "Meldung Baubewilligung an Geometer",
      "position": 45,
      "workflow_section": 1
    },
    "model": "core.workflowitem",
    "pk": 66
  },
  {
    "fields": {
      "automatical": 0,
      "different_color": 0,
      "is_building_authority": 1,
      "is_workflow": 1,
      "name": "Bau beendet",
      "position": 35,
      "workflow_section": 3
    },
    "model": "core.workflowitem",
    "pk": 67
  },
  {
    "fields": {
      "automatical": 1,
      "different_color": 0,
      "is_building_authority": 1,
      "is_workflow": 1,
      "name": "Bau beendet Info an Geometer",
      "position": 37,
      "workflow_section": 3
    },
    "model": "core.workflowitem",
    "pk": 68
  },
  {
    "fields": {
      "automatical": 1,
      "different_color": 0,
      "is_building_authority": 1,
      "is_workflow": 1,
      "name": "Bau beendet Info an Liegenschaftssch\u00e4tzung",
      "position": 38,
      "workflow_section": 3
    },
    "model": "core.workflowitem",
    "pk": 69
  },
  {
    "fields": {
      "automatical": 1,
      "different_color": 0,
      "is_building_authority": 1,
      "is_workflow": 1,
      "name": "Grundbuchanmeldung",
      "position": 41,
      "workflow_section": 3
    },
    "model": "core.workflowitem",
    "pk": 70
  },
  {
    "fields": {
      "automatical": 1,
      "different_color": 0,
      "is_building_authority": 1,
      "is_workflow": 1,
      "name": "Baubewilligung g\u00fcltig bis",
      "position": 46,
      "workflow_section": 3
    },
    "model": "core.workflowitem",
    "pk": 71
  },
  {
    "fields": {
      "automatical": 0,
      "different_color": 0,
      "is_building_authority": 1,
      "is_workflow": 1,
      "name": "Versand Entscheiddokumente per Post",
      "position": 20,
      "workflow_section": 1
    },
    "model": "core.workflowitem",
    "pk": 72
  },
  {
    "fields": {
      "automatical": 0,
      "different_color": 0,
      "is_building_authority": 1,
      "is_workflow": 0,
      "name": "Verl\u00e4ngerung Baubewilligung bis",
      "position": 47,
      "workflow_section": 3
    },
    "model": "core.workflowitem",
    "pk": 73
  },
  {
    "fields": {
      "automatical": 1,
      "different_color": 0,
      "is_building_authority": 0,
      "is_workflow": 1,
      "name": "AC gestartet",
      "position": 48,
      "workflow_section": 4
    },
    "model": "core.workflowitem",
    "pk": 74
  },
  {
    "fields": {
      "automatical": 1,
      "different_color": 0,
      "is_building_authority": 0,
      "is_workflow": 1,
      "name": "AC beendet",
      "position": 49,
      "workflow_section": 4
    },
    "model": "core.workflowitem",
    "pk": 79
  },
  {
    "fields": {
      "automatical": 1,
      "different_color": 0,
      "is_building_authority": 0,
      "is_workflow": 1,
      "name": "\u00d6REB Meldung",
      "position": 42,
      "workflow_section": 3
    },
    "model": "core.workflowitem",
    "pk": 80
  },
  {
    "fields": {
      "automatical": 0,
      "different_color": 0,
      "is_building_authority": 0,
      "is_workflow": 1,
      "name": "Gemeindezirkulation gestartet",
      "position": 50,
      "workflow_section": 1
    },
    "model": "core.workflowitem",
    "pk": 81
  },
  {
    "fields": {
      "automatical": 0,
      "different_color": 0,
      "is_building_authority": 0,
      "is_workflow": 1,
      "name": "Gemeindezirkulation beendet",
      "position": 51,
      "workflow_section": 1
    },
    "model": "core.workflowitem",
    "pk": 82
  },
  {
    "fields": {
      "automatical": 0,
      "different_color": 0,
      "is_building_authority": 0,
      "is_workflow": 1,
      "name": "Bundesstellezirkulation beendet",
      "position": 52,
      "workflow_section": 1
    },
    "model": "core.workflowitem",
    "pk": 83
  },
  {
    "fields": {
      "automatical": 0,
      "different_color": 0,
      "is_building_authority": 0,
      "is_workflow": 1,
      "name": "Bundesstellezirkulation gestartet",
      "position": 53,
      "workflow_section": 1
    },
    "model": "core.workflowitem",
    "pk": 84
  },
  {
    "fields": {
      "automatical": 0,
      "different_color": 0,
      "is_building_authority": 1,
      "is_workflow": 1,
      "name": "Versand Entscheiddokumente per Portal",
      "position": 21,
      "workflow_section": 1
    },
    "model": "core.workflowitem",
    "pk": 85
  },
  {
    "fields": {
      "automatical": 0,
      "different_color": 0,
      "is_building_authority": 1,
      "is_workflow": 1,
      "name": "Versand Entscheiddokumente per Mail",
      "position": 22,
      "workflow_section": 1
    },
    "model": "core.workflowitem",
    "pk": 86
  },
  {
    "fields": {
      "automatical": 1,
      "different_color": 0,
      "is_building_authority": 0,
      "is_workflow": 1,
      "name": "Empfangsbest\u00e4tigung Entscheiddokumente",
      "position": 54,
      "workflow_section": 1
    },
    "model": "core.workflowitem",
    "pk": 87
  },
  {
    "fields": {
      "automatical": 0,
      "different_color": 0,
      "is_building_authority": 1,
      "is_workflow": 1,
      "name": "Stellungnahme - Vorentscheid",
      "position": 15,
      "workflow_section": 1
    },
    "model": "core.workflowitem",
    "pk": 88
  },
  {
    "fields": {
      "automatical": 0,
      "different_color": 0,
      "is_building_authority": 1,
      "is_workflow": 1,
      "name": "Versand / Stellungnahme - Vorentscheid per Mail",
      "position": 19,
      "workflow_section": 1
    },
    "model": "core.workflowitem",
    "pk": 89
  },
  {
    "fields": {
      "automatical": 0,
      "different_color": 0,
      "is_building_authority": 1,
      "is_workflow": 1,
      "name": "Versand / Stellungnahme - Vorentscheid per Post",
      "position": 18,
      "workflow_section": 1
    },
    "model": "core.workflowitem",
    "pk": 90
  },
  {
    "fields": {
      "automatical": 1,
      "different_color": 0,
      "is_building_authority": 0,
      "is_workflow": 1,
      "name": "Empfangsbest\u00e4tigung Vorentscheid",
      "position": 55,
      "workflow_section": 1
    },
    "model": "core.workflowitem",
    "pk": 130000
  },
  {
    "fields": {
      "role": 1061,
      "workflow_item": 1
    },
    "model": "core.workflowrole",
    "pk": 1
  },
  {
    "fields": {
      "role": 1101,
      "workflow_item": 10
    },
    "model": "core.workflowrole",
    "pk": 2
  },
  {
    "fields": {
      "role": 4,
      "workflow_item": 13
    },
    "model": "core.workflowrole",
    "pk": 3
  },
  {
    "fields": {
      "role": 1061,
      "workflow_item": 14
    },
    "model": "core.workflowrole",
    "pk": 4
  },
  {
    "fields": {
      "role": 1101,
      "workflow_item": 21
    },
    "model": "core.workflowrole",
    "pk": 5
  },
  {
    "fields": {
      "role": 1061,
      "workflow_item": 41
    },
    "model": "core.workflowrole",
    "pk": 6
  },
  {
    "fields": {
      "role": 3,
      "workflow_item": 43
    },
    "model": "core.workflowrole",
    "pk": 7
  },
  {
    "fields": {
      "role": 1101,
      "workflow_item": 43
    },
    "model": "core.workflowrole",
    "pk": 8
  },
  {
    "fields": {
      "role": 6,
      "workflow_item": 47
    },
    "model": "core.workflowrole",
    "pk": 9
  },
  {
    "fields": {
      "role": 1061,
      "workflow_item": 48
    },
    "model": "core.workflowrole",
    "pk": 10
  },
  {
    "fields": {
      "role": 1101,
      "workflow_item": 49
    },
    "model": "core.workflowrole",
    "pk": 11
  },
  {
    "fields": {
      "role": 6,
      "workflow_item": 50
    },
    "model": "core.workflowrole",
    "pk": 12
  },
  {
    "fields": {
      "role": 1061,
      "workflow_item": 51
    },
    "model": "core.workflowrole",
    "pk": 13
  },
  {
    "fields": {
      "role": 1101,
      "workflow_item": 52
    },
    "model": "core.workflowrole",
    "pk": 14
  },
  {
    "fields": {
      "role": 6,
      "workflow_item": 53
    },
    "model": "core.workflowrole",
    "pk": 15
  },
  {
    "fields": {
      "role": 6,
      "workflow_item": 54
    },
    "model": "core.workflowrole",
    "pk": 16
  },
  {
    "fields": {
      "role": 1061,
      "workflow_item": 55
    },
    "model": "core.workflowrole",
    "pk": 17
  },
  {
    "fields": {
      "role": 3,
      "workflow_item": 57
    },
    "model": "core.workflowrole",
    "pk": 18
  },
  {
    "fields": {
      "role": 1101,
      "workflow_item": 57
    },
    "model": "core.workflowrole",
    "pk": 19
  },
  {
    "fields": {
      "role": 6,
      "workflow_item": 58
    },
    "model": "core.workflowrole",
    "pk": 20
  },
  {
    "fields": {
      "role": 3,
      "workflow_item": 60
    },
    "model": "core.workflowrole",
    "pk": 21
  },
  {
    "fields": {
      "role": 1101,
      "workflow_item": 60
    },
    "model": "core.workflowrole",
    "pk": 22
  },
  {
    "fields": {
      "role": 6,
      "workflow_item": 61
    },
    "model": "core.workflowrole",
    "pk": 23
  },
  {
    "fields": {
      "role": 1061,
      "workflow_item": 63
    },
    "model": "core.workflowrole",
    "pk": 24
  },
  {
    "fields": {
      "role": 1101,
      "workflow_item": 64
    },
    "model": "core.workflowrole",
    "pk": 25
  },
  {
    "fields": {
      "role": 1101,
      "workflow_item": 1
    },
    "model": "core.workflowrole",
    "pk": 26
  },
  {
    "fields": {
      "role": 3,
      "workflow_item": 13
    },
    "model": "core.workflowrole",
    "pk": 27
  },
  {
    "fields": {
      "role": 1101,
      "workflow_item": 14
    },
    "model": "core.workflowrole",
    "pk": 28
  },
  {
    "fields": {
      "role": 3,
      "workflow_item": 41
    },
    "model": "core.workflowrole",
    "pk": 29
  },
  {
    "fields": {
      "role": 1061,
      "workflow_item": 47
    },
    "model": "core.workflowrole",
    "pk": 30
  },
  {
    "fields": {
      "role": 1101,
      "workflow_item": 48
    },
    "model": "core.workflowrole",
    "pk": 31
  },
  {
    "fields": {
      "role": 3,
      "workflow_item": 50
    },
    "model": "core.workflowrole",
    "pk": 32
  },
  {
    "fields": {
      "role": 1061,
      "workflow_item": 50
    },
    "model": "core.workflowrole",
    "pk": 33
  },
  {
    "fields": {
      "role": 1101,
      "workflow_item": 51
    },
    "model": "core.workflowrole",
    "pk": 34
  },
  {
    "fields": {
      "role": 3,
      "workflow_item": 53
    },
    "model": "core.workflowrole",
    "pk": 35
  },
  {
    "fields": {
      "role": 1061,
      "workflow_item": 53
    },
    "model": "core.workflowrole",
    "pk": 36
  },
  {
    "fields": {
      "role": 1061,
      "workflow_item": 54
    },
    "model": "core.workflowrole",
    "pk": 37
  },
  {
    "fields": {
      "role": 1101,
      "workflow_item": 55
    },
    "model": "core.workflowrole",
    "pk": 38
  },
  {
    "fields": {
      "role": 6,
      "workflow_item": 57
    },
    "model": "core.workflowrole",
    "pk": 39
  },
  {
    "fields": {
      "role": 3,
      "workflow_item": 58
    },
    "model": "core.workflowrole",
    "pk": 40
  },
  {
    "fields": {
      "role": 1101,
      "workflow_item": 58
    },
    "model": "core.workflowrole",
    "pk": 41
  },
  {
    "fields": {
      "role": 6,
      "workflow_item": 60
    },
    "model": "core.workflowrole",
    "pk": 42
  },
  {
    "fields": {
      "role": 3,
      "workflow_item": 61
    },
    "model": "core.workflowrole",
    "pk": 43
  },
  {
    "fields": {
      "role": 1101,
      "workflow_item": 61
    },
    "model": "core.workflowrole",
    "pk": 44
  },
  {
    "fields": {
      "role": 1101,
      "workflow_item": 63
    },
    "model": "core.workflowrole",
    "pk": 45
  },
  {
    "fields": {
      "role": 3,
      "workflow_item": 54
    },
    "model": "core.workflowrole",
    "pk": 46
  },
  {
    "fields": {
      "role": 3,
      "workflow_item": 21
    },
    "model": "core.workflowrole",
    "pk": 47
  },
  {
    "fields": {
      "role": 1061,
      "workflow_item": 13
    },
    "model": "core.workflowrole",
    "pk": 48
  },
  {
    "fields": {
      "role": 1101,
      "workflow_item": 13
    },
    "model": "core.workflowrole",
    "pk": 49
  },
  {
    "fields": {
      "role": 3,
      "workflow_item": 10
    },
    "model": "core.workflowrole",
    "pk": 50
  },
  {
    "fields": {
      "role": 1101,
      "workflow_item": 41
    },
    "model": "core.workflowrole",
    "pk": 51
  },
  {
    "fields": {
      "role": 3,
      "workflow_item": 42
    },
    "model": "core.workflowrole",
    "pk": 52
  },
  {
    "fields": {
      "role": 1061,
      "workflow_item": 43
    },
    "model": "core.workflowrole",
    "pk": 53
  },
  {
    "fields": {
      "role": 3,
      "workflow_item": 47
    },
    "model": "core.workflowrole",
    "pk": 54
  },
  {
    "fields": {
      "role": 1101,
      "workflow_item": 47
    },
    "model": "core.workflowrole",
    "pk": 55
  },
  {
    "fields": {
      "role": 3,
      "workflow_item": 49
    },
    "model": "core.workflowrole",
    "pk": 56
  },
  {
    "fields": {
      "role": 1101,
      "workflow_item": 50
    },
    "model": "core.workflowrole",
    "pk": 57
  },
  {
    "fields": {
      "role": 3,
      "workflow_item": 51
    },
    "model": "core.workflowrole",
    "pk": 58
  },
  {
    "fields": {
      "role": 3,
      "workflow_item": 52
    },
    "model": "core.workflowrole",
    "pk": 59
  },
  {
    "fields": {
      "role": 1101,
      "workflow_item": 53
    },
    "model": "core.workflowrole",
    "pk": 60
  },
  {
    "fields": {
      "role": 3,
      "workflow_item": 63
    },
    "model": "core.workflowrole",
    "pk": 61
  },
  {
    "fields": {
      "role": 1101,
      "workflow_item": 54
    },
    "model": "core.workflowrole",
    "pk": 62
  },
  {
    "fields": {
      "role": 3,
      "workflow_item": 56
    },
    "model": "core.workflowrole",
    "pk": 63
  },
  {
    "fields": {
      "role": 3,
      "workflow_item": 64
    },
    "model": "core.workflowrole",
    "pk": 64
  },
  {
    "fields": {
      "role": 3,
      "workflow_item": 55
    },
    "model": "core.workflowrole",
    "pk": 65
  },
  {
    "fields": {
      "role": 3,
      "workflow_item": 1
    },
    "model": "core.workflowrole",
    "pk": 66
  },
  {
    "fields": {
      "role": 6,
      "workflow_item": 10
    },
    "model": "core.workflowrole",
    "pk": 67
  },
  {
    "fields": {
      "role": 3,
      "workflow_item": 14
    },
    "model": "core.workflowrole",
    "pk": 68
  },
  {
    "fields": {
      "role": 4,
      "workflow_item": 14
    },
    "model": "core.workflowrole",
    "pk": 69
  },
  {
    "fields": {
      "role": 6,
      "workflow_item": 14
    },
    "model": "core.workflowrole",
    "pk": 70
  },
  {
    "fields": {
      "role": 1061,
      "workflow_item": 10
    },
    "model": "core.workflowrole",
    "pk": 71
  },
  {
    "fields": {
      "role": 6,
      "workflow_item": 1
    },
    "model": "core.workflowrole",
    "pk": 72
  },
  {
    "fields": {
      "role": 6,
      "workflow_item": 21
    },
    "model": "core.workflowrole",
    "pk": 73
  },
  {
    "fields": {
      "role": 1061,
      "workflow_item": 21
    },
    "model": "core.workflowrole",
    "pk": 74
  },
  {
    "fields": {
      "role": 1061,
      "workflow_item": 42
    },
    "model": "core.workflowrole",
    "pk": 75
  },
  {
    "fields": {
      "role": 1101,
      "workflow_item": 42
    },
    "model": "core.workflowrole",
    "pk": 76
  },
  {
    "fields": {
      "role": 3,
      "workflow_item": 48
    },
    "model": "core.workflowrole",
    "pk": 77
  },
  {
    "fields": {
      "role": 6,
      "workflow_item": 48
    },
    "model": "core.workflowrole",
    "pk": 78
  },
  {
    "fields": {
      "role": 6,
      "workflow_item": 49
    },
    "model": "core.workflowrole",
    "pk": 79
  },
  {
    "fields": {
      "role": 1061,
      "workflow_item": 49
    },
    "model": "core.workflowrole",
    "pk": 80
  },
  {
    "fields": {
      "role": 6,
      "workflow_item": 51
    },
    "model": "core.workflowrole",
    "pk": 81
  },
  {
    "fields": {
      "role": 6,
      "workflow_item": 52
    },
    "model": "core.workflowrole",
    "pk": 82
  },
  {
    "fields": {
      "role": 1061,
      "workflow_item": 52
    },
    "model": "core.workflowrole",
    "pk": 83
  },
  {
    "fields": {
      "role": 6,
      "workflow_item": 63
    },
    "model": "core.workflowrole",
    "pk": 84
  },
  {
    "fields": {
      "role": 6,
      "workflow_item": 64
    },
    "model": "core.workflowrole",
    "pk": 85
  },
  {
    "fields": {
      "role": 1061,
      "workflow_item": 64
    },
    "model": "core.workflowrole",
    "pk": 86
  },
  {
    "fields": {
      "role": 6,
      "workflow_item": 55
    },
    "model": "core.workflowrole",
    "pk": 87
  },
  {
    "fields": {
      "role": 6,
      "workflow_item": 56
    },
    "model": "core.workflowrole",
    "pk": 88
  },
  {
    "fields": {
      "role": 1101,
      "workflow_item": 56
    },
    "model": "core.workflowrole",
    "pk": 89
  },
  {
    "fields": {
      "role": 3,
      "workflow_item": 59
    },
    "model": "core.workflowrole",
    "pk": 90
  },
  {
    "fields": {
      "role": 6,
      "workflow_item": 59
    },
    "model": "core.workflowrole",
    "pk": 91
  },
  {
    "fields": {
      "role": 1101,
      "workflow_item": 59
    },
    "model": "core.workflowrole",
    "pk": 92
  },
  {
    "fields": {
      "role": 6,
      "workflow_item": 67
    },
    "model": "core.workflowrole",
    "pk": 93
  },
  {
    "fields": {
      "role": 3,
      "workflow_item": 67
    },
    "model": "core.workflowrole",
    "pk": 94
  },
  {
    "fields": {
      "role": 6,
      "workflow_item": 81
    },
    "model": "core.workflowrole",
    "pk": 97
  },
  {
    "fields": {
      "role": 1104,
      "workflow_item": 81
    },
    "model": "core.workflowrole",
    "pk": 98
  },
  {
    "fields": {
      "role": 6,
      "workflow_item": 82
    },
    "model": "core.workflowrole",
    "pk": 99
  },
  {
    "fields": {
      "role": 1104,
      "workflow_item": 82
    },
    "model": "core.workflowrole",
    "pk": 100
  },
  {
    "fields": {
      "role": 3,
      "workflow_item": 65
    },
    "model": "core.workflowrole",
    "pk": 103
  },
  {
    "fields": {
      "role": 3,
      "workflow_item": 15
    },
    "model": "core.workflowrole",
    "pk": 104
  },
  {
    "fields": {
      "role": 3,
      "workflow_item": 72
    },
    "model": "core.workflowrole",
    "pk": 105
  },
  {
    "fields": {
      "role": 3,
      "workflow_item": 85
    },
    "model": "core.workflowrole",
    "pk": 106
  },
  {
    "fields": {
      "role": 3,
      "workflow_item": 86
    },
    "model": "core.workflowrole",
    "pk": 107
  },
  {
    "fields": {
      "role": 3,
      "workflow_item": 90
    },
    "model": "core.workflowrole",
    "pk": 108
  },
  {
    "fields": {
      "role": 3,
      "workflow_item": 89
    },
    "model": "core.workflowrole",
    "pk": 109
  },
  {
    "fields": {
      "name": "Ordentliches Verfahren",
      "sort": 0
    },
    "model": "core.workflowsection",
    "pk": 1
  },
  {
    "fields": {
      "name": "Rechtsmittelverfahren",
      "sort": 1
    },
    "model": "core.workflowsection",
    "pk": 2
  },
  {
    "fields": {
      "name": "Realisierungsphase",
      "sort": 2
    },
    "model": "core.workflowsection",
    "pk": 3
  },
  {
    "fields": {
      "name": "Auflagen-Controlling",
      "sort": 3
    },
    "model": "core.workflowsection",
    "pk": 4
  },
  {
    "fields": {
      "allowed_mime_types": "[\"image/png\", \"image/jpeg\", \"application/pdf\"]",
      "description": null,
      "name": "Interne Dokumente BaB (nur f\u00fcr BaB Fachstellen sichtbar)",
      "notification_template": null,
      "recipient_types": null,
      "sort": 3
    },
    "model": "document.attachmentsection",
    "pk": 1
  },
  {
    "fields": {
      "allowed_mime_types": "[\"image/png\", \"image/jpeg\", \"application/pdf\"]",
      "description": null,
      "name": "Publikationsordner",
      "notification_template": null,
      "recipient_types": null,
      "sort": 5
    },
    "model": "document.attachmentsection",
    "pk": 21
  },
  {
    "fields": {
      "allowed_mime_types": "[\"image/png\", \"image/jpeg\", \"application/pdf\"]",
      "description": null,
      "name": "Interne Dokumente ABM BS (nur f\u00fcr ABM BS sichtbar)",
      "notification_template": null,
      "recipient_types": null,
      "sort": 2
    },
    "model": "document.attachmentsection",
    "pk": 22
  },
  {
    "fields": {
      "allowed_mime_types": "[\"image/png\", \"image/jpeg\", \"application/pdf\"]",
      "description": null,
      "name": "Dokumente Fachstellen (R\u00fcckmeldungen Vernehmlassungsstellen)",
      "notification_template": null,
      "recipient_types": null,
      "sort": 7
    },
    "model": "document.attachmentsection",
    "pk": 23
  },
  {
    "fields": {
      "allowed_mime_types": "[\"image/png\", \"image/jpeg\", \"application/pdf\"]",
      "description": null,
      "name": "Dokumente Leitbeh\u00f6rden (Baubewilligungen, Verf\u00fcgungen usw.)",
      "notification_template": null,
      "recipient_types": null,
      "sort": 8
    },
    "model": "document.attachmentsection",
    "pk": 24
  },
  {
    "fields": {
      "allowed_mime_types": "[\"image/png\", \"image/jpeg\", \"application/pdf\"]",
      "description": null,
      "name": "Lisag (Nutzungsplandokumente, ITF Dateien)",
      "notification_template": null,
      "recipient_types": null,
      "sort": 11
    },
    "model": "document.attachmentsection",
    "pk": 25
  },
  {
    "fields": {
      "allowed_mime_types": "[\"image/png\", \"image/jpeg\", \"application/pdf\"]",
      "description": null,
      "name": "Rechtsmitteldokumente (nur eingeschr\u00e4nkt sichtbar)",
      "notification_template": null,
      "recipient_types": null,
      "sort": 9
    },
    "model": "document.attachmentsection",
    "pk": 41
  },
  {
    "fields": {
      "allowed_mime_types": "[\"image/png\", \"image/jpeg\", \"application/pdf\"]",
      "description": null,
      "name": "Interne Dokumente ARE NHS D (nur f\u00fcr ARE NHS D sichtbar)",
      "notification_template": null,
      "recipient_types": null,
      "sort": 4
    },
    "model": "document.attachmentsection",
    "pk": 42
  },
  {
    "fields": {
      "allowed_mime_types": "[\"image/png\", \"image/jpeg\", \"application/pdf\"]",
      "description": null,
      "name": "Interne Dokumente ARE SU (nur f\u00fcr Fachstelle ARE SU sichtbar)",
      "notification_template": null,
      "recipient_types": null,
      "sort": 1
    },
    "model": "document.attachmentsection",
    "pk": 61
  },
  {
    "fields": {
      "allowed_mime_types": "[\"image/png\", \"image/jpeg\", \"application/pdf\"]",
      "description": null,
      "name": "Geb\u00fchren",
      "notification_template": null,
      "recipient_types": null,
      "sort": 10
    },
    "model": "document.attachmentsection",
    "pk": 62
  },
  {
    "fields": {
      "allowed_mime_types": "[\"image/png\", \"image/jpeg\", \"application/pdf\"]",
      "description": null,
      "name": "Dokumente Gesuchsteller",
      "notification_template": null,
      "recipient_types": null,
      "sort": 6
    },
    "model": "document.attachmentsection",
    "pk": 63
  },
  {
    "fields": {
      "allowed_mime_types": "[\"image/png\", \"image/jpeg\", \"application/pdf\"]",
      "description": null,
      "name": "Dokumente UVP sichtbar f\u00fcr AfE WB ARENHSL AFJ ALA AfUGS AfUIS",
      "notification_template": null,
      "recipient_types": null,
      "sort": 0
    },
    "model": "document.attachmentsection",
    "pk": 81
  },
  {
    "fields": {
      "allowed_mime_types": "[\"image/png\", \"image/jpeg\", \"application/pdf\"]",
      "description": null,
      "name": "Unterlagen Land- und Rechtswerb (nur f\u00fcr BD DS sichtbar)",
      "notification_template": null,
      "recipient_types": null,
      "sort": 0
    },
    "model": "document.attachmentsection",
    "pk": 101
  },
  {
    "fields": {
      "allowed_mime_types": "[\"image/png\", \"image/jpeg\", \"application/pdf\"]",
      "description": null,
      "name": "Interne Dokumente ARE NP (nur f\u00fcr Fachstelle ARE NP sichtbar)",
      "notification_template": null,
      "recipient_types": null,
      "sort": 0
    },
    "model": "document.attachmentsection",
    "pk": 102
  },
  {
    "fields": {
      "allowed_mime_types": "[\"image/png\", \"image/jpeg\", \"application/pdf\"]",
      "description": null,
      "name": "Dokumente Gemeindeservice",
      "notification_template": null,
      "recipient_types": null,
      "sort": 0
    },
    "model": "document.attachmentsection",
    "pk": 103
  },
  {
    "fields": {
      "allowed_mime_types": "[\"image/png\", \"image/jpeg\", \"application/pdf\"]",
      "description": null,
      "name": "Entscheiddokumente (Stellungnahmen / Bewilligungen)",
      "notification_template": null,
      "recipient_types": null,
      "sort": 0
    },
    "model": "document.attachmentsection",
    "pk": 104
  },
  {
    "fields": {
      "attachment_section": 21,
      "mode": "read",
      "role": 7
    },
    "model": "document.attachmentsectionroleacl",
    "pk": 236
  },
  {
    "fields": {
      "attachment_section": 23,
      "mode": "read",
      "role": 7
    },
    "model": "document.attachmentsectionroleacl",
    "pk": 237
  },
  {
    "fields": {
      "attachment_section": 24,
      "mode": "read",
      "role": 7
    },
    "model": "document.attachmentsectionroleacl",
    "pk": 238
  },
  {
    "fields": {
      "attachment_section": 21,
      "mode": "admin",
      "role": 6
    },
    "model": "document.attachmentsectionroleacl",
    "pk": 239
  },
  {
    "fields": {
      "attachment_section": 23,
      "mode": "read",
      "role": 6
    },
    "model": "document.attachmentsectionroleacl",
    "pk": 240
  },
  {
    "fields": {
      "attachment_section": 24,
      "mode": "write",
      "role": 6
    },
    "model": "document.attachmentsectionroleacl",
    "pk": 241
  },
  {
    "fields": {
      "attachment_section": 25,
      "mode": "write",
      "role": 6
    },
    "model": "document.attachmentsectionroleacl",
    "pk": 242
  },
  {
    "fields": {
      "attachment_section": 41,
      "mode": "write",
      "role": 6
    },
    "model": "document.attachmentsectionroleacl",
    "pk": 243
  },
  {
    "fields": {
      "attachment_section": 21,
      "mode": "admin",
      "role": 3
    },
    "model": "document.attachmentsectionroleacl",
    "pk": 244
  },
  {
    "fields": {
      "attachment_section": 23,
      "mode": "admin",
      "role": 3
    },
    "model": "document.attachmentsectionroleacl",
    "pk": 245
  },
  {
    "fields": {
      "attachment_section": 24,
      "mode": "admin",
      "role": 3
    },
    "model": "document.attachmentsectionroleacl",
    "pk": 246
  },
  {
    "fields": {
      "attachment_section": 41,
      "mode": "admin",
      "role": 3
    },
    "model": "document.attachmentsectionroleacl",
    "pk": 247
  },
  {
    "fields": {
      "attachment_section": 21,
      "mode": "admin",
      "role": 1061
    },
    "model": "document.attachmentsectionroleacl",
    "pk": 248
  },
  {
    "fields": {
      "attachment_section": 23,
      "mode": "admin",
      "role": 1061
    },
    "model": "document.attachmentsectionroleacl",
    "pk": 249
  },
  {
    "fields": {
      "attachment_section": 24,
      "mode": "admin",
      "role": 1061
    },
    "model": "document.attachmentsectionroleacl",
    "pk": 250
  },
  {
    "fields": {
      "attachment_section": 25,
      "mode": "admin",
      "role": 1061
    },
    "model": "document.attachmentsectionroleacl",
    "pk": 251
  },
  {
    "fields": {
      "attachment_section": 41,
      "mode": "admin",
      "role": 1061
    },
    "model": "document.attachmentsectionroleacl",
    "pk": 252
  },
  {
    "fields": {
      "attachment_section": 21,
      "mode": "write",
      "role": 4
    },
    "model": "document.attachmentsectionroleacl",
    "pk": 253
  },
  {
    "fields": {
      "attachment_section": 23,
      "mode": "write",
      "role": 4
    },
    "model": "document.attachmentsectionroleacl",
    "pk": 254
  },
  {
    "fields": {
      "attachment_section": 24,
      "mode": "read",
      "role": 4
    },
    "model": "document.attachmentsectionroleacl",
    "pk": 255
  },
  {
    "fields": {
      "attachment_section": 21,
      "mode": "write",
      "role": 1021
    },
    "model": "document.attachmentsectionroleacl",
    "pk": 256
  },
  {
    "fields": {
      "attachment_section": 23,
      "mode": "write",
      "role": 1021
    },
    "model": "document.attachmentsectionroleacl",
    "pk": 257
  },
  {
    "fields": {
      "attachment_section": 24,
      "mode": "read",
      "role": 1021
    },
    "model": "document.attachmentsectionroleacl",
    "pk": 258
  },
  {
    "fields": {
      "attachment_section": 21,
      "mode": "read",
      "role": 1081
    },
    "model": "document.attachmentsectionroleacl",
    "pk": 259
  },
  {
    "fields": {
      "attachment_section": 24,
      "mode": "read",
      "role": 1081
    },
    "model": "document.attachmentsectionroleacl",
    "pk": 260
  },
  {
    "fields": {
      "attachment_section": 24,
      "mode": "admin",
      "role": 1101
    },
    "model": "document.attachmentsectionroleacl",
    "pk": 261
  },
  {
    "fields": {
      "attachment_section": 41,
      "mode": "admin",
      "role": 1101
    },
    "model": "document.attachmentsectionroleacl",
    "pk": 262
  },
  {
    "fields": {
      "attachment_section": 21,
      "mode": "admin",
      "role": 1101
    },
    "model": "document.attachmentsectionroleacl",
    "pk": 263
  },
  {
    "fields": {
      "attachment_section": 23,
      "mode": "admin",
      "role": 1
    },
    "model": "document.attachmentsectionroleacl",
    "pk": 264
  },
  {
    "fields": {
      "attachment_section": 23,
      "mode": "write",
      "role": 1102
    },
    "model": "document.attachmentsectionroleacl",
    "pk": 265
  },
  {
    "fields": {
      "attachment_section": 24,
      "mode": "read",
      "role": 1102
    },
    "model": "document.attachmentsectionroleacl",
    "pk": 266
  },
  {
    "fields": {
      "attachment_section": 23,
      "mode": "admin",
      "role": 1101
    },
    "model": "document.attachmentsectionroleacl",
    "pk": 267
  },
  {
    "fields": {
      "attachment_section": 23,
      "mode": "read",
      "role": 1081
    },
    "model": "document.attachmentsectionroleacl",
    "pk": 268
  },
  {
    "fields": {
      "attachment_section": 21,
      "mode": "write",
      "role": 1103
    },
    "model": "document.attachmentsectionroleacl",
    "pk": 269
  },
  {
    "fields": {
      "attachment_section": 62,
      "mode": "admin",
      "role": 3
    },
    "model": "document.attachmentsectionroleacl",
    "pk": 270
  },
  {
    "fields": {
      "attachment_section": 62,
      "mode": "write",
      "role": 1061
    },
    "model": "document.attachmentsectionroleacl",
    "pk": 271
  },
  {
    "fields": {
      "attachment_section": 62,
      "mode": "write",
      "role": 1101
    },
    "model": "document.attachmentsectionroleacl",
    "pk": 272
  },
  {
    "fields": {
      "attachment_section": 63,
      "mode": "read",
      "role": 1104
    },
    "model": "document.attachmentsectionroleacl",
    "pk": 273
  },
  {
    "fields": {
      "attachment_section": 63,
      "mode": "admin",
      "role": 1101
    },
    "model": "document.attachmentsectionroleacl",
    "pk": 274
  },
  {
    "fields": {
      "attachment_section": 63,
      "mode": "admin",
      "role": 3
    },
    "model": "document.attachmentsectionroleacl",
    "pk": 275
  },
  {
    "fields": {
      "attachment_section": 63,
      "mode": "admin",
      "role": 1061
    },
    "model": "document.attachmentsectionroleacl",
    "pk": 276
  },
  {
    "fields": {
      "attachment_section": 63,
      "mode": "write",
      "role": 1105
    },
    "model": "document.attachmentsectionroleacl",
    "pk": 277
  },
  {
    "fields": {
      "attachment_section": 21,
      "mode": "read",
      "role": 1105
    },
    "model": "document.attachmentsectionroleacl",
    "pk": 278
  },
  {
    "fields": {
      "attachment_section": 24,
      "mode": "write",
      "role": 1105
    },
    "model": "document.attachmentsectionroleacl",
    "pk": 279
  },
  {
    "fields": {
      "attachment_section": 63,
      "mode": "admin",
      "role": 1106
    },
    "model": "document.attachmentsectionroleacl",
    "pk": 280
  },
  {
    "fields": {
      "attachment_section": 23,
      "mode": "admin",
      "role": 1106
    },
    "model": "document.attachmentsectionroleacl",
    "pk": 281
  },
  {
    "fields": {
      "attachment_section": 21,
      "mode": "admin",
      "role": 1106
    },
    "model": "document.attachmentsectionroleacl",
    "pk": 282
  },
  {
    "fields": {
      "attachment_section": 62,
      "mode": "admin",
      "role": 1106
    },
    "model": "document.attachmentsectionroleacl",
    "pk": 283
  },
  {
    "fields": {
      "attachment_section": 24,
      "mode": "admin",
      "role": 1106
    },
    "model": "document.attachmentsectionroleacl",
    "pk": 284
  },
  {
    "fields": {
      "attachment_section": 41,
      "mode": "admin",
      "role": 1106
    },
    "model": "document.attachmentsectionroleacl",
    "pk": 285
  },
  {
    "fields": {
      "attachment_section": 21,
      "mode": "read",
      "role": 2
    },
    "model": "document.attachmentsectionroleacl",
    "pk": 286
  },
  {
    "fields": {
      "attachment_section": 63,
      "mode": "admin",
      "role": 6
    },
    "model": "document.attachmentsectionroleacl",
    "pk": 287
  },
  {
    "fields": {
      "attachment_section": 63,
      "mode": "read",
      "role": 7
    },
    "model": "document.attachmentsectionroleacl",
    "pk": 288
  },
  {
    "fields": {
      "attachment_section": 63,
      "mode": "write",
      "role": 4
    },
    "model": "document.attachmentsectionroleacl",
    "pk": 289
  },
  {
    "fields": {
      "attachment_section": 63,
      "mode": "write",
      "role": 1021
    },
    "model": "document.attachmentsectionroleacl",
    "pk": 290
  },
  {
    "fields": {
      "attachment_section": 41,
      "mode": "admin",
      "role": 1107
    },
    "model": "document.attachmentsectionroleacl",
    "pk": 291
  },
  {
    "fields": {
      "attachment_section": 24,
      "mode": "admin",
      "role": 1107
    },
    "model": "document.attachmentsectionroleacl",
    "pk": 292
  },
  {
    "fields": {
      "attachment_section": 63,
      "mode": "admin",
      "role": 1107
    },
    "model": "document.attachmentsectionroleacl",
    "pk": 293
  },
  {
    "fields": {
      "attachment_section": 21,
      "mode": "admin",
      "role": 1107
    },
    "model": "document.attachmentsectionroleacl",
    "pk": 294
  },
  {
    "fields": {
      "attachment_section": 23,
      "mode": "admin",
      "role": 1107
    },
    "model": "document.attachmentsectionroleacl",
    "pk": 295
  },
  {
    "fields": {
      "attachment_section": 62,
      "mode": "admin",
      "role": 1107
    },
    "model": "document.attachmentsectionroleacl",
    "pk": 296
  },
  {
    "fields": {
      "attachment_section": 24,
      "mode": "admin",
      "role": 1127
    },
    "model": "document.attachmentsectionroleacl",
    "pk": 297
  },
  {
    "fields": {
      "attachment_section": 63,
      "mode": "admin",
      "role": 1127
    },
    "model": "document.attachmentsectionroleacl",
    "pk": 298
  },
  {
    "fields": {
      "attachment_section": 41,
      "mode": "admin",
      "role": 1127
    },
    "model": "document.attachmentsectionroleacl",
    "pk": 299
  },
  {
    "fields": {
      "attachment_section": 23,
      "mode": "admin",
      "role": 1127
    },
    "model": "document.attachmentsectionroleacl",
    "pk": 300
  },
  {
    "fields": {
      "attachment_section": 62,
      "mode": "admin",
      "role": 1127
    },
    "model": "document.attachmentsectionroleacl",
    "pk": 301
  },
  {
    "fields": {
      "attachment_section": 21,
      "mode": "admin",
      "role": 1127
    },
    "model": "document.attachmentsectionroleacl",
    "pk": 302
  },
  {
    "fields": {
      "attachment_section": 62,
      "mode": "admin",
      "role": 1128
    },
    "model": "document.attachmentsectionroleacl",
    "pk": 303
  },
  {
    "fields": {
      "attachment_section": 63,
      "mode": "admin",
      "role": 1128
    },
    "model": "document.attachmentsectionroleacl",
    "pk": 304
  },
  {
    "fields": {
      "attachment_section": 41,
      "mode": "admin",
      "role": 1128
    },
    "model": "document.attachmentsectionroleacl",
    "pk": 305
  },
  {
    "fields": {
      "attachment_section": 24,
      "mode": "admin",
      "role": 1128
    },
    "model": "document.attachmentsectionroleacl",
    "pk": 306
  },
  {
    "fields": {
      "attachment_section": 21,
      "mode": "admin",
      "role": 1128
    },
    "model": "document.attachmentsectionroleacl",
    "pk": 307
  },
  {
    "fields": {
      "attachment_section": 23,
      "mode": "admin",
      "role": 1128
    },
    "model": "document.attachmentsectionroleacl",
    "pk": 308
  },
  {
    "fields": {
      "attachment_section": 63,
      "mode": "read",
      "role": 1102
    },
    "model": "document.attachmentsectionroleacl",
    "pk": 309
  },
  {
    "fields": {
      "attachment_section": 63,
      "mode": "read",
      "role": 1081
    },
    "model": "document.attachmentsectionroleacl",
    "pk": 310
  },
  {
    "fields": {
      "attachment_section": 101,
      "mode": "write",
      "role": 1101
    },
    "model": "document.attachmentsectionroleacl",
    "pk": 311
  },
  {
    "fields": {
      "attachment_section": 62,
      "mode": "admin",
      "role": 1129
    },
    "model": "document.attachmentsectionroleacl",
    "pk": 312
  },
  {
    "fields": {
      "attachment_section": 63,
      "mode": "admin",
      "role": 1129
    },
    "model": "document.attachmentsectionroleacl",
    "pk": 313
  },
  {
    "fields": {
      "attachment_section": 41,
      "mode": "admin",
      "role": 1129
    },
    "model": "document.attachmentsectionroleacl",
    "pk": 314
  },
  {
    "fields": {
      "attachment_section": 24,
      "mode": "admin",
      "role": 1129
    },
    "model": "document.attachmentsectionroleacl",
    "pk": 315
  },
  {
    "fields": {
      "attachment_section": 21,
      "mode": "admin",
      "role": 1129
    },
    "model": "document.attachmentsectionroleacl",
    "pk": 316
  },
  {
    "fields": {
      "attachment_section": 23,
      "mode": "admin",
      "role": 1129
    },
    "model": "document.attachmentsectionroleacl",
    "pk": 317
  },
  {
    "fields": {
      "attachment_section": 63,
      "mode": "write",
      "role": 1130
    },
    "model": "document.attachmentsectionroleacl",
    "pk": 318
  },
  {
    "fields": {
      "attachment_section": 23,
      "mode": "write",
      "role": 1130
    },
    "model": "document.attachmentsectionroleacl",
    "pk": 319
  },
  {
    "fields": {
      "attachment_section": 24,
      "mode": "write",
      "role": 1130
    },
    "model": "document.attachmentsectionroleacl",
    "pk": 320
  },
  {
    "fields": {
      "attachment_section": 103,
      "mode": "admin",
      "role": 1104
    },
    "model": "document.attachmentsectionroleacl",
    "pk": 321
  },
  {
    "fields": {
      "attachment_section": 103,
      "mode": "admin",
      "role": 6
    },
    "model": "document.attachmentsectionroleacl",
    "pk": 322
  },
  {
    "fields": {
      "attachment_section": 21,
      "mode": "read",
      "role": 1104
    },
    "model": "document.attachmentsectionroleacl",
    "pk": 323
  },
  {
    "fields": {
      "attachment_section": 104,
      "mode": "read",
      "role": 6
    },
    "model": "document.attachmentsectionroleacl",
    "pk": 324
  },
  {
    "fields": {
      "attachment_section": 104,
      "mode": "read",
      "role": 1103
    },
    "model": "document.attachmentsectionroleacl",
    "pk": 325
  },
  {
    "fields": {
      "attachment_section": 62,
      "mode": "read",
      "role": 6
    },
    "model": "document.attachmentsectionroleacl",
    "pk": 326
  },
  {
    "fields": {
      "attachment_section": 1,
      "mode": "write",
      "service": 88
    },
    "model": "document.attachmentsectionserviceacl",
    "pk": 104
  },
  {
    "fields": {
      "attachment_section": 22,
      "mode": "write",
      "service": 81
    },
    "model": "document.attachmentsectionserviceacl",
    "pk": 105
  },
  {
    "fields": {
      "attachment_section": 1,
      "mode": "write",
      "service": 261
    },
    "model": "document.attachmentsectionserviceacl",
    "pk": 106
  },
  {
    "fields": {
      "attachment_section": 1,
      "mode": "write",
      "service": 262
    },
    "model": "document.attachmentsectionserviceacl",
    "pk": 107
  },
  {
    "fields": {
      "attachment_section": 42,
      "mode": "write",
      "service": 241
    },
    "model": "document.attachmentsectionserviceacl",
    "pk": 108
  },
  {
    "fields": {
      "attachment_section": 25,
      "mode": "write",
      "service": 201
    },
    "model": "document.attachmentsectionserviceacl",
    "pk": 109
  },
  {
    "fields": {
      "attachment_section": 61,
      "mode": "write",
      "service": 99
    },
    "model": "document.attachmentsectionserviceacl",
    "pk": 110
  },
  {
    "fields": {
      "attachment_section": 81,
      "mode": "write",
      "service": 2
    },
    "model": "document.attachmentsectionserviceacl",
    "pk": 111
  },
  {
    "fields": {
      "attachment_section": 81,
      "mode": "write",
      "service": 306
    },
    "model": "document.attachmentsectionserviceacl",
    "pk": 112
  },
  {
    "fields": {
      "attachment_section": 81,
      "mode": "write",
      "service": 303
    },
    "model": "document.attachmentsectionserviceacl",
    "pk": 113
  },
  {
    "fields": {
      "attachment_section": 81,
      "mode": "write",
      "service": 98
    },
    "model": "document.attachmentsectionserviceacl",
    "pk": 114
  },
  {
    "fields": {
      "attachment_section": 81,
      "mode": "write",
      "service": 96
    },
    "model": "document.attachmentsectionserviceacl",
    "pk": 115
  },
  {
    "fields": {
      "attachment_section": 81,
      "mode": "write",
      "service": 567
    },
    "model": "document.attachmentsectionserviceacl",
    "pk": 116
  },
  {
    "fields": {
      "attachment_section": 81,
      "mode": "write",
      "service": 568
    },
    "model": "document.attachmentsectionserviceacl",
    "pk": 117
  },
  {
    "fields": {
      "attachment_section": 81,
      "mode": "write",
      "service": 524
    },
    "model": "document.attachmentsectionserviceacl",
    "pk": 118
  },
  {
    "fields": {
      "attachment_section": 101,
      "mode": "write",
      "service": 41
    },
    "model": "document.attachmentsectionserviceacl",
    "pk": 119
  },
  {
    "fields": {
      "attachment_section": 81,
      "mode": "write",
      "service": 460
    },
    "model": "document.attachmentsectionserviceacl",
    "pk": 120
  },
  {
    "fields": {
      "attachment_section": 102,
      "mode": "write",
      "service": 90
    },
    "model": "document.attachmentsectionserviceacl",
    "pk": 121
  },
  {
    "fields": {
      "attachment_section": 1,
      "description": null,
      "language": "de",
      "name": "Interne Dokumente BaB (nur f\u00fcr BaB Fachstellen sichtbar)"
    },
    "model": "document.attachmentsectiont",
    "pk": 1
  },
  {
    "fields": {
      "attachment_section": 21,
      "description": null,
      "language": "de",
      "name": "Publikationsordner"
    },
    "model": "document.attachmentsectiont",
    "pk": 2
  },
  {
    "fields": {
      "attachment_section": 22,
      "description": null,
      "language": "de",
      "name": "Interne Dokumente ABM BS (nur f\u00fcr ABM BS sichtbar)"
    },
    "model": "document.attachmentsectiont",
    "pk": 3
  },
  {
    "fields": {
      "attachment_section": 23,
      "description": null,
      "language": "de",
      "name": "Dokumente Fachstellen (R\u00fcckmeldungen Vernehmlassungsstellen)"
    },
    "model": "document.attachmentsectiont",
    "pk": 4
  },
  {
    "fields": {
      "attachment_section": 24,
      "description": null,
      "language": "de",
      "name": "Dokumente Leitbeh\u00f6rden (Baubewilligungen, Verf\u00fcgungen usw.)"
    },
    "model": "document.attachmentsectiont",
    "pk": 5
  },
  {
    "fields": {
      "attachment_section": 25,
      "description": null,
      "language": "de",
      "name": "Lisag (Nutzungsplandokumente, ITF Dateien)"
    },
    "model": "document.attachmentsectiont",
    "pk": 6
  },
  {
    "fields": {
      "attachment_section": 41,
      "description": null,
      "language": "de",
      "name": "Rechtsmitteldokumente (nur eingeschr\u00e4nkt sichtbar)"
    },
    "model": "document.attachmentsectiont",
    "pk": 7
  },
  {
    "fields": {
      "attachment_section": 42,
      "description": null,
      "language": "de",
      "name": "Interne Dokumente ARE NHS D (nur f\u00fcr ARE NHS D sichtbar)"
    },
    "model": "document.attachmentsectiont",
    "pk": 8
  },
  {
    "fields": {
      "attachment_section": 61,
      "description": null,
      "language": "de",
      "name": "Interne Dokumente ARE SU (nur f\u00fcr Fachstelle ARE SU sichtbar)"
    },
    "model": "document.attachmentsectiont",
    "pk": 9
  },
  {
    "fields": {
      "attachment_section": 62,
      "description": null,
      "language": "de",
      "name": "Geb\u00fchren"
    },
    "model": "document.attachmentsectiont",
    "pk": 10
  },
  {
    "fields": {
      "attachment_section": 63,
      "description": null,
      "language": "de",
      "name": "Dokumente Gesuchsteller"
    },
    "model": "document.attachmentsectiont",
    "pk": 11
  },
  {
    "fields": {
      "attachment_section": 81,
      "description": null,
      "language": "de",
      "name": "Dokumente UVP sichtbar f\u00fcr AfE WB ARENHSL AFJ ALA AfUGS AfUIS"
    },
    "model": "document.attachmentsectiont",
    "pk": 12
  },
  {
    "fields": {
      "attachment_section": 101,
      "description": null,
      "language": "de",
      "name": "Unterlagen Land- und Rechtswerb (nur f\u00fcr BD DS sichtbar)"
    },
    "model": "document.attachmentsectiont",
    "pk": 13
  },
  {
    "fields": {
      "attachment_section": 102,
      "description": null,
      "language": "de",
      "name": "Interne Dokumente ARE NP (nur f\u00fcr Fachstelle ARE NP sichtbar)"
    },
    "model": "document.attachmentsectiont",
    "pk": 14
  },
  {
    "fields": {
      "attachment_section": 103,
      "description": null,
      "language": "de",
      "name": "Dokumente Gemeindeservice"
    },
    "model": "document.attachmentsectiont",
    "pk": 15
  },
  {
    "fields": {
      "description": "KOOR-ARE-BG;Koordinationsstelle f\u00fcr Baueingaben Amt f\u00fcr Raumentwicklung",
      "form_state": 1,
      "name": "Baugesuch-Vorabkl\u00e4rung mit kantonaler Beteiligung"
    },
    "model": "instance.form",
    "pk": 21
  },
  {
    "fields": {
      "description": "KOOR-ARE-BG;Koordinationsstelle f\u00fcr Baueingaben Amt f\u00fcr Raumentwicklung",
      "form_state": 1,
      "name": "Verfahren nach BGBB / und Apparzellierungsverfahren"
    },
    "model": "instance.form",
    "pk": 41
  },
  {
    "fields": {
      "description": "KOOR-ARE-BG;Koordinationsstelle f\u00fcr Baueingaben Amt f\u00fcr Raumentwicklung",
      "form_state": 1,
      "name": "Internes Mitberichtsverfahren BG"
    },
    "model": "instance.form",
    "pk": 42
  },
  {
    "fields": {
      "description": "KOOR-ARE-BG;Koordinationsstelle f\u00fcr Baueingaben Amt f\u00fcr Raumentwicklung",
      "form_state": 1,
      "name": "Internes Genehmigungsverfahren"
    },
    "model": "instance.form",
    "pk": 43
  },
  {
    "fields": {
      "description": "KOOR-ARE-BG;Koordinationsstelle f\u00fcr Baueingaben Amt f\u00fcr Raumentwicklung",
      "form_state": 1,
      "name": "Baubewilligungsverfahren mit kantonaler Beteiligung"
    },
    "model": "instance.form",
    "pk": 44
  },
  {
    "fields": {
      "description": "KOOR-ARE-BG;Koordinationsstelle f\u00fcr Baueingaben Amt f\u00fcr Raumentwicklung",
      "form_state": 1,
      "name": "Mitberichtsverfahren / PGV nach Luftfahrtgesetz"
    },
    "model": "instance.form",
    "pk": 45
  },
  {
    "fields": {
      "description": "KOOR-ARE-BG;Koordinationsstelle f\u00fcr Baueingaben Amt f\u00fcr Raumentwicklung",
      "form_state": 1,
      "name": "Mitberichtsverfahren / PGV f\u00fcr milit\u00e4rische Bauten"
    },
    "model": "instance.form",
    "pk": 46
  },
  {
    "fields": {
      "description": "",
      "form_state": 1,
      "name": "Baubewilligungsverfahren ohne kantonale Beteiligung"
    },
    "model": "instance.form",
    "pk": 47
  },
  {
    "fields": {
      "description": "",
      "form_state": 1,
      "name": "Baugesuch-Vorabkl\u00e4rung ohne kantonale Beteiligung"
    },
    "model": "instance.form",
    "pk": 61
  },
  {
    "fields": {
      "description": "KOOR-ARE-NP;Koordinationsstelle f\u00fcr Nutzungsplanung Amt f\u00fcr Raumentwicklung",
      "form_state": 1,
      "name": "Genehmigung Teilrevision Nutzungsplanung"
    },
    "model": "instance.form",
    "pk": 101
  },
  {
    "fields": {
      "description": "KOOR-ARE-NP;Koordinationsstelle f\u00fcr Nutzungsplanung Amt f\u00fcr Raumentwicklung",
      "form_state": 1,
      "name": "Vorpr\u00fcfung Teilrevision Nutzungsplanung"
    },
    "model": "instance.form",
    "pk": 102
  },
  {
    "fields": {
      "description": "KOOR-ARE-NP;Koordinationsstelle f\u00fcr Nutzungsplanung Amt f\u00fcr Raumentwicklung",
      "form_state": 1,
      "name": "Vorpr\u00fcfung Gesamtrevision Nutzungsplanung"
    },
    "model": "instance.form",
    "pk": 103
  },
  {
    "fields": {
      "description": "KOOR-ARE-NP;Koordinationsstelle f\u00fcr Nutzungsplanung Amt f\u00fcr Raumentwicklung",
      "form_state": 1,
      "name": "Genehmigung Gesamtrevision Nutzungsplanung"
    },
    "model": "instance.form",
    "pk": 104
  },
  {
    "fields": {
      "description": "KOOR-ARE-NP;Koordinationsstelle f\u00fcr Nutzungsplanung Amt f\u00fcr Raumentwicklung",
      "form_state": 1,
      "name": "Vorpr\u00fcfung Quartiergestaltungsplan QGP"
    },
    "model": "instance.form",
    "pk": 105
  },
  {
    "fields": {
      "description": "KOOR-ARE-NP;Koordinationsstelle f\u00fcr Nutzungsplanung Amt f\u00fcr Raumentwicklung",
      "form_state": 1,
      "name": "Genehmigung Quartiergestaltungsplan QGP"
    },
    "model": "instance.form",
    "pk": 106
  },
  {
    "fields": {
      "description": "KOOR-ARE-NP;Koordinationsstelle f\u00fcr Nutzungsplanung Amt f\u00fcr Raumentwicklung",
      "form_state": 1,
      "name": "Vorpr\u00fcfung Quartierplan QP"
    },
    "model": "instance.form",
    "pk": 107
  },
  {
    "fields": {
      "description": "KOOR-ARE-NP;Koordinationsstelle f\u00fcr Nutzungsplanung Amt f\u00fcr Raumentwicklung",
      "form_state": 1,
      "name": "Genehmigung Quartierplan QP"
    },
    "model": "instance.form",
    "pk": 108
  },
  {
    "fields": {
      "description": "KOOR-ARE-BG;Koordinationsstelle f\u00fcr Baueingaben Amt f\u00fcr Raumentwicklung",
      "form_state": 1,
      "name": "Reklame-Gesuch (eingereicht via Gemeinde)"
    },
    "model": "instance.form",
    "pk": 121
  },
  {
    "fields": {
      "description": "KOOR-ARE-BG;Koordinationsstelle f\u00fcr Baueingaben Amt f\u00fcr Raumentwicklung",
      "form_state": 1,
      "name": "Meldung-Solaranlage"
    },
    "model": "instance.form",
    "pk": 141
  },
  {
    "fields": {
      "description": "KOOR-ARE-NP;Koordinationsstelle f\u00fcr Nutzungsplanung Amt f\u00fcr Raumentwicklung",
      "form_state": 1,
      "name": "Internes Mitberichtsverfahren NP"
    },
    "model": "instance.form",
    "pk": 161
  },
  {
    "fields": {
      "description": "KOOR-BD;Koordinationsstelle f\u00fcr Bewilligungsverfahren Baudirektion",
      "form_state": 1,
      "name": "PGV Kantonsstrasse (Artikel 30 StrG)"
    },
    "model": "instance.form",
    "pk": 181
  },
  {
    "fields": {
      "description": "KOOR-BD;Koordinationsstelle f\u00fcr Bewilligungsverfahren Baudirektion",
      "form_state": 1,
      "name": "PGV Gemeindestrasse (Artikel 30 StrG)"
    },
    "model": "instance.form",
    "pk": 201
  },
  {
    "fields": {
      "description": "KOOR-BD;Koordinationsstelle f\u00fcr Bewilligungsverfahren Baudirektion",
      "form_state": 1,
      "name": "PGV Korporationsstrasse (Artikel 30 StrG)"
    },
    "model": "instance.form",
    "pk": 221
  },
  {
    "fields": {
      "description": "KOOR-BD;Koordinationsstelle f\u00fcr Bewilligungsverfahren Baudirektion",
      "form_state": 1,
      "name": "PGV vereinfachtes Verfahren (Artikel 31 StrG)"
    },
    "model": "instance.form",
    "pk": 222
  },
  {
    "fields": {
      "description": "KOOR-BD;Koordinationsstelle f\u00fcr Bewilligungsverfahren Baudirektion",
      "form_state": 1,
      "name": "PGV \u00f6ffentliche Gew\u00e4sser (Artikel 12 WBG)"
    },
    "model": "instance.form",
    "pk": 223
  },
  {
    "fields": {
      "description": "KOOR-BD;Koordinationsstelle f\u00fcr Bewilligungsverfahren Baudirektion",
      "form_state": 1,
      "name": "PGV private Gew\u00e4sser (Artikel 19 WBG)"
    },
    "model": "instance.form",
    "pk": 224
  },
  {
    "fields": {
      "description": "KOOR-BD;Koordinationsstelle f\u00fcr Bewilligungsverfahren Baudirektion",
      "form_state": 1,
      "name": "Konzessionsverfahren Regierungsrat f\u00fcr Anlagen bis 1000 kW (Artikel 18 GNG) BD"
    },
    "model": "instance.form",
    "pk": 225
  },
  {
    "fields": {
      "description": "KOOR-BD;Koordinationsstelle f\u00fcr Bewilligungsverfahren Baudirektion",
      "form_state": 1,
      "name": "Konzessionsverfahren Landrat f\u00fcr Anlagen ab 1000 kW (Artikel 18 GNG) BD"
    },
    "model": "instance.form",
    "pk": 241
  },
  {
    "fields": {
      "description": "KOOR-BD;Koordinationsstelle f\u00fcr Bewilligungsverfahren Baudirektion",
      "form_state": 1,
      "name": "Konzessionsverfahren Baudirektion f\u00fcr W\u00e4rmeentnahmen (Artikel 40 GNG) BD"
    },
    "model": "instance.form",
    "pk": 242
  },
  {
    "fields": {
      "description": "KOOR-BD;Koordinationsstelle f\u00fcr Bewilligungsverfahren Baudirektion",
      "form_state": 1,
      "name": "Mitberichtsverfahren / PGV nach Starkstromverordnung (EleG)"
    },
    "model": "instance.form",
    "pk": 243
  },
  {
    "fields": {
      "description": "KOOR-BD;Koordinationsstelle f\u00fcr Bewilligungsverfahren Baudirektion",
      "form_state": 1,
      "name": "Mitberichtsverfahren / PGV nach Eisenbahngesetz (EBG)"
    },
    "model": "instance.form",
    "pk": 244
  },
  {
    "fields": {
      "description": "KOOR-BD;Koordinationsstelle f\u00fcr Bewilligungsverfahren Baudirektion",
      "form_state": 1,
      "name": "Mitberichtsverfahren / PGV nach Nationalstrassengesetz (NSG)"
    },
    "model": "instance.form",
    "pk": 245
  },
  {
    "fields": {
      "description": "KOOR-BD;Koordinationsstelle f\u00fcr Bewilligungsverfahren Baudirektion",
      "form_state": 1,
      "name": "Konzessionsverfahren Baudirektion Beanspruchung Kantonsgew\u00e4sser bis 500 m2 (Artikel 3 ORR)"
    },
    "model": "instance.form",
    "pk": 246
  },
  {
    "fields": {
      "description": "KOOR-BD;Koordinationsstelle f\u00fcr Bewilligungsverfahren Baudirektion",
      "form_state": 1,
      "name": "Bewilligungsverfahren f\u00fcr die Beanspruchung von Kantonsgebiet"
    },
    "model": "instance.form",
    "pk": 247
  },
  {
    "fields": {
      "description": "KOOR-BD;Koordinationsstelle f\u00fcr Bewilligungsverfahren Baudirektion",
      "form_state": 1,
      "name": "Internes Mitberichtsverfahren BD"
    },
    "model": "instance.form",
    "pk": 248
  },
  {
    "fields": {
      "description": "KOOR-BD;Koordinationsstelle f\u00fcr Bewilligungsverfahren Baudirektion",
      "form_state": 1,
      "name": "Reklame-Gesuch (eingereicht via Baudirektion)"
    },
    "model": "instance.form",
    "pk": 249
  },
  {
    "fields": {
      "description": "KOOR-ARE-BG;Koordinationsstelle f\u00fcr Baueingaben Amt f\u00fcr Raumentwicklung",
      "form_state": 1,
      "name": "Mitberichtsverfahren / PGV nach Seilbahngesetz (SebG)"
    },
    "model": "instance.form",
    "pk": 250
  },
  {
    "fields": {
      "description": "KOOR-AfU;Koordinationsstelle Amt f\u00fcr Umweltschutz",
      "form_state": 1,
      "name": "Internes Mitberichtsverfahren AfU"
    },
    "model": "instance.form",
    "pk": 251
  },
  {
    "fields": {
      "description": "KOOR-AfU;Koordinationsstelle Amt f\u00fcr Umweltschutz",
      "form_state": 1,
      "name": "Internes Mitberichtsverfahren nach Artikel 30 BG Umweltschutz"
    },
    "model": "instance.form",
    "pk": 252
  },
  {
    "fields": {
      "description": "KOOR-AfU;Koordinationsstelle Amt f\u00fcr Umweltschutz",
      "form_state": 1,
      "name": "Internes Mitberichtsverfahren / Bewilligungsverfahren gem\u00e4ss UVP"
    },
    "model": "instance.form",
    "pk": 253
  },
  {
    "fields": {
      "description": "KOOR-ALA;Koordinationsstelle Amt f\u00fcr Landwirtschaft",
      "form_state": 1,
      "name": "Internes Mitberichtsverfahren ALA"
    },
    "model": "instance.form",
    "pk": 254
  },
  {
    "fields": {
      "description": "KOOR-ALA;Koordinationsstelle Amt f\u00fcr Landwirtschaft",
      "form_state": 1,
      "name": "Internes Mitberichtsverfahren ALA (Korporationsstrassen mit Subventionierung)"
    },
    "model": "instance.form",
    "pk": 255
  },
  {
    "fields": {
      "description": "KOOR-AFE;Koordinationsstelle Amt f\u00fcr Energie",
      "form_state": 1,
      "name": "Internes Mitberichtsverfahren AfE"
    },
    "model": "instance.form",
    "pk": 256
  },
  {
    "fields": {
      "description": "KOOR-AFE;Koordinationsstelle Amt f\u00fcr Energie",
      "form_state": 1,
      "name": "Konzessionsverfahren Regierungsrat f\u00fcr Anlagen bis 1000 kW (Artikel 18 GNG) AFE"
    },
    "model": "instance.form",
    "pk": 257
  },
  {
    "fields": {
      "description": "KOOR-AFE;Koordinationsstelle Amt f\u00fcr Energie",
      "form_state": 1,
      "name": "Konzessionsverfahren Landrat f\u00fcr Anlagen ab 1000 kW (Artikel 18 GNG) AFE"
    },
    "model": "instance.form",
    "pk": 258
  },
  {
    "fields": {
      "description": "KOOR-AFE;Koordinationsstelle Amt f\u00fcr Energie",
      "form_state": 1,
      "name": "Konzessionsverfahren Baudirektion f\u00fcr W\u00e4rmeentnahmen (Artikel 40 GNG) AFE"
    },
    "model": "instance.form",
    "pk": 259
  },
  {
    "fields": {
      "description": "KOOR-AFJ;Koordinationsstelle Amt f\u00fcr Forst und Jagd",
      "form_state": 1,
      "name": "Internes Mitberichtsverfahren AFJ"
    },
    "model": "instance.form",
    "pk": 260
  },
  {
    "fields": {
      "description": "KOOR-ARE-NP;Koordinationsstelle f\u00fcr Nutzungsplanung Amt f\u00fcr Raumentwicklung",
      "form_state": 1,
      "name": "Meldung \u00d6REB Anpassung"
    },
    "model": "instance.form",
    "pk": 261
  },
  {
    "fields": {
      "description": "KOOR-AFJ;Koordinationsstelle Amt f\u00fcr Forst und Jagd",
      "form_state": 1,
      "name": "Meldung \u00d6REB Anpassung AFJ"
    },
    "model": "instance.form",
    "pk": 281
  },
  {
    "fields": {
      "description": "KOOR-AfU;Koordinationsstelle Amt f\u00fcr Umweltschutz",
      "form_state": 1,
      "name": "Meldung \u00d6REB Anpassung AFU"
    },
    "model": "instance.form",
    "pk": 282
  },
  {
    "fields": {
      "description": "KOOR-ARE-NP;Koordinationsstelle f\u00fcr Nutzungsplanung Amt f\u00fcr Raumentwicklung",
      "form_state": 1,
      "name": "Meldung \u00d6REB Anpassung ARE NP"
    },
    "model": "instance.form",
    "pk": 284
  },
  {
    "fields": {
      "description": "KOOR-BD;Koordinationsstelle f\u00fcr Bewilligungsverfahren Baudirektion",
      "form_state": 1,
      "name": "Meldung \u00d6REB Anpassung BD"
    },
    "model": "instance.form",
    "pk": 285
  },
  {
    "fields": {
      "description": "KOOR-BD;Koordinationsstelle f\u00fcr Landerwerbsgesch\u00e4fte Baudirektion",
      "form_state": 1,
      "name": "Land- und Rechtserwerb"
    },
    "model": "instance.form",
    "pk": 286
  },
  {
    "fields": {
      "description": "KOOR-SD;Koordinationsstelle SD",
      "form_state": 1,
      "name": "Internes Mitberichtsverfahren SD AfKP"
    },
    "model": "instance.form",
    "pk": 287
  },
  {
    "fields": {
      "description": "KOOR-SD;Koordinationsstelle SD",
      "form_state": 1,
      "name": "Internes Mitberichtsverfahren SD"
    },
    "model": "instance.form",
    "pk": 288
  },
  {
    "fields": {
      "description": "KOOR-AFE;Koordinationsstelle Amt f\u00fcr Energie",
      "form_state": 1,
      "name": "Konzessionsverfahren Korporationsgew\u00e4sser mit Genehmigung durch Regierungsrat (Artikel 15 GNG)"
    },
    "model": "instance.form",
    "pk": 289
  },
  {
    "fields": {
      "description": "KOOR-ARE-BG;Koordinationsstelle f\u00fcr Baueingaben Amt f\u00fcr Raumentwicklung",
      "form_state": 1,
      "name": "Meldung Vorhaben"
    },
    "model": "instance.form",
    "pk": 290
  },
  {
    "fields": {
      "description": "KOOR-SD;Koordinationsstelle SD",
      "form_state": 1,
      "name": "Bewilligungsverfahren f\u00fcr die Beanspruchung von Kantonsgebiet SD"
    },
    "model": "instance.form",
    "pk": 291
  },
  {
    "fields": {
      "description": "Bundesamt; BAV",
      "form_state": 1,
      "name": "Mitberichtsverfahren Bundesstelle"
    },
    "model": "instance.form",
    "pk": 292
  },
  {
    "fields": {
      "description": null,
      "form_state": 1,
      "name": "Archivdossier"
    },
    "model": "instance.form",
    "pk": 293
  },
  {
    "fields": {
      "name": "Published"
    },
    "model": "instance.formstate",
    "pk": 1
  },
  {
    "fields": {
      "name": "Not published"
    },
    "model": "instance.formstate",
    "pk": 2
  },
  {
    "fields": {
      "description": "",
      "name": "new",
      "sort": 0
    },
    "model": "instance.instancestate",
    "pk": 1
  },
  {
    "fields": {
      "description": "",
      "name": "comm",
      "sort": 1
    },
    "model": "instance.instancestate",
    "pk": 21
  },
  {
    "fields": {
      "description": "",
      "name": "ext",
      "sort": 2
    },
    "model": "instance.instancestate",
    "pk": 22
  },
  {
    "fields": {
      "description": "",
      "name": "circ",
      "sort": 4
    },
    "model": "instance.instancestate",
    "pk": 23
  },
  {
    "fields": {
      "description": "",
      "name": "redac",
      "sort": 5
    },
    "model": "instance.instancestate",
    "pk": 24
  },
  {
    "fields": {
      "description": "",
      "name": "done",
      "sort": 6
    },
    "model": "instance.instancestate",
    "pk": 25
  },
  {
    "fields": {
      "description": "",
      "name": "arch",
      "sort": 8
    },
    "model": "instance.instancestate",
    "pk": 26
  },
  {
    "fields": {
      "description": "",
      "name": "del",
      "sort": 9
    },
    "model": "instance.instancestate",
    "pk": 27
  },
  {
    "fields": {
      "description": "",
      "name": "new_portal",
      "sort": 10
    },
    "model": "instance.instancestate",
    "pk": 28
  },
  {
    "fields": {
      "description": "",
      "name": "nfd",
      "sort": 11
    },
    "model": "instance.instancestate",
    "pk": 29
  },
  {
    "fields": {
      "description": "",
      "name": "subm",
      "sort": 12
    },
    "model": "instance.instancestate",
    "pk": 30
  },
  {
    "fields": {
      "description": "",
      "name": "rej",
      "sort": 13
    },
    "model": "instance.instancestate",
    "pk": 31
  },
  {
    "fields": {
      "description": null,
      "name": "ext_gem",
      "sort": 3
    },
    "model": "instance.instancestate",
    "pk": 32
  },
  {
    "fields": {
      "description": "Archivdossier",
      "name": "old",
      "sort": 14
    },
    "model": "instance.instancestate",
    "pk": 33
  },
  {
    "fields": {
      "description": null,
      "name": "control",
      "sort": 7
    },
    "model": "instance.instancestate",
    "pk": 34
  },
  {
    "fields": {
      "description": "Bearbeitung Leitbeh\u00f6rde"
    },
    "model": "instance.instancestatedescription",
    "pk": 21
  },
  {
    "fields": {
      "description": "Bearbeitung Koordinationsstelle"
    },
    "model": "instance.instancestatedescription",
    "pk": 22
  },
  {
    "fields": {
      "description": "In Zirkulation"
    },
    "model": "instance.instancestatedescription",
    "pk": 23
  },
  {
    "fields": {
      "description": "Zirkulation beendet"
    },
    "model": "instance.instancestatedescription",
    "pk": 24
  },
  {
    "fields": {
      "description": "Zur\u00fcck bei Gemeinde"
    },
    "model": "instance.instancestatedescription",
    "pk": 25
  },
  {
    "fields": {
      "description": "Archiviert"
    },
    "model": "instance.instancestatedescription",
    "pk": 26
  },
  {
    "fields": {
      "description": "Gel\u00f6scht"
    },
    "model": "instance.instancestatedescription",
    "pk": 27
  },
  {
    "fields": {
      "description": "Neu Erstellt"
    },
    "model": "instance.instancestatedescription",
    "pk": 28
  },
  {
    "fields": {
      "description": "Nachforderung Dokumente"
    },
    "model": "instance.instancestatedescription",
    "pk": 29
  },
  {
    "fields": {
      "description": "Eingereicht bei Gemeinde"
    },
    "model": "instance.instancestatedescription",
    "pk": 30
  },
  {
    "fields": {
      "description": "Abgelehnt"
    },
    "model": "instance.instancestatedescription",
    "pk": 31
  },
  {
    "fields": {
      "description": "Dossiers bleibt bei Gemeindebaubeh\u00f6rde"
    },
    "model": "instance.instancestatedescription",
    "pk": 32
  },
  {
    "fields": {
      "description": "Archivdossier"
    },
    "model": "instance.instancestatedescription",
    "pk": 33
  },
  {
    "fields": {
      "body": "CAMAC Info (das ist eine automatisch generierte E-Mail von Camac, bitte nicht darauf antworten)\n\nR\u00fcckmeldung an Gemeinde, Dossier abgeschlossen\n\nDie Koordinationsstelle f\u00fcr Baueingaben hat das Dossier Nr. {{DOSSIER_NR}} im CAMAC abgeschlossen. Die Originaldokumente der Fachstellen und allf\u00e4llige Gesuchsunterlagen erhalten Sie in den n\u00e4chsten Tagen per Post.\n\nBITTE VERGESSEN SIE NICHT, DAS DOSSIER IM CAMAC ABZUSCHLIESSEN\n\n(Upload Protokolle, Entscheiddokumente, Stellungnahme usw., Dossier archivieren).\n\nBei Fragen stehen wir Ihnen gerne zur Verf\u00fcgung.\n\nAmt f\u00fcr Raumentwicklung\n\nKoordinationsstelle f\u00fcr Baueingaben\nRathausplatz 5\n6460 Altdorf\n\nTel. 041 875 24 24\nFax: 041 875 24 25\nE-Mail: paul.walker@ur.ch",
      "purpose": "Dossier an Gemeinde zur\u00fcck geschickt - Koordinationsstelle Baugesuche BG",
      "service": null,
      "slug": "dossier-an-gemeinde-zuruck-geschickt",
      "subject": "Dossier an Gemeinde zur\u00fcck geschickt",
      "type": "email"
    },
    "model": "notification.notificationtemplate",
    "pk": 228
  },
  {
    "fields": {
      "body": "CAMAC Info (das ist eine automatisch generierte E-Mail von Camac, bitte nicht darauf antworten)\n\nR\u00fcckmeldung an Gemeinde, Dossier abgeschlossen\nDie Koordinationsstelle f\u00fcr Baueingaben hat das Dossier Nr. {{DOSSIER_NR}} im CAMAC abgeschlossen. Die Originaldokumente der Fachstellen und die Gesuchsunterlagen erhalten Sie in den n\u00e4chsten Tagen per Post.\n\nBITTE VERGESSEN SIE NICHT, DAS DOSSIER IM CAMAC ABZUSCHLIESSEN\n(Upload Protokolle, Entscheiddokumente, Stellungnahme, Endabnahmeprotokoll usw., Dossier archivieren).\n\nBei Fragen stehen wir Ihnen gerne zur Verf\u00fcgung.\n\nAmt f\u00fcr Raumentwicklung\nKoordinationsstelle f\u00fcr Baueingaben\nRathausplatz 5\n6460 Altdorf\nTel. 041 875 24 24\nFax: 041 875 24 25\nE-Mail: paul.walker@ur.ch",
      "purpose": "Dossier an Gemeinde zur\u00fcck geschickt - Koordinationsstelle Baugesuche BG",
      "service": null,
      "slug": "dossier-an-gemeinde-zuruck-geschickt1",
      "subject": "Dossier an Gemeinde zur\u00fcck geschickt",
      "type": "email"
    },
    "model": "notification.notificationtemplate",
    "pk": 251
  },
  {
    "fields": {
      "body": "Die Zirkulation der Instanz {{INSTANCE_ID}} wurde gestartet\r\n\r\nSehr geehrte Dame\r\nSehr geehrter Herr\r\n\r\nCAMAC Info (automatisch generierte E-Mail von Camac, bitte nicht darauf  antworten)\r\n\r\nMeldung an kantonale Fachstelle\r\n\r\nIm CAMAC wurde das Dossier Nr. {{DOSSIER_NR}} eingetragen und Ihrer Fachstelle als Pendenz zugewiesen. Wir bitten Sie, das Dossier zu pr\u00fcfen und uns die entsprechende R\u00fcckmeldung (Stellungnahme / Verf\u00fcgung / Planvisum usw.) innert Frist zur\u00fcckzuschicken.\r\n\r\nBITTE VERGESSEN SIE NICHT, DAS DOSSIER IM CAMAC ZU BEARBEITEN\r\n\r\n-  Upload Entscheiddokumente (bitte Originaldokument mit Unterschrift hochladen)\r\n-  Kurzantwort ausw\u00e4hlen (speichern)\r\n-  Art der Sachbearbeitung ausw\u00e4hlen (speichern)\r\n-  Senden\r\n\r\nKurzkommentare f\u00fcr die Koordinationsstelle oder f\u00fcr die Gemeindebaubeh\u00f6rde k\u00f6nnen direkt im Camac erfasst werden.\r\n\r\nSofern Sie weitere Unterlagen ben\u00f6tigen, bitten wir Sie, diese direkt beim Gesuchsteller anzufordern und uns gleichzeitig dar\u00fcber in Kenntnis zu setzen (mail).\r\n\r\nBei Fragen stehen wir Ihnen gerne zur Verf\u00fcgung.\r\n\r\nAmt f\u00fcr Raumentwicklung\r\nKoordinationsstelle f\u00fcr Nutzungsplanung\r\nRathausplatz 5\r\n6460 Altdorf\r\n\r\nTel.  041 875 24 36\r\nFax: 041 875 24 25\r\nE-Mail: pirmin.scheuber@ur.ch",
      "purpose": "Zirkulation gestartet - Koordinationsstelle Nutzungsplanung NP",
      "service": null,
      "slug": "zirkulation-gestartet",
      "subject": "Zirkulation gestartet",
      "type": "email"
    },
    "model": "notification.notificationtemplate",
    "pk": 658
  },
  {
    "fields": {
      "body": "CAMAC Info (automatisch generierte E-Mail von Camac, bitte nicht darauf  antworten)\n\nMeldung an die Koordinationsstelle f\u00fcr Nutzungsplanung\n\nDie zust\u00e4ndige Gemeindebaubeh\u00f6rde hat das Dossier-ID {{INSTANCE_ID}} mit der Dossier Nr. {{DOSSIER_NR}} im CAMAC erfasst und zur Bearbeitung durch die kantonalen Fachstellen freigegeben.",
      "purpose": "Dossier [ID] von Gemeinde frei geschalten - Sekretariat der Gemeindebaubeh\u00f6rde",
      "service": null,
      "slug": "dossier-id-von-gemeinde-frei-geschalten1",
      "subject": "Dossier {{ID}} von Gemeinde frei geschalten",
      "type": "email"
    },
    "model": "notification.notificationtemplate",
    "pk": 698
  },
  {
    "fields": {
      "body": "CAMAC Info (automatisch generierte E-Mail von CAMAC, bitte nicht darauf antworten)\n\nNEUE PENDENZ\nEine Zirkulation des Dossiers {{DOSSIER_NR}} wurde gestartet.\n\nSehr geehrte Dame\nSehr geehrter Herr\n\nIm CAMAC wurde das Dossier Nr. {{DOSSIER_NR}} Ihrer Fachstelle als Pendenz zugewiesen. Wir bitten Sie, das Dossier zu pr\u00fcfen und die entsprechende R\u00fcckmeldung (Stellungnahme / Verf\u00fcgung / Planvisum usw.) innert Frist zur\u00fcckzuschicken.\n\nSie k\u00f6nnen das Dossier mit folgendem Link direkt \u00f6ffnen:\n{{INTERNAL_DOSSIER_LINK}}\n\nInformationen zum Gesuch:\n- Gesuchsteller: {{GESUCHSTELLER}}\n- Vorhaben: {{VORHABEN}}\n- Parzelle: {{PARZELLE}}\n\nBEARBEITUNG IM CAMAC\n- Upload Verf\u00fcgung / Stellungnahme (bitte Scan - Dokument inkl. Unterschrift hochladen).\n- Kurzantwort ausw\u00e4hlen.\n- Art der Sachbearbeitung ausw\u00e4hlen.\n- Kurzkommentare f\u00fcr die Koordinationsstelle oder f\u00fcr die Gemeindebaubeh\u00f6rde erfassen.\n- Geb\u00fchren erfassen.\n- Senden\n\nAKTENNACHFORDERUNG\nSofern Sie weitere Unterlagen ben\u00f6tigen, bitten wir Sie, diese direkt beim Gesuchsteller anzufordern. Dazu setzen Sie das Dossier in den Status NFD (Button \u00abNachforderung\u00bb). Im daf\u00fcr vorgesehenen Feld bitte eintragen, bei wem, welche Unterlagen nachgefordert wurden. Dossier im Status NFD (Pendenz beim Gesuchsteller) werden blau hinterlegt.\n\nBei Fragen stehen wir Ihnen gerne zur Verf\u00fcgung.\n\nAmt f\u00fcr Raumentwicklung\nKoordinationsstelle f\u00fcr Baueingaben\nRathausplatz 5\n6460 Altdorf\n\nTel.  041 875 24 29\nE-Mail: raumplanung@ur.ch",
      "purpose": "Zirkulation gestartet - Koordinationsstelle Baugesuche BG",
      "service": null,
      "slug": "zirkulation-gestartet1",
      "subject": "Zirkulation gestartet",
      "type": "email"
    },
    "model": "notification.notificationtemplate",
    "pk": 734
  },
  {
    "fields": {
      "body": "Sehr geehrte Dame\nSehr geehrter Herr\n\nCAMAC Info (das ist eine automatisch generierte E-Mail von Camac, bitte nicht darauf antworten)\n\nR\u00fcckmeldung an Gemeinde, Dossier abgeschlossen\nDie Koordinationsstelle f\u00fcr Baueingaben hat das Dossier Nr. {{DOSSIER_NR}} im CAMAC abgeschlossen. Die Originaldokumente der Fachstellen und allf\u00e4llige Gesuchsunterlagen erhalten Sie in den n\u00e4chsten Tagen per Post.\n\nBITTE VERGESSEN SIE NICHT, DAS DOSSIER IM CAMAC ABZUSCHLIESSEN\n(Upload Protokolle, Entscheiddokumente, Stellungnahme usw., Dossier archivieren).\n\nBei Fragen stehen wir Ihnen gerne zur Verf\u00fcgung.\n\nAmt f\u00fcr Raumentwicklung\nKoordinationsstelle f\u00fcr Nutzungsplanung\nRathausplatz 5\n6460 Altdorf\nTel. 041 875 24 36\nFax: 041 875 24 25\nE-Mail: pirmin.scheuber@ur.ch",
      "purpose": "Dossier an Gemeinde zur\u00fcck geschickt - Koordinationsstelle Nutzungsplanung NP",
      "service": null,
      "slug": "dossier-an-gemeinde-zuruck-geschickt2",
      "subject": "Dossier an Gemeinde zur\u00fcck geschickt",
      "type": "email"
    },
    "model": "notification.notificationtemplate",
    "pk": 792
  },
  {
    "fields": {
      "body": "Die Zirkulation der Instanz {{INSTANCE_ID}} wurde gestartet\r\n\r\nSehr geehrte Dame\r\nSehr geehrter Herr\r\n\r\nCAMAC Info (automatisch generierte E-Mail von Camac, bitte nicht darauf  antworten)\r\n\r\nMeldung an kantonale Fachstelle\r\n\r\nIm CAMAC wurde das Dossier Nr. {{DOSSIER_NR}} eingetragen und Ihrer Fachstelle als Pendenz zugewiesen. Wir bitten Sie, das Dossier zu pr\u00fcfen und uns die entsprechende R\u00fcckmeldung (Stellungnahme / Verf\u00fcgung / Planvisum usw.) innert Frist zur\u00fcckzuschicken.\r\n\r\nBITTE VERGESSEN SIE NICHT, DAS DOSSIER IM CAMAC ZU BEARBEITEN\r\n\r\n-  Upload Entscheiddokumente (bitte Originaldokument mit Unterschrift hochladen)\r\n-  Kurzantwort ausw\u00e4hlen (speichern)\r\n-  Art der Sachbearbeitung ausw\u00e4hlen (speichern)\r\n-  Senden\r\n\r\nKurzkommentare f\u00fcr die Koordinationsstelle oder f\u00fcr die Gemeindebaubeh\u00f6rde k\u00f6nnen direkt im Camac erfasst werden.\r\n\r\nSofern Sie weitere Unterlagen ben\u00f6tigen, bitten wir Sie, diese direkt beim Gesuchsteller anzufordern und uns gleichzeitig dar\u00fcber in Kenntnis zu setzen (mail).\r\n\r\nBei Fragen stehen wir Ihnen gerne zur Verf\u00fcgung.\r\n\r\nAmt f\u00fcr Raumentwicklung\r\nKoordinationsstelle f\u00fcr Nutzungsplanung\r\nRathausplatz 5\r\n6460 Altdorf\r\n\r\nTel.  041 875 24 36\r\nFax: 041 875 24 25\r\nE-Mail: pirmin.scheuber@ur.ch",
      "purpose": "Zirkulation gestartet - Koordinationsstelle Nutzungsplanung NP",
      "service": null,
      "slug": "zirkulation-gestartet3",
      "subject": "Zirkulation gestartet",
      "type": "email"
    },
    "model": "notification.notificationtemplate",
    "pk": 840
  },
  {
    "fields": {
      "body": "CAMAC Info (automatisch generierte E-Mail von CAMAC, bitte nicht darauf antworten)\n\nStatusmeldung zum Stand des Bewilligungsverfahrens\nNACHFORDERUNG\n\nSehr geehrte Dame\nSehr geehrter Herr\n\nWir danken Ihnen f\u00fcr die Erfassung des Dossiers mit der ID {{INSTANCE_ID}}. Nach einer ersten Pr\u00fcfung der Unterlagen stellen wir fest, dass diverse Unterlagen / Angaben fehlen. Damit wir das Pr\u00fcfverfahren er\u00f6ffnen k\u00f6nnen, bitten wir Sie, die fehlenden Angaben gem\u00e4ss Angaben im Portal noch nachzuliefern. Bitte beachten Sie, dass das Dossier nach erfolgtem Upload der zus\u00e4tzlichen Angaben nochmals gesendet werden muss (Button \"Dossier Senden\" bet\u00e4tigen):\n\nMit freundlichen Gr\u00fcssen\nGemeindebaubeh\u00f6rde {{INSTANCE_LOCATION}}",
      "purpose": "Nachforderung zus\u00e4tzlicher Unterlagen - Sekretariat der Gemeindebaubeh\u00f6rde",
      "service": null,
      "slug": "nachforderung-zusatzlicher-unterlagen",
      "subject": "Nachforderung zus\u00e4tzlicher Unterlagen",
      "type": "email"
    },
    "model": "notification.notificationtemplate",
    "pk": 1066
  },
  {
    "fields": {
      "body": "CAMAC Info (automatisch generierte E-Mail von CAMAC, bitte nicht darauf antworten)\n\nStatus-Meldung zum Stand des Bewilligungsverfahrens\nDOSSIER WEITERGELEITET AN KOORDINATIONSSTELLE\n\nSehr geehrte Dame\nSehr geehrter Herr\n\nDie Gemeindebaubeh\u00f6rde {{INSTANCE_LOCATION}} hat das Dossier Nr. {{DOSSIER_NR}} gepr\u00fcft. Es sind kantonale Bewilligungen / Pr\u00fcfungen notwendig. Das Dossier wurde zur Bearbeitung an die Koordinationsstelle f\u00fcr Baueingaben des Kantons Uri weitergeleitet.\n\nUnter dem Vorbehalt, dass das Dossier vollst\u00e4ndig ist und Seitens der kantonalen Fachstellen keine weiteren Angaben nachgefordert werden oder ein Augenschein vor Ort notwendig ist, betr\u00e4gt die verbleidende Bearbeitungszeit bis zum Bau- und Einspracheentscheid der Gemeindebaubeh\u00f6rde voraussichtlich 6 bis 7 Wochen.\n\nMit freundlichen Gr\u00fcssen\nGemeindebaubeh\u00f6rde {{INSTANCE_LOCATION}}",
      "purpose": "Dossier weitergeleitet an Koordinationsstelle - Sekretariat der Gemeindebaubeh\u00f6rde",
      "service": null,
      "slug": "dossier-weitergeleitet-an-koordinationsstelle",
      "subject": "Dossier weitergeleitet an Koordinationsstelle",
      "type": "email"
    },
    "model": "notification.notificationtemplate",
    "pk": 1067
  },
  {
    "fields": {
      "body": "CAMAC Info (automatisch generierte E-Mail von CAMAC, bitte nicht darauf antworten)\n\nStatus-Meldung zum Stand des Bewilligungsverfahrens\n\nSehr geehrte Dame\nSehr geehrter Herr\n\nDas Dossiers mit der ID Nr. {{INSTANCE_ID}} (CAMAC Dossiernummer {{DOSSIER_NR}}) wurde an die Gemeindebaubeh\u00f6rde {{INSTANCE_LOCATION}} zur\u00fcckgeschickt. Die verbleidende Bearbeitungszeit bis zum Bau- und Einspracheentscheid der Gemeindebaubeh\u00f6rde betr\u00e4gt voraussichtlich 10 Tage.\n\nAmt f\u00fcr Raumentwicklung\nKoordinationsstelle f\u00fcr Baueingaben\nRathausplatz 5\n6460 Altdorf\n\nTel. 041 875 24 29\nE-Mail: raumplanung@ur.ch",
      "purpose": "Dossier von Koordinationsstelle f\u00fcr Baueingaben an die Gemeinde zur\u00fcckgeschickt - Koordinationsst...",
      "service": null,
      "slug": "dossier-von-koordinationsstelle-fur-baueingaben-an-die-gemeinde-zuruckgeschickt",
      "subject": "Dossier von Koordinationsstelle f\u00fcr Baueingaben an die Gemeinde zur\u00fcckgeschickt",
      "type": "email"
    },
    "model": "notification.notificationtemplate",
    "pk": 1068
  },
  {
    "fields": {
      "body": "CAMAC Info (automatisch generierte E-Mail von CAMAC, bitte nicht darauf antworten)\n\n{%if PORTAL_SUBMISSION %}\nNEUES ONLINE DOSSIER\nDas Dossier Nr. {{DOSSIER_NR}} wurde vom Gesuchsteller bzw. vom Projektverfasser im CAMAC erfasst.\nDie zust\u00e4ndige Gemeindebaubeh\u00f6rde hat das Dossier zur Bearbeitung durch die kantonalen Fachstellen freigegeben.\n{% else %}\nNEUES DOSSIER\nDie zust\u00e4ndige Gemeindebaubeh\u00f6rde hat das Dossier-ID {{INSTANCE_ID}} mit der Dossier Nr. {{DOSSIER_NR}} im CAMAC erfasst und zur Bearbeitung durch die kantonalen Fachstellen freigegeben.\n{% endif %}",
      "purpose": "Dossier von Gemeinde frei geschalten - Sekretariat der Gemeindebaubeh\u00f6rde",
      "service": null,
      "slug": "dossier-instance_id-von-gemeinde-frei-geschalten",
      "subject": "Dossier {{DOSSIER_NR}} von Gemeinde frei geschalten",
      "type": "email"
    },
    "model": "notification.notificationtemplate",
    "pk": 1069
  },
  {
    "fields": {
      "body": "CAMAC Info (automatisch generierte E-Mail von CAMAC, bitte nicht darauf antworten)\n\nStatusmeldung zum Stand des Bewilligungsverfahrens\nDOSSIER ANGENOMMEN\n\nSehr geehrte Dame\nSehr geehrter Herr\n\nDas Dossier mit der ID Nr. {{INSTANCE_ID}} wurde von der Gemeindebaubeh\u00f6rde {{INSTANCE_LOCATION}} als vollst\u00e4ndig angenommen. Das Pr\u00fcfverfahren / Bewilligungsverfahren wurde gestartet. Sie werden mit Statusmeldungen \u00fcber den weiteren Verlauf des Verfahrens informiert.\n\nUnter dem Vorbehalt, dass das Dossier vollst\u00e4ndig ist und Seitens der kantonalen Fachstellen keine weiteren Angaben nachgefordert werden oder ein Augenschein vor Ort notwendig ist, betr\u00e4gt die verbleidende Bearbeitungszeit bis zum Bau- und Einspracheentscheid der Gemeindebaubeh\u00f6rde voraussichtlich 2 Monate.\n\n\nMit freundlichen Gr\u00fcssen\nGemeindebaubeh\u00f6rde {{INSTANCE_LOCATION}}",
      "purpose": "Dossier angenommen - Sekretariat der Gemeindebaubeh\u00f6rde",
      "service": null,
      "slug": "dossier-angenommen",
      "subject": "Dossier angenommen",
      "type": "email"
    },
    "model": "notification.notificationtemplate",
    "pk": 1126
  },
  {
    "fields": {
      "body": "CAMAC Info (automatisch generierte E-Mail von CAMAC, bitte nicht darauf antworten)\n\nDOSSIER ABGEWIESEN \n\nSehr geehrte Dame\nSehr geehrter Herr\n\nSie haben via B\u00fcrgerportal des Kantons Uri das Dossier mit der ID {{INSTANCE_ID}} erfasst. Wir stellen fest, dass das Dossier keinerlei Unterlagen enth\u00e4lt und auch die erforderlichen Angaben zum Vorhaben wie Art, Lage, usw. fehlen. Das Dossier wird deshalb zur\u00fcckgewiesen bzw. gel\u00f6scht.\n\nFalls das Dossier allenfalls versehentlich ohne jegliche Angaben verschickt wurde, bitten wir Sie, dieses nochmals zu erfassen.\n\nMit freundliche Gr\u00fcssen\nGemeindebaubeh\u00f6rde {{INSTANCE_LOCATION}}",
      "purpose": "Dossier abgewiesen - Sekretariat der Gemeindebaubeh\u00f6rde",
      "service": null,
      "slug": "dossier-abgewiesen",
      "subject": "Dossier abgewiesen",
      "type": "email"
    },
    "model": "notification.notificationtemplate",
    "pk": 1129
  },
  {
    "fields": {
      "body": "CAMAC Info (automatisch generierte E-Mail von CAMAC, bitte nicht darauf antworten)\n\nStatus-Meldung zum Stand des Bewilligungsverfahrens\n\nSehr geehrte Dame\nSehr geehrter Herr\n\nDas Dossiers mit der ID Nr. {{INSTANCE_ID}} (CAMAC Dossiernummer {{DOSSIER_NR}}) wurde an die Gemeindebaubeh\u00f6rde {{INSTANCE_LOCATION}} zur\u00fcckgeschickt. Die verbleidende Bearbeitungszeit bis zum Bau- und Einspracheentscheid der Gemeindebaubeh\u00f6rde betr\u00e4gt voraussichtlich 10 Tage.\n\nAmt f\u00fcr Raumentwicklung\nKoordinationsstelle f\u00fcr Baueingaben\nRathausplatz 5\n6460 Altdorf\n\nTel. 041 875 24 29\nE-Mail: raumplanung@ur.ch",
      "purpose": "Dossier von Koordinationsstelle f\u00fcr Baueingaben an die Gemeinde zur\u00fcckgeschickt - Koordinationsst...",
      "service": null,
      "slug": "dossier-von-koordinationsstelle-fur-baueingaben-an-die-gemeinde-zuruckgeschickt1",
      "subject": "Dossier von Koordinationsstelle f\u00fcr Baueingaben an die Gemeinde zur\u00fcckgeschickt",
      "type": "email"
    },
    "model": "notification.notificationtemplate",
    "pk": 1130
  },
  {
    "fields": {
      "body": "CAMAC Info(automatisch generierte E-Mail von CAMAC, bitte nicht darauf antworten)\n\nSehr geehrte Dame\nSehr geehrter Herr\n\nNEUES ONLINE DOSSIER ERG\u00c4NZT\n\nDas Dossier mit der ID Nr. {{INSTANCE_ID}} wurde vom Gesuchsteller erg\u00e4nzt und wieder zur Pr\u00fcfung eingereicht. Bitte pr\u00fcfen Sie das Dossier auf Vollst\u00e4ndigkeit. Falls weiterhin zus\u00e4tzliche Unterlagen notwendig sind, schreiben Sie die entsprechende Nachricht in das daf\u00fcr vorgesehene Feld \u00abMitteilung an Gesuchsteller\u00bb und klicken Sie auf \u00abNachforderung\u00bb. Das Dossier wird blau hinterlegt und der Gesuchsteller erh\u00e4lt Ihre Mitteilung per E-Mail.\n\nWenn das Dossier vollst\u00e4ndig ist, klicken Sie auf \u00abDossier annehmen\u00bb. Das Dossier wird in der Pendenzenliste Start angezeigt und erh\u00e4lt vom System die zugeh\u00f6rige CAMAC Nummer. Der Gesuchsteller erh\u00e4lt eine entsprechende Annahmebest\u00e4tigung per E-Mail.\n\nBei Bedarf wandeln Sie das Dossier um in ein entsprechendes Verfahren mit kantonaler Beteiligung.\n\n\nBei Fragen stehen wir Ihnen gerne zur Verf\u00fcgung.\n\nAmt f\u00fcr Raumentwicklung\nKoordinationsstelle f\u00fcr Baueingaben\nRathausplatz 5\n6460 Altdorf\n\nTel. 041 875 24 29\nE-Mail: raumplanung@ur.ch",
      "purpose": "Neues Online Dossier erg\u00e4nzt - Portal User",
      "service": null,
      "slug": "neues-online-dossier-erganzt",
      "subject": "Neues Online Dossier erg\u00e4nzt",
      "type": "email"
    },
    "model": "notification.notificationtemplate",
    "pk": 1132
  },
  {
    "fields": {
      "body": "CAMAC Info (automatisch generierte E-Mail von CAMAC, bitte nicht darauf antworten)\n\n\u00d6REB MELDUNG\nZugewiesen von einer Gemeinde\n\nSehr geehrte Dame \nSehr geehrter Herr\n\nBetreffend das CAMAC Dossier Nr. {{DOSSIER_NR}} hat die zust\u00e4ndige Stelle \u00d6REB relevante Daten erfasst und entsprechnede Dokumente hochgeladen. Wir bitten Sie, diese Daten im erw\u00e4hnten CAMAC Dossier einzusehen und die entsprechenden Eintr\u00e4ge im \u00d6REB vorzunehmen.\n\nBei Fragen stehen wir Ihnen gerne zur Verf\u00fcgung.\n\nAmt f\u00fcr Raumentwicklung\nKoordinationsstelle f\u00fcr Baueingaben\nRathausplatz 5\n6460 Altdorf\n\nTel. 041 875 24 29\nE-Mail: raumplanung@ur.ch",
      "purpose": "\u00d6REB Meldung - Sekretariat der Gemeindebaubeh\u00f6rde",
      "service": null,
      "slug": "oreb-meldung",
      "subject": "\u00d6REB Meldung",
      "type": "email"
    },
    "model": "notification.notificationtemplate",
    "pk": 1297
  },
  {
    "fields": {
      "body": "CAMAC Info (automatisch generierte E-Mail von CAMAC, bitte nicht darauf antworten)\n\n\u00d6REB MELDUNG\nZugewiesen von der Koordinationsstelle Nutzungsplanung\n\nSehr geehrte Dame \nSehr geehrter Herr\n\nBetreffend das CAMAC Dossier Nr. {{DOSSIER_NR}} hat die zust\u00e4ndige Stelle \u00d6REB relevante Daten erfasst und entsprechnede Dokumente hochgeladen. Wir bitten Sie, diese Daten im erw\u00e4hnten CAMAC Dossier einzusehen und die entsprechenden Eintr\u00e4ge im \u00d6REB vorzunehmen.\n\nBei Fragen stehen wir Ihnen gerne zur Verf\u00fcgung.\n\nAmt f\u00fcr Raumentwicklung\nKoordinationsstelle f\u00fcr Baueingaben\nRathausplatz 5\n6460 Altdorf\n\nTel. 041 875 24 36\nE-Mail: pirmin.scheuber@ur.ch",
      "purpose": "\u00d6REB Meldung - Sekretariat der Gemeindebaubeh\u00f6rde",
      "service": null,
      "slug": "oreb-meldung1",
      "subject": "\u00d6REB Meldung",
      "type": "email"
    },
    "model": "notification.notificationtemplate",
    "pk": 1317
  },
  {
    "fields": {
      "body": "CAMAC Info (automatisch generierte E-Mail von CAMAC, bitte nicht darauf antworten)\n\n\u00d6REB MELDUNG\nZugewiesen von der Koordinationsstelle Nutzungsplanung\n\nSehr geehrte Dame \nSehr geehrter Herr\n\nBetreffend das CAMAC Dossier Nr. {{DOSSIER_NR}} hat die zust\u00e4ndige Stelle \u00d6REB relevante Daten erfasst und entsprechnede Dokumente hochgeladen. Wir bitten Sie, diese Daten im erw\u00e4hnten CAMAC Dossier einzusehen und die entsprechenden Eintr\u00e4ge im \u00d6REB vorzunehmen.\n\nBei Fragen stehen wir Ihnen gerne zur Verf\u00fcgung.\n\nAmt f\u00fcr Raumentwicklung\nKoordinationsstelle f\u00fcr Baueingaben\nRathausplatz 5\n6460 Altdorf\n\nTel. 041 875 24 36\nE-Mail: pirmin.scheuber@ur.ch",
      "purpose": "\u00d6REB Meldung - Koordinationsstelle Nutzungsplanung NP",
      "service": null,
      "slug": "oreb-meldung2",
      "subject": "\u00d6REB Meldung",
      "type": "email"
    },
    "model": "notification.notificationtemplate",
    "pk": 1318
  },
  {
    "fields": {
      "body": "CAMAC Info (automatisch generierte E-Mail von CAMAC, bitte nicht darauf antworten)\n\n\u00d6REB MELDUNG\nZugewiesen von der Koordinationsstelle f\u00fcr Baueingaben\n\nSehr geehrte Dame \nSehr geehrter Herr\n\nBetreffend das CAMAC Dossier Nr. {{DOSSIER_NR}} hat die zust\u00e4ndige Stelle \u00d6REB relevante Daten erfasst und entsprechnede Dokumente hochgeladen. Wir bitten Sie, diese Daten im erw\u00e4hnten CAMAC Dossier einzusehen und die entsprechenden Eintr\u00e4ge im \u00d6REB vorzunehmen.\n\nBei Fragen stehen wir Ihnen gerne zur Verf\u00fcgung.\n\nAmt f\u00fcr Raumentwicklung\nKoordinationsstelle f\u00fcr Baueingaben\nRathausplatz 5\n6460 Altdorf\n\nTel. 041 875 24 29\nE-Mail: raumplanung@ur.ch",
      "purpose": "\u00d6REB Meldung - Koordinationsstelle Baugesuche BG",
      "service": null,
      "slug": "oreb-meldung3",
      "subject": "\u00d6REB Meldung",
      "type": "email"
    },
    "model": "notification.notificationtemplate",
    "pk": 1337
  },
  {
    "fields": {
      "body": "CAMAC Info (automatisch generierte E-Mail von CAMAC, bitte nicht darauf antworten)\n\n\u00d6REB MELDUNG\nZugewiesen von der Koordinationsstelle Amt f\u00fcr Forst und Jagd\n\nSehr geehrte Dame \nSehr geehrter Herr\n\nBetreffend das CAMAC Dossier Nr. {{DOSSIER_NR}} hat die zust\u00e4ndige Stelle \u00d6REB relevante Daten erfasst und entsprechnede Dokumente hochgeladen. Wir bitten Sie, diese Daten im erw\u00e4hnten CAMAC Dossier einzusehen und die entsprechenden Eintr\u00e4ge im \u00d6REB vorzunehmen.\n\nBei Fragen stehen wir Ihnen gerne zur Verf\u00fcgung.\n\nAmt f\u00fcr Forst und Jagd\nKlausenstrasse 2\n6460 Altdorf\n\nTel. 041 875 23 13\nE-Mail: michael.planzer@ur.ch",
      "purpose": "\u00d6REB Meldung - Koordinationsstelle Forst und Jagd AFJ, Koordinationsstelle Sicherheitsdirektion SD",
      "service": null,
      "slug": "oreb-meldung4",
      "subject": "\u00d6REB Meldung",
      "type": "email"
    },
    "model": "notification.notificationtemplate",
    "pk": 1357
  },
  {
    "fields": {
      "body": "CAMAC Info (automatisch generierte E-Mail von CAMAC, bitte nicht darauf antworten)\n\n\u00d6REB MELDUNG\nZugewiesen von der Koordinationsstelle Amt f\u00fcr Umweltschutz\n\nSehr geehrte Dame \nSehr geehrter Herr\n\nBetreffend das CAMAC Dossier Nr. {{DOSSIER_NR}} hat die zust\u00e4ndige Stelle \u00d6REB relevante Daten erfasst und entsprechnede Dokumente hochgeladen. Wir bitten Sie, diese Daten im erw\u00e4hnten CAMAC Dossier einzusehen und die entsprechenden Eintr\u00e4ge im \u00d6REB vorzunehmen.\n\nBei Fragen stehen wir Ihnen gerne zur Verf\u00fcgung.\n\nAmt f\u00fcr Umweltschutz\nKlausenstrasse 4\n6460 Altdorf\n\nTel. 041 875 24 33\nE-Mail: bruno.gisler@ur.ch",
      "purpose": "\u00d6REB Meldung - Koordinationsstelle Umweltschutz AfU",
      "service": null,
      "slug": "oreb-meldung5",
      "subject": "\u00d6REB Meldung",
      "type": "email"
    },
    "model": "notification.notificationtemplate",
    "pk": 1358
  },
  {
    "fields": {
      "body": "CAMAC Info (automatisch generierte E-Mail von CAMAC, bitte nicht darauf antworten)\n\n\u00d6REB MELDUNG\nZugewiesen von der Koordinationsstelle Baudirektion\n\nSehr geehrte Dame \nSehr geehrter Herr\n\nBetreffend das CAMAC Dossier Nr. {{DOSSIER_NR}} hat die zust\u00e4ndige Stelle \u00d6REB relevante Daten erfasst und entsprechnede Dokumente hochgeladen. Wir bitten Sie, diese Daten im erw\u00e4hnten CAMAC Dossier einzusehen und die entsprechenden Eintr\u00e4ge im \u00d6REB vorzunehmen.\n\nBei Fragen stehen wir Ihnen gerne zur Verf\u00fcgung.\n\nBaudirektion Uri\nKlausenstrasse 2\n6460 Altdorf\n\nTel. 041 875 26 81\nE-Mail: viktor.arnold@ur.ch",
      "purpose": "\u00d6REB Meldung - Koordinationsstelle Baudirektion BD",
      "service": null,
      "slug": "oreb-meldung6",
      "subject": "\u00d6REB Meldung",
      "type": "email"
    },
    "model": "notification.notificationtemplate",
    "pk": 1360
  },
  {
    "fields": {
      "body": "CAMAC Info (automatisch generierte E-Mail von CAMAC, bitte nicht darauf antworten)\n\nStatusmeldung zum Stand des Bewilligungsverfahrens\nZIRKULATION ABGESCHLOSSEN\n\nSehr geehrte Dame\nSehr geehrter Herr\n\nDie Pr\u00fcfung Ihres Dossiers mit der ID Nr. {{INSTANCE_ID}} (CAMAC Dossiernummer {{DOSSIER_NR}}) durch die kantonalen Fachstellen ist abgeschlossen. \nDas Dossier wird nun von der Gemeindebaubeh\u00f6rde abschliessend bearbeitet. Bitte beachten Sie, dass die Ausarbeitung der Entscheiddokumente und die Protokollgenehmigung zus\u00e4tzlich Zeit beanspruchen. Der Versand der Entscheiddokumente erfolgt voraussichtlich innert 2 bis 4 Wochen.\n\nAmt f\u00fcr Raumentwicklung\nKoordinationsstelle f\u00fcr Baueingaben\nRathausplatz 5\n6460 Altdorf\n\nTel. 041 875 24 29\nE-Mail: raumplanung@ur.ch",
      "purpose": "Zirkulation abgeschlossen - Vernehmlassungsstelle mit Koordinationsaufgaben, Vernehmlassungsstell...",
      "service": null,
      "slug": "zirkulation-abgeschlossen",
      "subject": "Zirkulation abgeschlossen",
      "type": "email"
    },
    "model": "notification.notificationtemplate",
    "pk": 1369
  },
  {
    "fields": {
      "body": "CAMAC Info (automatisch generierte E-Mail von CAMAC, bitte nicht darauf antworten)\r\n\r\nNEUE PENDENZ\r\nDie Zirkulation der Instanz {{INSTANCE_ID}} wurde gestartet\r\n\r\nSehr geehrte Dame\r\nSehr geehrter Herr\r\n\r\nIm CAMAC wurde das Dossier Nr. {{DOSSIER_NR}} eingetragen und Ihrer Fachstelle als Pendenz zugewiesen. Wir bitten Sie, das Dossier zu pr\u00fcfen und die entsprechende R\u00fcckmeldung (Stellungnahme / Verf\u00fcgung / Planvisum usw.) innert Frist zur\u00fcckzuschicken.\r\n\r\nAKTENNACHFORDERUNG\r\nSofern Sie weitere Unterlagen ben\u00f6tigen, bitten wir Sie, diese direkt beim Gesuchsteller anzufordern. Dazu setzen Sie das Dossier in den Status NFD (Button \u00abNachforderung\u00bb). Im daf\u00fcr vorgesehenen Feld bitte eintragen, bei wem, welche Unterlagen nachgefordert wurden. Dossier im Status NFD (Pendenz beim Gesuchsteller) werden blau hinterlegt.\r\n\r\nBei Fragen stehen wir Ihnen gerne zur Verf\u00fcgung.\r\n\r\nAmt f\u00fcr Raumentwicklung\r\nKoordinationsstelle f\u00fcr Baueingaben\r\nRathausplatz 5\r\n6460 Altdorf\r\n\r\nTel.  041 875 24 29\r\nE-Mail: raumplanung@ur.ch",
      "purpose": "Gemeindezirkulation gestartet - Sekretariat der Gemeindebaubeh\u00f6rde",
      "service": null,
      "slug": "gemeindezirkulation-gestartet",
      "subject": "Gemeindezirkulation gestartet",
      "type": "email"
    },
    "model": "notification.notificationtemplate",
    "pk": 1382
  },
  {
    "fields": {
      "body": "Die Zirkulation der Instanz {{INSTANCE_ID}} wurde gestartet\r\n\r\nSehr geehrte Dame\r\nSehr geehrter Herr\r\n\r\nCAMAC Info (automatisch generierte E-Mail von Camac, bitte nicht darauf  antworten)\r\n\r\nMeldung an kantonale Fachstelle\r\n\r\nIm CAMAC wurde das Dossier Nr. {{DOSSIER_NR}} eingetragen und Ihrer Fachstelle als Pendenz zugewiesen. Wir bitten Sie, das Dossier zu pr\u00fcfen und uns die entsprechende R\u00fcckmeldung (Stellungnahme / Verf\u00fcgung / Planvisum usw.) innert Frist zur\u00fcckzuschicken.\r\n\r\nKurzkommentare f\u00fcr die Koordinationsstelle oder f\u00fcr die Gemeindebaubeh\u00f6rde k\u00f6nnen direkt im Camac erfasst werden.\r\n\r\nSofern Sie weitere Unterlagen ben\u00f6tigen, bitten wir Sie, diese direkt beim Gesuchsteller anzufordern und uns gleichzeitig dar\u00fcber in Kenntnis zu setzen (mail).\r\n\r\nBei Fragen stehen wir Ihnen gerne zur Verf\u00fcgung.\r\n\r\nAmt f\u00fcr Raumentwicklung\r\nKoordinationsstelle f\u00fcr Baueingaben\r\nRathausplatz 5\r\n6460 Altdorf\r\n\r\nTel.  041 875 24 24\r\nFax: 041 875 24 25\r\nE-Mail: paul.walker@ur.ch",
      "purpose": "Gemeindezirkulation - Sekretariat der Gemeindebaubeh\u00f6rde",
      "service": null,
      "slug": "gemeindezirkulation",
      "subject": "Gemeindezirkulation",
      "type": "email"
    },
    "model": "notification.notificationtemplate",
    "pk": 1386
  },
  {
    "fields": {
      "body": "CAMAC Info (automatisch generierte E-Mail von CAMAC, bitte nicht darauf antworten)\r\n\r\nNEUE PENDENZ\r\nDie Zirkulation der Instanz {{INSTANCE_ID}} wurde gestartet\r\n\r\nSehr geehrte Dame\r\nSehr geehrter Herr\r\n\r\nIm CAMAC wurde das Dossier Nr. {{DOSSIER_NR}} eingetragen und Ihrer Fachstelle als Pendenz zugewiesen. Wir bitten Sie, das Dossier zu pr\u00fcfen und die entsprechende R\u00fcckmeldung (Stellungnahme / Verf\u00fcgung / Planvisum usw.) innert Frist zur\u00fcckzuschicken.\r\n\r\nBEARBEITUNG IM CAMAC\r\n- Upload Verf\u00fcgung / Stellungnahme (bitte Scan - Dokument inkl. Unterschrift hochladen).\r\n- Kurzantwort ausw\u00e4hlen.\r\n- Art der Sachbearbeitung ausw\u00e4hlen.\r\n- Kurzkommentare f\u00fcr die Koordinationsstelle oder f\u00fcr die Gemeindebaubeh\u00f6rde erfassen.\r\n- Geb\u00fchren erfassen.\r\n- Senden\r\n\r\nAKTENNACHFORDERUNG\r\nSofern Sie weitere Unterlagen ben\u00f6tigen, bitten wir Sie, diese direkt beim Gesuchsteller anzufordern. Dazu setzen Sie das Dossier in den Status NFD (Button \u00abNachforderung\u00bb). Im daf\u00fcr vorgesehenen Feld bitte eintragen, bei wem, welche Unterlagen nachgefordert wurden. Dossier im Status NFD (Pendenz beim Gesuchsteller) werden blau hinterlegt.\r\n\r\nBei Fragen stehen wir Ihnen gerne zur Verf\u00fcgung.\r\n\r\nAmt f\u00fcr Raumentwicklung\r\nKoordinationsstelle f\u00fcr Baueingaben\r\nRathausplatz 5\r\n6460 Altdorf\r\n\r\nTel.  041 875 24 29\r\nE-Mail: raumplanung@ur.ch",
      "purpose": "Zirkulation gestartet - Bundesstelle",
      "service": null,
      "slug": "zirkulation-gestartet16",
      "subject": "Zirkulation gestartet",
      "type": "email"
    },
    "model": "notification.notificationtemplate",
    "pk": 1411
  },
  {
    "fields": {
      "body": "Die Zirkulation der Instanz {{INSTANCE_ID}} wurde gestartet\r\n\r\nSehr geehrte Dame\r\nSehr geehrter Herr\r\n\r\nCAMAC Info (automatisch generierte E-Mail von Camac, bitte nicht darauf  antworten)\r\n\r\nMeldung an kantonale Fachstelle\r\n\r\nIm CAMAC wurde das Dossier Nr. {{DOSSIER_NR}} eingetragen und Ihrer Fachstelle als Pendenz zugewiesen. Wir bitten Sie, das Dossier zu pr\u00fcfen und uns die entsprechende R\u00fcckmeldung (Stellungnahme / Verf\u00fcgung / Planvisum usw.) innert Frist zur\u00fcckzuschicken.\r\n\r\nBITTE VERGESSEN SIE NICHT, DAS DOSSIER IM CAMAC ZU BEARBEITEN\r\n\r\n-  Upload Entscheiddokumente (bitte Originaldokument mit Unterschrift hochladen)\r\n-  Kurzantwort ausw\u00e4hlen (speichern)\r\n-  Art der Sachbearbeitung ausw\u00e4hlen (speichern)\r\n-  Senden\r\n\r\nKurzkommentare f\u00fcr die Koordinationsstelle oder f\u00fcr die Gemeindebaubeh\u00f6rde k\u00f6nnen direkt im Camac erfasst werden.\r\n\r\nSofern Sie weitere Unterlagen ben\u00f6tigen, bitten wir Sie, diese direkt beim Gesuchsteller anzufordern und uns gleichzeitig dar\u00fcber in Kenntnis zu setzen (mail).\r\n\r\nBei Fragen stehen wir Ihnen gerne zur Verf\u00fcgung.\r\n\r\nAmt f\u00fcr Raumentwicklung\r\nKoordinationsstelle f\u00fcr Baueingaben\r\nRathausplatz 5\r\n6460 Altdorf\r\n\r\nTel.  041 875 24 24\r\nFax: 041 875 24 25\r\nE-Mail: paul.walker@ur.ch",
      "purpose": "Zirkulation gestartet - Bundesstelle",
      "service": null,
      "slug": "zirkulation-gestartet17",
      "subject": "Zirkulation gestartet",
      "type": "email"
    },
    "model": "notification.notificationtemplate",
    "pk": 1417
  },
  {
    "fields": {
      "body": "CAMAC Info (automatisch generierte E-Mail von Camac, bitte nicht darauf  antworten)\r\n\r\nNEUES DOSSIER\r\nDie zust\u00e4ndige Bundesstelle hat das Dossier-ID {{INSTANCE_ID}} mit der Dossier Nr. {{DOSSIER_NR}} im CAMAC erfasst und zur Bearbeitung durch die kantonalen Fachstellen freigegeben.",
      "purpose": "Dossier von Bundesstelle frei geschalten - Koordinationsstelle Baudirektion BD",
      "service": null,
      "slug": "dossier-id-von-bundesstelle-frei-geschalten",
      "subject": "Dossier {{ID}} von Bundesstelle frei geschalten",
      "type": "email"
    },
    "model": "notification.notificationtemplate",
    "pk": 1438
  },
  {
    "fields": {
      "body": "CAMAC Info (automatisch generierte E-Mail von Camac, bitte nicht darauf  antworten)\r\n\r\nNEUES DOSSIER\r\nDie zust\u00e4ndige Bundesstelle hat das Dossier-ID {{INSTANCE_ID}} mit der Dossier Nr. {{DOSSIER_NR}} im CAMAC erfasst und zur Bearbeitung durch die kantonalen Fachstellen freigegeben.",
      "purpose": "Dossier [ID] von Bundesstelle frei geschalten - Bundesstelle",
      "service": null,
      "slug": "dossier-id-von-bundesstelle-frei-geschalten1",
      "subject": "Dossier {{ID}} von Bundesstelle frei geschalten",
      "type": "email"
    },
    "model": "notification.notificationtemplate",
    "pk": 1445
  },
  {
    "fields": {
      "body": "CAMAC Info (automatisch generierte E-Mail von CAMAC, bitte nicht darauf antworten)\n\nEINGANGSBEST\u00c4TIGUNG\n\nSehr geehrte Dame\nSehr geehrter Herr\n\nVielen Dank f\u00fcr Ihre Eingabe. Das Dossier mit der ID Nr. {{INSTANCE_ID}} wird umgehend von der zust\u00e4ndigen Gemeindebaubeh\u00f6rde auf Vollst\u00e4ndigkeit gepr\u00fcft. Falls zus\u00e4tzliche Unterlagen notwendig sind oder wenn das Pr\u00fcfverfahren / Bewilligungsverfahren gestartet wird, erhalten Sie eine entsprechende Statusmeldung.\n\nDossiers bei denen s\u00e4mtliche Unterlagen und Angaben fehlen, k\u00f6nnen zur\u00fcckgewiesen werden.\n\nMit freundlichen Gr\u00fcssen\nGemeindebaubeh\u00f6rde {{INSTANCE_LOCATION}}",
      "purpose": "Dossier eingereicht - Gesuchsteller",
      "service": null,
      "slug": "dossier-eingereicht-gesuchsteller",
      "subject": "Dossier eingereicht",
      "type": "email"
    },
    "model": "notification.notificationtemplate",
    "pk": 1446
  },
  {
    "fields": {
      "body": "CAMAC Info (automatisch generierte E-Mail von CAMAC, bitte nicht darauf antworten)\n\nNEUES ONLINE DOSSIER\n\nSehr geehrte Dame\nSehr geehrter Herr\n\nVia Online Portal wurde ein neues Dossier mit der ID Nr. {{INSTANCE_ID}} eingereicht. Bitte pr\u00fcfen Sie das Dossier auf Vollst\u00e4ndigkeit. Falls zus\u00e4tzliche Unterlagen notwendig sind, schreiben Sie die entsprechende Nachricht in das daf\u00fcr vorgesehene Feld \u00abMitteilung an Gesuchsteller\u00bb und klicken Sie auf \u00abNachforderung\u00bb. Das Dossier wird blau hinterlegt und der Gesuchsteller erh\u00e4lt Ihre Mitteilung per E-Mail.\n\nFalls es sich offensichtlich um ein Fake-Gesuch handelt (z.B. wenn ein leeres Formular versehentlich abgeschickt wurde), k\u00f6nnen Sie dieses abweisen. Durch klicken auf \u00abAbweisen\u00bb wird das Dossier gel\u00f6scht.\n\nWenn das Dossier vollst\u00e4ndig ist, klicken Sie auf \u00abDossier annehmen\u00bb. Das Dossier wird in der Dossierbearbeitung starten angezeigt und erh\u00e4lt vom System die zugeh\u00f6rige CAMAC Nummer. Der Gesuchsteller erh\u00e4lt eine entsprechende Annahmebest\u00e4tigung per E-Mail.\n\nBei Bedarf wandeln Sie das Dossier um in ein entsprechendes Verfahren mit kantonaler Beteiligung.\n\n\nBei Fragen stehen wir Ihnen gerne zur Verf\u00fcgung.\n\nAmt f\u00fcr Raumentwicklung\nKoordinationsstelle f\u00fcr Baueingaben\nRathausplatz 5\n6460 Altdorf\n\nTel. 041 875 24 29\nE-Mail: raumplanung@ur.ch",
      "purpose": "Dossier eingereicht - Gesuchsteller",
      "service": null,
      "slug": "dossier-eingereicht-gemeinde",
      "subject": "Dossier eingereicht",
      "type": "email"
    },
    "model": "notification.notificationtemplate",
    "pk": 1447
  },
  {
    "fields": {
      "body": "CAMAC Info (automatisch generierte E-Mail von CAMAC, bitte nicht darauf antworten)\n\nREMINDER - AUTOMATISCHER PENDENZENR\u00dcCKRUF\n\nSehr geehrte Dame\nSehr geehrter Herr\n\nIm CAMAC wurde das Dossier Nr. {{DOSSIER_NR}} eingetragen und Ihrer Fachstelle als Pendenz zugewiesen. Die Frist (3 Wochen) ist am {{ACTIVATION.deadline_date}} abgelaufen und die R\u00fcckmeldung ist seit zwei Wochen \u00fcberf\u00e4llig. Wir bitten Sie, das Dossier umgehend zu erledigen. Ohne R\u00fcckmeldung innert Wochenfrist wird die Pendenz mit dem Eintrag \u00abKeine R\u00fcckmeldung\u00bb als erledigt eingetragen und das Dossier abgeschlossen. Die Funktion AKTENNACHFORDERUNG ist deaktiviert.\n\n\nBei Fragen stehen wir Ihnen gerne zur Verf\u00fcgung.\n\nAmt f\u00fcr Raumentwicklung\nKoordinationsstelle f\u00fcr Baueingaben\nRathausplatz 5\n6460 Altdorf\n\nTel. 041 875 24 29\nE-Mail: raumplanung@ur.ch\n",
      "purpose": null,
      "service": null,
      "slug": "aktivierung-deadline-\u00fcberzogen-fachstelle",
      "subject": "Frist\u00fcberschreitung Pendenz auf Dossier {{DOSSIER_NR}}",
      "type": "email"
    },
    "model": "notification.notificationtemplate",
    "pk": 1448
  },
  {
    "fields": {
      "body": "CAMAC Info (automatisch generierte E-Mail von CAMAC, bitte nicht darauf antworten)\n\nREMINDER - AUTOMATISCHER PENDENZENR\u00dcCKRUF\n\nSehr geehrte Dame\nSehr geehrter Herr\n\nIm CAMAC wurde das Dossier Nr. {{DOSSIER_NR}} eingetragen und Ihrer Fachstelle als Pendenz zugewiesen. Es wurden Unterlagen nachgefordert. Das Dossier ist seit dem {{ACTIVATION.nfd_completion_date}} vollst\u00e4ndig und die neue Frist (2 Wochen) ist abgelaufen. Wir bitten Sie, das Dossier umgehend zu erledigen. Ohne R\u00fcckmeldung innert Wochenfrist wird die Pendenz mit dem Eintrag \u00abKeine R\u00fcckmeldung\u00bb als erledigt eingetragen und das Dossier abgeschlossen. Die Funktion AKTENNACHFORDERUNG ist deaktiviert.\n\n\nBei Fragen stehen wir Ihnen gerne zur Verf\u00fcgung.\n\nAmt f\u00fcr Raumentwicklung\nKoordinationsstelle f\u00fcr Baueingaben\nRathausplatz 5\n6460 Altdorf\n\nTel. 041 875 24 29\nE-Mail: raumplanung@ur.ch\n",
      "purpose": null,
      "service": null,
      "slug": "aktivierung-nfd-vollst\u00e4ndig-\u00fcberzogen-fachstelle",
      "subject": "Frist\u00fcberschreitung Pendenz auf Dossier {{DOSSIER_NR}}",
      "type": "email"
    },
    "model": "notification.notificationtemplate",
    "pk": 1449
  },
  {
    "fields": {
      "body": "CAMAC Info (automatisch generierte E-Mail von CAMAC, bitte nicht darauf antworten)\n\nREMINDER - \u00dcEBERF\u00c4LLIGE PENDENZ \n\nSehr geehrte Dame\nSehr geehrter Herr\n\nSie habe das Dosser mit Nr. {{DOSSIER_NR}} der Fachstelle {{ACTIVATION.service}} als Pendenz zugewiesen. Die Frist (3 Wochen) ist am {{ACTIVATION.deadline_date}} abgelaufen und die R\u00fcckmeldung ist seit drei Wochen \u00fcberf\u00e4llig. \n\n\nBei Fragen stehen wir Ihnen gerne zur Verf\u00fcgung.\n\nAmt f\u00fcr Raumentwicklung\nKoordinationsstelle f\u00fcr Baueingaben\nRathausplatz 5\n6460 Altdorf\n\nTel. 041 875 24 29\nE-Mail: raumplanung@ur.ch'\n",
      "purpose": null,
      "service": null,
      "slug": "aktivierung-deadline-\u00fcberzogen-leitbehoerde",
      "subject": "Frist\u00fcberschreitung Pendenz auf Dossier {{DOSSIER_NR}}",
      "type": "email"
    },
    "model": "notification.notificationtemplate",
    "pk": 1450
  },
  {
    "fields": {
      "body": "CAMAC Info (automatisch generierte E-Mail von CAMAC, bitte nicht darauf antworten)\n\nREMINDER - AUTOMATISCHER PENDENZENR\u00dcCKRUF\n\nSehr geehrte Dame\nSehr geehrter Herr\n\nSie haben Dossier mit Nr. {{DOSSIER_NR}} der Fachstelle {{ACTIVATION.service}} als Pendenz zugewiesen. Es wurden Unterlagen nachgefordert. Das Dossier ist seit dem {{ACTIVATION.nfd_completion_date}} vollst\u00e4ndig und die neue Frist ist seit 3 Wochen abgelaufen.\n\n\nBei Fragen stehen wir Ihnen gerne zur Verf\u00fcgung.\n\nAmt f\u00fcr Raumentwicklung\nKoordinationsstelle f\u00fcr Baueingaben\nRathausplatz 5\n6460 Altdorf\n\nTel. 041 875 24 29\nE-Mail: raumplanung@ur.ch\n",
      "purpose": null,
      "service": null,
      "slug": "aktivierung-nfd-vollst\u00e4ndig-\u00fcberzogen-leitbehoerde",
      "subject": "Frist\u00fcberschreitung Pendenz auf Dossier {{DOSSIER_NR}}",
      "type": "email"
    },
    "model": "notification.notificationtemplate",
    "pk": 1451
  },
  {
    "fields": {
      "address": null,
      "city": null,
      "disabled": 0,
      "email": null,
      "name": "Admin",
      "phone": null,
      "role": 1,
      "service": null,
      "website": null,
      "zip": null
    },
    "model": "user.group",
    "pk": 1
  },
  {
    "fields": {
      "address": null,
      "city": null,
      "disabled": 0,
      "email": null,
      "name": "Guest",
      "phone": null,
      "role": 2,
      "service": null,
      "website": null,
      "zip": null
    },
    "model": "user.group",
    "pk": 2
  },
  {
    "fields": {
      "address": null,
      "city": null,
      "disabled": 0,
      "email": null,
      "name": "KOOR - ARE - NP Koordinationsstelle Nutzungsplanung",
      "phone": null,
      "role": 1061,
      "service": 87,
      "website": null,
      "zip": null
    },
    "model": "user.group",
    "pk": 21
  },
  {
    "fields": {
      "address": "Gemeindehausplatz 4",
      "city": "Altdorf",
      "disabled": 0,
      "email": "",
      "name": "Sekretariat Gemeindebaubeh\u00f6rde Altdorf",
      "phone": "",
      "role": 6,
      "service": 346,
      "website": "",
      "zip": "6460"
    },
    "model": "user.group",
    "pk": 22
  },
  {
    "fields": {
      "address": "",
      "city": "",
      "disabled": 0,
      "email": "",
      "name": "Amt f\u00fcr Umweltschutz Sachbearbeitung und Koordination",
      "phone": "",
      "role": 4,
      "service": 21,
      "website": "",
      "zip": ""
    },
    "model": "user.group",
    "pk": 23
  },
  {
    "fields": {
      "address": "G\u00f6scheneralpstrasse 6487 G\u00f6schenen",
      "city": "G\u00f6schenen",
      "disabled": 0,
      "email": "",
      "name": "Sekretariat Baukommission Urner Oberland",
      "phone": "",
      "role": 6,
      "service": 353,
      "website": "",
      "zip": "6487"
    },
    "model": "user.group",
    "pk": 24
  },
  {
    "fields": {
      "address": "",
      "city": "",
      "disabled": 0,
      "email": "",
      "name": "Amt f\u00fcr Forst und Jagd Sachbearbeitung und Koordination",
      "phone": "",
      "role": 4,
      "service": 2,
      "website": "",
      "zip": ""
    },
    "model": "user.group",
    "pk": 42
  },
  {
    "fields": {
      "address": "",
      "city": "",
      "disabled": 0,
      "email": "",
      "name": "Baukommission Altdorf",
      "phone": "",
      "role": 7,
      "service": 342,
      "website": "",
      "zip": ""
    },
    "model": "user.group",
    "pk": 62
  },
  {
    "fields": {
      "address": "",
      "city": "",
      "disabled": 0,
      "email": "",
      "name": "Amt f\u00fcr Umweltschutz Sachbearbeitung",
      "phone": "",
      "role": 1021,
      "service": 21,
      "website": "",
      "zip": ""
    },
    "model": "user.group",
    "pk": 82
  },
  {
    "fields": {
      "address": "",
      "city": "",
      "disabled": 0,
      "email": "",
      "name": "Amt f\u00fcr Forst und Jagd Sachbearbeitung",
      "phone": "",
      "role": 1021,
      "service": 2,
      "website": "",
      "zip": ""
    },
    "model": "user.group",
    "pk": 102
  },
  {
    "fields": {
      "address": "Kirchgasse 10",
      "city": "Andermatt",
      "disabled": 0,
      "email": "",
      "name": "Sekretariat Gemeindebaubeh\u00f6rde Andermatt",
      "phone": "",
      "role": 6,
      "service": 347,
      "website": "",
      "zip": "6490"
    },
    "model": "user.group",
    "pk": 122
  },
  {
    "fields": {
      "address": "",
      "city": "",
      "disabled": 0,
      "email": "",
      "name": "Amt f\u00fcr Bev\u00f6lkerungsschutz und Milit\u00e4r Fachstelle Zivilschutz",
      "phone": "",
      "role": 4,
      "service": 61,
      "website": "",
      "zip": ""
    },
    "model": "user.group",
    "pk": 123
  },
  {
    "fields": {
      "address": "",
      "city": "",
      "disabled": 0,
      "email": "",
      "name": "KOOR - ARE - BG Koordinationsstelle f\u00fcr Baueingaben",
      "phone": "",
      "role": 3,
      "service": 1,
      "website": "",
      "zip": ""
    },
    "model": "user.group",
    "pk": 142
  },
  {
    "fields": {
      "address": "Schulhausweg 9",
      "city": "Attinghausen",
      "disabled": 0,
      "email": "",
      "name": "Sekretariat Gemeindebaubeh\u00f6rde Attinghausen",
      "phone": "",
      "role": 6,
      "service": 348,
      "website": "",
      "zip": "6468"
    },
    "model": "user.group",
    "pk": 143
  },
  {
    "fields": {
      "address": "Gemeindekanzlei",
      "city": "Bauen",
      "disabled": 0,
      "email": "",
      "name": "Sekretariat Gemeindebaubeh\u00f6rde Bauen",
      "phone": "",
      "role": 6,
      "service": 349,
      "website": "",
      "zip": "6466"
    },
    "model": "user.group",
    "pk": 144
  },
  {
    "fields": {
      "address": "Gotthardstrasse 99",
      "city": "Erstfeld",
      "disabled": 0,
      "email": "",
      "name": "Sekretariat Gemeindebaubeh\u00f6rde Erstfeld",
      "phone": "",
      "role": 6,
      "service": 351,
      "website": "",
      "zip": "6472"
    },
    "model": "user.group",
    "pk": 145
  },
  {
    "fields": {
      "address": "Postfach 162",
      "city": "B\u00fcrglen",
      "disabled": 0,
      "email": "",
      "name": "Sekretariat Gemeindebaubeh\u00f6rde B\u00fcrglen",
      "phone": "",
      "role": 6,
      "service": 350,
      "website": "",
      "zip": "6463"
    },
    "model": "user.group",
    "pk": 146
  },
  {
    "fields": {
      "address": "Dorfstrasse 1",
      "city": "Fl\u00fcelen",
      "disabled": 0,
      "email": "",
      "name": "Sekretariat Gemeindebaubeh\u00f6rde Fl\u00fcelen",
      "phone": "",
      "role": 6,
      "service": 352,
      "website": "",
      "zip": "6454"
    },
    "model": "user.group",
    "pk": 147
  },
  {
    "fields": {
      "address": "Dorfstrasse 21",
      "city": "Isenthal",
      "disabled": 0,
      "email": "",
      "name": "Sekretariat Gemeindebaubeh\u00f6rde Isenthal",
      "phone": "",
      "role": 6,
      "service": 355,
      "website": "",
      "zip": "6461"
    },
    "model": "user.group",
    "pk": 148
  },
  {
    "fields": {
      "address": "Gemeindehaus",
      "city": "Realp",
      "disabled": 0,
      "email": "",
      "name": "Sekretariat Gemeindebaubeh\u00f6rde Realp",
      "phone": "",
      "role": 6,
      "service": 356,
      "website": "",
      "zip": "6491"
    },
    "model": "user.group",
    "pk": 149
  },
  {
    "fields": {
      "address": "Dorfplatz 1",
      "city": "Schattdorf",
      "disabled": 0,
      "email": "",
      "name": "Sekretariat Gemeindebaubeh\u00f6rde Schattdorf",
      "phone": "",
      "role": 6,
      "service": 357,
      "website": "",
      "zip": "6467"
    },
    "model": "user.group",
    "pk": 150
  },
  {
    "fields": {
      "address": "A Prostrasse 47",
      "city": "Seedorf",
      "disabled": 0,
      "email": "",
      "name": "Sekretariat Gemeindebaubeh\u00f6rde Seedorf",
      "phone": "",
      "role": 6,
      "service": 358,
      "website": "",
      "zip": "6462"
    },
    "model": "user.group",
    "pk": 151
  },
  {
    "fields": {
      "address": "Dorfstrasse 66",
      "city": "Seelisberg",
      "disabled": 0,
      "email": "",
      "name": "Sekretariat Gemeindebaubeh\u00f6rde Seelisberg",
      "phone": "",
      "role": 6,
      "service": 359,
      "website": "",
      "zip": "6377"
    },
    "model": "user.group",
    "pk": 152
  },
  {
    "fields": {
      "address": "Gotthardstrasse 217",
      "city": "Silenen",
      "disabled": 0,
      "email": "",
      "name": "Sekretariat Gemeindebaubeh\u00f6rde Silenen",
      "phone": "",
      "role": 6,
      "service": 360,
      "website": "",
      "zip": "6473"
    },
    "model": "user.group",
    "pk": 153
  },
  {
    "fields": {
      "address": "Bahnhofstrasse 8",
      "city": "Sisikon",
      "disabled": 0,
      "email": "",
      "name": "Sekretariat Gemeindebaubeh\u00f6rde Sisikon",
      "phone": "",
      "role": 6,
      "service": 361,
      "website": "",
      "zip": "6452"
    },
    "model": "user.group",
    "pk": 154
  },
  {
    "fields": {
      "address": "Dorf 10",
      "city": "Spiringen",
      "disabled": 0,
      "email": "",
      "name": "Sekretariat Gemeindebaubeh\u00f6rde Spiringen",
      "phone": "",
      "role": 6,
      "service": 362,
      "website": "",
      "zip": "6464"
    },
    "model": "user.group",
    "pk": 155
  },
  {
    "fields": {
      "address": "Kirchstrasse",
      "city": "Untersch\u00e4chen",
      "disabled": 0,
      "email": "",
      "name": "Sekretariat Gemeindebaubeh\u00f6rde Untersch\u00e4chen",
      "phone": "",
      "role": 6,
      "service": 363,
      "website": "",
      "zip": "6465"
    },
    "model": "user.group",
    "pk": 156
  },
  {
    "fields": {
      "address": "",
      "city": "",
      "disabled": 0,
      "email": "paul.walker@ur.ch",
      "name": "ARE - Abteilung Raumplanung - Fachstelle Bauten ausserhalb Bauzone Kreis 1",
      "phone": "",
      "role": 4,
      "service": 88,
      "website": "",
      "zip": ""
    },
    "model": "user.group",
    "pk": 157
  },
  {
    "fields": {
      "address": "",
      "city": "",
      "disabled": 0,
      "email": "",
      "name": "Justizdirektion Fachstelle Tourismusressort Andermatt",
      "phone": "",
      "role": 4,
      "service": 89,
      "website": "",
      "zip": ""
    },
    "model": "user.group",
    "pk": 158
  },
  {
    "fields": {
      "address": "",
      "city": "",
      "disabled": 0,
      "email": "",
      "name": "ARE - Abteilung Raumplanung - Fachstelle Nutzungsplanung",
      "phone": "",
      "role": 4,
      "service": 90,
      "website": "",
      "zip": ""
    },
    "model": "user.group",
    "pk": 159
  },
  {
    "fields": {
      "address": "",
      "city": "",
      "disabled": 0,
      "email": "",
      "name": "Amt f\u00fcr Bev\u00f6lkerungsschutz und Milit\u00e4r Fachstelle Brandschutz",
      "phone": "",
      "role": 4,
      "service": 81,
      "website": "",
      "zip": ""
    },
    "model": "user.group",
    "pk": 160
  },
  {
    "fields": {
      "address": "",
      "city": "",
      "disabled": 0,
      "email": "",
      "name": "Amt f\u00fcr Arbeit und Migration",
      "phone": "",
      "role": 4,
      "service": 3,
      "website": "",
      "zip": ""
    },
    "model": "user.group",
    "pk": 161
  },
  {
    "fields": {
      "address": null,
      "city": null,
      "disabled": 0,
      "email": null,
      "name": "Amt f\u00fcr Steuern",
      "phone": null,
      "role": 4,
      "service": 92,
      "website": null,
      "zip": null
    },
    "model": "user.group",
    "pk": 162
  },
  {
    "fields": {
      "address": "",
      "city": "",
      "disabled": 0,
      "email": "",
      "name": "Amt f\u00fcr Wirtschaft und \u00f6ffentlichen Verkehr",
      "phone": "",
      "role": 4,
      "service": 95,
      "website": "",
      "zip": ""
    },
    "model": "user.group",
    "pk": 163
  },
  {
    "fields": {
      "address": "",
      "city": "",
      "disabled": 0,
      "email": "",
      "name": "Amt f\u00fcr Landwirtschaft Sachbearbeitung und Koordination",
      "phone": "",
      "role": 4,
      "service": 96,
      "website": "",
      "zip": ""
    },
    "model": "user.group",
    "pk": 164
  },
  {
    "fields": {
      "address": null,
      "city": null,
      "disabled": 0,
      "email": null,
      "name": "ARE - Abteilung Denkmalpflege und Arch\u00e4ologie - Fachstelle Arch\u00e4ologie",
      "phone": null,
      "role": 4,
      "service": 91,
      "website": null,
      "zip": null
    },
    "model": "user.group",
    "pk": 165
  },
  {
    "fields": {
      "address": null,
      "city": null,
      "disabled": 0,
      "email": null,
      "name": "ARE - Abteilung Natur und Landschaft",
      "phone": null,
      "role": 4,
      "service": 98,
      "website": null,
      "zip": null
    },
    "model": "user.group",
    "pk": 166
  },
  {
    "fields": {
      "address": "",
      "city": "",
      "disabled": 0,
      "email": "",
      "name": "ARE - Abteilung Raumplanung - Fachbereich Seeufer innerhalb Bauzone",
      "phone": "",
      "role": 4,
      "service": 99,
      "website": "",
      "zip": ""
    },
    "model": "user.group",
    "pk": 167
  },
  {
    "fields": {
      "address": null,
      "city": null,
      "disabled": 0,
      "email": null,
      "name": "ARE - Wanderweg- und Bikefachstelle",
      "phone": null,
      "role": 4,
      "service": 100,
      "website": null,
      "zip": null
    },
    "model": "user.group",
    "pk": 168
  },
  {
    "fields": {
      "address": "",
      "city": "",
      "disabled": 0,
      "email": "",
      "name": "Amt f\u00fcr Strassen- und Schiffsverkehr",
      "phone": "",
      "role": 4,
      "service": 101,
      "website": "",
      "zip": ""
    },
    "model": "user.group",
    "pk": 169
  },
  {
    "fields": {
      "address": "",
      "city": "",
      "disabled": 0,
      "email": "",
      "name": "Abwasser Uri",
      "phone": "",
      "role": 4,
      "service": 83,
      "website": "",
      "zip": ""
    },
    "model": "user.group",
    "pk": 170
  },
  {
    "fields": {
      "address": "",
      "city": "",
      "disabled": 0,
      "email": "",
      "name": "Baudirektion DS Sachbearbeitung und Koordination",
      "phone": "",
      "role": 4,
      "service": 41,
      "website": "",
      "zip": ""
    },
    "model": "user.group",
    "pk": 171
  },
  {
    "fields": {
      "address": "",
      "city": "",
      "disabled": 0,
      "email": "",
      "name": "Baudirektion Amt f\u00fcr Energie - Direkt zugewiesene Pendenzen",
      "phone": "",
      "role": 4,
      "service": 306,
      "website": "",
      "zip": ""
    },
    "model": "user.group",
    "pk": 172
  },
  {
    "fields": {
      "address": null,
      "city": null,
      "disabled": 0,
      "email": null,
      "name": "Baudirektion Amt f\u00fcr Tiefbau Abteilung Infrastruktur - Pendenzen Baudirektion",
      "phone": null,
      "role": 1021,
      "service": 41,
      "website": null,
      "zip": null
    },
    "model": "user.group",
    "pk": 173
  },
  {
    "fields": {
      "address": "",
      "city": "",
      "disabled": 0,
      "email": "",
      "name": "Baudirektion Amt f\u00fcr Betrieb Nationalstrassen - Pendenzen Baudirektion",
      "phone": "",
      "role": 1021,
      "service": 41,
      "website": "",
      "zip": ""
    },
    "model": "user.group",
    "pk": 174
  },
  {
    "fields": {
      "address": "",
      "city": "",
      "disabled": 0,
      "email": "andrea.deplazes@ur.ch",
      "name": "Baudirektion Amt f\u00fcr Hochbau - Direkt zugewiesene Pendenzen",
      "phone": "",
      "role": 4,
      "service": 308,
      "website": "",
      "zip": ""
    },
    "model": "user.group",
    "pk": 175
  },
  {
    "fields": {
      "address": "",
      "city": "",
      "disabled": 0,
      "email": "",
      "name": "ASTRA - Bundesamt f\u00fcr Strassen - direkt zugewiesene Pendenzen",
      "phone": "",
      "role": 4,
      "service": 309,
      "website": "",
      "zip": ""
    },
    "model": "user.group",
    "pk": 176
  },
  {
    "fields": {
      "address": "",
      "city": "",
      "disabled": 0,
      "email": "",
      "name": "Justizdirektion Uri Beschwerdedienst",
      "phone": "",
      "role": 4,
      "service": 104,
      "website": "",
      "zip": ""
    },
    "model": "user.group",
    "pk": 177
  },
  {
    "fields": {
      "address": "",
      "city": "",
      "disabled": 0,
      "email": "",
      "name": "Justizdirektion Uri Rechtsdienst",
      "phone": "",
      "role": 4,
      "service": 105,
      "website": "",
      "zip": ""
    },
    "model": "user.group",
    "pk": 178
  },
  {
    "fields": {
      "address": "",
      "city": "",
      "disabled": 0,
      "email": "",
      "name": "Justizdirektion Uri Direktionssekretariat",
      "phone": "",
      "role": 4,
      "service": 106,
      "website": "",
      "zip": ""
    },
    "model": "user.group",
    "pk": 179
  },
  {
    "fields": {
      "address": "",
      "city": "",
      "disabled": 0,
      "email": "",
      "name": "Laboratorium der Urkantone Lebensmittelinspektorat",
      "phone": "",
      "role": 4,
      "service": 85,
      "website": "",
      "zip": ""
    },
    "model": "user.group",
    "pk": 180
  },
  {
    "fields": {
      "address": "",
      "city": "",
      "disabled": 0,
      "email": "",
      "name": "Laboratorium der Urkantone Trinwasserinspektorat",
      "phone": "",
      "role": 4,
      "service": 84,
      "website": "",
      "zip": ""
    },
    "model": "user.group",
    "pk": 181
  },
  {
    "fields": {
      "address": "",
      "city": "",
      "disabled": 0,
      "email": "",
      "name": "Procap",
      "phone": "",
      "role": 4,
      "service": 82,
      "website": "",
      "zip": ""
    },
    "model": "user.group",
    "pk": 182
  },
  {
    "fields": {
      "address": "",
      "city": "",
      "disabled": 0,
      "email": "",
      "name": "Baukommission Andermatt",
      "phone": "",
      "role": 7,
      "service": 344,
      "website": "",
      "zip": ""
    },
    "model": "user.group",
    "pk": 183
  },
  {
    "fields": {
      "address": "",
      "city": "",
      "disabled": 0,
      "email": "",
      "name": "Baukommission Attinghausen",
      "phone": "",
      "role": 7,
      "service": 345,
      "website": "",
      "zip": ""
    },
    "model": "user.group",
    "pk": 184
  },
  {
    "fields": {
      "address": "",
      "city": "",
      "disabled": 0,
      "email": "",
      "name": "Gemeinderat Bauen",
      "phone": "",
      "role": 7,
      "service": 367,
      "website": "",
      "zip": ""
    },
    "model": "user.group",
    "pk": 185
  },
  {
    "fields": {
      "address": "",
      "city": "B\u00fcrglen",
      "disabled": 0,
      "email": "",
      "name": "Baukommission B\u00fcrglen",
      "phone": "",
      "role": 7,
      "service": 368,
      "website": "",
      "zip": "6463"
    },
    "model": "user.group",
    "pk": 186
  },
  {
    "fields": {
      "address": "",
      "city": "",
      "disabled": 0,
      "email": "",
      "name": "Baukommission Erstfeld",
      "phone": "",
      "role": 7,
      "service": 364,
      "website": "",
      "zip": ""
    },
    "model": "user.group",
    "pk": 187
  },
  {
    "fields": {
      "address": "",
      "city": "",
      "disabled": 0,
      "email": "",
      "name": "Baukommission Fl\u00fcelen",
      "phone": "",
      "role": 7,
      "service": 369,
      "website": "",
      "zip": ""
    },
    "model": "user.group",
    "pk": 188
  },
  {
    "fields": {
      "address": "",
      "city": "",
      "disabled": 0,
      "email": "",
      "name": "Baukommission Urner Oberland",
      "phone": "",
      "role": 7,
      "service": 343,
      "website": "",
      "zip": ""
    },
    "model": "user.group",
    "pk": 189
  },
  {
    "fields": {
      "address": "",
      "city": "",
      "disabled": 0,
      "email": "",
      "name": "Gemeinderat Hospental",
      "phone": "",
      "role": 7,
      "service": 382,
      "website": "",
      "zip": ""
    },
    "model": "user.group",
    "pk": 190
  },
  {
    "fields": {
      "address": "",
      "city": "",
      "disabled": 0,
      "email": "",
      "name": "Gemeinderat Isenthal",
      "phone": "",
      "role": 7,
      "service": 383,
      "website": "",
      "zip": ""
    },
    "model": "user.group",
    "pk": 191
  },
  {
    "fields": {
      "address": "",
      "city": "",
      "disabled": 0,
      "email": "",
      "name": "Gemeinderat Realp",
      "phone": "",
      "role": 7,
      "service": 381,
      "website": "",
      "zip": ""
    },
    "model": "user.group",
    "pk": 192
  },
  {
    "fields": {
      "address": "",
      "city": "",
      "disabled": 0,
      "email": "",
      "name": "Baukommission Schattdorf",
      "phone": "",
      "role": 7,
      "service": 365,
      "website": "",
      "zip": ""
    },
    "model": "user.group",
    "pk": 193
  },
  {
    "fields": {
      "address": "",
      "city": "",
      "disabled": 0,
      "email": "",
      "name": "Baukommission Seedorf",
      "phone": "",
      "role": 7,
      "service": 370,
      "website": "",
      "zip": ""
    },
    "model": "user.group",
    "pk": 194
  },
  {
    "fields": {
      "address": "",
      "city": "",
      "disabled": 0,
      "email": "",
      "name": "Baukommission Seelisberg",
      "phone": "",
      "role": 7,
      "service": 371,
      "website": "",
      "zip": ""
    },
    "model": "user.group",
    "pk": 195
  },
  {
    "fields": {
      "address": "",
      "city": "",
      "disabled": 0,
      "email": "",
      "name": "Baukommission Silenen",
      "phone": "",
      "role": 7,
      "service": 372,
      "website": "",
      "zip": ""
    },
    "model": "user.group",
    "pk": 196
  },
  {
    "fields": {
      "address": "",
      "city": "",
      "disabled": 0,
      "email": "",
      "name": "Gemeinderat Sisikon",
      "phone": "",
      "role": 7,
      "service": 380,
      "website": "",
      "zip": ""
    },
    "model": "user.group",
    "pk": 197
  },
  {
    "fields": {
      "address": "",
      "city": "",
      "disabled": 0,
      "email": "",
      "name": "Gemeinderat Spiringen",
      "phone": "",
      "role": 7,
      "service": 384,
      "website": "",
      "zip": ""
    },
    "model": "user.group",
    "pk": 198
  },
  {
    "fields": {
      "address": "",
      "city": "",
      "disabled": 0,
      "email": "",
      "name": "Gemeinderat Untersch\u00e4chen",
      "phone": "",
      "role": 7,
      "service": 385,
      "website": "",
      "zip": ""
    },
    "model": "user.group",
    "pk": 199
  },
  {
    "fields": {
      "address": "",
      "city": "",
      "disabled": 0,
      "email": "",
      "name": "Amt f\u00fcr Kantonspolizei",
      "phone": "",
      "role": 4,
      "service": 93,
      "website": "",
      "zip": ""
    },
    "model": "user.group",
    "pk": 200
  },
  {
    "fields": {
      "address": "",
      "city": "",
      "disabled": 0,
      "email": "",
      "name": "Amt f\u00fcr Kultur und Sport",
      "phone": "",
      "role": 4,
      "service": 94,
      "website": "",
      "zip": ""
    },
    "model": "user.group",
    "pk": 201
  },
  {
    "fields": {
      "address": null,
      "city": null,
      "disabled": 0,
      "email": null,
      "name": "Alpiq",
      "phone": null,
      "role": 4,
      "service": 97,
      "website": null,
      "zip": null
    },
    "model": "user.group",
    "pk": 202
  },
  {
    "fields": {
      "address": null,
      "city": null,
      "disabled": 0,
      "email": "lebensmittelinspektorat@laburk.ch",
      "name": "Laboratorium der Urkantone Veterin\u00e4ramt",
      "phone": null,
      "role": 4,
      "service": 86,
      "website": null,
      "zip": null
    },
    "model": "user.group",
    "pk": 203
  },
  {
    "fields": {
      "address": "",
      "city": "",
      "disabled": 0,
      "email": "",
      "name": "Landschaftsschutzverband Vierwaldst\u00e4ttersee",
      "phone": "",
      "role": 1021,
      "service": 108,
      "website": "",
      "zip": ""
    },
    "model": "user.group",
    "pk": 204
  },
  {
    "fields": {
      "address": null,
      "city": null,
      "disabled": 0,
      "email": null,
      "name": "SBB AG Immobilien (Koordinationstelle)",
      "phone": null,
      "role": 4,
      "service": 103,
      "website": null,
      "zip": null
    },
    "model": "user.group",
    "pk": 205
  },
  {
    "fields": {
      "address": "",
      "city": "",
      "disabled": 0,
      "email": "",
      "name": "ARE - Abteilung Raumplanung - Fachstelle Baugesuche",
      "phone": "",
      "role": 4,
      "service": 107,
      "website": "",
      "zip": ""
    },
    "model": "user.group",
    "pk": 206
  },
  {
    "fields": {
      "address": "",
      "city": "",
      "disabled": 0,
      "email": "",
      "name": "Amt f\u00fcr Landwirtschaft Sachbearbeitung",
      "phone": "",
      "role": 1021,
      "service": 96,
      "website": "",
      "zip": ""
    },
    "model": "user.group",
    "pk": 207
  },
  {
    "fields": {
      "address": "Kirchgasse 10",
      "city": "Andermatt",
      "disabled": 0,
      "email": "",
      "name": "Sekretariat Gemeindebaubeh\u00f6rde Hospental",
      "phone": "",
      "role": 6,
      "service": 354,
      "website": "",
      "zip": "6490"
    },
    "model": "user.group",
    "pk": 208
  },
  {
    "fields": {
      "address": null,
      "city": null,
      "disabled": 0,
      "email": null,
      "name": "Bundesamt f\u00fcr Verkehr",
      "phone": null,
      "role": 4,
      "service": 141,
      "website": null,
      "zip": null
    },
    "model": "user.group",
    "pk": 222
  },
  {
    "fields": {
      "address": "",
      "city": "",
      "disabled": 0,
      "email": "edi.schilter@zaku.ch",
      "name": "ZAKU Zentralverband Abfallbewirtschaftung Kanton Uri",
      "phone": "",
      "role": 4,
      "service": 161,
      "website": "",
      "zip": ""
    },
    "model": "user.group",
    "pk": 242
  },
  {
    "fields": {
      "address": null,
      "city": null,
      "disabled": 0,
      "email": null,
      "name": "Acht Grad Ost AG",
      "phone": null,
      "role": 1021,
      "service": 181,
      "website": null,
      "zip": null
    },
    "model": "user.group",
    "pk": 262
  },
  {
    "fields": {
      "address": "",
      "city": "",
      "disabled": 0,
      "email": "",
      "name": "Kommission f\u00fcr Natur- und Heimatschutz NHSK",
      "phone": "",
      "role": 1081,
      "service": 341,
      "website": "",
      "zip": ""
    },
    "model": "user.group",
    "pk": 282
  },
  {
    "fields": {
      "address": "",
      "city": "",
      "disabled": 0,
      "email": "oereb@lisag.ch",
      "name": "Lisag",
      "phone": "",
      "role": 4,
      "service": 201,
      "website": "",
      "zip": ""
    },
    "model": "user.group",
    "pk": 283
  },
  {
    "fields": {
      "address": "",
      "city": "",
      "disabled": 0,
      "email": "",
      "name": "ZUBI Zentralschweizer Umweltbauinspektorat",
      "phone": "",
      "role": 1021,
      "service": 221,
      "website": "",
      "zip": ""
    },
    "model": "user.group",
    "pk": 302
  },
  {
    "fields": {
      "address": "",
      "city": "",
      "disabled": 0,
      "email": "",
      "name": "Qualinova",
      "phone": "",
      "role": 1081,
      "service": 366,
      "website": "",
      "zip": ""
    },
    "model": "user.group",
    "pk": 322
  },
  {
    "fields": {
      "address": null,
      "city": null,
      "disabled": 0,
      "email": null,
      "name": "ARE - Abteilung Denkmalpflege und Arch\u00e4ologie - Fachstelle Denkmalpflege",
      "phone": null,
      "role": 4,
      "service": 241,
      "website": null,
      "zip": null
    },
    "model": "user.group",
    "pk": 342
  },
  {
    "fields": {
      "address": "",
      "city": "",
      "disabled": 0,
      "email": "",
      "name": "ARE - Abteilung Raumplanung - Fachstelle Bauten ausserhalb Bauzone Kreis 2",
      "phone": "",
      "role": 4,
      "service": 261,
      "website": "",
      "zip": ""
    },
    "model": "user.group",
    "pk": 362
  },
  {
    "fields": {
      "address": "",
      "city": "",
      "disabled": 0,
      "email": "",
      "name": "ARE - Abteilung Raumplanung - Fachstelle Bauten ausserhalb Bauzone Kreis 3",
      "phone": "",
      "role": 4,
      "service": 262,
      "website": "",
      "zip": ""
    },
    "model": "user.group",
    "pk": 363
  },
  {
    "fields": {
      "address": "",
      "city": "",
      "disabled": 0,
      "email": "",
      "name": "Gemeindeverwaltung Gurtnellen",
      "phone": "",
      "role": 6,
      "service": 353,
      "website": "",
      "zip": ""
    },
    "model": "user.group",
    "pk": 382
  },
  {
    "fields": {
      "address": "",
      "city": "",
      "disabled": 0,
      "email": "",
      "name": "Gemeindeverwaltung Wassen",
      "phone": "",
      "role": 6,
      "service": 353,
      "website": "",
      "zip": ""
    },
    "model": "user.group",
    "pk": 383
  },
  {
    "fields": {
      "address": "",
      "city": "",
      "disabled": 0,
      "email": "simone.esprit@andermatt.ch",
      "name": "Gemeinderat Andermatt externe Pendenz",
      "phone": "",
      "role": 1102,
      "service": 281,
      "website": "",
      "zip": ""
    },
    "model": "user.group",
    "pk": 402
  },
  {
    "fields": {
      "address": null,
      "city": null,
      "disabled": 0,
      "email": null,
      "name": "Baudirektion Amt f\u00fcr Tiefbau Abteilung Infrastruktur - Direkt zugewiesene Pendenzen",
      "phone": null,
      "role": 4,
      "service": 303,
      "website": null,
      "zip": null
    },
    "model": "user.group",
    "pk": 422
  },
  {
    "fields": {
      "address": null,
      "city": null,
      "disabled": 0,
      "email": null,
      "name": "Baudirektion Amt f\u00fcr Tiefbau Abteilung Projekte - Pendenzen Baudirektion",
      "phone": null,
      "role": 1021,
      "service": 41,
      "website": null,
      "zip": null
    },
    "model": "user.group",
    "pk": 442
  },
  {
    "fields": {
      "address": "",
      "city": "",
      "disabled": 0,
      "email": "",
      "name": "Baudirektion Betrieb Kantonsstrassen - Direkt zugewiesene Pendenzen",
      "phone": "",
      "role": 4,
      "service": 305,
      "website": "",
      "zip": ""
    },
    "model": "user.group",
    "pk": 443
  },
  {
    "fields": {
      "address": "",
      "city": "",
      "disabled": 0,
      "email": "",
      "name": "Sicherheitsdirektion Bereitschafts- und Verkehrspolizei",
      "phone": "",
      "role": 4,
      "service": 310,
      "website": "",
      "zip": ""
    },
    "model": "user.group",
    "pk": 444
  },
  {
    "fields": {
      "address": "",
      "city": "",
      "disabled": 0,
      "email": "",
      "name": "Amt f\u00fcr Landwirtschaft Fachstelle BGBB",
      "phone": "",
      "role": 4,
      "service": 321,
      "website": "",
      "zip": ""
    },
    "model": "user.group",
    "pk": 462
  },
  {
    "fields": {
      "address": null,
      "city": null,
      "disabled": 0,
      "email": null,
      "name": "Kommission Naturgefahren",
      "phone": null,
      "role": 2,
      "service": null,
      "website": null,
      "zip": null
    },
    "model": "user.group",
    "pk": 463
  },
  {
    "fields": {
      "address": null,
      "city": null,
      "disabled": 0,
      "email": null,
      "name": "Testservice",
      "phone": null,
      "role": 1104,
      "service": 88,
      "website": null,
      "zip": null
    },
    "model": "user.group",
    "pk": 482
  },
  {
    "fields": {
      "address": "",
      "city": "",
      "disabled": 0,
      "email": "",
      "name": "KOOR BD - DS - Koordinationsstelle f\u00fcr Bewilligungsverfahren",
      "phone": "",
      "role": 1101,
      "service": 302,
      "website": "",
      "zip": ""
    },
    "model": "user.group",
    "pk": 502
  },
  {
    "fields": {
      "address": "",
      "city": "",
      "disabled": 0,
      "email": "cornelia.gamma@altdorf.ch",
      "name": "Gemeinderat Altdorf externe Pendenz",
      "phone": "",
      "role": 1102,
      "service": 301,
      "website": "",
      "zip": ""
    },
    "model": "user.group",
    "pk": 503
  },
  {
    "fields": {
      "address": "",
      "city": "",
      "disabled": 0,
      "email": "simone.esprit@andermatt.ch",
      "name": "Gemeinderat Hospental externe Pendenz",
      "phone": "",
      "role": 1102,
      "service": 329,
      "website": "",
      "zip": ""
    },
    "model": "user.group",
    "pk": 504
  },
  {
    "fields": {
      "address": "",
      "city": "",
      "disabled": 0,
      "email": "myrta.huser@attinghausen.ch",
      "name": "Gemeinderat Attinghausen externe Pendenz",
      "phone": "",
      "role": 1102,
      "service": 322,
      "website": "",
      "zip": ""
    },
    "model": "user.group",
    "pk": 505
  },
  {
    "fields": {
      "address": "",
      "city": "",
      "disabled": 0,
      "email": "rdubacher@bluewin.ch",
      "name": "Gemeinderat Bauen externe Pendenz",
      "phone": "",
      "role": 1102,
      "service": 323,
      "website": "",
      "zip": ""
    },
    "model": "user.group",
    "pk": 506
  },
  {
    "fields": {
      "address": "",
      "city": "",
      "disabled": 0,
      "email": "peter.gisler@buerglen.ch",
      "name": "Gemeinderat B\u00fcrglen externe Pendenz",
      "phone": "",
      "role": 1102,
      "service": 324,
      "website": "",
      "zip": ""
    },
    "model": "user.group",
    "pk": 507
  },
  {
    "fields": {
      "address": "",
      "city": "",
      "disabled": 0,
      "email": "hansruedi.marti@erstfeld.ch",
      "name": "Gemeinderat Erstfeld externe Pendenz",
      "phone": "",
      "role": 1102,
      "service": 325,
      "website": "",
      "zip": ""
    },
    "model": "user.group",
    "pk": 508
  },
  {
    "fields": {
      "address": "",
      "city": "",
      "disabled": 0,
      "email": "edi.arnold@flueelen.ch",
      "name": "Gemeinderat Fl\u00fcelen externe Pendenz",
      "phone": "",
      "role": 1102,
      "service": 326,
      "website": "",
      "zip": ""
    },
    "model": "user.group",
    "pk": 509
  },
  {
    "fields": {
      "address": "",
      "city": "",
      "disabled": 0,
      "email": "Jessica.Walker@gurtnellen.ch",
      "name": "Gemeinderat Gurtnellen externe Pendenz",
      "phone": "",
      "role": 1102,
      "service": 328,
      "website": "",
      "zip": ""
    },
    "model": "user.group",
    "pk": 510
  },
  {
    "fields": {
      "address": "",
      "city": "",
      "disabled": 0,
      "email": "gemeinde@goeschenen.ch",
      "name": "Gemeinderat G\u00f6schenen externe Pendenz",
      "phone": "",
      "role": 1102,
      "service": 327,
      "website": "",
      "zip": ""
    },
    "model": "user.group",
    "pk": 511
  },
  {
    "fields": {
      "address": "",
      "city": "",
      "disabled": 0,
      "email": "gemeinde@isenthal.ch",
      "name": "Gemeinderat Isenthal externe Pendenz",
      "phone": "",
      "role": 1102,
      "service": 330,
      "website": "",
      "zip": ""
    },
    "model": "user.group",
    "pk": 512
  },
  {
    "fields": {
      "address": "",
      "city": "",
      "disabled": 0,
      "email": "gemeinde@realp.ch",
      "name": "Gemeinderat Realp externe Pendenz",
      "phone": "",
      "role": 1102,
      "service": 331,
      "website": "",
      "zip": ""
    },
    "model": "user.group",
    "pk": 513
  },
  {
    "fields": {
      "address": "",
      "city": "",
      "disabled": 0,
      "email": "arnold.stefan@schattdorf.ch",
      "name": "Gemeinderat Schattdorf externe Pendenz",
      "phone": "",
      "role": 1102,
      "service": 332,
      "website": "",
      "zip": ""
    },
    "model": "user.group",
    "pk": 514
  },
  {
    "fields": {
      "address": "",
      "city": "",
      "disabled": 0,
      "email": "orlando.gmuer@seedorf-uri.ch",
      "name": "Gemeinderat Seedorf externe Pendenz",
      "phone": "",
      "role": 1102,
      "service": 333,
      "website": "",
      "zip": ""
    },
    "model": "user.group",
    "pk": 515
  },
  {
    "fields": {
      "address": "",
      "city": "",
      "disabled": 0,
      "email": "kathrin.truttmann@seelisberg.ch",
      "name": "Gemeinderat Seelisberg externe Pendenz",
      "phone": "",
      "role": 1102,
      "service": 334,
      "website": "",
      "zip": ""
    },
    "model": "user.group",
    "pk": 516
  },
  {
    "fields": {
      "address": "",
      "city": "",
      "disabled": 0,
      "email": "markus.zgraggen@silenen.ch",
      "name": "Gemeinderat Silenen externe Pendenz",
      "phone": "",
      "role": 1102,
      "service": 335,
      "website": "",
      "zip": ""
    },
    "model": "user.group",
    "pk": 517
  },
  {
    "fields": {
      "address": "",
      "city": "",
      "disabled": 0,
      "email": "ursula.habegger@sisikon.ch",
      "name": "Gemeinderat Sisikon externe Pendenz",
      "phone": "",
      "role": 1102,
      "service": 336,
      "website": "",
      "zip": ""
    },
    "model": "user.group",
    "pk": 518
  },
  {
    "fields": {
      "address": "",
      "city": "",
      "disabled": 0,
      "email": "rolf.baumann@spiringen.ch",
      "name": "Gemeinderat Spiringen externe Pendenz",
      "phone": "",
      "role": 1102,
      "service": 337,
      "website": "",
      "zip": ""
    },
    "model": "user.group",
    "pk": 519
  },
  {
    "fields": {
      "address": "",
      "city": "",
      "disabled": 0,
      "email": "unterschaechen@bluewin.ch",
      "name": "Gemeinderat Untersch\u00e4chen externe Pendenz",
      "phone": "",
      "role": 1102,
      "service": 338,
      "website": "",
      "zip": ""
    },
    "model": "user.group",
    "pk": 520
  },
  {
    "fields": {
      "address": "",
      "city": "",
      "disabled": 0,
      "email": "",
      "name": "Gemeinderat Wassen externe Pendenz",
      "phone": "",
      "role": 1102,
      "service": 339,
      "website": "",
      "zip": ""
    },
    "model": "user.group",
    "pk": 521
  },
  {
    "fields": {
      "address": "",
      "city": "",
      "disabled": 0,
      "email": "",
      "name": "Sekretariat ENHK",
      "phone": "",
      "role": 1081,
      "service": 340,
      "website": "",
      "zip": ""
    },
    "model": "user.group",
    "pk": 524
  },
  {
    "fields": {
      "address": null,
      "city": null,
      "disabled": 0,
      "email": null,
      "name": "Baudirektion Amt f\u00fcr Tiefbau Abteilung Projekte - Direkt zugewiesene Pendenzen",
      "phone": null,
      "role": 4,
      "service": 304,
      "website": null,
      "zip": null
    },
    "model": "user.group",
    "pk": 544
  },
  {
    "fields": {
      "address": "",
      "city": "",
      "disabled": 0,
      "email": "",
      "name": "Baudirektion Amt f\u00fcr Energie - Pendenzen Baudirektion",
      "phone": "",
      "role": 1021,
      "service": 41,
      "website": "",
      "zip": ""
    },
    "model": "user.group",
    "pk": 564
  },
  {
    "fields": {
      "address": "",
      "city": "",
      "disabled": 0,
      "email": "",
      "name": "ASTRA - Bundesamt f\u00fcr Strassen - Pendenzen Baudirektion Uri",
      "phone": "",
      "role": 1021,
      "service": 41,
      "website": "",
      "zip": ""
    },
    "model": "user.group",
    "pk": 565
  },
  {
    "fields": {
      "address": "",
      "city": "",
      "disabled": 0,
      "email": "",
      "name": "Baudirektion Amt f\u00fcr Betrieb Nationalstrassen -Direkt zugewiesene Pendenzen",
      "phone": "",
      "role": 4,
      "service": 307,
      "website": "",
      "zip": ""
    },
    "model": "user.group",
    "pk": 584
  },
  {
    "fields": {
      "address": "",
      "city": "",
      "disabled": 0,
      "email": "",
      "name": "Baudirektion Amt f\u00fcr Hochbau - Pendenzen Baudirektion",
      "phone": "",
      "role": 1021,
      "service": 41,
      "website": "",
      "zip": ""
    },
    "model": "user.group",
    "pk": 604
  },
  {
    "fields": {
      "address": "",
      "city": "",
      "disabled": 0,
      "email": "",
      "name": "Baudirektion Betrieb Kantonsstrassen - Pendenzen Baudirektion",
      "phone": "",
      "role": 1021,
      "service": 41,
      "website": "",
      "zip": ""
    },
    "model": "user.group",
    "pk": 605
  },
  {
    "fields": {
      "address": "",
      "city": "",
      "disabled": 0,
      "email": "",
      "name": "Fachstelle f\u00fcr Geb\u00e4udesch\u00e4tzung",
      "phone": "",
      "role": 4,
      "service": 400,
      "website": "",
      "zip": ""
    },
    "model": "user.group",
    "pk": 624
  },
  {
    "fields": {
      "address": "",
      "city": "",
      "disabled": 0,
      "email": "",
      "name": "Amt f\u00fcr das Grundbuch",
      "phone": "",
      "role": 1021,
      "service": 420,
      "website": "",
      "zip": ""
    },
    "model": "user.group",
    "pk": 644
  },
  {
    "fields": {
      "address": null,
      "city": null,
      "disabled": 0,
      "email": null,
      "name": "Amt f\u00fcr Bev\u00f6lkerungsschutz und Milit\u00e4r",
      "phone": null,
      "role": 4,
      "service": 440,
      "website": null,
      "zip": null
    },
    "model": "user.group",
    "pk": 664
  },
  {
    "fields": {
      "address": "",
      "city": "",
      "disabled": 0,
      "email": "georges.eich@ur.ch",
      "name": "ARE - Amt f\u00fcr Raumentwicklung",
      "phone": "",
      "role": 4,
      "service": 460,
      "website": "",
      "zip": ""
    },
    "model": "user.group",
    "pk": 684
  },
  {
    "fields": {
      "address": "",
      "city": "",
      "disabled": 0,
      "email": "",
      "name": "Portal User",
      "phone": "",
      "role": 1103,
      "service": null,
      "website": "",
      "zip": ""
    },
    "model": "user.group",
    "pk": 685
  },
  {
    "fields": {
      "address": "",
      "city": "",
      "disabled": 0,
      "email": "",
      "name": "BAFU - Bundesamt f\u00fcr Umweltschutz",
      "phone": "",
      "role": 4,
      "service": 461,
      "website": "",
      "zip": ""
    },
    "model": "user.group",
    "pk": 686
  },
  {
    "fields": {
      "address": "",
      "city": "",
      "disabled": 0,
      "email": "",
      "name": "ARE - Bundesamt f\u00fcr Raumentwicklung",
      "phone": "",
      "role": 4,
      "service": 462,
      "website": "",
      "zip": ""
    },
    "model": "user.group",
    "pk": 706
  },
  {
    "fields": {
      "address": null,
      "city": null,
      "disabled": 0,
      "email": "aeb@evakuation.ch",
      "name": "Brandschutzpr\u00fcfung TRA Projekte",
      "phone": null,
      "role": 2,
      "service": 481,
      "website": null,
      "zip": null
    },
    "model": "user.group",
    "pk": 726
  },
  {
    "fields": {
      "address": null,
      "city": null,
      "disabled": 0,
      "email": null,
      "name": "Erstfeld Testgruppe",
      "phone": null,
      "role": 7,
      "service": 325,
      "website": null,
      "zip": null
    },
    "model": "user.group",
    "pk": 746
  },
  {
    "fields": {
      "address": "",
      "city": "",
      "disabled": 0,
      "email": "",
      "name": "Finanzdirektion Direktionssekretariat",
      "phone": "",
      "role": 4,
      "service": 503,
      "website": "",
      "zip": ""
    },
    "model": "user.group",
    "pk": 766
  },
  {
    "fields": {
      "address": "",
      "city": "",
      "disabled": 0,
      "email": "christian.mattli@ur.ch",
      "name": "Bildungs- und Kulturdirektion Direktionssekretariat",
      "phone": "",
      "role": 4,
      "service": 501,
      "website": "",
      "zip": ""
    },
    "model": "user.group",
    "pk": 767
  },
  {
    "fields": {
      "address": "",
      "city": "",
      "disabled": 0,
      "email": "samuel.bissig@ur.ch",
      "name": "Amt f\u00fcr Soziales",
      "phone": "",
      "role": 4,
      "service": 504,
      "website": "",
      "zip": ""
    },
    "model": "user.group",
    "pk": 786
  },
  {
    "fields": {
      "address": "",
      "city": "",
      "disabled": 0,
      "email": "heinrich.furrer@ur.ch",
      "name": "Fachstelle Statistik",
      "phone": "",
      "role": 4,
      "service": 502,
      "website": "",
      "zip": ""
    },
    "model": "user.group",
    "pk": 787
  },
  {
    "fields": {
      "address": "",
      "city": "",
      "disabled": 0,
      "email": "emil.kaelin@ur.ch",
      "name": "Volkswirtschaftsdirektion Direktionssekretariat",
      "phone": "",
      "role": 4,
      "service": 523,
      "website": "",
      "zip": ""
    },
    "model": "user.group",
    "pk": 806
  },
  {
    "fields": {
      "address": "",
      "city": "",
      "disabled": 0,
      "email": "roland.hartmann@ur.ch",
      "name": "Gesundheits-Sozial-und Umweltdirektion Direktionssekretariat",
      "phone": "",
      "role": 4,
      "service": 521,
      "website": "",
      "zip": ""
    },
    "model": "user.group",
    "pk": 807
  },
  {
    "fields": {
      "address": "",
      "city": "",
      "disabled": 0,
      "email": "alexandra.kaelin@ur.ch",
      "name": "Sicherheitsdirektion Direktionssekretariat",
      "phone": "",
      "role": 4,
      "service": 522,
      "website": "",
      "zip": ""
    },
    "model": "user.group",
    "pk": 808
  },
  {
    "fields": {
      "address": "",
      "city": "",
      "disabled": 0,
      "email": "",
      "name": "Laboratorium der Urkantone Badewasserinspektorat",
      "phone": "",
      "role": 4,
      "service": 547,
      "website": "",
      "zip": ""
    },
    "model": "user.group",
    "pk": 809
  },
  {
    "fields": {
      "address": null,
      "city": null,
      "disabled": 0,
      "email": null,
      "name": "Gemeindewerke Erstfeld als Organisation mit Leserechten",
      "phone": null,
      "role": 1105,
      "service": null,
      "website": null,
      "zip": null
    },
    "model": "user.group",
    "pk": 810
  },
  {
    "fields": {
      "address": "",
      "city": "",
      "disabled": 0,
      "email": "",
      "name": "Elektrizit\u00e4tswerk Ursern",
      "phone": "",
      "role": 1105,
      "service": null,
      "website": "",
      "zip": ""
    },
    "model": "user.group",
    "pk": 811
  },
  {
    "fields": {
      "address": "",
      "city": "",
      "disabled": 0,
      "email": "",
      "name": "Elektrizit\u00e4tswerk Altdorf",
      "phone": "",
      "role": 1105,
      "service": null,
      "website": "",
      "zip": ""
    },
    "model": "user.group",
    "pk": 812
  },
  {
    "fields": {
      "address": "",
      "city": "",
      "disabled": 0,
      "email": "",
      "name": "Kraftwerk G\u00f6schenen AG",
      "phone": "",
      "role": 1105,
      "service": null,
      "website": "",
      "zip": ""
    },
    "model": "user.group",
    "pk": 813
  },
  {
    "fields": {
      "address": "",
      "city": "",
      "disabled": 0,
      "email": "",
      "name": "KOOR \u2013 AfU \u2013 Koordinationsstelle Amt f\u00fcr Umweltschutz",
      "phone": "",
      "role": 1106,
      "service": 524,
      "website": "",
      "zip": ""
    },
    "model": "user.group",
    "pk": 814
  },
  {
    "fields": {
      "address": null,
      "city": null,
      "disabled": 0,
      "email": null,
      "name": "KOOR - ALA - Koordinationsstelle Amt f\u00fcr Landwirtschaft",
      "phone": null,
      "role": 1107,
      "service": 525,
      "website": null,
      "zip": null
    },
    "model": "user.group",
    "pk": 815
  },
  {
    "fields": {
      "address": "",
      "city": "",
      "disabled": 0,
      "email": "energie@ur.ch",
      "name": "KOOR - AfE - Koordinationsstelle Amt f\u00fcr Energie",
      "phone": "",
      "role": 1127,
      "service": 545,
      "website": "",
      "zip": ""
    },
    "model": "user.group",
    "pk": 835
  },
  {
    "fields": {
      "address": "",
      "city": "",
      "disabled": 0,
      "email": "",
      "name": "KOOR - AFJ - Koordinationsstelle Amt f\u00fcr Forst und Jagd",
      "phone": "",
      "role": 1128,
      "service": 546,
      "website": "",
      "zip": ""
    },
    "model": "user.group",
    "pk": 836
  },
  {
    "fields": {
      "address": "",
      "city": "",
      "disabled": 0,
      "email": "",
      "name": "Korporation Uri",
      "phone": "",
      "role": 1105,
      "service": 548,
      "website": "",
      "zip": ""
    },
    "model": "user.group",
    "pk": 837
  },
  {
    "fields": {
      "address": "",
      "city": "",
      "disabled": 0,
      "email": "",
      "name": "Korporation Ursern",
      "phone": "",
      "role": 1105,
      "service": 549,
      "website": "",
      "zip": ""
    },
    "model": "user.group",
    "pk": 838
  },
  {
    "fields": {
      "address": "",
      "city": "",
      "disabled": 0,
      "email": "sarah.bucher@ur.ch",
      "name": "Amt f\u00fcr Umweltschutz Abteilung Gew\u00e4sserschutz Sachbearbeitung und Koordination",
      "phone": "",
      "role": 4,
      "service": 567,
      "website": "",
      "zip": ""
    },
    "model": "user.group",
    "pk": 857
  },
  {
    "fields": {
      "address": "",
      "city": "",
      "disabled": 0,
      "email": "sarah.bucher@ur.ch",
      "name": "Amt f\u00fcr Umweltschutz Abteilung Immissionsschutz Sachbearbeitung und Koordination",
      "phone": "",
      "role": 4,
      "service": 568,
      "website": "",
      "zip": ""
    },
    "model": "user.group",
    "pk": 877
  },
  {
    "fields": {
      "address": "",
      "city": "",
      "disabled": 0,
      "email": "",
      "name": "Amt f\u00fcr Umweltschutz Abteilung Gew\u00e4sserschutz Sachbearbeitung",
      "phone": "",
      "role": 1021,
      "service": 567,
      "website": "",
      "zip": ""
    },
    "model": "user.group",
    "pk": 878
  },
  {
    "fields": {
      "address": "",
      "city": "",
      "disabled": 0,
      "email": "",
      "name": "Amt f\u00fcr Umweltschutz Abteilung Immissionsschutz Sachbearbeitung",
      "phone": "",
      "role": 1021,
      "service": 568,
      "website": "",
      "zip": ""
    },
    "model": "user.group",
    "pk": 879
  },
  {
    "fields": {
      "address": "",
      "city": "",
      "disabled": 0,
      "email": "info@korporation-ursern.ch",
      "name": "Korporation Ursern",
      "phone": "",
      "role": 4,
      "service": null,
      "website": "",
      "zip": ""
    },
    "model": "user.group",
    "pk": 897
  },
  {
    "fields": {
      "address": null,
      "city": null,
      "disabled": 0,
      "email": null,
      "name": "Test Gruppe",
      "phone": null,
      "role": 2,
      "service": null,
      "website": null,
      "zip": null
    },
    "model": "user.group",
    "pk": 917
  },
  {
    "fields": {
      "address": "",
      "city": "",
      "disabled": 0,
      "email": "",
      "name": "Pro Natura",
      "phone": "",
      "role": 1105,
      "service": null,
      "website": "",
      "zip": ""
    },
    "model": "user.group",
    "pk": 937
  },
  {
    "fields": {
      "address": "",
      "city": "",
      "disabled": 0,
      "email": "",
      "name": "VCS Sektion Uri",
      "phone": "",
      "role": 1105,
      "service": null,
      "website": "",
      "zip": ""
    },
    "model": "user.group",
    "pk": 957
  },
  {
    "fields": {
      "address": "",
      "city": "",
      "disabled": 0,
      "email": "",
      "name": "Gemeindeverwaltung G\u00f6schenen",
      "phone": "",
      "role": 6,
      "service": 353,
      "website": "",
      "zip": ""
    },
    "model": "user.group",
    "pk": 977
  },
  {
    "fields": {
      "address": "",
      "city": "",
      "disabled": 0,
      "email": "afbn.baupolizei@ur.ch",
      "name": "Amt f\u00fcr Betrieb Nationalstrassen Baupolizei",
      "phone": "",
      "role": 4,
      "service": 587,
      "website": "",
      "zip": ""
    },
    "model": "user.group",
    "pk": 997
  },
  {
    "fields": {
      "address": "",
      "city": "",
      "disabled": 0,
      "email": "",
      "name": "WWF Uri",
      "phone": "",
      "role": 1105,
      "service": null,
      "website": "",
      "zip": ""
    },
    "model": "user.group",
    "pk": 1017
  },
  {
    "fields": {
      "address": null,
      "city": null,
      "disabled": 0,
      "email": null,
      "name": "Amt f\u00fcr Umweltschutz Sachbearbeitung und Koordination W\u00e4rmenutzung",
      "phone": null,
      "role": 4,
      "service": 588,
      "website": null,
      "zip": null
    },
    "model": "user.group",
    "pk": 1018
  },
  {
    "fields": {
      "address": null,
      "city": null,
      "disabled": 0,
      "email": null,
      "name": "Monitron (Pr\u00fcfung von Dossiers im Zusammenhang mit W\u00e4rmenutzung)",
      "phone": null,
      "role": 1081,
      "service": null,
      "website": null,
      "zip": null
    },
    "model": "user.group",
    "pk": 1019
  },
  {
    "fields": {
      "address": null,
      "city": null,
      "disabled": 0,
      "email": null,
      "name": "Diverse Gemeinden",
      "phone": null,
      "role": 6,
      "service": null,
      "website": null,
      "zip": null
    },
    "model": "user.group",
    "pk": 1020
  },
  {
    "fields": {
      "address": null,
      "city": null,
      "disabled": 0,
      "email": null,
      "name": "Alle Gemeinden",
      "phone": null,
      "role": 6,
      "service": null,
      "website": null,
      "zip": null
    },
    "model": "user.group",
    "pk": 1021
  },
  {
    "fields": {
      "address": null,
      "city": null,
      "disabled": 0,
      "email": null,
      "name": "KOOR - SD - Koordinationsstelle Amt f\u00fcr Kantonspolizei (BVP)",
      "phone": null,
      "role": 1129,
      "service": 590,
      "website": null,
      "zip": null
    },
    "model": "user.group",
    "pk": 1022
  },
  {
    "fields": {
      "address": null,
      "city": null,
      "disabled": 0,
      "email": null,
      "name": "VBS Schiesswesen",
      "phone": null,
      "role": 4,
      "service": 591,
      "website": null,
      "zip": null
    },
    "model": "user.group",
    "pk": 1023
  },
  {
    "fields": {
      "address": null,
      "city": null,
      "disabled": 0,
      "email": null,
      "name": "Wasserkommission Seelisberg",
      "phone": null,
      "role": 1105,
      "service": null,
      "website": null,
      "zip": null
    },
    "model": "user.group",
    "pk": 1024
  },
  {
    "fields": {
      "address": null,
      "city": null,
      "disabled": 0,
      "email": null,
      "name": "Swissgrid (Koordinationstelle)",
      "phone": null,
      "role": 4,
      "service": 592,
      "website": null,
      "zip": null
    },
    "model": "user.group",
    "pk": 1025
  },
  {
    "fields": {
      "address": null,
      "city": null,
      "disabled": 0,
      "email": null,
      "name": "Gemeindewerke Erstfeld als Vernehmlassungsstelle",
      "phone": null,
      "role": 1104,
      "service": 593,
      "website": null,
      "zip": null
    },
    "model": "user.group",
    "pk": 1026
  },
  {
    "fields": {
      "address": null,
      "city": null,
      "disabled": 0,
      "email": null,
      "name": "Baudirektion Amt f\u00fcr Tiefbau (Leitung und Administration)",
      "phone": null,
      "role": 4,
      "service": 594,
      "website": null,
      "zip": null
    },
    "model": "user.group",
    "pk": 1027
  },
  {
    "fields": {
      "address": null,
      "city": null,
      "disabled": 0,
      "email": null,
      "name": "Bundesamt als verfahrensleitende Beh\u00f6rde",
      "phone": null,
      "role": 1130,
      "service": 141,
      "website": null,
      "zip": null
    },
    "model": "user.group",
    "pk": 1028
  },
  {
    "fields": {
      "address": null,
      "city": null,
      "disabled": 0,
      "email": null,
      "name": "Wasserkommission Altdorf",
      "phone": null,
      "role": 1104,
      "service": 595,
      "website": null,
      "zip": null
    },
    "model": "user.group",
    "pk": 1029
  },
  {
    "fields": {
      "address": null,
      "city": null,
      "disabled": 0,
      "email": null,
      "name": "MGB (Koordinationstelle)",
      "phone": null,
      "role": 4,
      "service": 596,
      "website": null,
      "zip": null
    },
    "model": "user.group",
    "pk": 1030
  },
  {
    "fields": {
      "address": null,
      "city": null,
      "disabled": 0,
      "email": null,
      "name": "Bauabteilung Altdorf Ortsplanung",
      "phone": null,
      "role": 1104,
      "service": 597,
      "website": null,
      "zip": null
    },
    "model": "user.group",
    "pk": 1031
  },
  {
    "fields": {
      "address": null,
      "city": null,
      "disabled": 0,
      "email": null,
      "name": "Bauabteilung Altdorf Tiefbau",
      "phone": null,
      "role": 1104,
      "service": 598,
      "website": null,
      "zip": null
    },
    "model": "user.group",
    "pk": 1032
  },
  {
    "fields": {
      "address": null,
      "city": null,
      "disabled": 0,
      "email": null,
      "name": "Feuerwehr Altdorf",
      "phone": null,
      "role": 1104,
      "service": 599,
      "website": null,
      "zip": null
    },
    "model": "user.group",
    "pk": 1033
  },
  {
    "fields": {
      "address": null,
      "city": null,
      "disabled": 0,
      "email": null,
      "name": "Bauabteilung Altdorf Liegenschaften",
      "phone": null,
      "role": 1104,
      "service": 600,
      "website": null,
      "zip": null
    },
    "model": "user.group",
    "pk": 1034
  },
  {
    "fields": {
      "address": null,
      "city": null,
      "disabled": 0,
      "email": null,
      "name": "Armasuisse Immobilien",
      "phone": null,
      "role": 4,
      "service": 601,
      "website": null,
      "zip": null
    },
    "model": "user.group",
    "pk": 1035
  },
  {
    "fields": {
      "address": null,
      "city": null,
      "disabled": 0,
      "email": null,
      "name": "Bundesamt f\u00fcr Zivilluftfahrt",
      "phone": null,
      "role": 4,
      "service": 602,
      "website": null,
      "zip": null
    },
    "model": "user.group",
    "pk": 1036
  },
  {
    "fields": {
      "address": null,
      "city": null,
      "disabled": 0,
      "email": null,
      "name": "VCS Sektion Uri (Einsicht in direkt zugewiesene Einzeldossiers)",
      "phone": null,
      "role": 1081,
      "service": 603,
      "website": null,
      "zip": null
    },
    "model": "user.group",
    "pk": 1037
  },
  {
    "fields": {
      "address": null,
      "city": null,
      "disabled": 0,
      "email": null,
      "name": "Swissgrid (Gemeinden)",
      "phone": null,
      "role": 1104,
      "service": 604,
      "website": null,
      "zip": null
    },
    "model": "user.group",
    "pk": 1038
  },
  {
    "fields": {
      "address": null,
      "city": null,
      "disabled": 0,
      "email": null,
      "name": "MGB (Gemeinde)",
      "phone": null,
      "role": 1104,
      "service": 605,
      "website": null,
      "zip": null
    },
    "model": "user.group",
    "pk": 1039
  },
  {
    "fields": {
      "address": "",
      "city": "",
      "disabled": 0,
      "email": "simone.esprit@andermatt.ch",
      "name": "Gemeinderat Andermatt interne Pendenz",
      "phone": "",
      "role": 1104,
      "service": 606,
      "website": "",
      "zip": ""
    },
    "model": "user.group",
    "pk": 1040
  },
  {
    "fields": {
      "address": "",
      "city": "",
      "disabled": 0,
      "email": "cornelia.gamma@altdorf.ch",
      "name": "Gemeinderat Altdorf interne Pendenz",
      "phone": "",
      "role": 1104,
      "service": 607,
      "website": "",
      "zip": ""
    },
    "model": "user.group",
    "pk": 1041
  },
  {
    "fields": {
      "address": "",
      "city": "",
      "disabled": 0,
      "email": "simone.esprit@andermatt.ch",
      "name": "Gemeinderat Hospental interne Pendenz",
      "phone": "",
      "role": 1104,
      "service": 615,
      "website": "",
      "zip": ""
    },
    "model": "user.group",
    "pk": 1042
  },
  {
    "fields": {
      "address": "",
      "city": "",
      "disabled": 0,
      "email": "myrta.huser@attinghausen.ch",
      "name": "Gemeinderat Attinghausen interne Pendenz",
      "phone": "",
      "role": 1104,
      "service": 608,
      "website": "",
      "zip": ""
    },
    "model": "user.group",
    "pk": 1043
  },
  {
    "fields": {
      "address": "",
      "city": "",
      "disabled": 0,
      "email": "rdubacher@bluewin.ch",
      "name": "Gemeinderat Bauen interne Pendenz",
      "phone": "",
      "role": 1104,
      "service": 609,
      "website": "",
      "zip": ""
    },
    "model": "user.group",
    "pk": 1044
  },
  {
    "fields": {
      "address": "",
      "city": "",
      "disabled": 0,
      "email": "peter.gisler@buerglen.ch",
      "name": "Gemeinderat B\u00fcrglen interne Pendenz",
      "phone": "",
      "role": 1104,
      "service": 610,
      "website": "",
      "zip": ""
    },
    "model": "user.group",
    "pk": 1045
  },
  {
    "fields": {
      "address": "",
      "city": "",
      "disabled": 0,
      "email": "hansruedi.marti@erstfeld.ch",
      "name": "Gemeinderat Erstfeld interne Pendenz",
      "phone": "",
      "role": 1104,
      "service": 611,
      "website": "",
      "zip": ""
    },
    "model": "user.group",
    "pk": 1046
  },
  {
    "fields": {
      "address": "",
      "city": "",
      "disabled": 0,
      "email": "edi.arnold@flueelen.ch",
      "name": "Gemeinderat Fl\u00fcelen interne Pendenz",
      "phone": "",
      "role": 1104,
      "service": 612,
      "website": "",
      "zip": ""
    },
    "model": "user.group",
    "pk": 1047
  },
  {
    "fields": {
      "address": "",
      "city": "",
      "disabled": 0,
      "email": "Jessica.Walker@gurtnellen.ch",
      "name": "Gemeinderat Gurtnellen interne Pendenz",
      "phone": "",
      "role": 1104,
      "service": 614,
      "website": "",
      "zip": ""
    },
    "model": "user.group",
    "pk": 1048
  },
  {
    "fields": {
      "address": "",
      "city": "",
      "disabled": 0,
      "email": "gemeinde@goeschenen.ch",
      "name": "Gemeinderat G\u00f6schenen interne Pendenz",
      "phone": "",
      "role": 1104,
      "service": 613,
      "website": "",
      "zip": ""
    },
    "model": "user.group",
    "pk": 1049
  },
  {
    "fields": {
      "address": "",
      "city": "",
      "disabled": 0,
      "email": "gemeinde@isenthal.ch",
      "name": "Gemeinderat Isenthal interne Pendenz",
      "phone": "",
      "role": 1104,
      "service": 616,
      "website": "",
      "zip": ""
    },
    "model": "user.group",
    "pk": 1050
  },
  {
    "fields": {
      "address": "",
      "city": "",
      "disabled": 0,
      "email": "gemeinde@realp.ch",
      "name": "Gemeinderat Realp interne Pendenz",
      "phone": "",
      "role": 1104,
      "service": 617,
      "website": "",
      "zip": ""
    },
    "model": "user.group",
    "pk": 1051
  },
  {
    "fields": {
      "address": "",
      "city": "",
      "disabled": 0,
      "email": "arnold.stefan@schattdorf.ch",
      "name": "Gemeinderat Schattdorf interne Pendenz",
      "phone": "",
      "role": 1104,
      "service": 618,
      "website": "",
      "zip": ""
    },
    "model": "user.group",
    "pk": 1052
  },
  {
    "fields": {
      "address": "",
      "city": "",
      "disabled": 0,
      "email": "orlando.gmuer@seedorf-uri.ch",
      "name": "Gemeinderat Seedorf interne Pendenz",
      "phone": "",
      "role": 1104,
      "service": 619,
      "website": "",
      "zip": ""
    },
    "model": "user.group",
    "pk": 1053
  },
  {
    "fields": {
      "address": null,
      "city": null,
      "disabled": 0,
      "email": "kathrin.truttmann@seelisberg.ch",
      "name": "Gemeinderat Seelisberg interne Pendenz",
      "phone": null,
      "role": 1104,
      "service": 620,
      "website": null,
      "zip": null
    },
    "model": "user.group",
    "pk": 1054
  },
  {
    "fields": {
      "address": "",
      "city": "",
      "disabled": 0,
      "email": "markus.zgraggen@silenen.ch",
      "name": "Gemeinderat Silenen interne Pendenz",
      "phone": "",
      "role": 1104,
      "service": 621,
      "website": "",
      "zip": ""
    },
    "model": "user.group",
    "pk": 1055
  },
  {
    "fields": {
      "address": "",
      "city": "",
      "disabled": 0,
      "email": "ursula.habegger@sisikon.ch",
      "name": "Gemeinderat Sisikon interne Pendenz",
      "phone": "",
      "role": 1104,
      "service": 622,
      "website": "",
      "zip": ""
    },
    "model": "user.group",
    "pk": 1056
  },
  {
    "fields": {
      "address": "",
      "city": "",
      "disabled": 0,
      "email": "rolf.baumann@spiringen.ch",
      "name": "Gemeinderat Spiringen interne Pendenz",
      "phone": "",
      "role": 1104,
      "service": 623,
      "website": "",
      "zip": ""
    },
    "model": "user.group",
    "pk": 1057
  },
  {
    "fields": {
      "address": "",
      "city": "",
      "disabled": 0,
      "email": "unterschaechen@bluewin.ch",
      "name": "Gemeinderat Untersch\u00e4chen interne Pendenz",
      "phone": "",
      "role": 1104,
      "service": 624,
      "website": "",
      "zip": ""
    },
    "model": "user.group",
    "pk": 1058
  },
  {
    "fields": {
      "address": "",
      "city": "",
      "disabled": 0,
      "email": "",
      "name": "Gemeinderat Wassen interne Pendenz",
      "phone": "",
      "role": 1104,
      "service": 625,
      "website": "",
      "zip": ""
    },
    "model": "user.group",
    "pk": 1059
  },
  {
    "fields": {
      "address": null,
      "city": null,
      "disabled": 0,
      "email": null,
      "name": "SBB AG Immobilien (Gemeinde)",
      "phone": null,
      "role": 1104,
      "service": 626,
      "website": null,
      "zip": null
    },
    "model": "user.group",
    "pk": 1060
  },
  {
    "fields": {
      "address": null,
      "city": null,
      "disabled": 0,
      "email": null,
      "name": "WWF Uri (Einsicht in direkt zugewiesene Einzeldossiers)",
      "phone": null,
      "role": 1081,
      "service": null,
      "website": null,
      "zip": null
    },
    "model": "user.group",
    "pk": 1061
  },
  {
    "fields": {
      "address": null,
      "city": null,
      "disabled": 0,
      "email": null,
      "name": "Pro Natura Uri (Einsicht in direkt zugewiesene Einzeldossiers)",
      "phone": null,
      "role": 1081,
      "service": null,
      "website": null,
      "zip": null
    },
    "model": "user.group",
    "pk": 1062
  },
  {
    "fields": {
      "address": null,
      "city": null,
      "disabled": 0,
      "email": null,
      "name": "Wasserversorgungskommission Spiringen",
      "phone": null,
      "role": 1104,
      "service": 629,
      "website": null,
      "zip": null
    },
    "model": "user.group",
    "pk": 1063
  },
  {
    "fields": {
      "address": null,
      "city": null,
      "disabled": 0,
      "email": null,
      "name": "Amt f\u00fcr Gesundheit",
      "phone": null,
      "role": 4,
      "service": 630,
      "website": null,
      "zip": null
    },
    "model": "user.group",
    "pk": 1064
  },
  {
    "fields": {
      "address": null,
      "city": null,
      "disabled": 0,
      "email": null,
      "name": "Wasserversorgungskommission Urnerboden",
      "phone": null,
      "role": 1104,
      "service": 631,
      "website": null,
      "zip": null
    },
    "model": "user.group",
    "pk": 1065
  },
  {
    "fields": {
      "address": null,
      "city": null,
      "disabled": 0,
      "email": null,
      "name": "Inventar Historische Verkehrswege IVS",
      "phone": null,
      "role": 1081,
      "service": null,
      "website": null,
      "zip": null
    },
    "model": "user.group",
    "pk": 1066
  },
  {
    "fields": {
      "address": null,
      "city": null,
      "disabled": 0,
      "email": null,
      "name": "Armasuisse Wissenschaft und Technologie",
      "phone": null,
      "role": 4,
      "service": 633,
      "website": null,
      "zip": null
    },
    "model": "user.group",
    "pk": 1067
  },
  {
    "fields": {
      "address": null,
      "city": null,
      "disabled": 0,
      "email": null,
      "name": "ARE - Abteilung Raumplanung - Fachstelle Agglomerationsprogramm",
      "phone": null,
      "role": 4,
      "service": 634,
      "website": null,
      "zip": null
    },
    "model": "user.group",
    "pk": 1068
  },
  {
    "fields": {
      "address": null,
      "city": null,
      "disabled": 0,
      "email": null,
      "name": "Fachstelle IKSS",
      "phone": null,
      "role": 1081,
      "service": 635,
      "website": null,
      "zip": null
    },
    "model": "user.group",
    "pk": 1069
  },
  {
    "fields": {
      "address": null,
      "city": null,
      "disabled": 0,
      "email": null,
      "name": "Support",
      "phone": null,
      "role": 1131,
      "service": null,
      "website": null,
      "zip": null
    },
    "model": "user.group",
    "pk": 1070
  },
  {
    "fields": {
      "group": 22,
      "location": 1
    },
    "model": "user.grouplocation",
    "pk": 1
  },
  {
    "fields": {
      "group": 24,
      "location": 8
    },
    "model": "user.grouplocation",
    "pk": 2
  },
  {
    "fields": {
      "group": 24,
      "location": 9
    },
    "model": "user.grouplocation",
    "pk": 3
  },
  {
    "fields": {
      "group": 24,
      "location": 20
    },
    "model": "user.grouplocation",
    "pk": 4
  },
  {
    "fields": {
      "group": 62,
      "location": 1
    },
    "model": "user.grouplocation",
    "pk": 5
  },
  {
    "fields": {
      "group": 122,
      "location": 2
    },
    "model": "user.grouplocation",
    "pk": 6
  },
  {
    "fields": {
      "group": 122,
      "location": 10
    },
    "model": "user.grouplocation",
    "pk": 7
  },
  {
    "fields": {
      "group": 143,
      "location": 3
    },
    "model": "user.grouplocation",
    "pk": 8
  },
  {
    "fields": {
      "group": 144,
      "location": 4
    },
    "model": "user.grouplocation",
    "pk": 9
  },
  {
    "fields": {
      "group": 145,
      "location": 6
    },
    "model": "user.grouplocation",
    "pk": 10
  },
  {
    "fields": {
      "group": 146,
      "location": 5
    },
    "model": "user.grouplocation",
    "pk": 11
  },
  {
    "fields": {
      "group": 147,
      "location": 7
    },
    "model": "user.grouplocation",
    "pk": 12
  },
  {
    "fields": {
      "group": 147,
      "location": 17
    },
    "model": "user.grouplocation",
    "pk": 13
  },
  {
    "fields": {
      "group": 148,
      "location": 11
    },
    "model": "user.grouplocation",
    "pk": 14
  },
  {
    "fields": {
      "group": 149,
      "location": 12
    },
    "model": "user.grouplocation",
    "pk": 15
  },
  {
    "fields": {
      "group": 150,
      "location": 13
    },
    "model": "user.grouplocation",
    "pk": 16
  },
  {
    "fields": {
      "group": 151,
      "location": 14
    },
    "model": "user.grouplocation",
    "pk": 17
  },
  {
    "fields": {
      "group": 152,
      "location": 15
    },
    "model": "user.grouplocation",
    "pk": 18
  },
  {
    "fields": {
      "group": 153,
      "location": 16
    },
    "model": "user.grouplocation",
    "pk": 19
  },
  {
    "fields": {
      "group": 154,
      "location": 17
    },
    "model": "user.grouplocation",
    "pk": 20
  },
  {
    "fields": {
      "group": 155,
      "location": 18
    },
    "model": "user.grouplocation",
    "pk": 21
  },
  {
    "fields": {
      "group": 156,
      "location": 19
    },
    "model": "user.grouplocation",
    "pk": 22
  },
  {
    "fields": {
      "group": 183,
      "location": 2
    },
    "model": "user.grouplocation",
    "pk": 23
  },
  {
    "fields": {
      "group": 184,
      "location": 3
    },
    "model": "user.grouplocation",
    "pk": 24
  },
  {
    "fields": {
      "group": 185,
      "location": 4
    },
    "model": "user.grouplocation",
    "pk": 25
  },
  {
    "fields": {
      "group": 186,
      "location": 5
    },
    "model": "user.grouplocation",
    "pk": 26
  },
  {
    "fields": {
      "group": 187,
      "location": 6
    },
    "model": "user.grouplocation",
    "pk": 27
  },
  {
    "fields": {
      "group": 188,
      "location": 7
    },
    "model": "user.grouplocation",
    "pk": 28
  },
  {
    "fields": {
      "group": 189,
      "location": 8
    },
    "model": "user.grouplocation",
    "pk": 29
  },
  {
    "fields": {
      "group": 189,
      "location": 9
    },
    "model": "user.grouplocation",
    "pk": 30
  },
  {
    "fields": {
      "group": 189,
      "location": 20
    },
    "model": "user.grouplocation",
    "pk": 31
  },
  {
    "fields": {
      "group": 190,
      "location": 10
    },
    "model": "user.grouplocation",
    "pk": 32
  },
  {
    "fields": {
      "group": 191,
      "location": 11
    },
    "model": "user.grouplocation",
    "pk": 33
  },
  {
    "fields": {
      "group": 192,
      "location": 12
    },
    "model": "user.grouplocation",
    "pk": 34
  },
  {
    "fields": {
      "group": 193,
      "location": 13
    },
    "model": "user.grouplocation",
    "pk": 35
  },
  {
    "fields": {
      "group": 194,
      "location": 14
    },
    "model": "user.grouplocation",
    "pk": 36
  },
  {
    "fields": {
      "group": 195,
      "location": 15
    },
    "model": "user.grouplocation",
    "pk": 37
  },
  {
    "fields": {
      "group": 196,
      "location": 16
    },
    "model": "user.grouplocation",
    "pk": 38
  },
  {
    "fields": {
      "group": 197,
      "location": 17
    },
    "model": "user.grouplocation",
    "pk": 39
  },
  {
    "fields": {
      "group": 198,
      "location": 18
    },
    "model": "user.grouplocation",
    "pk": 40
  },
  {
    "fields": {
      "group": 199,
      "location": 19
    },
    "model": "user.grouplocation",
    "pk": 41
  },
  {
    "fields": {
      "group": 208,
      "location": 10
    },
    "model": "user.grouplocation",
    "pk": 42
  },
  {
    "fields": {
      "group": 183,
      "location": 10
    },
    "model": "user.grouplocation",
    "pk": 43
  },
  {
    "fields": {
      "group": 402,
      "location": 2
    },
    "model": "user.grouplocation",
    "pk": 44
  },
  {
    "fields": {
      "group": 382,
      "location": 9
    },
    "model": "user.grouplocation",
    "pk": 45
  },
  {
    "fields": {
      "group": 383,
      "location": 20
    },
    "model": "user.grouplocation",
    "pk": 46
  },
  {
    "fields": {
      "group": 402,
      "location": 10
    },
    "model": "user.grouplocation",
    "pk": 47
  },
  {
    "fields": {
      "group": 503,
      "location": 1
    },
    "model": "user.grouplocation",
    "pk": 48
  },
  {
    "fields": {
      "group": 505,
      "location": 3
    },
    "model": "user.grouplocation",
    "pk": 49
  },
  {
    "fields": {
      "group": 508,
      "location": 6
    },
    "model": "user.grouplocation",
    "pk": 50
  },
  {
    "fields": {
      "group": 507,
      "location": 5
    },
    "model": "user.grouplocation",
    "pk": 51
  },
  {
    "fields": {
      "group": 506,
      "location": 4
    },
    "model": "user.grouplocation",
    "pk": 52
  },
  {
    "fields": {
      "group": 509,
      "location": 7
    },
    "model": "user.grouplocation",
    "pk": 53
  },
  {
    "fields": {
      "group": 509,
      "location": 17
    },
    "model": "user.grouplocation",
    "pk": 54
  },
  {
    "fields": {
      "group": 510,
      "location": 9
    },
    "model": "user.grouplocation",
    "pk": 55
  },
  {
    "fields": {
      "group": 511,
      "location": 8
    },
    "model": "user.grouplocation",
    "pk": 56
  },
  {
    "fields": {
      "group": 511,
      "location": 9
    },
    "model": "user.grouplocation",
    "pk": 57
  },
  {
    "fields": {
      "group": 511,
      "location": 20
    },
    "model": "user.grouplocation",
    "pk": 58
  },
  {
    "fields": {
      "group": 512,
      "location": 11
    },
    "model": "user.grouplocation",
    "pk": 59
  },
  {
    "fields": {
      "group": 513,
      "location": 12
    },
    "model": "user.grouplocation",
    "pk": 60
  },
  {
    "fields": {
      "group": 514,
      "location": 13
    },
    "model": "user.grouplocation",
    "pk": 61
  },
  {
    "fields": {
      "group": 515,
      "location": 14
    },
    "model": "user.grouplocation",
    "pk": 62
  },
  {
    "fields": {
      "group": 516,
      "location": 15
    },
    "model": "user.grouplocation",
    "pk": 63
  },
  {
    "fields": {
      "group": 517,
      "location": 16
    },
    "model": "user.grouplocation",
    "pk": 64
  },
  {
    "fields": {
      "group": 518,
      "location": 17
    },
    "model": "user.grouplocation",
    "pk": 65
  },
  {
    "fields": {
      "group": 519,
      "location": 18
    },
    "model": "user.grouplocation",
    "pk": 66
  },
  {
    "fields": {
      "group": 520,
      "location": 19
    },
    "model": "user.grouplocation",
    "pk": 67
  },
  {
    "fields": {
      "group": 521,
      "location": 20
    },
    "model": "user.grouplocation",
    "pk": 68
  },
  {
    "fields": {
      "group": 504,
      "location": 10
    },
    "model": "user.grouplocation",
    "pk": 69
  },
  {
    "fields": {
      "group": 812,
      "location": 7
    },
    "model": "user.grouplocation",
    "pk": 70
  },
  {
    "fields": {
      "group": 813,
      "location": 8
    },
    "model": "user.grouplocation",
    "pk": 71
  },
  {
    "fields": {
      "group": 812,
      "location": 5
    },
    "model": "user.grouplocation",
    "pk": 72
  },
  {
    "fields": {
      "group": 812,
      "location": 17
    },
    "model": "user.grouplocation",
    "pk": 73
  },
  {
    "fields": {
      "group": 812,
      "location": 15
    },
    "model": "user.grouplocation",
    "pk": 74
  },
  {
    "fields": {
      "group": 812,
      "location": 13
    },
    "model": "user.grouplocation",
    "pk": 75
  },
  {
    "fields": {
      "group": 812,
      "location": 1
    },
    "model": "user.grouplocation",
    "pk": 76
  },
  {
    "fields": {
      "group": 812,
      "location": 19
    },
    "model": "user.grouplocation",
    "pk": 77
  },
  {
    "fields": {
      "group": 812,
      "location": 3
    },
    "model": "user.grouplocation",
    "pk": 78
  },
  {
    "fields": {
      "group": 812,
      "location": 9
    },
    "model": "user.grouplocation",
    "pk": 79
  },
  {
    "fields": {
      "group": 812,
      "location": 18
    },
    "model": "user.grouplocation",
    "pk": 80
  },
  {
    "fields": {
      "group": 811,
      "location": 2
    },
    "model": "user.grouplocation",
    "pk": 81
  },
  {
    "fields": {
      "group": 812,
      "location": 11
    },
    "model": "user.grouplocation",
    "pk": 82
  },
  {
    "fields": {
      "group": 812,
      "location": 20
    },
    "model": "user.grouplocation",
    "pk": 83
  },
  {
    "fields": {
      "group": 811,
      "location": 10
    },
    "model": "user.grouplocation",
    "pk": 84
  },
  {
    "fields": {
      "group": 812,
      "location": 16
    },
    "model": "user.grouplocation",
    "pk": 85
  },
  {
    "fields": {
      "group": 811,
      "location": 12
    },
    "model": "user.grouplocation",
    "pk": 86
  },
  {
    "fields": {
      "group": 812,
      "location": 14
    },
    "model": "user.grouplocation",
    "pk": 87
  },
  {
    "fields": {
      "group": 810,
      "location": 6
    },
    "model": "user.grouplocation",
    "pk": 88
  },
  {
    "fields": {
      "group": 812,
      "location": 4
    },
    "model": "user.grouplocation",
    "pk": 89
  },
  {
    "fields": {
      "group": 838,
      "location": 2
    },
    "model": "user.grouplocation",
    "pk": 90
  },
  {
    "fields": {
      "group": 838,
      "location": 10
    },
    "model": "user.grouplocation",
    "pk": 91
  },
  {
    "fields": {
      "group": 838,
      "location": 12
    },
    "model": "user.grouplocation",
    "pk": 92
  },
  {
    "fields": {
      "group": 837,
      "location": 1
    },
    "model": "user.grouplocation",
    "pk": 93
  },
  {
    "fields": {
      "group": 837,
      "location": 3
    },
    "model": "user.grouplocation",
    "pk": 94
  },
  {
    "fields": {
      "group": 837,
      "location": 4
    },
    "model": "user.grouplocation",
    "pk": 95
  },
  {
    "fields": {
      "group": 837,
      "location": 5
    },
    "model": "user.grouplocation",
    "pk": 96
  },
  {
    "fields": {
      "group": 837,
      "location": 6
    },
    "model": "user.grouplocation",
    "pk": 97
  },
  {
    "fields": {
      "group": 837,
      "location": 7
    },
    "model": "user.grouplocation",
    "pk": 98
  },
  {
    "fields": {
      "group": 837,
      "location": 8
    },
    "model": "user.grouplocation",
    "pk": 99
  },
  {
    "fields": {
      "group": 837,
      "location": 9
    },
    "model": "user.grouplocation",
    "pk": 100
  },
  {
    "fields": {
      "group": 837,
      "location": 11
    },
    "model": "user.grouplocation",
    "pk": 101
  },
  {
    "fields": {
      "group": 837,
      "location": 13
    },
    "model": "user.grouplocation",
    "pk": 102
  },
  {
    "fields": {
      "group": 837,
      "location": 14
    },
    "model": "user.grouplocation",
    "pk": 103
  },
  {
    "fields": {
      "group": 837,
      "location": 15
    },
    "model": "user.grouplocation",
    "pk": 104
  },
  {
    "fields": {
      "group": 837,
      "location": 16
    },
    "model": "user.grouplocation",
    "pk": 105
  },
  {
    "fields": {
      "group": 837,
      "location": 17
    },
    "model": "user.grouplocation",
    "pk": 106
  },
  {
    "fields": {
      "group": 837,
      "location": 18
    },
    "model": "user.grouplocation",
    "pk": 107
  },
  {
    "fields": {
      "group": 837,
      "location": 19
    },
    "model": "user.grouplocation",
    "pk": 108
  },
  {
    "fields": {
      "group": 837,
      "location": 20
    },
    "model": "user.grouplocation",
    "pk": 109
  },
  {
    "fields": {
      "group": 937,
      "location": 1
    },
    "model": "user.grouplocation",
    "pk": 110
  },
  {
    "fields": {
      "group": 937,
      "location": 2
    },
    "model": "user.grouplocation",
    "pk": 111
  },
  {
    "fields": {
      "group": 937,
      "location": 3
    },
    "model": "user.grouplocation",
    "pk": 112
  },
  {
    "fields": {
      "group": 937,
      "location": 4
    },
    "model": "user.grouplocation",
    "pk": 113
  },
  {
    "fields": {
      "group": 937,
      "location": 5
    },
    "model": "user.grouplocation",
    "pk": 114
  },
  {
    "fields": {
      "group": 937,
      "location": 6
    },
    "model": "user.grouplocation",
    "pk": 115
  },
  {
    "fields": {
      "group": 937,
      "location": 7
    },
    "model": "user.grouplocation",
    "pk": 116
  },
  {
    "fields": {
      "group": 937,
      "location": 8
    },
    "model": "user.grouplocation",
    "pk": 117
  },
  {
    "fields": {
      "group": 937,
      "location": 9
    },
    "model": "user.grouplocation",
    "pk": 118
  },
  {
    "fields": {
      "group": 937,
      "location": 10
    },
    "model": "user.grouplocation",
    "pk": 119
  },
  {
    "fields": {
      "group": 937,
      "location": 11
    },
    "model": "user.grouplocation",
    "pk": 120
  },
  {
    "fields": {
      "group": 937,
      "location": 12
    },
    "model": "user.grouplocation",
    "pk": 121
  },
  {
    "fields": {
      "group": 937,
      "location": 13
    },
    "model": "user.grouplocation",
    "pk": 122
  },
  {
    "fields": {
      "group": 937,
      "location": 14
    },
    "model": "user.grouplocation",
    "pk": 123
  },
  {
    "fields": {
      "group": 937,
      "location": 15
    },
    "model": "user.grouplocation",
    "pk": 124
  },
  {
    "fields": {
      "group": 937,
      "location": 16
    },
    "model": "user.grouplocation",
    "pk": 125
  },
  {
    "fields": {
      "group": 937,
      "location": 17
    },
    "model": "user.grouplocation",
    "pk": 126
  },
  {
    "fields": {
      "group": 937,
      "location": 18
    },
    "model": "user.grouplocation",
    "pk": 127
  },
  {
    "fields": {
      "group": 937,
      "location": 19
    },
    "model": "user.grouplocation",
    "pk": 128
  },
  {
    "fields": {
      "group": 937,
      "location": 20
    },
    "model": "user.grouplocation",
    "pk": 129
  },
  {
    "fields": {
      "group": 957,
      "location": 1
    },
    "model": "user.grouplocation",
    "pk": 130
  },
  {
    "fields": {
      "group": 957,
      "location": 2
    },
    "model": "user.grouplocation",
    "pk": 131
  },
  {
    "fields": {
      "group": 957,
      "location": 3
    },
    "model": "user.grouplocation",
    "pk": 132
  },
  {
    "fields": {
      "group": 957,
      "location": 4
    },
    "model": "user.grouplocation",
    "pk": 133
  },
  {
    "fields": {
      "group": 957,
      "location": 5
    },
    "model": "user.grouplocation",
    "pk": 134
  },
  {
    "fields": {
      "group": 957,
      "location": 6
    },
    "model": "user.grouplocation",
    "pk": 135
  },
  {
    "fields": {
      "group": 957,
      "location": 7
    },
    "model": "user.grouplocation",
    "pk": 136
  },
  {
    "fields": {
      "group": 957,
      "location": 8
    },
    "model": "user.grouplocation",
    "pk": 137
  },
  {
    "fields": {
      "group": 957,
      "location": 9
    },
    "model": "user.grouplocation",
    "pk": 138
  },
  {
    "fields": {
      "group": 957,
      "location": 10
    },
    "model": "user.grouplocation",
    "pk": 139
  },
  {
    "fields": {
      "group": 957,
      "location": 11
    },
    "model": "user.grouplocation",
    "pk": 140
  },
  {
    "fields": {
      "group": 957,
      "location": 12
    },
    "model": "user.grouplocation",
    "pk": 141
  },
  {
    "fields": {
      "group": 957,
      "location": 13
    },
    "model": "user.grouplocation",
    "pk": 142
  },
  {
    "fields": {
      "group": 957,
      "location": 14
    },
    "model": "user.grouplocation",
    "pk": 143
  },
  {
    "fields": {
      "group": 957,
      "location": 15
    },
    "model": "user.grouplocation",
    "pk": 144
  },
  {
    "fields": {
      "group": 957,
      "location": 16
    },
    "model": "user.grouplocation",
    "pk": 145
  },
  {
    "fields": {
      "group": 957,
      "location": 17
    },
    "model": "user.grouplocation",
    "pk": 146
  },
  {
    "fields": {
      "group": 957,
      "location": 18
    },
    "model": "user.grouplocation",
    "pk": 147
  },
  {
    "fields": {
      "group": 957,
      "location": 19
    },
    "model": "user.grouplocation",
    "pk": 148
  },
  {
    "fields": {
      "group": 957,
      "location": 20
    },
    "model": "user.grouplocation",
    "pk": 149
  },
  {
    "fields": {
      "group": 977,
      "location": 8
    },
    "model": "user.grouplocation",
    "pk": 150
  },
  {
    "fields": {
      "group": 1017,
      "location": 1
    },
    "model": "user.grouplocation",
    "pk": 151
  },
  {
    "fields": {
      "group": 1017,
      "location": 2
    },
    "model": "user.grouplocation",
    "pk": 152
  },
  {
    "fields": {
      "group": 1017,
      "location": 3
    },
    "model": "user.grouplocation",
    "pk": 153
  },
  {
    "fields": {
      "group": 1017,
      "location": 4
    },
    "model": "user.grouplocation",
    "pk": 154
  },
  {
    "fields": {
      "group": 1017,
      "location": 5
    },
    "model": "user.grouplocation",
    "pk": 155
  },
  {
    "fields": {
      "group": 1017,
      "location": 6
    },
    "model": "user.grouplocation",
    "pk": 156
  },
  {
    "fields": {
      "group": 1017,
      "location": 7
    },
    "model": "user.grouplocation",
    "pk": 157
  },
  {
    "fields": {
      "group": 1017,
      "location": 8
    },
    "model": "user.grouplocation",
    "pk": 158
  },
  {
    "fields": {
      "group": 1017,
      "location": 9
    },
    "model": "user.grouplocation",
    "pk": 159
  },
  {
    "fields": {
      "group": 1017,
      "location": 10
    },
    "model": "user.grouplocation",
    "pk": 160
  },
  {
    "fields": {
      "group": 1017,
      "location": 11
    },
    "model": "user.grouplocation",
    "pk": 161
  },
  {
    "fields": {
      "group": 1017,
      "location": 12
    },
    "model": "user.grouplocation",
    "pk": 162
  },
  {
    "fields": {
      "group": 1017,
      "location": 13
    },
    "model": "user.grouplocation",
    "pk": 163
  },
  {
    "fields": {
      "group": 1017,
      "location": 14
    },
    "model": "user.grouplocation",
    "pk": 164
  },
  {
    "fields": {
      "group": 1017,
      "location": 15
    },
    "model": "user.grouplocation",
    "pk": 165
  },
  {
    "fields": {
      "group": 1017,
      "location": 16
    },
    "model": "user.grouplocation",
    "pk": 166
  },
  {
    "fields": {
      "group": 1017,
      "location": 17
    },
    "model": "user.grouplocation",
    "pk": 167
  },
  {
    "fields": {
      "group": 1017,
      "location": 18
    },
    "model": "user.grouplocation",
    "pk": 168
  },
  {
    "fields": {
      "group": 1017,
      "location": 19
    },
    "model": "user.grouplocation",
    "pk": 169
  },
  {
    "fields": {
      "group": 1017,
      "location": 20
    },
    "model": "user.grouplocation",
    "pk": 170
  },
  {
    "fields": {
      "group": 1020,
      "location": 21
    },
    "model": "user.grouplocation",
    "pk": 171
  },
  {
    "fields": {
      "group": 1021,
      "location": 22
    },
    "model": "user.grouplocation",
    "pk": 172
  },
  {
    "fields": {
      "group": 1024,
      "location": 15
    },
    "model": "user.grouplocation",
    "pk": 173
  },
  {
    "fields": {
      "group": 812,
      "location": 2
    },
    "model": "user.grouplocation",
    "pk": 177
  },
  {
    "fields": {
      "group": 812,
      "location": 6
    },
    "model": "user.grouplocation",
    "pk": 178
  },
  {
    "fields": {
      "group": 812,
      "location": 8
    },
    "model": "user.grouplocation",
    "pk": 179
  },
  {
    "fields": {
      "group": 1026,
      "location": 6
    },
    "model": "user.grouplocation",
    "pk": 180
  },
  {
    "fields": {
      "group": 1029,
      "location": 1
    },
    "model": "user.grouplocation",
    "pk": 181
  },
  {
    "fields": {
      "group": 1030,
      "location": 2
    },
    "model": "user.grouplocation",
    "pk": 182
  },
  {
    "fields": {
      "group": 1030,
      "location": 8
    },
    "model": "user.grouplocation",
    "pk": 183
  },
  {
    "fields": {
      "group": 1030,
      "location": 10
    },
    "model": "user.grouplocation",
    "pk": 184
  },
  {
    "fields": {
      "group": 1030,
      "location": 12
    },
    "model": "user.grouplocation",
    "pk": 185
  },
  {
    "fields": {
      "group": 1031,
      "location": 1
    },
    "model": "user.grouplocation",
    "pk": 186
  },
  {
    "fields": {
      "group": 1032,
      "location": 1
    },
    "model": "user.grouplocation",
    "pk": 187
  },
  {
    "fields": {
      "group": 1033,
      "location": 1
    },
    "model": "user.grouplocation",
    "pk": 188
  },
  {
    "fields": {
      "group": 1034,
      "location": 1
    },
    "model": "user.grouplocation",
    "pk": 189
  },
  {
    "fields": {
      "group": 1040,
      "location": 2
    },
    "model": "user.grouplocation",
    "pk": 190
  },
  {
    "fields": {
      "group": 1041,
      "location": 1
    },
    "model": "user.grouplocation",
    "pk": 191
  },
  {
    "fields": {
      "group": 1042,
      "location": 10
    },
    "model": "user.grouplocation",
    "pk": 192
  },
  {
    "fields": {
      "group": 1043,
      "location": 3
    },
    "model": "user.grouplocation",
    "pk": 193
  },
  {
    "fields": {
      "group": 1044,
      "location": 4
    },
    "model": "user.grouplocation",
    "pk": 194
  },
  {
    "fields": {
      "group": 1045,
      "location": 5
    },
    "model": "user.grouplocation",
    "pk": 195
  },
  {
    "fields": {
      "group": 1046,
      "location": 6
    },
    "model": "user.grouplocation",
    "pk": 196
  },
  {
    "fields": {
      "group": 1047,
      "location": 7
    },
    "model": "user.grouplocation",
    "pk": 197
  },
  {
    "fields": {
      "group": 1048,
      "location": 9
    },
    "model": "user.grouplocation",
    "pk": 198
  },
  {
    "fields": {
      "group": 1049,
      "location": 8
    },
    "model": "user.grouplocation",
    "pk": 199
  },
  {
    "fields": {
      "group": 1050,
      "location": 11
    },
    "model": "user.grouplocation",
    "pk": 200
  },
  {
    "fields": {
      "group": 1051,
      "location": 12
    },
    "model": "user.grouplocation",
    "pk": 201
  },
  {
    "fields": {
      "group": 1052,
      "location": 13
    },
    "model": "user.grouplocation",
    "pk": 202
  },
  {
    "fields": {
      "group": 1053,
      "location": 14
    },
    "model": "user.grouplocation",
    "pk": 203
  },
  {
    "fields": {
      "group": 1054,
      "location": 15
    },
    "model": "user.grouplocation",
    "pk": 204
  },
  {
    "fields": {
      "group": 1055,
      "location": 16
    },
    "model": "user.grouplocation",
    "pk": 205
  },
  {
    "fields": {
      "group": 1056,
      "location": 17
    },
    "model": "user.grouplocation",
    "pk": 206
  },
  {
    "fields": {
      "group": 1057,
      "location": 18
    },
    "model": "user.grouplocation",
    "pk": 208
  },
  {
    "fields": {
      "group": 1058,
      "location": 19
    },
    "model": "user.grouplocation",
    "pk": 209
  },
  {
    "fields": {
      "group": 1059,
      "location": 20
    },
    "model": "user.grouplocation",
    "pk": 210
  },
  {
    "fields": {
      "group": 1063,
      "location": 18
    },
    "model": "user.grouplocation",
    "pk": 211
  },
  {
    "fields": {
      "group": 1065,
      "location": 18
    },
    "model": "user.grouplocation",
    "pk": 212
  },
  {
    "fields": {
      "communal_cantonal_number": 1,
      "communal_federal_number": "1201",
      "commune_name": "Altdorf (UR)",
      "district_name": "",
      "district_number": null,
      "name": "Altdorf",
      "section_name": "",
      "section_number": null,
      "zip": "6460"
    },
    "model": "user.location",
    "pk": 1
  },
  {
    "fields": {
      "communal_cantonal_number": 2,
      "communal_federal_number": "1202",
      "commune_name": "Andermatt",
      "district_name": "",
      "district_number": null,
      "name": "Andermatt",
      "section_name": "",
      "section_number": null,
      "zip": "6490"
    },
    "model": "user.location",
    "pk": 2
  },
  {
    "fields": {
      "communal_cantonal_number": 3,
      "communal_federal_number": "1203",
      "commune_name": "Attinghausen",
      "district_name": "",
      "district_number": null,
      "name": "Attinghausen",
      "section_name": "",
      "section_number": null,
      "zip": "6468"
    },
    "model": "user.location",
    "pk": 3
  },
  {
    "fields": {
      "communal_cantonal_number": 4,
      "communal_federal_number": "1204",
      "commune_name": "Bauen",
      "district_name": "",
      "district_number": null,
      "name": "Bauen",
      "section_name": "",
      "section_number": null,
      "zip": "6466"
    },
    "model": "user.location",
    "pk": 4
  },
  {
    "fields": {
      "communal_cantonal_number": 5,
      "communal_federal_number": "1205",
      "commune_name": "B\u00fcrglen",
      "district_name": "",
      "district_number": null,
      "name": "B\u00fcrglen",
      "section_name": "",
      "section_number": null,
      "zip": "6463"
    },
    "model": "user.location",
    "pk": 5
  },
  {
    "fields": {
      "communal_cantonal_number": 6,
      "communal_federal_number": "1206",
      "commune_name": "Erstfeld",
      "district_name": "",
      "district_number": null,
      "name": "Erstfeld",
      "section_name": "",
      "section_number": null,
      "zip": "6472"
    },
    "model": "user.location",
    "pk": 6
  },
  {
    "fields": {
      "communal_cantonal_number": 7,
      "communal_federal_number": "1207",
      "commune_name": "Fl\u00fcelen",
      "district_name": "",
      "district_number": null,
      "name": "Fl\u00fcelen",
      "section_name": "",
      "section_number": null,
      "zip": "6454"
    },
    "model": "user.location",
    "pk": 7
  },
  {
    "fields": {
      "communal_cantonal_number": 8,
      "communal_federal_number": "1208",
      "commune_name": "G\u00f6schenen",
      "district_name": "",
      "district_number": null,
      "name": "G\u00f6schenen",
      "section_name": "",
      "section_number": null,
      "zip": "6487"
    },
    "model": "user.location",
    "pk": 8
  },
  {
    "fields": {
      "communal_cantonal_number": 9,
      "communal_federal_number": "1209",
      "commune_name": "Gurtnellen",
      "district_name": "",
      "district_number": null,
      "name": "Gurtnellen",
      "section_name": "",
      "section_number": null,
      "zip": "6482"
    },
    "model": "user.location",
    "pk": 9
  },
  {
    "fields": {
      "communal_cantonal_number": 10,
      "communal_federal_number": "1210",
      "commune_name": "Hospental",
      "district_name": "",
      "district_number": null,
      "name": "Hospental",
      "section_name": "",
      "section_number": null,
      "zip": "6493"
    },
    "model": "user.location",
    "pk": 10
  },
  {
    "fields": {
      "communal_cantonal_number": 11,
      "communal_federal_number": "1211",
      "commune_name": "Isenthal",
      "district_name": "",
      "district_number": null,
      "name": "Isenthal",
      "section_name": "",
      "section_number": null,
      "zip": "6461"
    },
    "model": "user.location",
    "pk": 11
  },
  {
    "fields": {
      "communal_cantonal_number": 12,
      "communal_federal_number": "1212",
      "commune_name": "Realp",
      "district_name": "",
      "district_number": null,
      "name": "Realp",
      "section_name": "",
      "section_number": null,
      "zip": "6491"
    },
    "model": "user.location",
    "pk": 12
  },
  {
    "fields": {
      "communal_cantonal_number": 13,
      "communal_federal_number": "1213",
      "commune_name": "Schattdorf",
      "district_name": "",
      "district_number": null,
      "name": "Schattdorf",
      "section_name": "",
      "section_number": null,
      "zip": "6467"
    },
    "model": "user.location",
    "pk": 13
  },
  {
    "fields": {
      "communal_cantonal_number": 14,
      "communal_federal_number": "1214",
      "commune_name": "Seedorf (UR)",
      "district_name": "",
      "district_number": null,
      "name": "Seedorf",
      "section_name": "",
      "section_number": null,
      "zip": "6462"
    },
    "model": "user.location",
    "pk": 14
  },
  {
    "fields": {
      "communal_cantonal_number": 15,
      "communal_federal_number": "1215",
      "commune_name": "Seelisberg",
      "district_name": "",
      "district_number": null,
      "name": "Seelisberg",
      "section_name": "",
      "section_number": null,
      "zip": "6377"
    },
    "model": "user.location",
    "pk": 15
  },
  {
    "fields": {
      "communal_cantonal_number": 16,
      "communal_federal_number": "1216",
      "commune_name": "Silenen",
      "district_name": "",
      "district_number": null,
      "name": "Silenen",
      "section_name": "",
      "section_number": null,
      "zip": "6473"
    },
    "model": "user.location",
    "pk": 16
  },
  {
    "fields": {
      "communal_cantonal_number": 17,
      "communal_federal_number": "1217",
      "commune_name": "Sisikon",
      "district_name": "",
      "district_number": null,
      "name": "Sisikon",
      "section_name": "",
      "section_number": null,
      "zip": "6452"
    },
    "model": "user.location",
    "pk": 17
  },
  {
    "fields": {
      "communal_cantonal_number": 18,
      "communal_federal_number": "1218",
      "commune_name": "Spiringen",
      "district_name": "",
      "district_number": null,
      "name": "Spiringen",
      "section_name": "",
      "section_number": null,
      "zip": "6464"
    },
    "model": "user.location",
    "pk": 18
  },
  {
    "fields": {
      "communal_cantonal_number": 19,
      "communal_federal_number": "1219",
      "commune_name": "Untersch\u00e4chen",
      "district_name": "",
      "district_number": null,
      "name": "Untersch\u00e4chen",
      "section_name": "",
      "section_number": null,
      "zip": "6465"
    },
    "model": "user.location",
    "pk": 19
  },
  {
    "fields": {
      "communal_cantonal_number": 20,
      "communal_federal_number": "1220",
      "commune_name": "Wassen",
      "district_name": "",
      "district_number": null,
      "name": "Wassen",
      "section_name": "",
      "section_number": null,
      "zip": "6484"
    },
    "model": "user.location",
    "pk": 20
  },
  {
    "fields": {
      "communal_cantonal_number": 21,
      "communal_federal_number": null,
      "commune_name": "Diverse Gemeinden",
      "district_name": null,
      "district_number": null,
      "name": "Diverse Gemeinden",
      "section_name": null,
      "section_number": null,
      "zip": null
    },
    "model": "user.location",
    "pk": 21
  },
  {
    "fields": {
      "communal_cantonal_number": 22,
      "communal_federal_number": null,
      "commune_name": "Alle Gemeinden",
      "district_name": null,
      "district_number": null,
      "name": "Alle Gemeinden",
      "section_name": null,
      "section_number": null,
      "zip": null
    },
    "model": "user.location",
    "pk": 22
  },
  {
    "fields": {
      "group_prefix": null,
      "name": "Admin",
      "role_parent": null
    },
    "model": "user.role",
    "pk": 1
  },
  {
    "fields": {
      "group_prefix": null,
      "name": "Guest",
      "role_parent": null
    },
    "model": "user.role",
    "pk": 2
  },
  {
    "fields": {
      "group_prefix": null,
      "name": "Koordinationsstelle Baugesuche BG",
      "role_parent": null
    },
    "model": "user.role",
    "pk": 3
  },
  {
    "fields": {
      "group_prefix": null,
      "name": "Vernehmlassungsstelle mit Koordinationsaufgaben",
      "role_parent": null
    },
    "model": "user.role",
    "pk": 4
  },
  {
    "fields": {
      "group_prefix": null,
      "name": "Architect",
      "role_parent": null
    },
    "model": "user.role",
    "pk": 5
  },
  {
    "fields": {
      "group_prefix": null,
      "name": "Sekretariat der Gemeindebaubeh\u00f6rde",
      "role_parent": null
    },
    "model": "user.role",
    "pk": 6
  },
  {
    "fields": {
      "group_prefix": null,
      "name": "Mitglied der Gemeindebaubeh\u00f6rde",
      "role_parent": null
    },
    "model": "user.role",
    "pk": 7
  },
  {
    "fields": {
      "group_prefix": null,
      "name": "Vernehmlassungsstelle ohne Koordinationsaufgaben",
      "role_parent": null
    },
    "model": "user.role",
    "pk": 1021
  },
  {
    "fields": {
      "group_prefix": null,
      "name": "Koordinationsstelle Nutzungsplanung NP",
      "role_parent": null
    },
    "model": "user.role",
    "pk": 1061
  },
  {
    "fields": {
      "group_prefix": null,
      "name": "Mitglied einer Kommission oder Fachgruppe",
      "role_parent": null
    },
    "model": "user.role",
    "pk": 1081
  },
  {
    "fields": {
      "group_prefix": null,
      "name": "Koordinationsstelle Baudirektion BD",
      "role_parent": null
    },
    "model": "user.role",
    "pk": 1101
  },
  {
    "fields": {
      "group_prefix": null,
      "name": "Gemeinde als Vernehmlassungsstelle",
      "role_parent": null
    },
    "model": "user.role",
    "pk": 1102
  },
  {
    "fields": {
      "group_prefix": null,
      "name": "Portal User",
      "role_parent": null
    },
    "model": "user.role",
    "pk": 1103
  },
  {
    "fields": {
      "group_prefix": null,
      "name": "Vernehmlassungsstelle Gemeindezirkulation",
      "role_parent": null
    },
    "model": "user.role",
    "pk": 1104
  },
  {
    "fields": {
      "group_prefix": null,
      "name": "Organisation mit Leseberechtigung",
      "role_parent": null
    },
    "model": "user.role",
    "pk": 1105
  },
  {
    "fields": {
      "group_prefix": null,
      "name": "Koordinationsstelle Umweltschutz AfU",
      "role_parent": null
    },
    "model": "user.role",
    "pk": 1106
  },
  {
    "fields": {
      "group_prefix": null,
      "name": "Koordinationsstelle Landwirtschaft ALA",
      "role_parent": null
    },
    "model": "user.role",
    "pk": 1107
  },
  {
    "fields": {
      "group_prefix": null,
      "name": "Koordinationsstelle Energie AfE",
      "role_parent": null
    },
    "model": "user.role",
    "pk": 1127
  },
  {
    "fields": {
      "group_prefix": null,
      "name": "Koordinationsstelle Forst und Jagd AFJ",
      "role_parent": null
    },
    "model": "user.role",
    "pk": 1128
  },
  {
    "fields": {
      "group_prefix": null,
      "name": "Koordinationsstelle Sicherheitsdirektion SD",
      "role_parent": null
    },
    "model": "user.role",
    "pk": 1129
  },
  {
    "fields": {
      "group_prefix": null,
      "name": "Bundesstelle",
      "role_parent": null
    },
    "model": "user.role",
    "pk": 1130
  },
  {
    "fields": {
      "group_prefix": null,
      "name": "Support",
      "role_parent": null
    },
    "model": "user.role",
    "pk": 1131
  },
  {
    "fields": {
      "address": "",
      "city": "",
      "description": "Kantonale Koordinationsstelle f\u00fcr Baueingaben",
      "disabled": 0,
      "email": "",
      "name": "ARE KOOR BG",
      "notification": 1,
      "phone": "",
      "service_group": 1,
      "service_parent": null,
      "sort": 124,
      "website": "",
      "zip": ""
    },
    "model": "user.service",
    "pk": 1
  },
  {
    "fields": {
      "address": "",
      "city": "",
      "description": "Amt f\u00fcr Forst und Jagd und Abteilung Naturgefahren",
      "disabled": 0,
      "email": "sid.afj@ur.ch",
      "name": "AFJ",
      "notification": 1,
      "phone": "",
      "service_group": 63,
      "service_parent": null,
      "sort": 50,
      "website": "",
      "zip": ""
    },
    "model": "user.service",
    "pk": 2
  },
  {
    "fields": {
      "address": "",
      "city": "",
      "description": "Amt f\u00fcr Arbeit und Migration",
      "disabled": 0,
      "email": "",
      "name": "AfAM",
      "notification": 1,
      "phone": "",
      "service_group": 64,
      "service_parent": null,
      "sort": 126,
      "website": "",
      "zip": ""
    },
    "model": "user.service",
    "pk": 3
  },
  {
    "fields": {
      "address": "",
      "city": "",
      "description": "Gew\u00e4sserschutz und Immissionsschutz",
      "disabled": 0,
      "email": "sarah.bucher@ur.ch",
      "name": "AfU",
      "notification": 1,
      "phone": "",
      "service_group": 62,
      "service_parent": null,
      "sort": 128,
      "website": "",
      "zip": ""
    },
    "model": "user.service",
    "pk": 21
  },
  {
    "fields": {
      "address": "",
      "city": "",
      "description": "Baudirektion Uri Direktionssekretariat",
      "disabled": 0,
      "email": "viktor.arnold@ur.ch",
      "name": "BD DS",
      "notification": 1,
      "phone": "",
      "service_group": 2,
      "service_parent": null,
      "sort": 48,
      "website": "",
      "zip": ""
    },
    "model": "user.service",
    "pk": 41
  },
  {
    "fields": {
      "address": "",
      "city": "",
      "description": "Amt f\u00fcr Bev\u00f6lkerungsschutz und Milit\u00e4r Abteilung Zivilschutz",
      "disabled": 0,
      "email": "gisler.martin@ur.ch",
      "name": "ABM ZS",
      "notification": 1,
      "phone": "",
      "service_group": 63,
      "service_parent": null,
      "sort": 88,
      "website": "",
      "zip": ""
    },
    "model": "user.service",
    "pk": 61
  },
  {
    "fields": {
      "address": "",
      "city": "",
      "description": "Amt f\u00fcr Bev\u00f6lkerungsschutz und Milit\u00e4r Fachstelle Brandschutz",
      "disabled": 0,
      "email": "gisler.martin@ur.ch",
      "name": "ABM BS",
      "notification": 1,
      "phone": "",
      "service_group": 63,
      "service_parent": null,
      "sort": 87,
      "website": "",
      "zip": ""
    },
    "model": "user.service",
    "pk": 81
  },
  {
    "fields": {
      "address": "",
      "city": "",
      "description": "Procap Behindertengerechtes Bauen",
      "disabled": 0,
      "email": "",
      "name": "Procap",
      "notification": 1,
      "phone": "",
      "service_group": 21,
      "service_parent": null,
      "sort": 21,
      "website": "",
      "zip": ""
    },
    "model": "user.service",
    "pk": 82
  },
  {
    "fields": {
      "address": "",
      "city": "",
      "description": "Abwasser Uri",
      "disabled": 0,
      "email": "info@abwasser-uri.ch",
      "name": "AWU",
      "notification": 1,
      "phone": "",
      "service_group": 21,
      "service_parent": null,
      "sort": 26,
      "website": "",
      "zip": ""
    },
    "model": "user.service",
    "pk": 83
  },
  {
    "fields": {
      "address": null,
      "city": null,
      "description": "Laboratorium der Urkantone Trinkwasserinspektorat",
      "disabled": 0,
      "email": "trinkwasserinspektorat@laburk.ch",
      "name": "LABT (Trinkwasserinspektorat, ausser Betrieb Umstrukturierung LAB)",
      "notification": 1,
      "phone": null,
      "service_group": 21,
      "service_parent": null,
      "sort": 29,
      "website": null,
      "zip": null
    },
    "model": "user.service",
    "pk": 84
  },
  {
    "fields": {
      "address": null,
      "city": null,
      "description": "Laboratorium der Urkantone Lebensmittelinspektorat",
      "disabled": 0,
      "email": "lebensmittelinspektorat@laburk.ch",
      "name": "LABL (Lebensmittelinspektorat)",
      "notification": 1,
      "phone": null,
      "service_group": 21,
      "service_parent": null,
      "sort": 30,
      "website": null,
      "zip": null
    },
    "model": "user.service",
    "pk": 85
  },
  {
    "fields": {
      "address": null,
      "city": null,
      "description": "Laboratorium der Urkantone Veterin\u00e4ramt",
      "disabled": 0,
      "email": null,
      "name": "LABV (Veterin\u00e4rdienst der Urkantone)",
      "notification": 1,
      "phone": null,
      "service_group": 21,
      "service_parent": null,
      "sort": 35,
      "website": null,
      "zip": null
    },
    "model": "user.service",
    "pk": 86
  },
  {
    "fields": {
      "address": "",
      "city": "",
      "description": "Koordinationsstelle Nutzungplanung",
      "disabled": 0,
      "email": "",
      "name": "ARE KOOR NP",
      "notification": 1,
      "phone": "",
      "service_group": 1,
      "service_parent": null,
      "sort": 173,
      "website": "",
      "zip": ""
    },
    "model": "user.service",
    "pk": 87
  },
  {
    "fields": {
      "address": "",
      "city": "",
      "description": "Amt f\u00fcr Raumentwicklung Fachstelle Bauten und Anlagen ausserhalb der Bauzone Kreis 1",
      "disabled": 0,
      "email": "koorbg@ur.ch",
      "name": "ARE BaB Kreis 1",
      "notification": 1,
      "phone": "",
      "service_group": 61,
      "service_parent": null,
      "sort": 65,
      "website": "",
      "zip": ""
    },
    "model": "user.service",
    "pk": 88
  },
  {
    "fields": {
      "address": "",
      "city": "",
      "description": "Fachstelle Tourismusressort Andermatt",
      "disabled": 0,
      "email": "roger.brunner@ur.ch",
      "name": "TRA",
      "notification": 1,
      "phone": "",
      "service_group": 61,
      "service_parent": null,
      "sort": 75,
      "website": "",
      "zip": ""
    },
    "model": "user.service",
    "pk": 89
  },
  {
    "fields": {
      "address": "",
      "city": "",
      "description": "Amt f\u00fcr Raumentwicklung Abteilung Nutzungsplanung",
      "disabled": 0,
      "email": "koornp@ur.ch",
      "name": "ARE NP",
      "notification": 1,
      "phone": "",
      "service_group": 61,
      "service_parent": null,
      "sort": 69,
      "website": "",
      "zip": ""
    },
    "model": "user.service",
    "pk": 90
  },
  {
    "fields": {
      "address": null,
      "city": null,
      "description": "ARE - Abteilung Denkmalpflege und Arch\u00e4ologie - Fachstelle Arch\u00e4ologie",
      "disabled": 0,
      "email": "artur.bucher@ur.ch",
      "name": "ARE ARCH",
      "notification": 1,
      "phone": null,
      "service_group": 61,
      "service_parent": null,
      "sort": 76,
      "website": null,
      "zip": null
    },
    "model": "user.service",
    "pk": 91
  },
  {
    "fields": {
      "address": "",
      "city": "",
      "description": "Amt f\u00fcr Steuern",
      "disabled": 0,
      "email": "",
      "name": "Amt f\u00fcr Steuern",
      "notification": 1,
      "phone": "",
      "service_group": 66,
      "service_parent": null,
      "sort": 61,
      "website": "",
      "zip": ""
    },
    "model": "user.service",
    "pk": 92
  },
  {
    "fields": {
      "address": "",
      "city": "",
      "description": "Amt f\u00fcr Kantonspolizei",
      "disabled": 0,
      "email": "",
      "name": "AfKP",
      "notification": 1,
      "phone": "",
      "service_group": 63,
      "service_parent": null,
      "sort": 93,
      "website": "",
      "zip": ""
    },
    "model": "user.service",
    "pk": 93
  },
  {
    "fields": {
      "address": "",
      "city": "",
      "description": "Amt f\u00fcr Kultur und Sport",
      "disabled": 0,
      "email": "",
      "name": "AfKS",
      "notification": 1,
      "phone": "",
      "service_group": 65,
      "service_parent": null,
      "sort": 58,
      "website": "",
      "zip": ""
    },
    "model": "user.service",
    "pk": 94
  },
  {
    "fields": {
      "address": "",
      "city": "",
      "description": "Amt f\u00fcr Wirtschaft und \u00f6ffentlichen Verkehr",
      "disabled": 0,
      "email": "ds.vd@ur.ch",
      "name": "AfWoeV",
      "notification": 1,
      "phone": "",
      "service_group": 64,
      "service_parent": null,
      "sort": 172,
      "website": "",
      "zip": ""
    },
    "model": "user.service",
    "pk": 95
  },
  {
    "fields": {
      "address": "",
      "city": "",
      "description": "Amt f\u00fcr Landwirtschaft",
      "disabled": 0,
      "email": "ala.vd@ur.ch",
      "name": "ALA",
      "notification": 1,
      "phone": "",
      "service_group": 64,
      "service_parent": null,
      "sort": 174,
      "website": "",
      "zip": ""
    },
    "model": "user.service",
    "pk": 96
  },
  {
    "fields": {
      "address": "",
      "city": "",
      "description": "Alpiq Hochspannungsleitung",
      "disabled": 0,
      "email": "",
      "name": "Alpiq",
      "notification": 1,
      "phone": "",
      "service_group": 21,
      "service_parent": null,
      "sort": 40,
      "website": "",
      "zip": ""
    },
    "model": "user.service",
    "pk": 97
  },
  {
    "fields": {
      "address": null,
      "city": null,
      "description": "ARE - Abteilung Natur und Landschaft",
      "disabled": 0,
      "email": "georges.eich@ur.ch",
      "name": "ARE NL",
      "notification": 1,
      "phone": null,
      "service_group": 61,
      "service_parent": null,
      "sort": 78,
      "website": null,
      "zip": null
    },
    "model": "user.service",
    "pk": 98
  },
  {
    "fields": {
      "address": "",
      "city": "",
      "description": "Amt f\u00fcr Raumentwicklung Fachbereich Seeufer innerhalb Bauzone",
      "disabled": 0,
      "email": "koornp@ur.ch",
      "name": "ARE SU",
      "notification": 1,
      "phone": "",
      "service_group": 61,
      "service_parent": null,
      "sort": 70,
      "website": "",
      "zip": ""
    },
    "model": "user.service",
    "pk": 99
  },
  {
    "fields": {
      "address": "",
      "city": "",
      "description": "Amt f\u00fcr Raumentwicklung Wanderweg- und Bikefachstelle",
      "disabled": 0,
      "email": "adi.arnold@ur.ch",
      "name": "ARE WBF",
      "notification": 1,
      "phone": "",
      "service_group": 61,
      "service_parent": null,
      "sort": 74,
      "website": "",
      "zip": ""
    },
    "model": "user.service",
    "pk": 100
  },
  {
    "fields": {
      "address": "",
      "city": "",
      "description": "Amt f\u00fcr Strassen- und Schiffsverkehr",
      "disabled": 0,
      "email": "",
      "name": "ASSV",
      "notification": 1,
      "phone": "",
      "service_group": 63,
      "service_parent": null,
      "sort": 92,
      "website": "",
      "zip": ""
    },
    "model": "user.service",
    "pk": 101
  },
  {
    "fields": {
      "address": "",
      "city": "",
      "description": "Test",
      "disabled": 0,
      "email": "",
      "name": "Test",
      "notification": 1,
      "phone": "",
      "service_group": 1,
      "service_parent": null,
      "sort": 183,
      "website": "",
      "zip": ""
    },
    "model": "user.service",
    "pk": 102
  },
  {
    "fields": {
      "address": null,
      "city": null,
      "description": "SBB AG (Koordinationstelle)",
      "disabled": 0,
      "email": null,
      "name": "SBB AG (Pendenz von Koordinationstelle)",
      "notification": 1,
      "phone": null,
      "service_group": 71,
      "service_parent": null,
      "sort": 17,
      "website": null,
      "zip": null
    },
    "model": "user.service",
    "pk": 103
  },
  {
    "fields": {
      "address": "",
      "city": "",
      "description": "Justizdirektion Beschwerdedienst",
      "disabled": 0,
      "email": "",
      "name": "BeDi",
      "notification": 1,
      "phone": "",
      "service_group": 61,
      "service_parent": null,
      "sort": 84,
      "website": "",
      "zip": ""
    },
    "model": "user.service",
    "pk": 104
  },
  {
    "fields": {
      "address": "",
      "city": "",
      "description": "Justizdirektion Rechtsdienst",
      "disabled": 0,
      "email": "rechtsdienst@ur.ch",
      "name": "ReDi",
      "notification": 1,
      "phone": "",
      "service_group": 61,
      "service_parent": null,
      "sort": 83,
      "website": "",
      "zip": ""
    },
    "model": "user.service",
    "pk": 105
  },
  {
    "fields": {
      "address": "",
      "city": "",
      "description": "Justizdirektion Direktionssekretariat",
      "disabled": 0,
      "email": "ds.jd@ur.ch",
      "name": "JD DS",
      "notification": 1,
      "phone": "",
      "service_group": 61,
      "service_parent": null,
      "sort": 52,
      "website": "",
      "zip": ""
    },
    "model": "user.service",
    "pk": 106
  },
  {
    "fields": {
      "address": "",
      "city": "",
      "description": "Mitbericht Fachstelle Koordination (proforma Zirkulation)",
      "disabled": 0,
      "email": "",
      "name": "ARE BG",
      "notification": 1,
      "phone": "",
      "service_group": 61,
      "service_parent": null,
      "sort": 82,
      "website": "",
      "zip": ""
    },
    "model": "user.service",
    "pk": 107
  },
  {
    "fields": {
      "address": null,
      "city": null,
      "description": "Landschaftsschutzverband Vierwaldst\u00e4ttersee",
      "disabled": 0,
      "email": null,
      "name": "LSSV (Landschaftsschutzverband Vierwaldst\u00e4ttersee)",
      "notification": 1,
      "phone": null,
      "service_group": 74,
      "service_parent": null,
      "sort": 3,
      "website": null,
      "zip": null
    },
    "model": "user.service",
    "pk": 108
  },
  {
    "fields": {
      "address": "",
      "city": "",
      "description": "Mitbericht Fachstelle Nutzungsplanung (proforma Zirkulation)",
      "disabled": 0,
      "email": "",
      "name": "TEST KOORNP",
      "notification": 1,
      "phone": "",
      "service_group": 1,
      "service_parent": null,
      "sort": 182,
      "website": "",
      "zip": ""
    },
    "model": "user.service",
    "pk": 121
  },
  {
    "fields": {
      "address": "",
      "city": "",
      "description": "Bundesamt f\u00fcr Verkehr",
      "disabled": 0,
      "email": "",
      "name": "BAV",
      "notification": 1,
      "phone": "",
      "service_group": 70,
      "service_parent": null,
      "sort": 18,
      "website": "",
      "zip": ""
    },
    "model": "user.service",
    "pk": 141
  },
  {
    "fields": {
      "address": "",
      "city": "",
      "description": "Zentralverband Abfallbewirtschaftung Kanton Uri",
      "disabled": 0,
      "email": "",
      "name": "ZAKU",
      "notification": 1,
      "phone": "",
      "service_group": 21,
      "service_parent": null,
      "sort": 16,
      "website": "",
      "zip": ""
    },
    "model": "user.service",
    "pk": 161
  },
  {
    "fields": {
      "address": null,
      "city": null,
      "description": "Geometer Vermessung",
      "disabled": 0,
      "email": null,
      "name": "AGO (Geometer)",
      "notification": 1,
      "phone": null,
      "service_group": 21,
      "service_parent": null,
      "sort": 19,
      "website": null,
      "zip": null
    },
    "model": "user.service",
    "pk": 181
  },
  {
    "fields": {
      "address": "",
      "city": "",
      "description": "LIS Uri Geoinformation",
      "disabled": 0,
      "email": "",
      "name": "Lisag",
      "notification": 1,
      "phone": "",
      "service_group": 21,
      "service_parent": null,
      "sort": 13,
      "website": "",
      "zip": ""
    },
    "model": "user.service",
    "pk": 201
  },
  {
    "fields": {
      "address": "",
      "city": "",
      "description": "Zentralschweizer Umweltbauinspektorat",
      "disabled": 0,
      "email": "",
      "name": "ZUBI",
      "notification": 1,
      "phone": "",
      "service_group": 21,
      "service_parent": null,
      "sort": 15,
      "website": "",
      "zip": ""
    },
    "model": "user.service",
    "pk": 221
  },
  {
    "fields": {
      "address": null,
      "city": null,
      "description": "ARE - Abteilung Denkmalpflege und Arch\u00e4ologie - Fachstelle Denkmalpflege",
      "disabled": 0,
      "email": "thomas.brunner@ur.ch",
      "name": "ARE DMP",
      "notification": 1,
      "phone": null,
      "service_group": 61,
      "service_parent": null,
      "sort": 81,
      "website": null,
      "zip": null
    },
    "model": "user.service",
    "pk": 241
  },
  {
    "fields": {
      "address": "",
      "city": "",
      "description": "Amt f\u00fcr Raumentwicklung Fachstelle Bauten ausserhalb der Bauzone Kreis 2",
      "disabled": 0,
      "email": "koorbg@ur.ch",
      "name": "ARE BaB Kreis 2",
      "notification": 1,
      "phone": "",
      "service_group": 61,
      "service_parent": null,
      "sort": 67,
      "website": "",
      "zip": ""
    },
    "model": "user.service",
    "pk": 261
  },
  {
    "fields": {
      "address": "",
      "city": "",
      "description": "Amt f\u00fcr Raumentwicklung Fachstelle Bauten und Anlagen ausserhalb der Bauzone Kreis 3",
      "disabled": 0,
      "email": "koorbg@ur.ch",
      "name": "ARE BaB Kreis 3",
      "notification": 1,
      "phone": "",
      "service_group": 61,
      "service_parent": null,
      "sort": 68,
      "website": "",
      "zip": ""
    },
    "model": "user.service",
    "pk": 262
  },
  {
    "fields": {
      "address": null,
      "city": null,
      "description": "Gemeinderat Andermatt externe Pendenz",
      "disabled": 0,
      "email": null,
      "name": "Gemeinderat Andermatt externe Pendenz",
      "notification": 1,
      "phone": null,
      "service_group": 41,
      "service_parent": null,
      "sort": 134,
      "website": null,
      "zip": null
    },
    "model": "user.service",
    "pk": 281
  },
  {
    "fields": {
      "address": null,
      "city": null,
      "description": "Gemeinderat Altdorf externe Pendenz",
      "disabled": 0,
      "email": null,
      "name": "Gemeinderat Altdorf externe Pendenz",
      "notification": 1,
      "phone": null,
      "service_group": 41,
      "service_parent": null,
      "sort": 122,
      "website": null,
      "zip": null
    },
    "model": "user.service",
    "pk": 301
  },
  {
    "fields": {
      "address": "",
      "city": "",
      "description": "Koordinationsstelle f\u00fcr Bewilligungsverfahren der Baudirektion",
      "disabled": 0,
      "email": "",
      "name": "KOOR BD",
      "notification": 1,
      "phone": "",
      "service_group": 1,
      "service_parent": null,
      "sort": 176,
      "website": "",
      "zip": ""
    },
    "model": "user.service",
    "pk": 302
  },
  {
    "fields": {
      "address": null,
      "city": null,
      "description": "Baudirektion Amt f\u00fcr Tiefbau Abteilung Infrastruktur",
      "disabled": 0,
      "email": null,
      "name": "AfT Abteilung Infrastruktur",
      "notification": 1,
      "phone": null,
      "service_group": 2,
      "service_parent": null,
      "sort": 51,
      "website": null,
      "zip": null
    },
    "model": "user.service",
    "pk": 303
  },
  {
    "fields": {
      "address": null,
      "city": null,
      "description": "Baudirektion Amt f\u00fcr Tiefbau Abteilung Projekte",
      "disabled": 0,
      "email": null,
      "name": "AfT Abteilung Projekte",
      "notification": 1,
      "phone": null,
      "service_group": 2,
      "service_parent": null,
      "sort": 54,
      "website": null,
      "zip": null
    },
    "model": "user.service",
    "pk": 304
  },
  {
    "fields": {
      "address": "",
      "city": "",
      "description": "Baudirektion Betrieb Kantonsstrassen",
      "disabled": 0,
      "email": "",
      "name": "BK",
      "notification": 1,
      "phone": "",
      "service_group": 2,
      "service_parent": null,
      "sort": 55,
      "website": "",
      "zip": ""
    },
    "model": "user.service",
    "pk": 305
  },
  {
    "fields": {
      "address": "",
      "city": "",
      "description": "Baudirektion Amt f\u00fcr Energie",
      "disabled": 0,
      "email": "",
      "name": "AfE",
      "notification": 1,
      "phone": "",
      "service_group": 2,
      "service_parent": null,
      "sort": 57,
      "website": "",
      "zip": ""
    },
    "model": "user.service",
    "pk": 306
  },
  {
    "fields": {
      "address": "",
      "city": "",
      "description": "Baudirektion Amt f\u00fcr Betrieb Nationalstrassen",
      "disabled": 0,
      "email": "afbn@ur.ch",
      "name": "AfBN",
      "notification": 1,
      "phone": "",
      "service_group": 2,
      "service_parent": null,
      "sort": 59,
      "website": "",
      "zip": ""
    },
    "model": "user.service",
    "pk": 307
  },
  {
    "fields": {
      "address": "",
      "city": "",
      "description": "Baudirektion Amt f\u00fcr Hochbau",
      "disabled": 0,
      "email": "",
      "name": "AfH",
      "notification": 1,
      "phone": "",
      "service_group": 2,
      "service_parent": null,
      "sort": 63,
      "website": "",
      "zip": ""
    },
    "model": "user.service",
    "pk": 308
  },
  {
    "fields": {
      "address": "",
      "city": "",
      "description": "Bundesamt f\u00fcr Strassen",
      "disabled": 0,
      "email": "",
      "name": "ASTRA",
      "notification": 1,
      "phone": "",
      "service_group": 70,
      "service_parent": null,
      "sort": 1,
      "website": "",
      "zip": ""
    },
    "model": "user.service",
    "pk": 309
  },
  {
    "fields": {
      "address": "",
      "city": "",
      "description": "Bereitschafts- und Verkehrspolizei",
      "disabled": 0,
      "email": "",
      "name": "BVP",
      "notification": 1,
      "phone": "",
      "service_group": 63,
      "service_parent": null,
      "sort": 73,
      "website": "",
      "zip": ""
    },
    "model": "user.service",
    "pk": 310
  },
  {
    "fields": {
      "address": "",
      "city": "",
      "description": "Bundesgesetz \u00fcber das b\u00e4uerliche Bodenrecht",
      "disabled": 0,
      "email": "",
      "name": "BGBB",
      "notification": 1,
      "phone": "",
      "service_group": 64,
      "service_parent": null,
      "sort": 175,
      "website": "",
      "zip": ""
    },
    "model": "user.service",
    "pk": 321
  },
  {
    "fields": {
      "address": null,
      "city": null,
      "description": "Gemeinderat Attinghausen externe Pendenz",
      "disabled": 0,
      "email": null,
      "name": "Gemeinderat Attinghausen externe Pendenz",
      "notification": 1,
      "phone": null,
      "service_group": 41,
      "service_parent": null,
      "sort": 136,
      "website": null,
      "zip": null
    },
    "model": "user.service",
    "pk": 322
  },
  {
    "fields": {
      "address": null,
      "city": null,
      "description": "Gemeinderat Bauen externe Pendenz",
      "disabled": 0,
      "email": null,
      "name": "Gemeinderat Bauen externe Pendenz",
      "notification": 1,
      "phone": null,
      "service_group": 41,
      "service_parent": null,
      "sort": 139,
      "website": null,
      "zip": null
    },
    "model": "user.service",
    "pk": 323
  },
  {
    "fields": {
      "address": null,
      "city": null,
      "description": "Gemeinderat B\u00fcrglen externe Pendenz",
      "disabled": 0,
      "email": null,
      "name": "Gemeinderat B\u00fcrglen externe Pendenz",
      "notification": 1,
      "phone": null,
      "service_group": 41,
      "service_parent": null,
      "sort": 140,
      "website": null,
      "zip": null
    },
    "model": "user.service",
    "pk": 324
  },
  {
    "fields": {
      "address": null,
      "city": null,
      "description": "Gemeinderat Erstfeld externe Pendenz",
      "disabled": 0,
      "email": null,
      "name": "Gemeinderat Erstfeld externe Pendenz",
      "notification": 1,
      "phone": null,
      "service_group": 41,
      "service_parent": null,
      "sort": 143,
      "website": null,
      "zip": null
    },
    "model": "user.service",
    "pk": 325
  },
  {
    "fields": {
      "address": null,
      "city": null,
      "description": "Gemeinderat Fl\u00fcelen externe Pendenz",
      "disabled": 0,
      "email": null,
      "name": "Gemeinderat Fl\u00fcelen externe Pendenz",
      "notification": 1,
      "phone": null,
      "service_group": 41,
      "service_parent": null,
      "sort": 145,
      "website": null,
      "zip": null
    },
    "model": "user.service",
    "pk": 326
  },
  {
    "fields": {
      "address": null,
      "city": null,
      "description": "Gemeinderat G\u00f6schenen externe Pendenz",
      "disabled": 0,
      "email": null,
      "name": "Gemeinderat G\u00f6schenen externe Pendenz",
      "notification": 1,
      "phone": null,
      "service_group": 41,
      "service_parent": null,
      "sort": 146,
      "website": null,
      "zip": null
    },
    "model": "user.service",
    "pk": 327
  },
  {
    "fields": {
      "address": null,
      "city": null,
      "description": "Gemeinderat Gurtnellen externe Pendenz",
      "disabled": 0,
      "email": null,
      "name": "Gemeinderat Gurtnellen externe Pendenz",
      "notification": 1,
      "phone": null,
      "service_group": 41,
      "service_parent": null,
      "sort": 148,
      "website": null,
      "zip": null
    },
    "model": "user.service",
    "pk": 328
  },
  {
    "fields": {
      "address": null,
      "city": null,
      "description": "Gemeinderat Hospental externe Pendenz",
      "disabled": 0,
      "email": null,
      "name": "Gemeinderat Hospental externe Pendenz",
      "notification": 1,
      "phone": null,
      "service_group": 41,
      "service_parent": null,
      "sort": 151,
      "website": null,
      "zip": null
    },
    "model": "user.service",
    "pk": 329
  },
  {
    "fields": {
      "address": null,
      "city": null,
      "description": "Gemeinderat Isenthal externe Pendenz",
      "disabled": 0,
      "email": null,
      "name": "Gemeinderat Isenthal externe Pendenz",
      "notification": 1,
      "phone": null,
      "service_group": 41,
      "service_parent": null,
      "sort": 152,
      "website": null,
      "zip": null
    },
    "model": "user.service",
    "pk": 330
  },
  {
    "fields": {
      "address": null,
      "city": null,
      "description": "Gemeinderat Realp externe Pendenz",
      "disabled": 0,
      "email": "gemeinde@realp.ch",
      "name": "Gemeinderat Realp externe Pendenz",
      "notification": 1,
      "phone": null,
      "service_group": 41,
      "service_parent": null,
      "sort": 154,
      "website": null,
      "zip": null
    },
    "model": "user.service",
    "pk": 331
  },
  {
    "fields": {
      "address": null,
      "city": null,
      "description": "Gemeinderat Schattdorf externe Pendenz",
      "disabled": 0,
      "email": null,
      "name": "Gemeinderat Schattdorf externe Pendenz",
      "notification": 1,
      "phone": null,
      "service_group": 41,
      "service_parent": null,
      "sort": 157,
      "website": null,
      "zip": null
    },
    "model": "user.service",
    "pk": 332
  },
  {
    "fields": {
      "address": null,
      "city": null,
      "description": "Gemeinderat Seedorf externe Pendenz",
      "disabled": 0,
      "email": null,
      "name": "Gemeinderat Seedorf externe Pendenz",
      "notification": 1,
      "phone": null,
      "service_group": 41,
      "service_parent": null,
      "sort": 158,
      "website": null,
      "zip": null
    },
    "model": "user.service",
    "pk": 333
  },
  {
    "fields": {
      "address": null,
      "city": null,
      "description": "Gemeinderat Seelisberg externe Pendenz",
      "disabled": 0,
      "email": null,
      "name": "Gemeinderat Seelisberg externe Pendenz",
      "notification": 1,
      "phone": null,
      "service_group": 41,
      "service_parent": null,
      "sort": 161,
      "website": null,
      "zip": null
    },
    "model": "user.service",
    "pk": 334
  },
  {
    "fields": {
      "address": null,
      "city": null,
      "description": "Gemeinderat Silenen externe Pendenz",
      "disabled": 0,
      "email": null,
      "name": "Gemeinderat Silenen externe Pendenz",
      "notification": 1,
      "phone": null,
      "service_group": 41,
      "service_parent": null,
      "sort": 163,
      "website": null,
      "zip": null
    },
    "model": "user.service",
    "pk": 335
  },
  {
    "fields": {
      "address": null,
      "city": null,
      "description": "Gemeinderat Sisikon externe Pendenz",
      "disabled": 0,
      "email": null,
      "name": "Gemeinderat Sisikon externe Pendenz",
      "notification": 1,
      "phone": null,
      "service_group": 41,
      "service_parent": null,
      "sort": 165,
      "website": null,
      "zip": null
    },
    "model": "user.service",
    "pk": 336
  },
  {
    "fields": {
      "address": null,
      "city": null,
      "description": "Gemeinderat Spiringen externe Pendenz",
      "disabled": 0,
      "email": null,
      "name": "Gemeinderat Spiringen externe Pendenz",
      "notification": 1,
      "phone": null,
      "service_group": 41,
      "service_parent": null,
      "sort": 166,
      "website": null,
      "zip": null
    },
    "model": "user.service",
    "pk": 337
  },
  {
    "fields": {
      "address": null,
      "city": null,
      "description": "Gemeinderat Untersch\u00e4chen externe Pendenz",
      "disabled": 0,
      "email": null,
      "name": "Gemeinderat Untersch\u00e4chen externe Pendenz",
      "notification": 1,
      "phone": null,
      "service_group": 41,
      "service_parent": null,
      "sort": 169,
      "website": null,
      "zip": null
    },
    "model": "user.service",
    "pk": 338
  },
  {
    "fields": {
      "address": null,
      "city": null,
      "description": "Gemeinderat Wassen externe Pendenz",
      "disabled": 0,
      "email": null,
      "name": "Gemeinderat Wassen externe Pendenz",
      "notification": 1,
      "phone": null,
      "service_group": 41,
      "service_parent": null,
      "sort": 170,
      "website": null,
      "zip": null
    },
    "model": "user.service",
    "pk": 339
  },
  {
    "fields": {
      "address": "",
      "city": "",
      "description": "Eidgen\u00f6ssische Natur und Heimatschutzkommission",
      "disabled": 0,
      "email": "",
      "name": "ENHK (bitte keine direkte Zirkulation starten Dossierzuweisung nur via Fachstelle)",
      "notification": 1,
      "phone": "",
      "service_group": 21,
      "service_parent": null,
      "sort": 7,
      "website": "",
      "zip": ""
    },
    "model": "user.service",
    "pk": 340
  },
  {
    "fields": {
      "address": "",
      "city": "",
      "description": "Kantonale Natur und Heimatschutzkommission",
      "disabled": 0,
      "email": "",
      "name": "NHSK (bitte keine direkte Zirkulation starten Dossierzuweisung nur via Fachstelle)",
      "notification": 1,
      "phone": "",
      "service_group": 21,
      "service_parent": null,
      "sort": 5,
      "website": "",
      "zip": ""
    },
    "model": "user.service",
    "pk": 341
  },
  {
    "fields": {
      "address": "",
      "city": "",
      "description": "Mitglieder BK Altdorf",
      "disabled": 0,
      "email": "",
      "name": "Mitglieder BK Altdorf",
      "notification": 1,
      "phone": "",
      "service_group": 67,
      "service_parent": null,
      "sort": 66,
      "website": "",
      "zip": ""
    },
    "model": "user.service",
    "pk": 342
  },
  {
    "fields": {
      "address": "",
      "city": "",
      "description": "Mitglieder BK Urner Oberland",
      "disabled": 0,
      "email": "",
      "name": "Mitglieder BK Urner Oberland",
      "notification": 1,
      "phone": "",
      "service_group": 67,
      "service_parent": null,
      "sort": 96,
      "website": "",
      "zip": ""
    },
    "model": "user.service",
    "pk": 343
  },
  {
    "fields": {
      "address": "",
      "city": "",
      "description": "Mitglieder BK Andermatt",
      "disabled": 0,
      "email": "",
      "name": "Mitglieder BK Andermatt",
      "notification": 1,
      "phone": "",
      "service_group": 67,
      "service_parent": null,
      "sort": 72,
      "website": "",
      "zip": ""
    },
    "model": "user.service",
    "pk": 344
  },
  {
    "fields": {
      "address": "",
      "city": "",
      "description": "Mitglieder BK Attinghausen",
      "disabled": 0,
      "email": "",
      "name": "Miktglieder BK Attinghausen",
      "notification": 1,
      "phone": "",
      "service_group": 67,
      "service_parent": null,
      "sort": 80,
      "website": "",
      "zip": ""
    },
    "model": "user.service",
    "pk": 345
  },
  {
    "fields": {
      "address": "",
      "city": "",
      "description": "GBB Altdorf",
      "disabled": 0,
      "email": "",
      "name": "GBB Altdorf",
      "notification": 1,
      "phone": "",
      "service_group": 68,
      "service_parent": null,
      "sort": 79,
      "website": "",
      "zip": ""
    },
    "model": "user.service",
    "pk": 346
  },
  {
    "fields": {
      "address": "",
      "city": "",
      "description": "GBB Andermatt",
      "disabled": 0,
      "email": "",
      "name": "GBB Andermatt",
      "notification": 1,
      "phone": "",
      "service_group": 68,
      "service_parent": null,
      "sort": 89,
      "website": "",
      "zip": ""
    },
    "model": "user.service",
    "pk": 347
  },
  {
    "fields": {
      "address": "",
      "city": "",
      "description": "GBB Attinghausen",
      "disabled": 0,
      "email": "",
      "name": "GBB Attinghausen",
      "notification": 1,
      "phone": "",
      "service_group": 68,
      "service_parent": null,
      "sort": 95,
      "website": "",
      "zip": ""
    },
    "model": "user.service",
    "pk": 348
  },
  {
    "fields": {
      "address": "",
      "city": "",
      "description": "GBB Bauen",
      "disabled": 0,
      "email": "",
      "name": "GBB Bauen",
      "notification": 1,
      "phone": "",
      "service_group": 68,
      "service_parent": null,
      "sort": 98,
      "website": "",
      "zip": ""
    },
    "model": "user.service",
    "pk": 349
  },
  {
    "fields": {
      "address": "",
      "city": "",
      "description": "GBB B\u00fcrglen",
      "disabled": 0,
      "email": "",
      "name": "GBB B\u00fcrglen",
      "notification": 1,
      "phone": "",
      "service_group": 68,
      "service_parent": null,
      "sort": 106,
      "website": "",
      "zip": ""
    },
    "model": "user.service",
    "pk": 350
  },
  {
    "fields": {
      "address": "",
      "city": "",
      "description": "GBB Erstfeld",
      "disabled": 0,
      "email": "",
      "name": "GBB Erstfeld",
      "notification": 1,
      "phone": "",
      "service_group": 68,
      "service_parent": null,
      "sort": 107,
      "website": "",
      "zip": ""
    },
    "model": "user.service",
    "pk": 351
  },
  {
    "fields": {
      "address": "",
      "city": "",
      "description": "GBB Fl\u00fcelen",
      "disabled": 0,
      "email": "",
      "name": "GBB Fl\u00fcelen",
      "notification": 1,
      "phone": "",
      "service_group": 68,
      "service_parent": null,
      "sort": 110,
      "website": "",
      "zip": ""
    },
    "model": "user.service",
    "pk": 352
  },
  {
    "fields": {
      "address": "",
      "city": "",
      "description": "GBB Urner Oberland",
      "disabled": 0,
      "email": "",
      "name": "GBB Urner Oberland",
      "notification": 1,
      "phone": "",
      "service_group": 68,
      "service_parent": null,
      "sort": 111,
      "website": "",
      "zip": ""
    },
    "model": "user.service",
    "pk": 353
  },
  {
    "fields": {
      "address": "",
      "city": "",
      "description": "GBB Hospental",
      "disabled": 0,
      "email": "",
      "name": "GBB Hospental",
      "notification": 1,
      "phone": "",
      "service_group": 68,
      "service_parent": null,
      "sort": 112,
      "website": "",
      "zip": ""
    },
    "model": "user.service",
    "pk": 354
  },
  {
    "fields": {
      "address": "",
      "city": "",
      "description": "GBB Isenthal",
      "disabled": 0,
      "email": "",
      "name": "GBB Isenthal",
      "notification": 1,
      "phone": "",
      "service_group": 68,
      "service_parent": null,
      "sort": 113,
      "website": "",
      "zip": ""
    },
    "model": "user.service",
    "pk": 355
  },
  {
    "fields": {
      "address": "",
      "city": "",
      "description": "GBB Realp",
      "disabled": 0,
      "email": "",
      "name": "GBB Realp",
      "notification": 1,
      "phone": "",
      "service_group": 68,
      "service_parent": null,
      "sort": 114,
      "website": "",
      "zip": ""
    },
    "model": "user.service",
    "pk": 356
  },
  {
    "fields": {
      "address": "",
      "city": "",
      "description": "GBB Schattdorf",
      "disabled": 0,
      "email": "",
      "name": "GBB Schattdorf",
      "notification": 1,
      "phone": "",
      "service_group": 68,
      "service_parent": null,
      "sort": 115,
      "website": "",
      "zip": ""
    },
    "model": "user.service",
    "pk": 357
  },
  {
    "fields": {
      "address": "",
      "city": "",
      "description": "GBB Seedorf",
      "disabled": 0,
      "email": "",
      "name": "GBB Seedorf",
      "notification": 1,
      "phone": "",
      "service_group": 68,
      "service_parent": null,
      "sort": 116,
      "website": "",
      "zip": ""
    },
    "model": "user.service",
    "pk": 358
  },
  {
    "fields": {
      "address": "",
      "city": "",
      "description": "GBB Seelisberg",
      "disabled": 0,
      "email": "",
      "name": "GBB Seelisberg",
      "notification": 1,
      "phone": "",
      "service_group": 68,
      "service_parent": null,
      "sort": 117,
      "website": "",
      "zip": ""
    },
    "model": "user.service",
    "pk": 359
  },
  {
    "fields": {
      "address": "",
      "city": "",
      "description": "GBB Silenen",
      "disabled": 0,
      "email": "",
      "name": "GBB Silenen",
      "notification": 1,
      "phone": "",
      "service_group": 68,
      "service_parent": null,
      "sort": 118,
      "website": "",
      "zip": ""
    },
    "model": "user.service",
    "pk": 360
  },
  {
    "fields": {
      "address": "",
      "city": "",
      "description": "GBB Sisikon",
      "disabled": 0,
      "email": "",
      "name": "GBB Sisikon",
      "notification": 1,
      "phone": "",
      "service_group": 68,
      "service_parent": null,
      "sort": 119,
      "website": "",
      "zip": ""
    },
    "model": "user.service",
    "pk": 361
  },
  {
    "fields": {
      "address": "",
      "city": "",
      "description": "GBB Spiringen",
      "disabled": 0,
      "email": "",
      "name": "GBB Spiringen",
      "notification": 1,
      "phone": "",
      "service_group": 68,
      "service_parent": null,
      "sort": 120,
      "website": "",
      "zip": ""
    },
    "model": "user.service",
    "pk": 362
  },
  {
    "fields": {
      "address": "",
      "city": "",
      "description": "GBB Untersch\u00e4chen",
      "disabled": 0,
      "email": "",
      "name": "GBB Untersch\u00e4chen",
      "notification": 1,
      "phone": "",
      "service_group": 68,
      "service_parent": null,
      "sort": 121,
      "website": "",
      "zip": ""
    },
    "model": "user.service",
    "pk": 363
  },
  {
    "fields": {
      "address": "",
      "city": "",
      "description": "Mitglieder BK Erstfeld",
      "disabled": 0,
      "email": "",
      "name": "Mitglieder BK Erstfeld",
      "notification": 1,
      "phone": "",
      "service_group": 67,
      "service_parent": null,
      "sort": 91,
      "website": "",
      "zip": ""
    },
    "model": "user.service",
    "pk": 364
  },
  {
    "fields": {
      "address": "",
      "city": "",
      "description": "Mitglieder BK Schattdorf",
      "disabled": 0,
      "email": "",
      "name": "Mitglieder BK Schattdorf",
      "notification": 1,
      "phone": "",
      "service_group": 67,
      "service_parent": null,
      "sort": 101,
      "website": "",
      "zip": ""
    },
    "model": "user.service",
    "pk": 365
  },
  {
    "fields": {
      "address": null,
      "city": null,
      "description": "Qualinova",
      "disabled": 0,
      "email": null,
      "name": "Qualinova (Dossierzuweisung nur via Fachstelle, Rubrik Dossier freischalten)",
      "notification": 1,
      "phone": null,
      "service_group": 21,
      "service_parent": null,
      "sort": 2,
      "website": null,
      "zip": null
    },
    "model": "user.service",
    "pk": 366
  },
  {
    "fields": {
      "address": "",
      "city": "",
      "description": "Mitglieder BK Bauen",
      "disabled": 0,
      "email": "",
      "name": "Mitglieder BK Bauen",
      "notification": 1,
      "phone": "",
      "service_group": 67,
      "service_parent": null,
      "sort": 85,
      "website": "",
      "zip": ""
    },
    "model": "user.service",
    "pk": 367
  },
  {
    "fields": {
      "address": "",
      "city": "",
      "description": "Mitglieder BK B\u00fcrglen",
      "disabled": 0,
      "email": "",
      "name": "Mitglieder BK B\u00fcrglen",
      "notification": 1,
      "phone": "",
      "service_group": 67,
      "service_parent": null,
      "sort": 90,
      "website": "",
      "zip": ""
    },
    "model": "user.service",
    "pk": 368
  },
  {
    "fields": {
      "address": "",
      "city": "",
      "description": "Mitglieder BK Fl\u00fcelen",
      "disabled": 0,
      "email": "",
      "name": "Mitglieder BK Fl\u00fcelen",
      "notification": 1,
      "phone": "",
      "service_group": 67,
      "service_parent": null,
      "sort": 94,
      "website": "",
      "zip": ""
    },
    "model": "user.service",
    "pk": 369
  },
  {
    "fields": {
      "address": "",
      "city": "",
      "description": "Mitglieder BK Seedorf",
      "disabled": 0,
      "email": "",
      "name": "Mitglieder BK Seedorf",
      "notification": 1,
      "phone": "",
      "service_group": 67,
      "service_parent": null,
      "sort": 102,
      "website": "",
      "zip": ""
    },
    "model": "user.service",
    "pk": 370
  },
  {
    "fields": {
      "address": "",
      "city": "",
      "description": "Mitglieder BK Seelisberg",
      "disabled": 0,
      "email": "",
      "name": "Mitglieder BK Seelisberg",
      "notification": 1,
      "phone": "",
      "service_group": 67,
      "service_parent": null,
      "sort": 103,
      "website": "",
      "zip": ""
    },
    "model": "user.service",
    "pk": 371
  },
  {
    "fields": {
      "address": "",
      "city": "",
      "description": "Mitglieder BK Silenen",
      "disabled": 0,
      "email": "",
      "name": "Mitglieder BK Silenen",
      "notification": 1,
      "phone": "",
      "service_group": 67,
      "service_parent": null,
      "sort": 104,
      "website": "",
      "zip": ""
    },
    "model": "user.service",
    "pk": 372
  },
  {
    "fields": {
      "address": "",
      "city": "",
      "description": "Mitglieder BK Sisikon",
      "disabled": 0,
      "email": "",
      "name": "Mitglieder BK Sisikon",
      "notification": 1,
      "phone": "",
      "service_group": 67,
      "service_parent": null,
      "sort": 105,
      "website": "",
      "zip": ""
    },
    "model": "user.service",
    "pk": 380
  },
  {
    "fields": {
      "address": "",
      "city": "",
      "description": "Mitglieder BK Realp",
      "disabled": 0,
      "email": "",
      "name": "Mitglieder BK Realp",
      "notification": 1,
      "phone": "",
      "service_group": 67,
      "service_parent": null,
      "sort": 100,
      "website": "",
      "zip": ""
    },
    "model": "user.service",
    "pk": 381
  },
  {
    "fields": {
      "address": "",
      "city": "",
      "description": "Mitglieder BK Hospental",
      "disabled": 0,
      "email": "",
      "name": "Mitglieder BK Hospental",
      "notification": 1,
      "phone": "",
      "service_group": 67,
      "service_parent": null,
      "sort": 97,
      "website": "",
      "zip": ""
    },
    "model": "user.service",
    "pk": 382
  },
  {
    "fields": {
      "address": "",
      "city": "",
      "description": "Mitglieder BK Isenthal",
      "disabled": 0,
      "email": "",
      "name": "Mitglieder BK Isenthal",
      "notification": 1,
      "phone": "",
      "service_group": 67,
      "service_parent": null,
      "sort": 99,
      "website": "",
      "zip": ""
    },
    "model": "user.service",
    "pk": 383
  },
  {
    "fields": {
      "address": "",
      "city": "",
      "description": "Mitglieder BK Spiringen",
      "disabled": 0,
      "email": "",
      "name": "Mitglieder BK Spiringen",
      "notification": 1,
      "phone": "",
      "service_group": 67,
      "service_parent": null,
      "sort": 108,
      "website": "",
      "zip": ""
    },
    "model": "user.service",
    "pk": 384
  },
  {
    "fields": {
      "address": "",
      "city": "",
      "description": "Mitglieder BK Untersch\u00e4chen",
      "disabled": 0,
      "email": "",
      "name": "Mitglieder BK Untersch\u00e4chen",
      "notification": 1,
      "phone": "",
      "service_group": 67,
      "service_parent": null,
      "sort": 109,
      "website": "",
      "zip": ""
    },
    "model": "user.service",
    "pk": 385
  },
  {
    "fields": {
      "address": "",
      "city": "",
      "description": "Fachstelle f\u00fcr Geb\u00e4udesch\u00e4tzung",
      "disabled": 0,
      "email": "",
      "name": "FGS",
      "notification": 1,
      "phone": "",
      "service_group": 21,
      "service_parent": null,
      "sort": 0,
      "website": "",
      "zip": ""
    },
    "model": "user.service",
    "pk": 400
  },
  {
    "fields": {
      "address": "",
      "city": "",
      "description": "Amt f\u00fcr das Grundbuch",
      "disabled": 0,
      "email": "",
      "name": "AfdG",
      "notification": 1,
      "phone": "",
      "service_group": 61,
      "service_parent": null,
      "sort": 86,
      "website": "",
      "zip": ""
    },
    "model": "user.service",
    "pk": 420
  },
  {
    "fields": {
      "address": "",
      "city": "",
      "description": "Amt f\u00fcr Bev\u00f6lkerungsschutz und Milit\u00e4r",
      "disabled": 0,
      "email": "thomas.flachsmann@ur.ch",
      "name": "ABM",
      "notification": 1,
      "phone": "",
      "service_group": 63,
      "service_parent": null,
      "sort": 77,
      "website": "",
      "zip": ""
    },
    "model": "user.service",
    "pk": 440
  },
  {
    "fields": {
      "address": "",
      "city": "",
      "description": "Amt f\u00fcr Raumentwicklung",
      "disabled": 0,
      "email": "georges.eich@ur.ch",
      "name": "ARE",
      "notification": 1,
      "phone": "",
      "service_group": 61,
      "service_parent": null,
      "sort": 62,
      "website": "",
      "zip": ""
    },
    "model": "user.service",
    "pk": 460
  },
  {
    "fields": {
      "address": "",
      "city": "",
      "description": "Bundesamt f\u00fcr Umweltschutz",
      "disabled": 0,
      "email": "",
      "name": "BAFU (Service noch nicht in Betrieb)",
      "notification": 1,
      "phone": "",
      "service_group": 70,
      "service_parent": null,
      "sort": 41,
      "website": "",
      "zip": ""
    },
    "model": "user.service",
    "pk": 461
  },
  {
    "fields": {
      "address": "",
      "city": "",
      "description": "Bundesamt f\u00fcr Raumentwicklung",
      "disabled": 0,
      "email": "",
      "name": "ARE Bern (Service noch nicht in Betrieb)",
      "notification": 1,
      "phone": "",
      "service_group": 70,
      "service_parent": null,
      "sort": 45,
      "website": "",
      "zip": ""
    },
    "model": "user.service",
    "pk": 462
  },
  {
    "fields": {
      "address": "",
      "city": "",
      "description": "Brandschutzpr\u00fcfung zugewiesener Projekte",
      "disabled": 0,
      "email": "aeb@evakuation.ch",
      "name": "Brandschutz TRA Andermatt",
      "notification": 1,
      "phone": "",
      "service_group": 21,
      "service_parent": null,
      "sort": 10,
      "website": "",
      "zip": ""
    },
    "model": "user.service",
    "pk": 481
  },
  {
    "fields": {
      "address": "",
      "city": "",
      "description": "Bildungs- und Kulturdirektion Direktionssekretariat",
      "disabled": 0,
      "email": "",
      "name": "BKD DS",
      "notification": 1,
      "phone": "",
      "service_group": 65,
      "service_parent": null,
      "sort": 53,
      "website": "",
      "zip": ""
    },
    "model": "user.service",
    "pk": 501
  },
  {
    "fields": {
      "address": "",
      "city": "",
      "description": "Fachstelle Statistik",
      "disabled": 0,
      "email": "",
      "name": "Fachstelle Statistik",
      "notification": 1,
      "phone": "",
      "service_group": 66,
      "service_parent": null,
      "sort": 64,
      "website": "",
      "zip": ""
    },
    "model": "user.service",
    "pk": 502
  },
  {
    "fields": {
      "address": "",
      "city": "",
      "description": "Finanzdirektion Direktionssekretariat",
      "disabled": 0,
      "email": "",
      "name": "FD DS",
      "notification": 1,
      "phone": "",
      "service_group": 66,
      "service_parent": null,
      "sort": 56,
      "website": "",
      "zip": ""
    },
    "model": "user.service",
    "pk": 503
  },
  {
    "fields": {
      "address": "",
      "city": "",
      "description": "Amt f\u00fcr Soziales",
      "disabled": 0,
      "email": "samuel.bissig@ur.ch",
      "name": "Amt f\u00fcr Soziales",
      "notification": 1,
      "phone": "",
      "service_group": 62,
      "service_parent": null,
      "sort": 132,
      "website": "",
      "zip": ""
    },
    "model": "user.service",
    "pk": 504
  },
  {
    "fields": {
      "address": "",
      "city": "",
      "description": "Gesundheits- Sozial- und Umweltdirektion Direktionssekretariat",
      "disabled": 0,
      "email": "ds.gsud@ur.ch",
      "name": "GSUD DS",
      "notification": 1,
      "phone": "",
      "service_group": 62,
      "service_parent": null,
      "sort": 127,
      "website": "",
      "zip": ""
    },
    "model": "user.service",
    "pk": 521
  },
  {
    "fields": {
      "address": "",
      "city": "",
      "description": "Sicherheitsdirektion Direktionssekretariat",
      "disabled": 0,
      "email": "ds.sid@ur.ch",
      "name": "SID DS",
      "notification": 1,
      "phone": "",
      "service_group": 63,
      "service_parent": null,
      "sort": 33,
      "website": "",
      "zip": ""
    },
    "model": "user.service",
    "pk": 522
  },
  {
    "fields": {
      "address": "",
      "city": "",
      "description": "Volkswirtschaftsdirektion Direktionssekretariat",
      "disabled": 0,
      "email": "ds.vd@ur.ch",
      "name": "VD DS",
      "notification": 1,
      "phone": "",
      "service_group": 64,
      "service_parent": null,
      "sort": 125,
      "website": "",
      "zip": ""
    },
    "model": "user.service",
    "pk": 523
  },
  {
    "fields": {
      "address": "",
      "city": "",
      "description": "Kantonale Koordinationsstelle Amt f\u00fcr Umweltschutz",
      "disabled": 0,
      "email": "",
      "name": "KOOR AfU",
      "notification": 1,
      "phone": "",
      "service_group": 1,
      "service_parent": null,
      "sort": 177,
      "website": "",
      "zip": ""
    },
    "model": "user.service",
    "pk": 524
  },
  {
    "fields": {
      "address": "",
      "city": "",
      "description": "Kantonale Koordinationsstelle f\u00fcr Landwirtschaft",
      "disabled": 0,
      "email": "",
      "name": "KOOR ALA",
      "notification": 1,
      "phone": "",
      "service_group": 1,
      "service_parent": null,
      "sort": 178,
      "website": "",
      "zip": ""
    },
    "model": "user.service",
    "pk": 525
  },
  {
    "fields": {
      "address": "",
      "city": "",
      "description": "Kantonale Koordinationsstelle f\u00fcr Energie",
      "disabled": 0,
      "email": "",
      "name": "KOOR AfE",
      "notification": 1,
      "phone": "",
      "service_group": 1,
      "service_parent": null,
      "sort": 179,
      "website": "",
      "zip": ""
    },
    "model": "user.service",
    "pk": 545
  },
  {
    "fields": {
      "address": "",
      "city": "",
      "description": "Kantonale Koordinationsstelle f\u00fcr Forst und Jagd",
      "disabled": 0,
      "email": "",
      "name": "KOOR AFJ",
      "notification": 1,
      "phone": "",
      "service_group": 1,
      "service_parent": null,
      "sort": 180,
      "website": "",
      "zip": ""
    },
    "model": "user.service",
    "pk": 546
  },
  {
    "fields": {
      "address": null,
      "city": null,
      "description": "Badewasserinspektor",
      "disabled": 0,
      "email": null,
      "name": "LABB (Badewasserinspektorat)",
      "notification": 1,
      "phone": null,
      "service_group": 21,
      "service_parent": null,
      "sort": 32,
      "website": null,
      "zip": null
    },
    "model": "user.service",
    "pk": 547
  },
  {
    "fields": {
      "address": "",
      "city": "",
      "description": "Korporation Uri Kanzlei",
      "disabled": 0,
      "email": "",
      "name": "Korporation Uri (Service noch nicht in Betrieb)",
      "notification": 1,
      "phone": "",
      "service_group": 21,
      "service_parent": null,
      "sort": 23,
      "website": "",
      "zip": ""
    },
    "model": "user.service",
    "pk": 548
  },
  {
    "fields": {
      "address": "",
      "city": "",
      "description": "Korporation Ursern Kanzlei",
      "disabled": 0,
      "email": "",
      "name": "Korporation Ursern (Service noch nicht in Betrieb)",
      "notification": 1,
      "phone": "",
      "service_group": 21,
      "service_parent": null,
      "sort": 25,
      "website": "",
      "zip": ""
    },
    "model": "user.service",
    "pk": 549
  },
  {
    "fields": {
      "address": "",
      "city": "",
      "description": "Amt f\u00fcr Umweltschutz Abteilung Gew\u00e4sserschutz",
      "disabled": 0,
      "email": "afu-gs@ur.ch",
      "name": "AfU GS",
      "notification": 1,
      "phone": "",
      "service_group": 62,
      "service_parent": null,
      "sort": 129,
      "website": "",
      "zip": ""
    },
    "model": "user.service",
    "pk": 567
  },
  {
    "fields": {
      "address": "",
      "city": "",
      "description": "Amt f\u00fcr Umweltschutz Abteilung Immissionsschutz",
      "disabled": 0,
      "email": "afu-is@ur.ch",
      "name": "AfU IS",
      "notification": 1,
      "phone": "",
      "service_group": 62,
      "service_parent": null,
      "sort": 131,
      "website": "",
      "zip": ""
    },
    "model": "user.service",
    "pk": 568
  },
  {
    "fields": {
      "address": "",
      "city": "",
      "description": "Amt f\u00fcr Betrieb Nationalstrassen Bereich Baupolizei",
      "disabled": 0,
      "email": "afbn.baupolizei@ur.ch",
      "name": "AfBN Baupolizei",
      "notification": 1,
      "phone": "",
      "service_group": 2,
      "service_parent": null,
      "sort": 60,
      "website": "",
      "zip": ""
    },
    "model": "user.service",
    "pk": 587
  },
  {
    "fields": {
      "address": null,
      "city": null,
      "description": "Amt f\u00fcr Umweltschutz Dossier im Zusammenhang mit W\u00e4rmenutzung",
      "disabled": 0,
      "email": null,
      "name": "AfU GS W\u00e4rmenutzung",
      "notification": 1,
      "phone": null,
      "service_group": 62,
      "service_parent": null,
      "sort": 130,
      "website": null,
      "zip": null
    },
    "model": "user.service",
    "pk": 588
  },
  {
    "fields": {
      "address": null,
      "city": null,
      "description": "Monitron (pr\u00fcft Dossiers im Zusammenhang mit W\u00e4rmenutzung)",
      "disabled": 0,
      "email": null,
      "name": "Monitron (Dossierzuweisung nur via Fachstelle, Rubrik Dossier freischalten)",
      "notification": 1,
      "phone": null,
      "service_group": 21,
      "service_parent": null,
      "sort": 36,
      "website": null,
      "zip": null
    },
    "model": "user.service",
    "pk": 589
  },
  {
    "fields": {
      "address": null,
      "city": null,
      "description": "KOOR SD",
      "disabled": 0,
      "email": null,
      "name": "KOOR SD",
      "notification": 1,
      "phone": null,
      "service_group": 1,
      "service_parent": null,
      "sort": 181,
      "website": null,
      "zip": null
    },
    "model": "user.service",
    "pk": 590
  },
  {
    "fields": {
      "address": null,
      "city": null,
      "description": "VBS Schiesswesen (Schiessoffizier)",
      "disabled": 0,
      "email": "hans.wyrsch@gmx.ch",
      "name": "VBS Schiesswesen",
      "notification": 1,
      "phone": null,
      "service_group": 70,
      "service_parent": null,
      "sort": 42,
      "website": null,
      "zip": null
    },
    "model": "user.service",
    "pk": 591
  },
  {
    "fields": {
      "address": null,
      "city": null,
      "description": "Swissgrid (Koordinationstellen)",
      "disabled": 0,
      "email": null,
      "name": "Swissgrid (Pendenz von Koordinationstelle)",
      "notification": 1,
      "phone": null,
      "service_group": 71,
      "service_parent": null,
      "sort": 46,
      "website": null,
      "zip": null
    },
    "model": "user.service",
    "pk": 592
  },
  {
    "fields": {
      "address": null,
      "city": null,
      "description": "Gemeindewerke Erstfeld",
      "disabled": 0,
      "email": null,
      "name": "Gemeindewerke Erstfeld",
      "notification": 1,
      "phone": null,
      "service_group": 69,
      "service_parent": null,
      "sort": 34,
      "website": null,
      "zip": null
    },
    "model": "user.service",
    "pk": 593
  },
  {
    "fields": {
      "address": null,
      "city": null,
      "description": "Baudirektion Amt f\u00fcr Tiefbau",
      "disabled": 0,
      "email": null,
      "name": "AfT",
      "notification": 1,
      "phone": null,
      "service_group": 2,
      "service_parent": null,
      "sort": 49,
      "website": null,
      "zip": null
    },
    "model": "user.service",
    "pk": 594
  },
  {
    "fields": {
      "address": null,
      "city": null,
      "description": "Wasserversorgung Altdorf",
      "disabled": 0,
      "email": null,
      "name": "Wasserkommission Altdorf",
      "notification": 1,
      "phone": null,
      "service_group": 69,
      "service_parent": null,
      "sort": 22,
      "website": null,
      "zip": null
    },
    "model": "user.service",
    "pk": 595
  },
  {
    "fields": {
      "address": null,
      "city": null,
      "description": "MGB (Koordinationstellen)",
      "disabled": 0,
      "email": null,
      "name": "MGB (Pendenz von Koordinationstelle)",
      "notification": 1,
      "phone": null,
      "service_group": 71,
      "service_parent": null,
      "sort": 20,
      "website": null,
      "zip": null
    },
    "model": "user.service",
    "pk": 596
  },
  {
    "fields": {
      "address": null,
      "city": null,
      "description": "Bauabteilung",
      "disabled": 0,
      "email": null,
      "name": "Bauabteilung Altdorf Ortsplanung",
      "notification": 1,
      "phone": null,
      "service_group": 69,
      "service_parent": null,
      "sort": 24,
      "website": null,
      "zip": null
    },
    "model": "user.service",
    "pk": 597
  },
  {
    "fields": {
      "address": null,
      "city": null,
      "description": "Bauabteilung Altdorf",
      "disabled": 0,
      "email": null,
      "name": "Bauabteilung Altdorf Tiefbau",
      "notification": 1,
      "phone": null,
      "service_group": 69,
      "service_parent": null,
      "sort": 27,
      "website": null,
      "zip": null
    },
    "model": "user.service",
    "pk": 598
  },
  {
    "fields": {
      "address": null,
      "city": null,
      "description": "Feuerwehr Altdorf",
      "disabled": 0,
      "email": null,
      "name": "Feuerwehr Altdorf",
      "notification": 1,
      "phone": null,
      "service_group": 69,
      "service_parent": null,
      "sort": 28,
      "website": null,
      "zip": null
    },
    "model": "user.service",
    "pk": 599
  },
  {
    "fields": {
      "address": null,
      "city": null,
      "description": "Bauabteilung Liegenschaften",
      "disabled": 0,
      "email": null,
      "name": "Bauabteilung Altdorf Liegenschaften",
      "notification": 1,
      "phone": null,
      "service_group": 69,
      "service_parent": null,
      "sort": 31,
      "website": null,
      "zip": null
    },
    "model": "user.service",
    "pk": 600
  },
  {
    "fields": {
      "address": null,
      "city": null,
      "description": "Immobilienbewirtschaftung Armasuisse",
      "disabled": 0,
      "email": null,
      "name": "Armasuisse Immobilien",
      "notification": 1,
      "phone": null,
      "service_group": 70,
      "service_parent": null,
      "sort": 43,
      "website": null,
      "zip": null
    },
    "model": "user.service",
    "pk": 601
  },
  {
    "fields": {
      "address": null,
      "city": null,
      "description": "Bundesamt f\u00fcr Zivilluftfahrt",
      "disabled": 0,
      "email": null,
      "name": "BAZL",
      "notification": 1,
      "phone": null,
      "service_group": 70,
      "service_parent": null,
      "sort": 47,
      "website": null,
      "zip": null
    },
    "model": "user.service",
    "pk": 602
  },
  {
    "fields": {
      "address": null,
      "city": null,
      "description": "VCS Sektion Uri (bitte keine direkte Zirkulation starten Dossierzuweisung nur via Fachstellen)",
      "disabled": 0,
      "email": null,
      "name": "VCS Uri",
      "notification": 1,
      "phone": null,
      "service_group": 74,
      "service_parent": null,
      "sort": 4,
      "website": null,
      "zip": null
    },
    "model": "user.service",
    "pk": 603
  },
  {
    "fields": {
      "address": null,
      "city": null,
      "description": "Swissgrid (Gemeinde)",
      "disabled": 0,
      "email": null,
      "name": "Swissgrid (Pendenz von Gemeinde)",
      "notification": 1,
      "phone": null,
      "service_group": 72,
      "service_parent": null,
      "sort": 12,
      "website": null,
      "zip": null
    },
    "model": "user.service",
    "pk": 604
  },
  {
    "fields": {
      "address": null,
      "city": null,
      "description": "MGB (Gemeinde)",
      "disabled": 0,
      "email": null,
      "name": "MGB (Pendenz von Gemeinde)",
      "notification": 1,
      "phone": null,
      "service_group": 72,
      "service_parent": null,
      "sort": 14,
      "website": null,
      "zip": null
    },
    "model": "user.service",
    "pk": 605
  },
  {
    "fields": {
      "address": null,
      "city": null,
      "description": "Gemeinderat Andermatt interne Pendenz",
      "disabled": 0,
      "email": null,
      "name": "Gemeinderat Andermatt interne Pendenz",
      "notification": 1,
      "phone": null,
      "service_group": 73,
      "service_parent": null,
      "sort": 135,
      "website": null,
      "zip": null
    },
    "model": "user.service",
    "pk": 606
  },
  {
    "fields": {
      "address": null,
      "city": null,
      "description": "Gemeinderat Altdorf interne Pendenz",
      "disabled": 0,
      "email": null,
      "name": "Gemeinderat Altdorf interne Pendenz",
      "notification": 1,
      "phone": null,
      "service_group": 73,
      "service_parent": null,
      "sort": 123,
      "website": null,
      "zip": null
    },
    "model": "user.service",
    "pk": 607
  },
  {
    "fields": {
      "address": null,
      "city": null,
      "description": "Gemeinderat Attinghausen interne Pendenz",
      "disabled": 0,
      "email": null,
      "name": "Gemeinderat Attinghausen interne Pendenz",
      "notification": 1,
      "phone": null,
      "service_group": 73,
      "service_parent": null,
      "sort": 137,
      "website": null,
      "zip": null
    },
    "model": "user.service",
    "pk": 608
  },
  {
    "fields": {
      "address": null,
      "city": null,
      "description": "Gemeinderat Bauen interne Pendenz",
      "disabled": 0,
      "email": null,
      "name": "Gemeinderat Bauen interne Pendenz",
      "notification": 1,
      "phone": null,
      "service_group": 73,
      "service_parent": null,
      "sort": 138,
      "website": null,
      "zip": null
    },
    "model": "user.service",
    "pk": 609
  },
  {
    "fields": {
      "address": null,
      "city": null,
      "description": "Gemeinderat B\u00fcrglen interne Pendenz",
      "disabled": 0,
      "email": null,
      "name": "Gemeinderat B\u00fcrglen interne Pendenz",
      "notification": 1,
      "phone": null,
      "service_group": 73,
      "service_parent": null,
      "sort": 141,
      "website": null,
      "zip": null
    },
    "model": "user.service",
    "pk": 610
  },
  {
    "fields": {
      "address": null,
      "city": null,
      "description": "Gemeinderat Erstfeld interne Pendenz",
      "disabled": 0,
      "email": null,
      "name": "Gemeinderat Erstfeld interne Pendenz",
      "notification": 1,
      "phone": null,
      "service_group": 73,
      "service_parent": null,
      "sort": 142,
      "website": null,
      "zip": null
    },
    "model": "user.service",
    "pk": 611
  },
  {
    "fields": {
      "address": null,
      "city": null,
      "description": "Gemeinderat Fl\u00fcelen interne Pendenz",
      "disabled": 0,
      "email": null,
      "name": "Gemeinderat Fl\u00fcelen interne Pendenz",
      "notification": 1,
      "phone": null,
      "service_group": 73,
      "service_parent": null,
      "sort": 144,
      "website": null,
      "zip": null
    },
    "model": "user.service",
    "pk": 612
  },
  {
    "fields": {
      "address": null,
      "city": null,
      "description": "Gemeinderat G\u00f6schenen interne Pendenz",
      "disabled": 0,
      "email": null,
      "name": "Gemeinderat G\u00f6schenen interne Pendenz",
      "notification": 1,
      "phone": null,
      "service_group": 73,
      "service_parent": null,
      "sort": 147,
      "website": null,
      "zip": null
    },
    "model": "user.service",
    "pk": 613
  },
  {
    "fields": {
      "address": null,
      "city": null,
      "description": "Gemeinderat Gurtnellen interne Pendenz",
      "disabled": 0,
      "email": null,
      "name": "Gemeinderat Gurtnellen interne Pendenz",
      "notification": 1,
      "phone": null,
      "service_group": 73,
      "service_parent": null,
      "sort": 149,
      "website": null,
      "zip": null
    },
    "model": "user.service",
    "pk": 614
  },
  {
    "fields": {
      "address": null,
      "city": null,
      "description": "Gemeinderat Hospental interne Pendenz",
      "disabled": 0,
      "email": null,
      "name": "Gemeinderat Hospental interne Pendenz",
      "notification": 1,
      "phone": null,
      "service_group": 73,
      "service_parent": null,
      "sort": 150,
      "website": null,
      "zip": null
    },
    "model": "user.service",
    "pk": 615
  },
  {
    "fields": {
      "address": null,
      "city": null,
      "description": "Gemeinderat Isenthal interne Pendenz",
      "disabled": 0,
      "email": null,
      "name": "Gemeinderat Isenthal interne Pendenz",
      "notification": 1,
      "phone": null,
      "service_group": 73,
      "service_parent": null,
      "sort": 153,
      "website": null,
      "zip": null
    },
    "model": "user.service",
    "pk": 616
  },
  {
    "fields": {
      "address": null,
      "city": null,
      "description": "Gemeinderat Realp interne Pendenz",
      "disabled": 0,
      "email": "gemeinde@realp.ch",
      "name": "Gemeinderat Realp interne Pendenz",
      "notification": 1,
      "phone": null,
      "service_group": 73,
      "service_parent": null,
      "sort": 155,
      "website": null,
      "zip": null
    },
    "model": "user.service",
    "pk": 617
  },
  {
    "fields": {
      "address": null,
      "city": null,
      "description": "Gemeinderat Schattdorf interne Pendenz",
      "disabled": 0,
      "email": null,
      "name": "Gemeinderat Schattdorf interne Pendenz",
      "notification": 1,
      "phone": null,
      "service_group": 73,
      "service_parent": null,
      "sort": 156,
      "website": null,
      "zip": null
    },
    "model": "user.service",
    "pk": 618
  },
  {
    "fields": {
      "address": null,
      "city": null,
      "description": "Gemeinderat Seedorf interne Pendenz",
      "disabled": 0,
      "email": null,
      "name": "Gemeinderat Seedorf interne Pendenz",
      "notification": 1,
      "phone": null,
      "service_group": 73,
      "service_parent": null,
      "sort": 159,
      "website": null,
      "zip": null
    },
    "model": "user.service",
    "pk": 619
  },
  {
    "fields": {
      "address": null,
      "city": null,
      "description": "Gemeinderat Seelisberg interne Pendenz",
      "disabled": 0,
      "email": null,
      "name": "Gemeinderat Seelisberg interne Pendenz",
      "notification": 1,
      "phone": null,
      "service_group": 73,
      "service_parent": null,
      "sort": 160,
      "website": null,
      "zip": null
    },
    "model": "user.service",
    "pk": 620
  },
  {
    "fields": {
      "address": null,
      "city": null,
      "description": "Gemeinderat Silenen interne Pendenz",
      "disabled": 0,
      "email": null,
      "name": "Gemeinderat Silenen interne Pendenz",
      "notification": 1,
      "phone": null,
      "service_group": 73,
      "service_parent": null,
      "sort": 162,
      "website": null,
      "zip": null
    },
    "model": "user.service",
    "pk": 621
  },
  {
    "fields": {
      "address": null,
      "city": null,
      "description": "Gemeinderat Sisikon interne Pendenz",
      "disabled": 0,
      "email": null,
      "name": "Gemeinderat Sisikon interne Pendenz",
      "notification": 1,
      "phone": null,
      "service_group": 73,
      "service_parent": null,
      "sort": 164,
      "website": null,
      "zip": null
    },
    "model": "user.service",
    "pk": 622
  },
  {
    "fields": {
      "address": null,
      "city": null,
      "description": "Gemeinderat Spiringen interne Pendenz",
      "disabled": 0,
      "email": null,
      "name": "Gemeinderat Spiringen interne Pendenz",
      "notification": 1,
      "phone": null,
      "service_group": 73,
      "service_parent": null,
      "sort": 167,
      "website": null,
      "zip": null
    },
    "model": "user.service",
    "pk": 623
  },
  {
    "fields": {
      "address": null,
      "city": null,
      "description": "Gemeinderat Untersch\u00e4chen interne Pendenz",
      "disabled": 0,
      "email": null,
      "name": "Gemeinderat Untersch\u00e4chen interne Pendenz",
      "notification": 1,
      "phone": null,
      "service_group": 73,
      "service_parent": null,
      "sort": 168,
      "website": null,
      "zip": null
    },
    "model": "user.service",
    "pk": 624
  },
  {
    "fields": {
      "address": null,
      "city": null,
      "description": "Gemeinderat Wassen interne Pendenz",
      "disabled": 0,
      "email": null,
      "name": "Gemeinderat Wassen interne Pendenz",
      "notification": 1,
      "phone": null,
      "service_group": 73,
      "service_parent": null,
      "sort": 171,
      "website": null,
      "zip": null
    },
    "model": "user.service",
    "pk": 625
  },
  {
    "fields": {
      "address": null,
      "city": null,
      "description": "SBB AG (Gemeinde)",
      "disabled": 0,
      "email": null,
      "name": "SBB AG (Pendenz von Gemeinde)",
      "notification": 1,
      "phone": null,
      "service_group": 72,
      "service_parent": null,
      "sort": 11,
      "website": null,
      "zip": null
    },
    "model": "user.service",
    "pk": 626
  },
  {
    "fields": {
      "address": null,
      "city": null,
      "description": "WWF",
      "disabled": 0,
      "email": null,
      "name": "WWF Uri",
      "notification": 1,
      "phone": null,
      "service_group": 74,
      "service_parent": null,
      "sort": 6,
      "website": null,
      "zip": null
    },
    "model": "user.service",
    "pk": 627
  },
  {
    "fields": {
      "address": null,
      "city": null,
      "description": "Pro Natura Uri",
      "disabled": 0,
      "email": null,
      "name": "Pro Natura Uri",
      "notification": 1,
      "phone": null,
      "service_group": 74,
      "service_parent": null,
      "sort": 9,
      "website": null,
      "zip": null
    },
    "model": "user.service",
    "pk": 628
  },
  {
    "fields": {
      "address": null,
      "city": null,
      "description": "Wasserversorgungskommission Spiringen",
      "disabled": 0,
      "email": null,
      "name": "Wasserversorgungskommission Spiringen",
      "notification": 1,
      "phone": null,
      "service_group": 69,
      "service_parent": null,
      "sort": 38,
      "website": null,
      "zip": null
    },
    "model": "user.service",
    "pk": 629
  },
  {
    "fields": {
      "address": null,
      "city": null,
      "description": "GSUD",
      "disabled": 0,
      "email": null,
      "name": "Amt f\u00fcr Gesundheit",
      "notification": 1,
      "phone": null,
      "service_group": 62,
      "service_parent": null,
      "sort": 133,
      "website": null,
      "zip": null
    },
    "model": "user.service",
    "pk": 630
  },
  {
    "fields": {
      "address": null,
      "city": null,
      "description": "Wasserversorgungskommission Urnerboden",
      "disabled": 0,
      "email": null,
      "name": "Wasserversorgungskommission Urnerboden",
      "notification": 1,
      "phone": null,
      "service_group": 69,
      "service_parent": null,
      "sort": 39,
      "website": null,
      "zip": null
    },
    "model": "user.service",
    "pk": 631
  },
  {
    "fields": {
      "address": null,
      "city": null,
      "description": "IVS",
      "disabled": 0,
      "email": null,
      "name": "Inventar Historische Verkehrswege IVS (Dossierzuweisung via Fachstelle)",
      "notification": 1,
      "phone": null,
      "service_group": 21,
      "service_parent": null,
      "sort": 8,
      "website": null,
      "zip": null
    },
    "model": "user.service",
    "pk": 632
  },
  {
    "fields": {
      "address": null,
      "city": null,
      "description": "Armasuisse Wissenschaft und Technologie",
      "disabled": 0,
      "email": null,
      "name": "Armasuisse Wissenschaft und Technologie",
      "notification": 1,
      "phone": null,
      "service_group": 70,
      "service_parent": null,
      "sort": 44,
      "website": null,
      "zip": null
    },
    "model": "user.service",
    "pk": 633
  },
  {
    "fields": {
      "address": null,
      "city": null,
      "description": "ARE Abteilung Raumplanung - Fachstelle Agglomerationsprogramm",
      "disabled": 0,
      "email": null,
      "name": "ARE Fachstelle Agglomerationsprogramm",
      "notification": 1,
      "phone": null,
      "service_group": 61,
      "service_parent": null,
      "sort": 71,
      "website": null,
      "zip": null
    },
    "model": "user.service",
    "pk": 634
  },
  {
    "fields": {
      "address": null,
      "city": null,
      "description": "Fachstelle IKSS (\u00dcberpr\u00fcfung von Dossiers bei Seilbahnen und Skiliften)",
      "disabled": 0,
      "email": null,
      "name": "Fachstelle IKSS (Dossierzuweisung nur via Fachstelle, Rubrik Dossier freischalten)",
      "notification": 1,
      "phone": null,
      "service_group": 21,
      "service_parent": null,
      "sort": 37,
      "website": null,
      "zip": null
    },
    "model": "user.service",
    "pk": 635
  },
  {
    "fields": {
      "name": "Koordinationsstellen"
    },
    "model": "user.servicegroup",
    "pk": 1
  },
  {
    "fields": {
      "name": "Fachstellen Baudirektion"
    },
    "model": "user.servicegroup",
    "pk": 2
  },
  {
    "fields": {
      "name": "Ausserkantonale Fachstellen"
    },
    "model": "user.servicegroup",
    "pk": 21
  },
  {
    "fields": {
      "name": "Gemeinder\u00e4te - externe Pendenzen"
    },
    "model": "user.servicegroup",
    "pk": 41
  },
  {
    "fields": {
      "name": "Fachstellen Justizdirektion"
    },
    "model": "user.servicegroup",
    "pk": 61
  },
  {
    "fields": {
      "name": "Fachstellen Gesundheits- Sozial- und Umweltdirektion"
    },
    "model": "user.servicegroup",
    "pk": 62
  },
  {
    "fields": {
      "name": "Fachstellen Sicherheitsdirektion"
    },
    "model": "user.servicegroup",
    "pk": 63
  },
  {
    "fields": {
      "name": "Fachstellen Volkswirtschaftsdirektion"
    },
    "model": "user.servicegroup",
    "pk": 64
  },
  {
    "fields": {
      "name": "Fachstellen Bildungs- und Kulturdirektion"
    },
    "model": "user.servicegroup",
    "pk": 65
  },
  {
    "fields": {
      "name": "Fachstellen Finanzdirektion"
    },
    "model": "user.servicegroup",
    "pk": 66
  },
  {
    "fields": {
      "name": "Mitglieder Baukommissionen"
    },
    "model": "user.servicegroup",
    "pk": 67
  },
  {
    "fields": {
      "name": "Sekretariate Gemeindebaubeh\u00f6rden"
    },
    "model": "user.servicegroup",
    "pk": 68
  },
  {
    "fields": {
      "name": "Gemeinde Service Stellen"
    },
    "model": "user.servicegroup",
    "pk": 69
  },
  {
    "fields": {
      "name": "Bundesstellen"
    },
    "model": "user.servicegroup",
    "pk": 70
  },
  {
    "fields": {
      "name": "Infrastrukturanlagen Pendenzen von Koordinationstellen"
    },
    "model": "user.servicegroup",
    "pk": 71
  },
  {
    "fields": {
      "name": "Infrastrukturanlagen Pendenzen von Gemeinden"
    },
    "model": "user.servicegroup",
    "pk": 72
  },
  {
    "fields": {
      "name": "Gemeinder\u00e4te - interne Pendenzen"
    },
    "model": "user.servicegroup",
    "pk": 73
  },
  {
    "fields": {
      "name": "Umweltschutzverb\u00e4nde"
    },
    "model": "user.servicegroup",
    "pk": 74
  }
]
